# This file uses meters as units for non-parametric coordinates.

g default
v 1.671961 -0.165033 0.014930
v 1.772218 -0.165033 -0.004516
v 1.671961 0.834967 0.014930
v 1.772218 0.834967 -0.004516
v 1.481549 0.834967 -0.966774
v 1.581806 0.834967 -0.986220
v 1.481549 -0.165033 -0.966774
v 1.581806 -0.165033 -0.986220
v 1.695809 1.411306 0.137881
v 1.796066 1.411306 0.118436
v 1.610420 1.633635 -0.838698
v 1.510163 1.633635 -0.819252
v 1.737608 2.054432 0.306301
v 1.820262 2.054432 0.290269
v 1.667211 2.237727 -0.498818
v 1.584556 2.237727 -0.482787
v 1.771153 2.476591 0.479252
v 1.853808 2.476591 0.463221
v 1.738240 2.659886 -0.132614
v 1.655585 2.659886 -0.116582
v 1.814679 2.775349 0.703655
v 1.897333 2.775349 0.687623
v 1.852390 3.180516 0.455911
v 1.769736 3.180516 0.471943
v 1.928230 3.171237 1.215111
v 1.983227 3.171237 1.204444
v 1.953323 3.440825 1.050268
v 1.898326 3.440825 1.060935
v 2.018562 3.433743 1.618384
v 2.050211 3.433743 1.612246
v 2.033002 3.588886 1.523520
v 2.001353 3.588886 1.529659
v 2.102528 3.581722 2.014892
v 2.120571 3.581722 2.011392
v 2.110760 3.670166 1.960811
v 2.092717 3.670166 1.964310
v 2.161365 3.626991 2.295444
v 2.170886 3.626991 2.293597
v 2.165709 3.673662 2.266907
v 2.156188 3.673662 2.268753
v 0.976762 -0.187891 -3.569303
v 1.077019 -0.187891 -3.588748
v 0.976762 1.390539 -3.569303
v 1.077019 1.390539 -3.588748
v 0.786350 1.390539 -4.551007
v 0.886608 1.390539 -4.570453
v 0.786350 -0.187891 -4.551007
v 0.886608 -0.187891 -4.570453
v 1.000610 2.300250 -3.446352
v 1.100867 2.300250 -3.465797
v 0.915221 2.651181 -4.422931
v 0.814964 2.651181 -4.403484
v 1.042409 3.315380 -3.277931
v 1.125064 3.315380 -3.293963
v 0.972012 3.604697 -4.083050
v 0.889357 3.604697 -4.067019
v 1.075954 3.981728 -3.104980
v 1.158609 3.981728 -3.121013
v 1.043041 4.271045 -3.716846
v 0.960386 4.271045 -3.700814
v 1.119480 4.453296 -2.880578
v 1.202134 4.453296 -2.896610
v 1.157192 5.092823 -3.128321
v 1.074537 5.092823 -3.112289
v 1.233031 5.078176 -2.369121
v 1.288028 5.078176 -2.379789
v 1.258124 5.503704 -2.533965
v 1.203127 5.503704 -2.523297
v 1.323363 5.492525 -1.965848
v 1.355013 5.492525 -1.971987
v 1.337803 5.737407 -2.060712
v 1.306154 5.737407 -2.054574
v 1.407329 5.726099 -1.569341
v 1.425372 5.726099 -1.572841
v 1.415561 5.865702 -1.623421
v 1.397518 5.865702 -1.619922
v 1.466166 5.797553 -1.288789
v 1.475687 5.797553 -1.290635
v 1.470510 5.871220 -1.317326
v 1.460989 5.871220 -1.315479
v 0.683190 -0.390596 -5.082871
v 0.783447 -0.390596 -5.102316
v 0.683190 1.962158 -5.082871
v 0.783447 1.962158 -5.102316
v 0.492778 1.962158 -6.064576
v 0.593035 1.962158 -6.084021
v 0.492778 -0.390596 -6.064576
v 0.593035 -0.390596 -6.084021
v 0.707038 3.318143 -4.959920
v 0.807295 3.318143 -4.979365
v 0.621649 3.841230 -5.936499
v 0.521392 3.841230 -5.917053
v 0.748837 4.831262 -4.791499
v 0.831492 4.831262 -4.807531
v 0.678440 5.262509 -5.596619
v 0.595785 5.262509 -5.580587
v 0.782382 5.824498 -4.618549
v 0.865037 5.824498 -4.634581
v 0.749469 6.255745 -5.230415
v 0.666814 6.255745 -5.214383
v 0.825907 6.527402 -4.394146
v 0.908562 6.527402 -4.410178
v 0.863619 7.480659 -4.641890
v 0.780965 7.480659 -4.625857
v 0.939459 7.458829 -3.882689
v 0.994456 7.458829 -3.893356
v 0.964552 8.093104 -4.047533
v 0.909555 8.093104 -4.036865
v 1.029791 8.076442 -3.479416
v 1.061440 8.076442 -3.485555
v 1.044231 8.441456 -3.574280
v 1.012582 8.441456 -3.568141
v 1.113757 8.424600 -3.082909
v 1.131800 8.424600 -3.086409
v 1.121989 8.632688 -3.136990
v 1.103946 8.632688 -3.133491
v 1.172594 8.531106 -2.802357
v 1.182115 8.531106 -2.804203
v 1.176938 8.640913 -2.830894
v 1.167417 8.640913 -2.829047
v 0.110815 -0.300466 -8.033861
v 0.211072 -0.300466 -8.053307
v 0.110815 2.604887 -8.033861
v 0.211072 2.604887 -8.053307
v -0.079597 2.604887 -9.015564
v 0.020661 2.604887 -9.035011
v -0.079597 -0.300466 -9.015564
v 0.020661 -0.300466 -9.035011
v 0.134663 4.279355 -7.910910
v 0.234920 4.279355 -7.930355
v 0.049274 4.925301 -8.887489
v -0.050983 4.925301 -8.868043
v 0.176462 6.147864 -7.742489
v 0.259117 6.147864 -7.758521
v 0.106065 6.680400 -8.547608
v 0.023410 6.680400 -8.531577
v 0.210007 7.374385 -7.569539
v 0.292662 7.374385 -7.585570
v 0.177094 7.906920 -8.181404
v 0.094439 7.906920 -8.165373
v 0.253533 8.242382 -7.345136
v 0.336187 8.242382 -7.361168
v 0.291245 9.419533 -7.592879
v 0.208590 9.419533 -7.576847
v 0.367084 9.392575 -6.833679
v 0.422081 9.392575 -6.844346
v 0.392177 10.175825 -6.998523
v 0.337180 10.175825 -6.987855
v 0.457416 10.155249 -6.430406
v 0.489065 10.155249 -6.436544
v 0.471856 10.605995 -6.525270
v 0.440207 10.605995 -6.519131
v 0.541382 10.585178 -6.033899
v 0.559425 10.585178 -6.037399
v 0.549614 10.842142 -6.087979
v 0.531571 10.842142 -6.084480
v 0.600219 10.716702 -5.753346
v 0.609740 10.716702 -5.755193
v 0.604563 10.852298 -5.781883
v 0.595042 10.852298 -5.780037
v 2.710958 -0.195084 -2.342495
v 2.760635 -0.195084 -2.352130
v 2.710958 0.587013 -2.342495
v 2.760635 0.587013 -2.352130
v 2.616611 0.587013 -2.828920
v 2.666287 0.587013 -2.838556
v 2.616611 -0.195084 -2.828920
v 2.666287 -0.195084 -2.838556
v 2.722775 1.037765 -2.281574
v 2.772451 1.037765 -2.291210
v 2.680465 1.211648 -2.765460
v 2.630789 1.211648 -2.755825
v 2.743485 1.540752 -2.198124
v 2.784440 1.540752 -2.206067
v 2.708605 1.684106 -2.597053
v 2.667650 1.684106 -2.589108
v 2.760107 1.870921 -2.112428
v 2.801062 1.870921 -2.120372
v 2.743799 2.014274 -2.415601
v 2.702844 2.014274 -2.407658
v 2.781673 2.104578 -2.001239
v 2.822628 2.104578 -2.009183
v 2.800359 2.421457 -2.123993
v 2.759405 2.421457 -2.116050
v 2.837937 2.414200 -1.747817
v 2.865187 2.414200 -1.753102
v 2.850370 2.625044 -1.829495
v 2.823120 2.625044 -1.824210
v 2.882696 2.619505 -1.547999
v 2.898377 2.619505 -1.551042
v 2.889851 2.740842 -1.595004
v 2.874168 2.740842 -1.591962
v 2.924300 2.735239 -1.351534
v 2.933240 2.735239 -1.353268
v 2.928379 2.804411 -1.378330
v 2.919439 2.804411 -1.376596
v 2.953453 2.770644 -1.212523
v 2.958171 2.770644 -1.213438
v 2.955606 2.807145 -1.226664
v 2.950888 2.807145 -1.225748
v -0.277789 -0.165033 -18.017313
v -0.378046 -0.165033 -17.997868
v -0.277789 0.834967 -18.017313
v -0.378046 0.834967 -17.997868
v -0.087377 0.834967 -17.035610
v -0.187635 0.834967 -17.016163
v -0.087377 -0.165033 -17.035610
v -0.187635 -0.165033 -17.016163
v -0.301637 1.411306 -18.140266
v -0.401894 1.411306 -18.120819
v -0.216248 1.633635 -17.163685
v -0.115991 1.633635 -17.183132
v -0.343436 2.054432 -18.308685
v -0.426090 2.054432 -18.292652
v -0.273039 2.237727 -17.503565
v -0.190384 2.237727 -17.519596
v -0.376981 2.476591 -18.481636
v -0.459636 2.476591 -18.465603
v -0.344068 2.659886 -17.869770
v -0.261413 2.659886 -17.885801
v -0.420507 2.775349 -18.706039
v -0.503161 2.775349 -18.690006
v -0.458218 3.180516 -18.458294
v -0.375564 3.180516 -18.474327
v -0.534058 3.171237 -19.217495
v -0.589055 3.171237 -19.206827
v -0.559151 3.440825 -19.052650
v -0.504154 3.440825 -19.063318
v -0.624390 3.433743 -19.620768
v -0.656039 3.433743 -19.614628
v -0.638830 3.588886 -19.525904
v -0.607181 3.588886 -19.532043
v -0.708356 3.581722 -20.017275
v -0.726399 3.581722 -20.013775
v -0.716588 3.670166 -19.963194
v -0.698545 3.670166 -19.966694
v -0.767193 3.626991 -20.297829
v -0.776714 3.626991 -20.295980
v -0.771537 3.673662 -20.269291
v -0.762016 3.673662 -20.271137
v 0.417410 -0.187891 -14.433081
v 0.317153 -0.187891 -14.413635
v 0.417410 1.390539 -14.433081
v 0.317153 1.390539 -14.413635
v 0.607821 1.390539 -13.451378
v 0.507564 1.390539 -13.431931
v 0.607821 -0.187891 -13.451378
v 0.507564 -0.187891 -13.431931
v 0.393562 2.300250 -14.556032
v 0.293305 2.300250 -14.536587
v 0.478951 2.651181 -13.579453
v 0.579208 2.651181 -13.598900
v 0.351763 3.315380 -14.724453
v 0.269108 3.315380 -14.708421
v 0.422160 3.604697 -13.919333
v 0.504815 3.604697 -13.935365
v 0.318217 3.981728 -14.897404
v 0.235563 3.981728 -14.881371
v 0.351131 4.271045 -14.285538
v 0.433786 4.271045 -14.301569
v 0.274692 4.453296 -15.121806
v 0.192037 4.453296 -15.105774
v 0.236980 5.092823 -14.874063
v 0.319635 5.092823 -14.890095
v 0.161141 5.078176 -15.633263
v 0.106144 5.078176 -15.622596
v 0.136048 5.503704 -15.468419
v 0.191045 5.503704 -15.479087
v 0.070809 5.492525 -16.036535
v 0.039159 5.492525 -16.030397
v 0.056369 5.737407 -15.941671
v 0.088018 5.737407 -15.947811
v -0.013157 5.726099 -16.433043
v -0.031200 5.726099 -16.429543
v -0.021389 5.865702 -16.378963
v -0.003346 5.865702 -16.382462
v -0.071994 5.797553 -16.713594
v -0.081515 5.797553 -16.711748
v -0.076338 5.871220 -16.685059
v -0.066817 5.871220 -16.686905
v 0.710982 -0.390596 -12.919513
v 0.610725 -0.390596 -12.900067
v 0.710982 1.962158 -12.919513
v 0.610725 1.962158 -12.900067
v 0.901394 1.962158 -11.937809
v 0.801136 1.962158 -11.918363
v 0.901394 -0.390596 -11.937809
v 0.801136 -0.390596 -11.918363
v 0.687134 3.318143 -13.042463
v 0.586877 3.318143 -13.023018
v 0.772523 3.841230 -12.065885
v 0.872780 3.841230 -12.085331
v 0.645335 4.831262 -13.210884
v 0.562680 4.831262 -13.194853
v 0.715732 5.262509 -12.405766
v 0.798387 5.262509 -12.421797
v 0.611790 5.824498 -13.383835
v 0.529135 5.824498 -13.367804
v 0.644703 6.255745 -12.771969
v 0.727358 6.255745 -12.788001
v 0.568264 6.527402 -13.608238
v 0.485610 6.527402 -13.592205
v 0.530552 7.480659 -13.360495
v 0.613207 7.480659 -13.376526
v 0.454713 7.458829 -14.119694
v 0.399716 7.458829 -14.109028
v 0.429620 8.093104 -13.954851
v 0.484617 8.093104 -13.965519
v 0.364381 8.076442 -14.522968
v 0.332731 8.076442 -14.516829
v 0.349941 8.441456 -14.428104
v 0.381590 8.441456 -14.434242
v 0.280415 8.424600 -14.919475
v 0.262372 8.424600 -14.915975
v 0.272183 8.632688 -14.865395
v 0.290226 8.632688 -14.868893
v 0.221578 8.531106 -15.200027
v 0.212057 8.531106 -15.198181
v 0.217234 8.640913 -15.171490
v 0.226755 8.640913 -15.173336
v 0.219397 -0.336926 -9.968523
v 0.120273 -0.321893 -9.949078
v 0.655036 2.535581 -9.968523
v 0.555912 2.550613 -9.949078
v 0.843295 2.507030 -8.986819
v 0.744171 2.522063 -8.967373
v 0.407656 -0.365477 -8.986819
v 0.308532 -0.350444 -8.967373
v 0.882533 4.194694 -10.091474
v 0.783410 4.209727 -10.072028
v 1.063813 4.820534 -9.114894
v 1.162936 4.805501 -9.134340
v 1.121378 6.048347 -10.259894
v 1.039658 6.060740 -10.243862
v 1.270830 6.564307 -9.454775
v 1.352550 6.551913 -9.470806
v 1.272120 7.266031 -10.432845
v 1.190400 7.278424 -10.416814
v 1.384512 7.787610 -9.820979
v 1.466232 7.775217 -9.837011
v 1.359238 8.130741 -10.657248
v 1.277518 8.143135 -10.641215
v 1.498459 9.300239 -10.409504
v 1.580179 9.287845 -10.425536
v 1.419434 9.284958 -11.168704
v 1.365059 9.293204 -11.158037
v 1.512068 10.063114 -11.003861
v 1.566443 10.054868 -11.014528
v 1.444482 10.052552 -11.571978
v 1.413190 10.057299 -11.565839
v 1.497791 10.500369 -11.477114
v 1.529083 10.495624 -11.483253
v 1.425930 10.490212 -11.968485
v 1.408091 10.492918 -11.964985
v 1.456321 10.745505 -11.914404
v 1.474160 10.742800 -11.917904
v 1.387479 10.629071 -12.249038
v 1.378066 10.630499 -12.247190
v 1.403516 10.763785 -12.220500
v 1.412929 10.762358 -12.222346
v -1.316786 -0.195084 -15.659888
v -1.366463 -0.195084 -15.650253
v -1.316786 0.587013 -15.659888
v -1.366463 0.587013 -15.650253
v -1.222439 0.587013 -15.173464
v -1.272116 0.587013 -15.163829
v -1.222439 -0.195084 -15.173464
v -1.272116 -0.195084 -15.163829
v -1.328603 1.037765 -15.720810
v -1.378279 1.037765 -15.711174
v -1.286293 1.211648 -15.236924
v -1.236617 1.211648 -15.246559
v -1.349314 1.540752 -15.804260
v -1.390268 1.540752 -15.796316
v -1.314433 1.684106 -15.405333
v -1.273478 1.684106 -15.413275
v -1.365935 1.870921 -15.889956
v -1.406890 1.870921 -15.882011
v -1.349627 2.014274 -15.586782
v -1.308672 2.014274 -15.594726
v -1.387502 2.104578 -16.001144
v -1.428456 2.104578 -15.993200
v -1.406187 2.421457 -15.878390
v -1.365233 2.421457 -15.886333
v -1.443765 2.414200 -16.254566
v -1.471015 2.414200 -16.249281
v -1.456198 2.625044 -16.172890
v -1.428948 2.625044 -16.178173
v -1.488524 2.619505 -16.454384
v -1.504206 2.619505 -16.451342
v -1.495679 2.740842 -16.407379
v -1.479997 2.740842 -16.410421
v -1.530128 2.735239 -16.650850
v -1.539068 2.735239 -16.649117
v -1.534207 2.804411 -16.624054
v -1.525267 2.804411 -16.625788
v -1.559281 2.770644 -16.789860
v -1.563999 2.770644 -16.788946
v -1.561434 2.807145 -16.775721
v -1.556716 2.807145 -16.776636
v -4.167650 -0.165033 0.223745
v -4.075168 -0.165033 0.267067
v -4.167650 0.834967 0.223745
v -4.075168 0.834967 0.267067
v -3.743454 0.834967 -0.681825
v -3.650971 0.834967 -0.638503
v -3.743454 -0.165033 -0.681825
v -3.650971 -0.165033 -0.638503
v -4.220778 1.411306 0.337163
v -4.128295 1.411306 0.380485
v -3.714716 1.633635 -0.502421
v -3.807199 1.633635 -0.545743
v -4.286171 2.054432 0.497898
v -4.209926 2.054432 0.533613
v -3.868960 2.237727 -0.194279
v -3.945205 2.237727 -0.229994
v -4.360903 2.476591 0.657437
v -4.284658 2.476591 0.693152
v -4.027197 2.659886 0.143526
v -4.103442 2.659886 0.107811
v -4.457868 2.775349 0.864437
v -4.381623 2.775349 0.900152
v -4.281500 3.180516 0.686410
v -4.357745 3.180516 0.650695
v -4.667272 3.171237 1.344677
v -4.616540 3.171237 1.368442
v -4.549920 3.440825 1.226223
v -4.600652 3.440825 1.202458
v -4.831737 3.433743 1.723808
v -4.802541 3.433743 1.737484
v -4.764203 3.588886 1.655640
v -4.793398 3.588886 1.641965
v -4.997362 3.581722 2.093722
v -4.980719 3.581722 2.101519
v -4.958863 3.670166 2.054860
v -4.975506 3.670166 2.047064
v -5.115016 3.626991 2.355122
v -5.106234 3.626991 2.359235
v -5.094701 3.673662 2.334614
v -5.103483 3.673662 2.330501
v -2.618897 -0.187891 -3.082520
v -2.526415 -0.187891 -3.039198
v -2.618897 1.390539 -3.082520
v -2.526415 1.390539 -3.039198
v -2.194701 1.390539 -3.988089
v -2.102219 1.390539 -3.944768
v -2.194701 -0.187891 -3.988089
v -2.102219 -0.187891 -3.944768
v -2.672025 2.300250 -2.969104
v -2.579543 2.300250 -2.925782
v -2.165964 2.651181 -3.808687
v -2.258446 2.651181 -3.852008
v -2.737418 3.315380 -2.808366
v -2.661174 3.315380 -2.772651
v -2.320208 3.604697 -3.500543
v -2.396452 3.604697 -3.536258
v -2.812151 3.981728 -2.648829
v -2.735906 3.981728 -2.613114
v -2.478445 4.271045 -3.162739
v -2.554690 4.271045 -3.198454
v -2.909115 4.453296 -2.441829
v -2.832871 4.453296 -2.406114
v -2.732748 5.092823 -2.619855
v -2.808993 5.092823 -2.655571
v -3.118519 5.078176 -1.961588
v -3.067787 5.078176 -1.937824
v -3.001168 5.503704 -2.080043
v -3.051899 5.503704 -2.103807
v -3.282984 5.492525 -1.582458
v -3.253789 5.492525 -1.568782
v -3.215450 5.737407 -1.650626
v -3.244646 5.737407 -1.664302
v -3.448610 5.726099 -1.212543
v -3.431966 5.726099 -1.204747
v -3.410110 5.865702 -1.251405
v -3.426754 5.865702 -1.259202
v -3.566264 5.797553 -0.951145
v -3.557481 5.797553 -0.947030
v -3.545948 5.871220 -0.971651
v -3.554730 5.871220 -0.975766
v -1.964882 -0.390596 -4.478705
v -1.872400 -0.390596 -4.435384
v -1.964882 1.962158 -4.478705
v -1.872400 1.962158 -4.435384
v -1.540686 1.962158 -5.384277
v -1.448204 1.962158 -5.340956
v -1.540686 -0.390596 -5.384277
v -1.448204 -0.390596 -5.340956
v -2.018009 3.318143 -4.365290
v -1.925528 3.318143 -4.321969
v -1.511949 3.841230 -5.204874
v -1.604430 3.841230 -5.248195
v -2.083403 4.831262 -4.204554
v -2.007159 4.831262 -4.168839
v -1.666193 5.262509 -4.896730
v -1.742437 5.262509 -4.932446
v -2.158135 5.824498 -4.045016
v -2.081891 5.824498 -4.009301
v -1.824430 6.255745 -4.558926
v -1.900674 6.255745 -4.594641
v -2.255100 6.527402 -3.838017
v -2.178855 6.527402 -3.802301
v -2.078732 7.480659 -4.016043
v -2.154977 7.480659 -4.051758
v -2.464504 7.458829 -3.357775
v -2.413772 7.458829 -3.334010
v -2.347152 8.093104 -3.476230
v -2.397884 8.093104 -3.499994
v -2.628969 8.076442 -2.978643
v -2.599774 8.076442 -2.964968
v -2.561436 8.441456 -3.046812
v -2.590631 8.441456 -3.060488
v -2.794595 8.424600 -2.608730
v -2.777951 8.424600 -2.600933
v -2.756095 8.632688 -2.647592
v -2.772738 8.632688 -2.655389
v -2.912249 8.531106 -2.347332
v -2.903466 8.531106 -2.343217
v -2.891933 8.640913 -2.367838
v -2.900716 8.640913 -2.371952
v -0.689755 -0.300466 -7.200838
v -0.597273 -0.300466 -7.157517
v -0.689755 2.604887 -7.200838
v -0.597273 2.604887 -7.157517
v -0.265559 2.604887 -8.106408
v -0.173077 2.604887 -8.063087
v -0.265559 -0.300466 -8.106408
v -0.173077 -0.300466 -8.063087
v -0.742882 4.279355 -7.087422
v -0.650400 4.279355 -7.044101
v -0.236821 4.925301 -7.927007
v -0.329303 4.925301 -7.970328
v -0.808276 6.147864 -6.926686
v -0.732031 6.147864 -6.890971
v -0.391065 6.680400 -7.618862
v -0.467310 6.680400 -7.654578
v -0.883008 7.374385 -6.767148
v -0.806763 7.374385 -6.731433
v -0.549302 7.906920 -7.281058
v -0.625547 7.906920 -7.316773
v -0.979973 8.242382 -6.560149
v -0.903728 8.242382 -6.524434
v -0.803605 9.419533 -6.738175
v -0.879850 9.419533 -6.773890
v -1.189376 9.392575 -6.079907
v -1.138645 9.392575 -6.056143
v -1.072025 10.175825 -6.198362
v -1.122757 10.175825 -6.222126
v -1.353841 10.155249 -5.700776
v -1.324646 10.155249 -5.687100
v -1.286308 10.605995 -5.768945
v -1.315503 10.605995 -5.782620
v -1.519467 10.585178 -5.330863
v -1.502824 10.585178 -5.323066
v -1.480968 10.842142 -5.369724
v -1.497611 10.842142 -5.377520
v -1.637121 10.716702 -5.069464
v -1.628339 10.716702 -5.065349
v -1.616805 10.852298 -5.089970
v -1.625588 10.852298 -5.094084
v -1.939692 -0.195084 -1.069767
v -1.893869 -0.195084 -1.048302
v -1.939692 0.587013 -1.069767
v -1.893869 0.587013 -1.048302
v -1.729507 0.587013 -1.518468
v -1.683684 0.587013 -1.497003
v -1.729507 -0.195084 -1.518468
v -1.683684 -0.195084 -1.497003
v -1.966017 1.037765 -1.013570
v -1.920193 1.037765 -0.992105
v -1.715269 1.211648 -1.429576
v -1.761093 1.211648 -1.451041
v -1.998418 1.540752 -0.933927
v -1.960640 1.540752 -0.916230
v -1.791695 1.684106 -1.276893
v -1.829473 1.684106 -1.294590
v -2.035447 1.870921 -0.854877
v -1.997669 1.870921 -0.837181
v -1.870100 2.014274 -1.109515
v -1.907878 2.014274 -1.127211
v -2.083493 2.104578 -0.752311
v -2.045714 2.104578 -0.734614
v -1.996104 2.421457 -0.840521
v -2.033883 2.421457 -0.858218
v -2.187251 2.414200 -0.514356
v -2.162113 2.414200 -0.502581
v -2.129104 2.625044 -0.573050
v -2.154241 2.625044 -0.584824
v -2.268741 2.619505 -0.326500
v -2.254275 2.619505 -0.319724
v -2.235279 2.740842 -0.360277
v -2.249745 2.740842 -0.367054
v -2.350807 2.735239 -0.143211
v -2.342560 2.735239 -0.139349
v -2.331730 2.804411 -0.162468
v -2.339977 2.804411 -0.166330
v -2.409103 2.770644 -0.013692
v -2.404751 2.770644 -0.011653
v -2.399036 2.807145 -0.023852
v -2.403389 2.807145 -0.025891
v -9.402925 -0.165033 -7.311622
v -9.381570 -0.165033 -7.211755
v -9.402925 0.834967 -7.311622
v -9.381570 0.834967 -7.211755
v -8.425033 0.834967 -7.520732
v -8.403678 0.834967 -7.420865
v -8.425033 -0.165033 -7.520732
v -8.403678 -0.165033 -7.420865
v -9.525399 1.411306 -7.285433
v -9.504045 1.411306 -7.185566
v -8.550628 1.633635 -7.389441
v -8.571982 1.633635 -7.489310
v -9.692991 2.054432 -7.240427
v -9.675384 2.054432 -7.158093
v -8.889361 2.237727 -7.326174
v -8.906968 2.237727 -7.408508
v -9.865271 2.476591 -7.203587
v -9.847664 2.476591 -7.121253
v -9.254144 2.659886 -7.248171
v -9.271750 2.659886 -7.330505
v -10.088800 2.775349 -7.155789
v -10.071196 2.775349 -7.073455
v -9.840384 3.180516 -7.122810
v -9.857990 3.180516 -7.205144
v -10.597998 3.171237 -7.032497
v -10.586285 3.171237 -6.977713
v -10.432706 3.440825 -7.010554
v -10.444421 3.440825 -7.065337
v -10.999474 3.433743 -6.934487
v -10.992733 3.433743 -6.902960
v -10.904352 3.588886 -6.921859
v -10.911093 3.588886 -6.953386
v -11.394306 3.581722 -6.842969
v -11.390464 3.581722 -6.824997
v -11.340078 3.670166 -6.835771
v -11.343923 3.670166 -6.853744
v -11.673685 3.626991 -6.778790
v -11.671657 3.626991 -6.769306
v -11.645070 3.673662 -6.774991
v -11.647099 3.673662 -6.784476
v -5.832611 -0.187891 -8.075090
v -5.811256 -0.187891 -7.975222
v -5.832611 1.390539 -8.075090
v -5.811256 1.390539 -7.975222
v -4.854719 1.390539 -8.284199
v -4.833363 1.390539 -8.184332
v -4.854719 -0.187891 -8.284199
v -4.833363 -0.187891 -8.184332
v -5.955085 2.300250 -8.048900
v -5.933730 2.300250 -7.949032
v -4.980313 2.651181 -8.152909
v -5.001668 2.651181 -8.252777
v -6.122677 3.315380 -8.003895
v -6.105071 3.315380 -7.921561
v -5.319047 3.604697 -8.089643
v -5.336654 3.604697 -8.171976
v -6.294955 3.981728 -7.967055
v -6.277349 3.981728 -7.884722
v -5.683829 4.271045 -8.011638
v -5.701436 4.271045 -8.093972
v -6.518487 4.453296 -7.919255
v -6.500881 4.453296 -7.836922
v -6.270069 5.092823 -7.886278
v -6.287675 5.092823 -7.968611
v -7.027684 5.078176 -7.795964
v -7.015968 5.078176 -7.741181
v -6.862392 5.503704 -7.774023
v -6.874107 5.503704 -7.828806
v -7.429159 5.492525 -7.697954
v -7.422418 5.492525 -7.666428
v -7.334037 5.737407 -7.685328
v -7.340778 5.737407 -7.716853
v -7.823992 5.726099 -7.606438
v -7.820149 5.726099 -7.588465
v -7.769764 5.865702 -7.599238
v -7.773608 5.865702 -7.617211
v -8.103372 5.797553 -7.542257
v -8.101343 5.797553 -7.532773
v -8.074757 5.871220 -7.538459
v -8.076784 5.871220 -7.547942
v -4.324920 -0.390596 -8.397491
v -4.303565 -0.390596 -8.297623
v -4.324920 1.962158 -8.397491
v -4.303565 1.962158 -8.297623
v -3.347028 1.962158 -8.606601
v -3.325673 1.962158 -8.506733
v -3.347028 -0.390596 -8.606601
v -3.325673 -0.390596 -8.506733
v -4.447394 3.318143 -8.371301
v -4.426039 3.318143 -8.271433
v -3.472622 3.841230 -8.475309
v -3.493977 3.841230 -8.575178
v -4.614986 4.831262 -8.326295
v -4.597380 4.831262 -8.243961
v -3.811357 5.262509 -8.412044
v -3.828963 5.262509 -8.494377
v -4.787265 5.824498 -8.289455
v -4.769659 5.824498 -8.207123
v -4.176138 6.255745 -8.334040
v -4.193745 6.255745 -8.416373
v -5.010796 6.527402 -8.241657
v -4.993190 6.527402 -8.159323
v -4.762379 7.480659 -8.208678
v -4.779984 7.480659 -8.291014
v -5.519993 7.458829 -8.118366
v -5.508278 7.458829 -8.063583
v -5.354701 8.093104 -8.096423
v -5.366416 8.093104 -8.151207
v -5.921469 8.076442 -8.020355
v -5.914728 8.076442 -7.988828
v -5.826347 8.441456 -8.007728
v -5.833089 8.441456 -8.039254
v -6.316302 8.424600 -7.928839
v -6.312459 8.424600 -7.910865
v -6.262074 8.632688 -7.921639
v -6.265917 8.632688 -7.939612
v -6.595681 8.531106 -7.864658
v -6.593652 8.531106 -7.855174
v -6.567065 8.640913 -7.860860
v -6.569094 8.640913 -7.870344
v -1.385390 -0.300466 -9.026073
v -1.364035 -0.300466 -8.926205
v -1.385390 2.604887 -9.026073
v -1.364035 2.604887 -8.926205
v -0.407498 2.604887 -9.235183
v -0.386143 2.604887 -9.135315
v -0.407498 -0.300466 -9.235183
v -0.386143 -0.300466 -9.135315
v -1.507864 4.279355 -8.999883
v -1.486509 4.279355 -8.900015
v -0.533092 4.925301 -9.103892
v -0.554447 4.925301 -9.203760
v -1.675456 6.147864 -8.954878
v -1.657850 6.147864 -8.872544
v -0.871826 6.680400 -9.040626
v -0.889432 6.680400 -9.122959
v -1.847735 7.374385 -8.918038
v -1.830129 7.374385 -8.835705
v -1.236609 7.906920 -8.962621
v -1.254215 7.906920 -9.044955
v -2.071266 8.242382 -8.870239
v -2.053660 8.242382 -8.787905
v -1.822849 9.419533 -8.837261
v -1.840455 9.419533 -8.919595
v -2.580463 9.392575 -8.746947
v -2.568748 9.392575 -8.692164
v -2.415171 10.175825 -8.725005
v -2.426886 10.175825 -8.779789
v -2.981939 10.155249 -8.648937
v -2.975197 10.155249 -8.617411
v -2.886817 10.605995 -8.636310
v -2.893559 10.605995 -8.667836
v -3.376772 10.585178 -8.557421
v -3.372928 10.585178 -8.539448
v -3.322544 10.842142 -8.550222
v -3.326387 10.842142 -8.568194
v -3.656151 10.716702 -8.493240
v -3.654123 10.716702 -8.483756
v -3.627535 10.852298 -8.489442
v -3.629563 10.852298 -8.498926
v -7.026103 -0.195084 -6.317799
v -7.015521 -0.195084 -6.268315
v -7.026103 0.587013 -6.317799
v -7.015521 0.587013 -6.268315
v -6.541566 0.587013 -6.421411
v -6.530985 0.587013 -6.371927
v -6.541566 -0.195084 -6.421411
v -6.530985 -0.195084 -6.371927
v -7.086787 1.037765 -6.304822
v -7.076207 1.037765 -6.255339
v -6.603797 1.211648 -6.356358
v -6.614379 1.211648 -6.405842
v -7.169827 1.540752 -6.282523
v -7.161104 1.540752 -6.241727
v -6.771637 1.684106 -6.325010
v -6.780361 1.684106 -6.365805
v -7.255190 1.870921 -6.264269
v -7.246466 1.870921 -6.223474
v -6.952383 2.014274 -6.286359
v -6.961106 2.014274 -6.327155
v -7.365948 2.104578 -6.240584
v -7.357224 2.104578 -6.199790
v -7.242859 2.421457 -6.224244
v -7.251583 2.421457 -6.265040
v -7.618250 2.414200 -6.179495
v -7.612445 2.414200 -6.152350
v -7.536348 2.625044 -6.168623
v -7.542153 2.625044 -6.195768
v -7.817177 2.619505 -6.130932
v -7.813837 2.619505 -6.115311
v -7.770045 2.740842 -6.124675
v -7.773385 2.740842 -6.140296
v -8.012813 2.735239 -6.085588
v -8.010908 2.735239 -6.076681
v -7.985943 2.804411 -6.082019
v -7.987847 2.804411 -6.090925
v -8.151241 2.770644 -6.053786
v -8.150238 2.770644 -6.049086
v -8.137065 2.807145 -6.051903
v -8.138068 2.807145 -6.056602
v -6.219223 -0.226257 -11.074547
v -6.235996 -0.226257 -11.006992
v -6.219223 0.455309 -11.074547
v -6.235996 0.455309 -11.006992
v -5.557741 0.455309 -10.910307
v -5.574514 0.455309 -10.842752
v -5.557741 -0.226257 -10.910307
v -5.574514 -0.226257 -10.842752
v -6.302069 0.848122 -11.095118
v -6.318842 0.848122 -11.027563
v -5.673916 0.999654 -10.867432
v -5.657143 0.999654 -10.934986
v -6.418175 1.286455 -11.117649
v -6.432002 1.286455 -11.061955
v -5.900308 1.411383 -10.929939
v -5.886480 1.411383 -10.985634
v -6.534710 1.574185 -11.146585
v -6.548538 1.574185 -11.090890
v -6.147059 1.699112 -10.991207
v -6.133231 1.699112 -11.046901
v -6.685914 1.777808 -11.184127
v -6.699742 1.777808 -11.128433
v -6.543613 2.053956 -11.089668
v -6.529786 2.053956 -11.145361
v -7.034660 2.047632 -11.260825
v -7.043862 2.047632 -11.223768
v -6.939976 2.231374 -11.197974
v -6.930774 2.231374 -11.235031
v -7.309867 2.226547 -11.320807
v -7.315162 2.226547 -11.299481
v -7.255378 2.332288 -11.284637
v -7.250082 2.332288 -11.305963
v -7.579065 2.327404 -11.382780
v -7.582084 2.327404 -11.370622
v -7.548001 2.387685 -11.362160
v -7.544983 2.387685 -11.374317
v -7.769373 2.358258 -11.426984
v -7.770966 2.358258 -11.420568
v -7.752981 2.390068 -11.416103
v -7.751388 2.390068 -11.422519
v -3.804134 -0.241836 -10.474899
v -3.820908 -0.241836 -10.407345
v -3.804134 0.833968 -10.474899
v -3.820908 0.833968 -10.407345
v -3.142653 0.833968 -10.310658
v -3.159427 0.833968 -10.243104
v -3.142653 -0.241836 -10.310658
v -3.159427 -0.241836 -10.243104
v -3.886980 1.453996 -10.495468
v -3.903754 1.453996 -10.427915
v -3.258828 1.693179 -10.267784
v -3.242055 1.693179 -10.335339
v -4.003086 2.145875 -10.518002
v -4.016914 2.145875 -10.462307
v -3.485220 2.343064 -10.330291
v -3.471392 2.343064 -10.385985
v -4.119622 2.600035 -10.546936
v -4.133450 2.600035 -10.491242
v -3.731972 2.797224 -10.391558
v -3.718143 2.797224 -10.447251
v -4.270827 2.921440 -10.584478
v -4.284654 2.921440 -10.528785
v -4.128525 3.357319 -10.490019
v -4.114697 3.357319 -10.545713
v -4.619571 3.347337 -10.661177
v -4.628773 3.347337 -10.624120
v -4.524887 3.637362 -10.598326
v -4.515687 3.637362 -10.635384
v -4.894779 3.629743 -10.721159
v -4.900074 3.629743 -10.699832
v -4.840290 3.796647 -10.684988
v -4.834995 3.796647 -10.706314
v -5.163977 3.788939 -10.783131
v -5.166996 3.788939 -10.770973
v -5.132913 3.884088 -10.762512
v -5.129894 3.884088 -10.774670
v -5.354285 3.837640 -10.827335
v -5.355877 3.837640 -10.820920
v -5.337893 3.887848 -10.816454
v -5.336301 3.887848 -10.822870
v -2.784278 -0.379993 -10.221676
v -2.801052 -0.379993 -10.154121
v -2.784278 1.223565 -10.221676
v -2.801052 1.223565 -10.154121
v -2.122797 1.223565 -10.057435
v -2.139570 1.223565 -9.989881
v -2.122797 -0.379993 -10.057435
v -2.139570 -0.379993 -9.989881
v -2.867124 2.147758 -10.242247
v -2.883898 2.147758 -10.174692
v -2.238972 2.504276 -10.014562
v -2.222199 2.504276 -10.082115
v -2.983230 3.179048 -10.264778
v -2.997058 3.179048 -10.209085
v -2.465364 3.472972 -10.077069
v -2.451536 3.472972 -10.132762
v -3.099766 3.856005 -10.293714
v -3.113594 3.856005 -10.238019
v -2.712116 4.149928 -10.138335
v -2.698287 4.149928 -10.194029
v -3.250970 4.335081 -10.331256
v -3.264798 4.335081 -10.275562
v -3.108669 4.984788 -10.236796
v -3.094841 4.984788 -10.292490
v -3.599715 4.969909 -10.407954
v -3.608916 4.969909 -10.370897
v -3.505031 5.402210 -10.345103
v -3.495830 5.402210 -10.382160
v -3.874923 5.390853 -10.467936
v -3.880218 5.390853 -10.446610
v -3.820435 5.639635 -10.431767
v -3.815139 5.639635 -10.453092
v -4.144121 5.628146 -10.529909
v -4.147139 5.628146 -10.517751
v -4.113057 5.769972 -10.509288
v -4.110038 5.769972 -10.521446
v -4.334429 5.700737 -10.574114
v -4.336022 5.700737 -10.567698
v -4.318038 5.775578 -10.563232
v -4.316444 5.775578 -10.569648
v -0.795875 -0.318564 -10.214353
v -0.812648 -0.318564 -10.146798
v -0.795875 1.661626 -10.214353
v -0.812648 1.661626 -10.146798
v -0.134394 1.661626 -10.050111
v -0.151167 1.661626 -9.982557
v -0.134394 -0.318564 -10.050111
v -0.151167 -0.318564 -9.982557
v -0.878721 2.802887 -10.234921
v -0.895494 2.802887 -10.167367
v -0.250569 3.243142 -10.007237
v -0.233795 3.243142 -10.074792
v -0.994827 4.076400 -10.257454
v -1.008655 4.076400 -10.201760
v -0.476960 4.439359 -10.069744
v -0.463132 4.439359 -10.125439
v -1.111362 4.912355 -10.286388
v -1.125190 4.912355 -10.230696
v -0.723712 5.275313 -10.131011
v -0.709884 5.275313 -10.186705
v -1.262567 5.503953 -10.323933
v -1.276395 5.503953 -10.268238
v -1.120266 6.306259 -10.229472
v -1.106438 6.306259 -10.285166
v -1.611312 6.287885 -10.400630
v -1.620513 6.287885 -10.363573
v -1.516628 6.821722 -10.337778
v -1.507427 6.821722 -10.374836
v -1.886520 6.807698 -10.460612
v -1.891815 6.807698 -10.439285
v -1.832031 7.114912 -10.424441
v -1.826736 7.114912 -10.445767
v -2.155717 7.100723 -10.522584
v -2.158735 7.100723 -10.510427
v -2.124653 7.275861 -10.501965
v -2.121635 7.275861 -10.514122
v -2.346026 7.190365 -10.566789
v -2.347619 7.190365 -10.560373
v -2.329634 7.282783 -10.555907
v -2.328041 7.282783 -10.562323
v -5.060473 -0.246739 -9.755309
v -5.068786 -0.246739 -9.721836
v -5.060473 0.286312 -9.755309
v -5.068786 0.286312 -9.721836
v -4.732717 0.286312 -9.673929
v -4.741028 0.286312 -9.640456
v -4.732717 -0.246739 -9.673929
v -4.741028 -0.246739 -9.640456
v -5.101523 0.593529 -9.765501
v -5.109835 0.593529 -9.732029
v -4.790281 0.712042 -9.652685
v -4.781970 0.712042 -9.686157
v -5.159053 0.936348 -9.776666
v -5.165904 0.936348 -9.749070
v -4.902455 1.034053 -9.683658
v -4.895603 1.034053 -9.711253
v -5.216795 1.161380 -9.791002
v -5.223647 1.161380 -9.763407
v -5.024718 1.259085 -9.714014
v -5.017866 1.259085 -9.741610
v -5.291716 1.320633 -9.809605
v -5.298568 1.320633 -9.782009
v -5.221207 1.536607 -9.762801
v -5.214355 1.536607 -9.790397
v -5.464516 1.531661 -9.847608
v -5.469073 1.531661 -9.829247
v -5.417600 1.675365 -9.816465
v -5.413041 1.675365 -9.834827
v -5.600878 1.671590 -9.877328
v -5.603502 1.671590 -9.866761
v -5.573880 1.754289 -9.859406
v -5.571255 1.754289 -9.869972
v -5.734262 1.750470 -9.908034
v -5.735758 1.750470 -9.902011
v -5.718871 1.797616 -9.897818
v -5.717374 1.797616 -9.903842
v -5.828559 1.774601 -9.929937
v -5.829348 1.774601 -9.926759
v -5.820437 1.799479 -9.924546
v -5.819647 1.799479 -9.927725
v 8.073562 0.001405 -10.110867
v 8.059349 0.001405 -10.268124
v 8.073562 1.209220 -10.110867
v 8.059349 1.209220 -10.268124
v 6.533708 1.209220 -9.971697
v 6.519495 1.209220 -10.128955
v 6.533708 0.001405 -9.971697
v 6.519495 0.001405 -10.128955
v 8.266417 1.905331 -10.128297
v 8.252202 1.905331 -10.285554
v 6.750892 2.173864 -10.149868
v 6.765104 2.173864 -9.992609
v 8.532022 2.682108 -10.166220
v 8.520303 2.682108 -10.295869
v 7.282580 2.903495 -10.184005
v 7.294299 2.903495 -10.054356
v 8.803304 3.191998 -10.190738
v 8.791584 3.191998 -10.320386
v 7.856989 3.413384 -10.235918
v 7.868710 3.413384 -10.106270
v 9.155291 3.552842 -10.222550
v 9.143572 3.552842 -10.352198
v 8.780121 4.042209 -10.319349
v 8.791842 4.042209 -10.189702
v 9.959782 4.031002 -10.317128
v 9.951989 4.031002 -10.403393
v 9.710153 4.356615 -10.381536
v 9.717950 4.356615 -10.295271
v 10.594232 4.348061 -10.392927
v 10.589746 4.348061 -10.442572
v 10.450576 4.535445 -10.429994
v 10.455062 4.535445 -10.380350
v 11.217280 4.526791 -10.459997
v 11.214723 4.526791 -10.488298
v 11.135383 4.633616 -10.481128
v 11.137940 4.633616 -10.452826
v 11.658031 4.581468 -10.506569
v 11.656683 4.581468 -10.521504
v 11.614817 4.637838 -10.517720
v 11.616167 4.637838 -10.502785
v 2.451511 -0.026202 -9.602753
v 2.437299 -0.026202 -9.760012
v 2.451511 1.880248 -9.602753
v 2.437299 1.880248 -9.760012
v 0.911659 1.880248 -9.463584
v 0.897447 1.880248 -9.620843
v 0.911659 -0.026202 -9.463584
v 0.897447 -0.026202 -9.620843
v 2.644367 2.979010 -9.620184
v 2.630155 2.979010 -9.777443
v 1.128842 3.402871 -9.641756
v 1.143056 3.402871 -9.484497
v 2.909973 4.205099 -9.658107
v 2.898256 4.205099 -9.787755
v 1.660532 4.554542 -9.675893
v 1.672250 4.554542 -9.546245
v 3.181255 5.009924 -9.682625
v 3.169537 5.009924 -9.812274
v 2.234941 5.359366 -9.727806
v 2.246659 5.359366 -9.598157
v 3.533242 5.579491 -9.714437
v 3.521523 5.579491 -9.844085
v 3.158073 6.351921 -9.811237
v 3.169790 6.351921 -9.681589
v 4.337734 6.334231 -9.809014
v 4.329937 6.334231 -9.895280
v 4.088105 6.848189 -9.873424
v 4.095901 6.848189 -9.787158
v 4.972184 6.834687 -9.884816
v 4.967698 6.834687 -9.934460
v 4.828528 7.130460 -9.921882
v 4.833014 7.130460 -9.872238
v 5.595231 7.116801 -9.951883
v 5.592674 7.116801 -9.980186
v 5.513335 7.285417 -9.973015
v 5.515892 7.285417 -9.944714
v 6.035984 7.203104 -9.998457
v 6.034634 7.203104 -10.013391
v 5.992768 7.292081 -10.009607
v 5.994119 7.292081 -9.994674
v 0.077404 -0.271033 -9.388186
v 0.063191 -0.271033 -9.545444
v 0.077404 2.570659 -9.388186
v 0.063191 2.570659 -9.545444
v -1.462449 2.570659 -9.249016
v -1.476661 2.570659 -9.406275
v -1.462449 -0.271033 -9.249016
v -1.476661 -0.271033 -9.406275
v 0.270259 4.208437 -9.405616
v 0.256047 4.208437 -9.562874
v -1.245265 4.840230 -9.427187
v -1.231053 4.840230 -9.269929
v 0.535865 6.036004 -9.443540
v 0.524148 6.036004 -9.573186
v -0.713576 6.556871 -9.461323
v -0.701859 6.556871 -9.331675
v 0.807146 7.235650 -9.468057
v 0.795429 7.235650 -9.597705
v -0.139167 7.756516 -9.513237
v -0.127450 7.756516 -9.383589
v 1.159134 8.084628 -9.499869
v 1.147416 8.084628 -9.629517
v 0.783965 9.235986 -9.596669
v 0.795683 9.235986 -9.467021
v 1.963626 9.209620 -9.594446
v 1.955830 9.209620 -9.680712
v 1.713997 9.975706 -9.658855
v 1.721793 9.975706 -9.572590
v 2.598077 9.955581 -9.670246
v 2.593590 9.955581 -9.719891
v 2.454422 10.396450 -9.707313
v 2.458906 10.396450 -9.657669
v 3.221123 10.376091 -9.737316
v 3.218565 10.376091 -9.765616
v 3.139226 10.627423 -9.758447
v 3.141784 10.627423 -9.730145
v 3.661877 10.504731 -9.783888
v 3.660527 10.504731 -9.798823
v 3.618661 10.637358 -9.795039
v 3.620011 10.637358 -9.780104
v -4.551372 -0.162173 -8.969844
v -4.565585 -0.162173 -9.127102
v -4.551372 3.346955 -8.969844
v -4.565585 3.346955 -9.127102
v -6.091224 3.346955 -8.830673
v -6.105437 3.346955 -8.987932
v -6.091224 -0.162173 -8.830673
v -6.105437 -0.162173 -8.987932
v -4.358516 5.369402 -8.987274
v -4.372729 5.369402 -9.144532
v -5.874042 6.149586 -9.008845
v -5.859829 6.149586 -8.851586
v -4.092911 7.626216 -9.025197
v -4.104628 7.626216 -9.154844
v -5.342353 8.269422 -9.042981
v -5.330635 8.269422 -8.913333
v -3.821629 9.107626 -9.049714
v -3.833347 9.107626 -9.179363
v -4.767942 9.750830 -9.094895
v -4.756225 9.750830 -8.965246
v -3.469642 10.156006 -9.081527
v -3.481360 10.156006 -9.211174
v -3.844811 11.577786 -9.178326
v -3.833093 11.577786 -9.048678
v -2.665150 11.545227 -9.176105
v -2.672947 11.545227 -9.262369
v -2.914779 12.491247 -9.240513
v -2.906983 12.491247 -9.154247
v -2.030699 12.466394 -9.251904
v -2.035186 12.466394 -9.301549
v -2.174356 13.010813 -9.288971
v -2.169868 13.010813 -9.239327
v -1.407653 12.985670 -9.318974
v -1.410211 12.985670 -9.347275
v -1.489549 13.296035 -9.340104
v -1.486991 13.296035 -9.311804
v -0.966899 13.144526 -9.365546
v -0.968248 13.144526 -9.380481
v -1.010115 13.308301 -9.376697
v -1.008765 13.308301 -9.361762
v 4.610106 -0.034890 -12.078162
v 4.603065 -0.034890 -12.156083
v 4.610106 0.909737 -12.078162
v 4.603065 0.909737 -12.156083
v 3.847124 0.909737 -12.009206
v 3.840082 0.909737 -12.087126
v 3.847124 -0.034890 -12.009206
v 3.840082 -0.034890 -12.087126
v 4.705664 1.454163 -12.086800
v 4.698623 1.454163 -12.164720
v 3.954737 1.664181 -12.097488
v 3.961780 1.664181 -12.019567
v 4.837270 2.061677 -12.105589
v 4.831462 2.061677 -12.169828
v 4.218184 2.234823 -12.114402
v 4.223989 2.234823 -12.050162
v 4.971687 2.460460 -12.117738
v 4.965881 2.460460 -12.181977
v 4.502798 2.633605 -12.140123
v 4.508604 2.633605 -12.075885
v 5.146093 2.742675 -12.133500
v 5.140288 2.742675 -12.197741
v 4.960202 3.125406 -12.181463
v 4.966006 3.125406 -12.117225
v 5.544711 3.116642 -12.180363
v 5.540848 3.116642 -12.223105
v 5.421021 3.371302 -12.212276
v 5.424885 3.371302 -12.169533
v 5.859075 3.364612 -12.217921
v 5.856852 3.364612 -12.242519
v 5.787896 3.511165 -12.236286
v 5.790116 3.511165 -12.211689
v 6.167788 3.504396 -12.251153
v 6.166521 3.504396 -12.265175
v 6.127210 3.587944 -12.261622
v 6.128475 3.587944 -12.247601
v 6.386177 3.547159 -12.274230
v 6.385509 3.547159 -12.281630
v 6.364765 3.591246 -12.279755
v 6.365431 3.591246 -12.272354
v 5.774968 -0.226257 -5.827024
v 5.791742 -0.226257 -5.894578
v 5.774968 0.455309 -5.827024
v 5.791742 0.455309 -5.894578
v 5.113488 0.455309 -5.991265
v 5.130260 0.455309 -6.058820
v 5.113488 -0.226257 -5.991265
v 5.130260 -0.226257 -6.058820
v 5.857814 0.848122 -5.806455
v 5.874588 0.848122 -5.874009
v 5.229663 0.999654 -6.034139
v 5.212889 0.999654 -5.966584
v 5.973921 1.286455 -5.783922
v 5.987748 1.286455 -5.839616
v 5.456054 1.411383 -5.971632
v 5.442227 1.411383 -5.915937
v 6.090457 1.574185 -5.754988
v 6.104284 1.574185 -5.810680
v 5.702805 1.699112 -5.910365
v 5.688978 1.699112 -5.854671
v 6.241661 1.777808 -5.717444
v 6.255488 1.777808 -5.773139
v 6.099359 2.053956 -5.811903
v 6.085533 2.053956 -5.756210
v 6.590405 2.047631 -5.640747
v 6.599609 2.047631 -5.677804
v 6.495723 2.231374 -5.703598
v 6.486520 2.231374 -5.666539
v 6.865613 2.226547 -5.580764
v 6.870908 2.226547 -5.602090
v 6.811123 2.332287 -5.616935
v 6.805829 2.332287 -5.595608
v 7.134811 2.327404 -5.518792
v 7.137829 2.327404 -5.530949
v 7.103747 2.387685 -5.539412
v 7.100728 2.387685 -5.527254
v 7.325119 2.358258 -5.474588
v 7.326711 2.358258 -5.481003
v 7.308728 2.390068 -5.485469
v 7.307135 2.390068 -5.479053
v 3.359881 -0.241836 -6.426672
v 3.376654 -0.241836 -6.494227
v 3.359881 0.833968 -6.426672
v 3.376654 0.833968 -6.494227
v 2.698399 0.833968 -6.590914
v 2.715173 0.833968 -6.658468
v 2.698399 -0.241836 -6.590914
v 2.715173 -0.241836 -6.658468
v 3.442727 1.453996 -6.406104
v 3.459500 1.453996 -6.473658
v 2.814574 1.693179 -6.633787
v 2.797801 1.693179 -6.566233
v 3.558832 2.145874 -6.383570
v 3.572661 2.145874 -6.439265
v 3.040966 2.343063 -6.571280
v 3.027138 2.343063 -6.515586
v 3.675368 2.600035 -6.354636
v 3.689196 2.600035 -6.410329
v 3.287718 2.797224 -6.510014
v 3.273890 2.797224 -6.454319
v 3.826572 2.921439 -6.317093
v 3.840400 2.921439 -6.372786
v 3.684271 3.357319 -6.411552
v 3.670444 3.357319 -6.355858
v 4.175318 3.347337 -6.240394
v 4.184519 3.347337 -6.277452
v 4.080633 3.637362 -6.303245
v 4.071433 3.637362 -6.266188
v 4.450524 3.629743 -6.180413
v 4.455820 3.629743 -6.201739
v 4.396036 3.796646 -6.216583
v 4.390741 3.796646 -6.195257
v 4.719722 3.788939 -6.118440
v 4.722742 3.788939 -6.130597
v 4.688659 3.884088 -6.139060
v 4.685640 3.884088 -6.126903
v 4.910030 3.837639 -6.074236
v 4.911624 3.837639 -6.080652
v 4.893639 3.887848 -6.085116
v 4.892046 3.887848 -6.078701
v 2.340025 -0.379993 -6.679895
v 2.356798 -0.379993 -6.747449
v 2.340025 1.223564 -6.679895
v 2.356798 1.223564 -6.747449
v 1.678544 1.223564 -6.844136
v 1.695317 1.223564 -6.911690
v 1.678544 -0.379993 -6.844136
v 1.695317 -0.379993 -6.911690
v 2.422871 2.147758 -6.659326
v 2.439644 2.147758 -6.726880
v 1.794719 2.504276 -6.887009
v 1.777945 2.504276 -6.819456
v 2.538976 3.179048 -6.636793
v 2.552805 3.179048 -6.692487
v 2.021110 3.472972 -6.824503
v 2.007282 3.472972 -6.768808
v 2.655512 3.856004 -6.607858
v 2.669340 3.856004 -6.663552
v 2.267862 4.149928 -6.763236
v 2.254033 4.149928 -6.707543
v 2.806716 4.335080 -6.570315
v 2.820545 4.335080 -6.626009
v 2.664416 4.984788 -6.664775
v 2.650587 4.984788 -6.609081
v 3.155462 4.969909 -6.493617
v 3.164663 4.969909 -6.530675
v 3.060777 5.402210 -6.556469
v 3.051577 5.402210 -6.519411
v 3.430670 5.390853 -6.433635
v 3.435964 5.390853 -6.454962
v 3.376182 5.639634 -6.469805
v 3.370885 5.639634 -6.448479
v 3.699867 5.628146 -6.371663
v 3.702886 5.628146 -6.383821
v 3.668803 5.769971 -6.392282
v 3.665785 5.769971 -6.380125
v 3.890175 5.700737 -6.327458
v 3.891768 5.700737 -6.333874
v 3.873784 5.775578 -6.338340
v 3.872191 5.775578 -6.331924
v 0.351622 -0.318564 -7.173601
v 0.368395 -0.318564 -7.241155
v 0.351622 1.661626 -7.173601
v 0.368395 1.661626 -7.241155
v -0.309860 1.661626 -7.337842
v -0.293086 1.661626 -7.405396
v -0.309860 -0.318564 -7.337842
v -0.293086 -0.318564 -7.405396
v 0.434467 2.802887 -7.153031
v 0.451241 2.802887 -7.220585
v -0.193685 3.243142 -7.380715
v -0.210458 3.243142 -7.313161
v 0.550573 4.076400 -7.130499
v 0.564402 4.076400 -7.186192
v 0.032707 4.439359 -7.318208
v 0.018878 4.439359 -7.262515
v 0.667109 4.912354 -7.101564
v 0.680937 4.912354 -7.157258
v 0.279459 5.275312 -7.256942
v 0.265630 5.275312 -7.201248
v 0.818313 5.503952 -7.064021
v 0.832142 5.503952 -7.119714
v 0.676012 6.306258 -7.158480
v 0.662184 6.306258 -7.102787
v 1.167058 6.287885 -6.987323
v 1.176259 6.287885 -7.024380
v 1.072374 6.821722 -7.050174
v 1.063173 6.821722 -7.013116
v 1.442266 6.807697 -6.927341
v 1.447561 6.807697 -6.948667
v 1.387777 7.114911 -6.963511
v 1.382482 7.114911 -6.942185
v 1.711464 7.100723 -6.865368
v 1.714482 7.100723 -6.877526
v 1.680400 7.275861 -6.885988
v 1.677382 7.275861 -6.873831
v 1.901772 7.190365 -6.821165
v 1.903365 7.190365 -6.827579
v 1.885381 7.282783 -6.832045
v 1.883788 7.282783 -6.825629
v 4.616220 -0.246739 -7.146263
v 4.624532 -0.246739 -7.179735
v 4.616220 0.286312 -7.146263
v 4.624532 0.286312 -7.179735
v 4.288463 0.286312 -7.227643
v 4.296774 0.286312 -7.261115
v 4.288463 -0.246739 -7.227643
v 4.296774 -0.246739 -7.261115
v 4.657269 0.593529 -7.136070
v 4.665581 0.593529 -7.169543
v 4.346027 0.712042 -7.248886
v 4.337716 0.712042 -7.215413
v 4.714800 0.936348 -7.124906
v 4.721651 0.936348 -7.152502
v 4.458201 1.034053 -7.217914
v 4.451350 1.034053 -7.190319
v 4.772541 1.161380 -7.110568
v 4.779393 1.161380 -7.138165
v 4.580464 1.259085 -7.187556
v 4.573612 1.259085 -7.159962
v 4.847462 1.320633 -7.091966
v 4.854314 1.320633 -7.119563
v 4.776953 1.536607 -7.138770
v 4.770101 1.536607 -7.111175
v 5.020261 1.531661 -7.053964
v 5.024820 1.531661 -7.072325
v 4.973346 1.675365 -7.085106
v 4.968787 1.675365 -7.066744
v 5.156624 1.671590 -7.024243
v 5.159248 1.671590 -7.034810
v 5.129625 1.754289 -7.042165
v 5.127001 1.754289 -7.031598
v 5.290008 1.750470 -6.993536
v 5.291504 1.750470 -6.999559
v 5.274617 1.797615 -7.003753
v 5.273120 1.797615 -6.997729
v 5.384304 1.774601 -6.971633
v 5.385094 1.774601 -6.974813
v 5.376182 1.799479 -6.977025
v 5.375393 1.799479 -6.973847
vt 0.375000 0.000000
vt 0.625000 0.000000
vt 0.625000 0.250000
vt 0.375000 0.250000
vt 0.375000 0.250000
vt 0.625000 0.250000
vt 0.625000 0.500000
vt 0.375000 0.500000
vt 0.375000 0.500000
vt 0.625000 0.500000
vt 0.625000 0.750000
vt 0.375000 0.750000
vt 0.625000 1.000000
vt 0.375000 1.000000
vt 0.875000 0.000000
vt 0.875000 0.250000
vt 0.125000 0.000000
vt 0.125000 0.250000
vt 0.625000 0.250000
vt 0.375000 0.250000
vt 0.625000 0.500000
vt 0.375000 0.500000
vt 0.625000 0.250000
vt 0.375000 0.250000
vt 0.625000 0.500000
vt 0.375000 0.500000
vt 0.625000 0.250000
vt 0.375000 0.250000
vt 0.625000 0.500000
vt 0.375000 0.500000
vt 0.625000 0.250000
vt 0.375000 0.250000
vt 0.625000 0.500000
vt 0.375000 0.500000
vt 0.625000 0.250000
vt 0.375000 0.250000
vt 0.625000 0.500000
vt 0.375000 0.500000
vt 0.625000 0.250000
vt 0.375000 0.250000
vt 0.625000 0.500000
vt 0.375000 0.500000
vt 0.625000 0.250000
vt 0.375000 0.250000
vt 0.625000 0.500000
vt 0.375000 0.500000
vt 0.375000 0.000000
vt 0.625000 0.000000
vt 0.625000 0.250000
vt 0.375000 0.250000
vt 0.375000 0.250000
vt 0.625000 0.250000
vt 0.625000 0.500000
vt 0.375000 0.500000
vt 0.375000 0.500000
vt 0.625000 0.500000
vt 0.625000 0.750000
vt 0.375000 0.750000
vt 0.625000 1.000000
vt 0.375000 1.000000
vt 0.875000 0.000000
vt 0.875000 0.250000
vt 0.125000 0.000000
vt 0.125000 0.250000
vt 0.625000 0.250000
vt 0.375000 0.250000
vt 0.625000 0.500000
vt 0.375000 0.500000
vt 0.625000 0.250000
vt 0.375000 0.250000
vt 0.625000 0.500000
vt 0.375000 0.500000
vt 0.625000 0.250000
vt 0.375000 0.250000
vt 0.625000 0.500000
vt 0.375000 0.500000
vt 0.625000 0.250000
vt 0.375000 0.250000
vt 0.625000 0.500000
vt 0.375000 0.500000
vt 0.625000 0.250000
vt 0.375000 0.250000
vt 0.625000 0.500000
vt 0.375000 0.500000
vt 0.625000 0.250000
vt 0.375000 0.250000
vt 0.625000 0.500000
vt 0.375000 0.500000
vt 0.625000 0.250000
vt 0.375000 0.250000
vt 0.625000 0.500000
vt 0.375000 0.500000
vt 0.375000 0.000000
vt 0.625000 0.000000
vt 0.625000 0.250000
vt 0.375000 0.250000
vt 0.375000 0.250000
vt 0.625000 0.250000
vt 0.625000 0.500000
vt 0.375000 0.500000
vt 0.375000 0.500000
vt 0.625000 0.500000
vt 0.625000 0.750000
vt 0.375000 0.750000
vt 0.625000 1.000000
vt 0.375000 1.000000
vt 0.875000 0.000000
vt 0.875000 0.250000
vt 0.125000 0.000000
vt 0.125000 0.250000
vt 0.625000 0.250000
vt 0.375000 0.250000
vt 0.625000 0.500000
vt 0.375000 0.500000
vt 0.625000 0.250000
vt 0.375000 0.250000
vt 0.625000 0.500000
vt 0.375000 0.500000
vt 0.625000 0.250000
vt 0.375000 0.250000
vt 0.625000 0.500000
vt 0.375000 0.500000
vt 0.625000 0.250000
vt 0.375000 0.250000
vt 0.625000 0.500000
vt 0.375000 0.500000
vt 0.625000 0.250000
vt 0.375000 0.250000
vt 0.625000 0.500000
vt 0.375000 0.500000
vt 0.625000 0.250000
vt 0.375000 0.250000
vt 0.625000 0.500000
vt 0.375000 0.500000
vt 0.625000 0.250000
vt 0.375000 0.250000
vt 0.625000 0.500000
vt 0.375000 0.500000
vt 0.375000 0.000000
vt 0.625000 0.000000
vt 0.625000 0.250000
vt 0.375000 0.250000
vt 0.375000 0.250000
vt 0.625000 0.250000
vt 0.625000 0.500000
vt 0.375000 0.500000
vt 0.375000 0.500000
vt 0.625000 0.500000
vt 0.625000 0.750000
vt 0.375000 0.750000
vt 0.625000 1.000000
vt 0.375000 1.000000
vt 0.875000 0.000000
vt 0.875000 0.250000
vt 0.125000 0.000000
vt 0.125000 0.250000
vt 0.625000 0.250000
vt 0.375000 0.250000
vt 0.625000 0.500000
vt 0.375000 0.500000
vt 0.625000 0.250000
vt 0.375000 0.250000
vt 0.625000 0.500000
vt 0.375000 0.500000
vt 0.625000 0.250000
vt 0.375000 0.250000
vt 0.625000 0.500000
vt 0.375000 0.500000
vt 0.625000 0.250000
vt 0.375000 0.250000
vt 0.625000 0.500000
vt 0.375000 0.500000
vt 0.625000 0.250000
vt 0.375000 0.250000
vt 0.625000 0.500000
vt 0.375000 0.500000
vt 0.625000 0.250000
vt 0.375000 0.250000
vt 0.625000 0.500000
vt 0.375000 0.500000
vt 0.625000 0.250000
vt 0.375000 0.250000
vt 0.625000 0.500000
vt 0.375000 0.500000
vt 0.375000 0.000000
vt 0.625000 0.000000
vt 0.625000 0.250000
vt 0.375000 0.250000
vt 0.375000 0.250000
vt 0.625000 0.250000
vt 0.625000 0.500000
vt 0.375000 0.500000
vt 0.375000 0.500000
vt 0.625000 0.500000
vt 0.625000 0.750000
vt 0.375000 0.750000
vt 0.625000 1.000000
vt 0.375000 1.000000
vt 0.875000 0.000000
vt 0.875000 0.250000
vt 0.125000 0.000000
vt 0.125000 0.250000
vt 0.625000 0.250000
vt 0.375000 0.250000
vt 0.625000 0.500000
vt 0.375000 0.500000
vt 0.625000 0.250000
vt 0.375000 0.250000
vt 0.625000 0.500000
vt 0.375000 0.500000
vt 0.625000 0.250000
vt 0.375000 0.250000
vt 0.625000 0.500000
vt 0.375000 0.500000
vt 0.625000 0.250000
vt 0.375000 0.250000
vt 0.625000 0.500000
vt 0.375000 0.500000
vt 0.625000 0.250000
vt 0.375000 0.250000
vt 0.625000 0.500000
vt 0.375000 0.500000
vt 0.625000 0.250000
vt 0.375000 0.250000
vt 0.625000 0.500000
vt 0.375000 0.500000
vt 0.625000 0.250000
vt 0.375000 0.250000
vt 0.625000 0.500000
vt 0.375000 0.500000
vt 0.375000 0.000000
vt 0.625000 0.000000
vt 0.625000 0.250000
vt 0.375000 0.250000
vt 0.375000 0.250000
vt 0.625000 0.250000
vt 0.625000 0.500000
vt 0.375000 0.500000
vt 0.375000 0.500000
vt 0.625000 0.500000
vt 0.625000 0.750000
vt 0.375000 0.750000
vt 0.625000 1.000000
vt 0.375000 1.000000
vt 0.875000 0.000000
vt 0.875000 0.250000
vt 0.125000 0.000000
vt 0.125000 0.250000
vt 0.625000 0.250000
vt 0.375000 0.250000
vt 0.625000 0.500000
vt 0.375000 0.500000
vt 0.625000 0.250000
vt 0.375000 0.250000
vt 0.625000 0.500000
vt 0.375000 0.500000
vt 0.625000 0.250000
vt 0.375000 0.250000
vt 0.625000 0.500000
vt 0.375000 0.500000
vt 0.625000 0.250000
vt 0.375000 0.250000
vt 0.625000 0.500000
vt 0.375000 0.500000
vt 0.625000 0.250000
vt 0.375000 0.250000
vt 0.625000 0.500000
vt 0.375000 0.500000
vt 0.625000 0.250000
vt 0.375000 0.250000
vt 0.625000 0.500000
vt 0.375000 0.500000
vt 0.625000 0.250000
vt 0.375000 0.250000
vt 0.625000 0.500000
vt 0.375000 0.500000
vt 0.375000 0.000000
vt 0.625000 0.000000
vt 0.625000 0.250000
vt 0.375000 0.250000
vt 0.375000 0.250000
vt 0.625000 0.250000
vt 0.625000 0.500000
vt 0.375000 0.500000
vt 0.375000 0.500000
vt 0.625000 0.500000
vt 0.625000 0.750000
vt 0.375000 0.750000
vt 0.625000 1.000000
vt 0.375000 1.000000
vt 0.875000 0.000000
vt 0.875000 0.250000
vt 0.125000 0.000000
vt 0.125000 0.250000
vt 0.625000 0.250000
vt 0.375000 0.250000
vt 0.625000 0.500000
vt 0.375000 0.500000
vt 0.625000 0.250000
vt 0.375000 0.250000
vt 0.625000 0.500000
vt 0.375000 0.500000
vt 0.625000 0.250000
vt 0.375000 0.250000
vt 0.625000 0.500000
vt 0.375000 0.500000
vt 0.625000 0.250000
vt 0.375000 0.250000
vt 0.625000 0.500000
vt 0.375000 0.500000
vt 0.625000 0.250000
vt 0.375000 0.250000
vt 0.625000 0.500000
vt 0.375000 0.500000
vt 0.625000 0.250000
vt 0.375000 0.250000
vt 0.625000 0.500000
vt 0.375000 0.500000
vt 0.625000 0.250000
vt 0.375000 0.250000
vt 0.625000 0.500000
vt 0.375000 0.500000
vt 0.375000 0.000000
vt 0.625000 0.000000
vt 0.625000 0.250000
vt 0.375000 0.250000
vt 0.375000 0.250000
vt 0.625000 0.250000
vt 0.625000 0.500000
vt 0.375000 0.500000
vt 0.375000 0.500000
vt 0.625000 0.500000
vt 0.625000 0.750000
vt 0.375000 0.750000
vt 0.625000 1.000000
vt 0.375000 1.000000
vt 0.875000 0.000000
vt 0.875000 0.250000
vt 0.125000 0.000000
vt 0.125000 0.250000
vt 0.625000 0.250000
vt 0.375000 0.250000
vt 0.625000 0.500000
vt 0.375000 0.500000
vt 0.625000 0.250000
vt 0.375000 0.250000
vt 0.625000 0.500000
vt 0.375000 0.500000
vt 0.625000 0.250000
vt 0.375000 0.250000
vt 0.625000 0.500000
vt 0.375000 0.500000
vt 0.625000 0.250000
vt 0.375000 0.250000
vt 0.625000 0.500000
vt 0.375000 0.500000
vt 0.625000 0.250000
vt 0.375000 0.250000
vt 0.625000 0.500000
vt 0.375000 0.500000
vt 0.625000 0.250000
vt 0.375000 0.250000
vt 0.625000 0.500000
vt 0.375000 0.500000
vt 0.625000 0.250000
vt 0.375000 0.250000
vt 0.625000 0.500000
vt 0.375000 0.500000
vt 0.375000 0.000000
vt 0.625000 0.000000
vt 0.625000 0.250000
vt 0.375000 0.250000
vt 0.375000 0.250000
vt 0.625000 0.250000
vt 0.625000 0.500000
vt 0.375000 0.500000
vt 0.375000 0.500000
vt 0.625000 0.500000
vt 0.625000 0.750000
vt 0.375000 0.750000
vt 0.625000 1.000000
vt 0.375000 1.000000
vt 0.875000 0.000000
vt 0.875000 0.250000
vt 0.125000 0.000000
vt 0.125000 0.250000
vt 0.625000 0.250000
vt 0.375000 0.250000
vt 0.625000 0.500000
vt 0.375000 0.500000
vt 0.625000 0.250000
vt 0.375000 0.250000
vt 0.625000 0.500000
vt 0.375000 0.500000
vt 0.625000 0.250000
vt 0.375000 0.250000
vt 0.625000 0.500000
vt 0.375000 0.500000
vt 0.625000 0.250000
vt 0.375000 0.250000
vt 0.625000 0.500000
vt 0.375000 0.500000
vt 0.625000 0.250000
vt 0.375000 0.250000
vt 0.625000 0.500000
vt 0.375000 0.500000
vt 0.625000 0.250000
vt 0.375000 0.250000
vt 0.625000 0.500000
vt 0.375000 0.500000
vt 0.625000 0.250000
vt 0.375000 0.250000
vt 0.625000 0.500000
vt 0.375000 0.500000
vt 0.375000 0.000000
vt 0.625000 0.000000
vt 0.625000 0.250000
vt 0.375000 0.250000
vt 0.375000 0.250000
vt 0.625000 0.250000
vt 0.625000 0.500000
vt 0.375000 0.500000
vt 0.375000 0.500000
vt 0.625000 0.500000
vt 0.625000 0.750000
vt 0.375000 0.750000
vt 0.625000 1.000000
vt 0.375000 1.000000
vt 0.875000 0.000000
vt 0.875000 0.250000
vt 0.125000 0.000000
vt 0.125000 0.250000
vt 0.625000 0.250000
vt 0.375000 0.250000
vt 0.625000 0.500000
vt 0.375000 0.500000
vt 0.625000 0.250000
vt 0.375000 0.250000
vt 0.625000 0.500000
vt 0.375000 0.500000
vt 0.625000 0.250000
vt 0.375000 0.250000
vt 0.625000 0.500000
vt 0.375000 0.500000
vt 0.625000 0.250000
vt 0.375000 0.250000
vt 0.625000 0.500000
vt 0.375000 0.500000
vt 0.625000 0.250000
vt 0.375000 0.250000
vt 0.625000 0.500000
vt 0.375000 0.500000
vt 0.625000 0.250000
vt 0.375000 0.250000
vt 0.625000 0.500000
vt 0.375000 0.500000
vt 0.625000 0.250000
vt 0.375000 0.250000
vt 0.625000 0.500000
vt 0.375000 0.500000
vt 0.375000 0.000000
vt 0.625000 0.000000
vt 0.625000 0.250000
vt 0.375000 0.250000
vt 0.375000 0.250000
vt 0.625000 0.250000
vt 0.625000 0.500000
vt 0.375000 0.500000
vt 0.375000 0.500000
vt 0.625000 0.500000
vt 0.625000 0.750000
vt 0.375000 0.750000
vt 0.625000 1.000000
vt 0.375000 1.000000
vt 0.875000 0.000000
vt 0.875000 0.250000
vt 0.125000 0.000000
vt 0.125000 0.250000
vt 0.625000 0.250000
vt 0.375000 0.250000
vt 0.625000 0.500000
vt 0.375000 0.500000
vt 0.625000 0.250000
vt 0.375000 0.250000
vt 0.625000 0.500000
vt 0.375000 0.500000
vt 0.625000 0.250000
vt 0.375000 0.250000
vt 0.625000 0.500000
vt 0.375000 0.500000
vt 0.625000 0.250000
vt 0.375000 0.250000
vt 0.625000 0.500000
vt 0.375000 0.500000
vt 0.625000 0.250000
vt 0.375000 0.250000
vt 0.625000 0.500000
vt 0.375000 0.500000
vt 0.625000 0.250000
vt 0.375000 0.250000
vt 0.625000 0.500000
vt 0.375000 0.500000
vt 0.625000 0.250000
vt 0.375000 0.250000
vt 0.625000 0.500000
vt 0.375000 0.500000
vt 0.375000 0.000000
vt 0.625000 0.000000
vt 0.625000 0.250000
vt 0.375000 0.250000
vt 0.375000 0.250000
vt 0.625000 0.250000
vt 0.625000 0.500000
vt 0.375000 0.500000
vt 0.375000 0.500000
vt 0.625000 0.500000
vt 0.625000 0.750000
vt 0.375000 0.750000
vt 0.625000 1.000000
vt 0.375000 1.000000
vt 0.875000 0.000000
vt 0.875000 0.250000
vt 0.125000 0.000000
vt 0.125000 0.250000
vt 0.625000 0.250000
vt 0.375000 0.250000
vt 0.625000 0.500000
vt 0.375000 0.500000
vt 0.625000 0.250000
vt 0.375000 0.250000
vt 0.625000 0.500000
vt 0.375000 0.500000
vt 0.625000 0.250000
vt 0.375000 0.250000
vt 0.625000 0.500000
vt 0.375000 0.500000
vt 0.625000 0.250000
vt 0.375000 0.250000
vt 0.625000 0.500000
vt 0.375000 0.500000
vt 0.625000 0.250000
vt 0.375000 0.250000
vt 0.625000 0.500000
vt 0.375000 0.500000
vt 0.625000 0.250000
vt 0.375000 0.250000
vt 0.625000 0.500000
vt 0.375000 0.500000
vt 0.625000 0.250000
vt 0.375000 0.250000
vt 0.625000 0.500000
vt 0.375000 0.500000
vt 0.375000 0.000000
vt 0.625000 0.000000
vt 0.625000 0.250000
vt 0.375000 0.250000
vt 0.375000 0.250000
vt 0.625000 0.250000
vt 0.625000 0.500000
vt 0.375000 0.500000
vt 0.375000 0.500000
vt 0.625000 0.500000
vt 0.625000 0.750000
vt 0.375000 0.750000
vt 0.625000 1.000000
vt 0.375000 1.000000
vt 0.875000 0.000000
vt 0.875000 0.250000
vt 0.125000 0.000000
vt 0.125000 0.250000
vt 0.625000 0.250000
vt 0.375000 0.250000
vt 0.625000 0.500000
vt 0.375000 0.500000
vt 0.625000 0.250000
vt 0.375000 0.250000
vt 0.625000 0.500000
vt 0.375000 0.500000
vt 0.625000 0.250000
vt 0.375000 0.250000
vt 0.625000 0.500000
vt 0.375000 0.500000
vt 0.625000 0.250000
vt 0.375000 0.250000
vt 0.625000 0.500000
vt 0.375000 0.500000
vt 0.625000 0.250000
vt 0.375000 0.250000
vt 0.625000 0.500000
vt 0.375000 0.500000
vt 0.625000 0.250000
vt 0.375000 0.250000
vt 0.625000 0.500000
vt 0.375000 0.500000
vt 0.625000 0.250000
vt 0.375000 0.250000
vt 0.625000 0.500000
vt 0.375000 0.500000
vt 0.375000 0.000000
vt 0.625000 0.000000
vt 0.625000 0.250000
vt 0.375000 0.250000
vt 0.375000 0.250000
vt 0.625000 0.250000
vt 0.625000 0.500000
vt 0.375000 0.500000
vt 0.375000 0.500000
vt 0.625000 0.500000
vt 0.625000 0.750000
vt 0.375000 0.750000
vt 0.625000 1.000000
vt 0.375000 1.000000
vt 0.875000 0.000000
vt 0.875000 0.250000
vt 0.125000 0.000000
vt 0.125000 0.250000
vt 0.625000 0.250000
vt 0.375000 0.250000
vt 0.625000 0.500000
vt 0.375000 0.500000
vt 0.625000 0.250000
vt 0.375000 0.250000
vt 0.625000 0.500000
vt 0.375000 0.500000
vt 0.625000 0.250000
vt 0.375000 0.250000
vt 0.625000 0.500000
vt 0.375000 0.500000
vt 0.625000 0.250000
vt 0.375000 0.250000
vt 0.625000 0.500000
vt 0.375000 0.500000
vt 0.625000 0.250000
vt 0.375000 0.250000
vt 0.625000 0.500000
vt 0.375000 0.500000
vt 0.625000 0.250000
vt 0.375000 0.250000
vt 0.625000 0.500000
vt 0.375000 0.500000
vt 0.625000 0.250000
vt 0.375000 0.250000
vt 0.625000 0.500000
vt 0.375000 0.500000
vt 0.375000 0.000000
vt 0.625000 0.000000
vt 0.625000 0.250000
vt 0.375000 0.250000
vt 0.375000 0.250000
vt 0.625000 0.250000
vt 0.625000 0.500000
vt 0.375000 0.500000
vt 0.375000 0.500000
vt 0.625000 0.500000
vt 0.625000 0.750000
vt 0.375000 0.750000
vt 0.625000 1.000000
vt 0.375000 1.000000
vt 0.875000 0.000000
vt 0.875000 0.250000
vt 0.125000 0.000000
vt 0.125000 0.250000
vt 0.625000 0.250000
vt 0.375000 0.250000
vt 0.625000 0.500000
vt 0.375000 0.500000
vt 0.625000 0.250000
vt 0.375000 0.250000
vt 0.625000 0.500000
vt 0.375000 0.500000
vt 0.625000 0.250000
vt 0.375000 0.250000
vt 0.625000 0.500000
vt 0.375000 0.500000
vt 0.625000 0.250000
vt 0.375000 0.250000
vt 0.625000 0.500000
vt 0.375000 0.500000
vt 0.625000 0.250000
vt 0.375000 0.250000
vt 0.625000 0.500000
vt 0.375000 0.500000
vt 0.625000 0.250000
vt 0.375000 0.250000
vt 0.625000 0.500000
vt 0.375000 0.500000
vt 0.625000 0.250000
vt 0.375000 0.250000
vt 0.625000 0.500000
vt 0.375000 0.500000
vt 0.375000 0.000000
vt 0.625000 0.000000
vt 0.625000 0.250000
vt 0.375000 0.250000
vt 0.375000 0.250000
vt 0.625000 0.250000
vt 0.625000 0.500000
vt 0.375000 0.500000
vt 0.375000 0.500000
vt 0.625000 0.500000
vt 0.625000 0.750000
vt 0.375000 0.750000
vt 0.625000 1.000000
vt 0.375000 1.000000
vt 0.875000 0.000000
vt 0.875000 0.250000
vt 0.125000 0.000000
vt 0.125000 0.250000
vt 0.625000 0.250000
vt 0.375000 0.250000
vt 0.625000 0.500000
vt 0.375000 0.500000
vt 0.625000 0.250000
vt 0.375000 0.250000
vt 0.625000 0.500000
vt 0.375000 0.500000
vt 0.625000 0.250000
vt 0.375000 0.250000
vt 0.625000 0.500000
vt 0.375000 0.500000
vt 0.625000 0.250000
vt 0.375000 0.250000
vt 0.625000 0.500000
vt 0.375000 0.500000
vt 0.625000 0.250000
vt 0.375000 0.250000
vt 0.625000 0.500000
vt 0.375000 0.500000
vt 0.625000 0.250000
vt 0.375000 0.250000
vt 0.625000 0.500000
vt 0.375000 0.500000
vt 0.625000 0.250000
vt 0.375000 0.250000
vt 0.625000 0.500000
vt 0.375000 0.500000
vt 0.375000 0.000000
vt 0.625000 0.000000
vt 0.625000 0.250000
vt 0.375000 0.250000
vt 0.375000 0.250000
vt 0.625000 0.250000
vt 0.625000 0.500000
vt 0.375000 0.500000
vt 0.375000 0.500000
vt 0.625000 0.500000
vt 0.625000 0.750000
vt 0.375000 0.750000
vt 0.625000 1.000000
vt 0.375000 1.000000
vt 0.875000 0.000000
vt 0.875000 0.250000
vt 0.125000 0.000000
vt 0.125000 0.250000
vt 0.625000 0.250000
vt 0.375000 0.250000
vt 0.625000 0.500000
vt 0.375000 0.500000
vt 0.625000 0.250000
vt 0.375000 0.250000
vt 0.625000 0.500000
vt 0.375000 0.500000
vt 0.625000 0.250000
vt 0.375000 0.250000
vt 0.625000 0.500000
vt 0.375000 0.500000
vt 0.625000 0.250000
vt 0.375000 0.250000
vt 0.625000 0.500000
vt 0.375000 0.500000
vt 0.625000 0.250000
vt 0.375000 0.250000
vt 0.625000 0.500000
vt 0.375000 0.500000
vt 0.625000 0.250000
vt 0.375000 0.250000
vt 0.625000 0.500000
vt 0.375000 0.500000
vt 0.625000 0.250000
vt 0.375000 0.250000
vt 0.625000 0.500000
vt 0.375000 0.500000
vt 0.375000 0.000000
vt 0.625000 0.000000
vt 0.625000 0.250000
vt 0.375000 0.250000
vt 0.375000 0.250000
vt 0.625000 0.250000
vt 0.625000 0.500000
vt 0.375000 0.500000
vt 0.375000 0.500000
vt 0.625000 0.500000
vt 0.625000 0.750000
vt 0.375000 0.750000
vt 0.625000 1.000000
vt 0.375000 1.000000
vt 0.875000 0.000000
vt 0.875000 0.250000
vt 0.125000 0.000000
vt 0.125000 0.250000
vt 0.625000 0.250000
vt 0.375000 0.250000
vt 0.625000 0.500000
vt 0.375000 0.500000
vt 0.625000 0.250000
vt 0.375000 0.250000
vt 0.625000 0.500000
vt 0.375000 0.500000
vt 0.625000 0.250000
vt 0.375000 0.250000
vt 0.625000 0.500000
vt 0.375000 0.500000
vt 0.625000 0.250000
vt 0.375000 0.250000
vt 0.625000 0.500000
vt 0.375000 0.500000
vt 0.625000 0.250000
vt 0.375000 0.250000
vt 0.625000 0.500000
vt 0.375000 0.500000
vt 0.625000 0.250000
vt 0.375000 0.250000
vt 0.625000 0.500000
vt 0.375000 0.500000
vt 0.625000 0.250000
vt 0.375000 0.250000
vt 0.625000 0.500000
vt 0.375000 0.500000
vt 0.375000 0.000000
vt 0.625000 0.000000
vt 0.625000 0.250000
vt 0.375000 0.250000
vt 0.375000 0.250000
vt 0.625000 0.250000
vt 0.625000 0.500000
vt 0.375000 0.500000
vt 0.375000 0.500000
vt 0.625000 0.500000
vt 0.625000 0.750000
vt 0.375000 0.750000
vt 0.625000 1.000000
vt 0.375000 1.000000
vt 0.875000 0.000000
vt 0.875000 0.250000
vt 0.125000 0.000000
vt 0.125000 0.250000
vt 0.625000 0.250000
vt 0.375000 0.250000
vt 0.625000 0.500000
vt 0.375000 0.500000
vt 0.625000 0.250000
vt 0.375000 0.250000
vt 0.625000 0.500000
vt 0.375000 0.500000
vt 0.625000 0.250000
vt 0.375000 0.250000
vt 0.625000 0.500000
vt 0.375000 0.500000
vt 0.625000 0.250000
vt 0.375000 0.250000
vt 0.625000 0.500000
vt 0.375000 0.500000
vt 0.625000 0.250000
vt 0.375000 0.250000
vt 0.625000 0.500000
vt 0.375000 0.500000
vt 0.625000 0.250000
vt 0.375000 0.250000
vt 0.625000 0.500000
vt 0.375000 0.500000
vt 0.625000 0.250000
vt 0.375000 0.250000
vt 0.625000 0.500000
vt 0.375000 0.500000
vt 0.375000 0.000000
vt 0.625000 0.000000
vt 0.625000 0.250000
vt 0.375000 0.250000
vt 0.375000 0.250000
vt 0.625000 0.250000
vt 0.625000 0.500000
vt 0.375000 0.500000
vt 0.375000 0.500000
vt 0.625000 0.500000
vt 0.625000 0.750000
vt 0.375000 0.750000
vt 0.625000 1.000000
vt 0.375000 1.000000
vt 0.875000 0.000000
vt 0.875000 0.250000
vt 0.125000 0.000000
vt 0.125000 0.250000
vt 0.625000 0.250000
vt 0.375000 0.250000
vt 0.625000 0.500000
vt 0.375000 0.500000
vt 0.625000 0.250000
vt 0.375000 0.250000
vt 0.625000 0.500000
vt 0.375000 0.500000
vt 0.625000 0.250000
vt 0.375000 0.250000
vt 0.625000 0.500000
vt 0.375000 0.500000
vt 0.625000 0.250000
vt 0.375000 0.250000
vt 0.625000 0.500000
vt 0.375000 0.500000
vt 0.625000 0.250000
vt 0.375000 0.250000
vt 0.625000 0.500000
vt 0.375000 0.500000
vt 0.625000 0.250000
vt 0.375000 0.250000
vt 0.625000 0.500000
vt 0.375000 0.500000
vt 0.625000 0.250000
vt 0.375000 0.250000
vt 0.625000 0.500000
vt 0.375000 0.500000
vt 0.375000 0.000000
vt 0.625000 0.000000
vt 0.625000 0.250000
vt 0.375000 0.250000
vt 0.375000 0.250000
vt 0.625000 0.250000
vt 0.625000 0.500000
vt 0.375000 0.500000
vt 0.375000 0.500000
vt 0.625000 0.500000
vt 0.625000 0.750000
vt 0.375000 0.750000
vt 0.625000 1.000000
vt 0.375000 1.000000
vt 0.875000 0.000000
vt 0.875000 0.250000
vt 0.125000 0.000000
vt 0.125000 0.250000
vt 0.625000 0.250000
vt 0.375000 0.250000
vt 0.625000 0.500000
vt 0.375000 0.500000
vt 0.625000 0.250000
vt 0.375000 0.250000
vt 0.625000 0.500000
vt 0.375000 0.500000
vt 0.625000 0.250000
vt 0.375000 0.250000
vt 0.625000 0.500000
vt 0.375000 0.500000
vt 0.625000 0.250000
vt 0.375000 0.250000
vt 0.625000 0.500000
vt 0.375000 0.500000
vt 0.625000 0.250000
vt 0.375000 0.250000
vt 0.625000 0.500000
vt 0.375000 0.500000
vt 0.625000 0.250000
vt 0.375000 0.250000
vt 0.625000 0.500000
vt 0.375000 0.500000
vt 0.625000 0.250000
vt 0.375000 0.250000
vt 0.625000 0.500000
vt 0.375000 0.500000
vt 0.375000 0.000000
vt 0.625000 0.000000
vt 0.625000 0.250000
vt 0.375000 0.250000
vt 0.375000 0.250000
vt 0.625000 0.250000
vt 0.625000 0.500000
vt 0.375000 0.500000
vt 0.375000 0.500000
vt 0.625000 0.500000
vt 0.625000 0.750000
vt 0.375000 0.750000
vt 0.625000 1.000000
vt 0.375000 1.000000
vt 0.875000 0.000000
vt 0.875000 0.250000
vt 0.125000 0.000000
vt 0.125000 0.250000
vt 0.625000 0.250000
vt 0.375000 0.250000
vt 0.625000 0.500000
vt 0.375000 0.500000
vt 0.625000 0.250000
vt 0.375000 0.250000
vt 0.625000 0.500000
vt 0.375000 0.500000
vt 0.625000 0.250000
vt 0.375000 0.250000
vt 0.625000 0.500000
vt 0.375000 0.500000
vt 0.625000 0.250000
vt 0.375000 0.250000
vt 0.625000 0.500000
vt 0.375000 0.500000
vt 0.625000 0.250000
vt 0.375000 0.250000
vt 0.625000 0.500000
vt 0.375000 0.500000
vt 0.625000 0.250000
vt 0.375000 0.250000
vt 0.625000 0.500000
vt 0.375000 0.500000
vt 0.625000 0.250000
vt 0.375000 0.250000
vt 0.625000 0.500000
vt 0.375000 0.500000
vt 0.375000 0.000000
vt 0.625000 0.000000
vt 0.625000 0.250000
vt 0.375000 0.250000
vt 0.375000 0.250000
vt 0.625000 0.250000
vt 0.625000 0.500000
vt 0.375000 0.500000
vt 0.375000 0.500000
vt 0.625000 0.500000
vt 0.625000 0.750000
vt 0.375000 0.750000
vt 0.625000 1.000000
vt 0.375000 1.000000
vt 0.875000 0.000000
vt 0.875000 0.250000
vt 0.125000 0.000000
vt 0.125000 0.250000
vt 0.625000 0.250000
vt 0.375000 0.250000
vt 0.625000 0.500000
vt 0.375000 0.500000
vt 0.625000 0.250000
vt 0.375000 0.250000
vt 0.625000 0.500000
vt 0.375000 0.500000
vt 0.625000 0.250000
vt 0.375000 0.250000
vt 0.625000 0.500000
vt 0.375000 0.500000
vt 0.625000 0.250000
vt 0.375000 0.250000
vt 0.625000 0.500000
vt 0.375000 0.500000
vt 0.625000 0.250000
vt 0.375000 0.250000
vt 0.625000 0.500000
vt 0.375000 0.500000
vt 0.625000 0.250000
vt 0.375000 0.250000
vt 0.625000 0.500000
vt 0.375000 0.500000
vt 0.625000 0.250000
vt 0.375000 0.250000
vt 0.625000 0.500000
vt 0.375000 0.500000
vt 0.375000 0.000000
vt 0.625000 0.000000
vt 0.625000 0.250000
vt 0.375000 0.250000
vt 0.375000 0.250000
vt 0.625000 0.250000
vt 0.625000 0.500000
vt 0.375000 0.500000
vt 0.375000 0.500000
vt 0.625000 0.500000
vt 0.625000 0.750000
vt 0.375000 0.750000
vt 0.625000 1.000000
vt 0.375000 1.000000
vt 0.875000 0.000000
vt 0.875000 0.250000
vt 0.125000 0.000000
vt 0.125000 0.250000
vt 0.625000 0.250000
vt 0.375000 0.250000
vt 0.625000 0.500000
vt 0.375000 0.500000
vt 0.625000 0.250000
vt 0.375000 0.250000
vt 0.625000 0.500000
vt 0.375000 0.500000
vt 0.625000 0.250000
vt 0.375000 0.250000
vt 0.625000 0.500000
vt 0.375000 0.500000
vt 0.625000 0.250000
vt 0.375000 0.250000
vt 0.625000 0.500000
vt 0.375000 0.500000
vt 0.625000 0.250000
vt 0.375000 0.250000
vt 0.625000 0.500000
vt 0.375000 0.500000
vt 0.625000 0.250000
vt 0.375000 0.250000
vt 0.625000 0.500000
vt 0.375000 0.500000
vt 0.625000 0.250000
vt 0.375000 0.250000
vt 0.625000 0.500000
vt 0.375000 0.500000
vt 0.375000 0.000000
vt 0.625000 0.000000
vt 0.625000 0.250000
vt 0.375000 0.250000
vt 0.375000 0.250000
vt 0.625000 0.250000
vt 0.625000 0.500000
vt 0.375000 0.500000
vt 0.375000 0.500000
vt 0.625000 0.500000
vt 0.625000 0.750000
vt 0.375000 0.750000
vt 0.625000 1.000000
vt 0.375000 1.000000
vt 0.875000 0.000000
vt 0.875000 0.250000
vt 0.125000 0.000000
vt 0.125000 0.250000
vt 0.625000 0.250000
vt 0.375000 0.250000
vt 0.625000 0.500000
vt 0.375000 0.500000
vt 0.625000 0.250000
vt 0.375000 0.250000
vt 0.625000 0.500000
vt 0.375000 0.500000
vt 0.625000 0.250000
vt 0.375000 0.250000
vt 0.625000 0.500000
vt 0.375000 0.500000
vt 0.625000 0.250000
vt 0.375000 0.250000
vt 0.625000 0.500000
vt 0.375000 0.500000
vt 0.625000 0.250000
vt 0.375000 0.250000
vt 0.625000 0.500000
vt 0.375000 0.500000
vt 0.625000 0.250000
vt 0.375000 0.250000
vt 0.625000 0.500000
vt 0.375000 0.500000
vt 0.625000 0.250000
vt 0.375000 0.250000
vt 0.625000 0.500000
vt 0.375000 0.500000
vt 0.375000 0.000000
vt 0.625000 0.000000
vt 0.625000 0.250000
vt 0.375000 0.250000
vt 0.375000 0.250000
vt 0.625000 0.250000
vt 0.625000 0.500000
vt 0.375000 0.500000
vt 0.375000 0.500000
vt 0.625000 0.500000
vt 0.625000 0.750000
vt 0.375000 0.750000
vt 0.625000 1.000000
vt 0.375000 1.000000
vt 0.875000 0.000000
vt 0.875000 0.250000
vt 0.125000 0.000000
vt 0.125000 0.250000
vt 0.625000 0.250000
vt 0.375000 0.250000
vt 0.625000 0.500000
vt 0.375000 0.500000
vt 0.625000 0.250000
vt 0.375000 0.250000
vt 0.625000 0.500000
vt 0.375000 0.500000
vt 0.625000 0.250000
vt 0.375000 0.250000
vt 0.625000 0.500000
vt 0.375000 0.500000
vt 0.625000 0.250000
vt 0.375000 0.250000
vt 0.625000 0.500000
vt 0.375000 0.500000
vt 0.625000 0.250000
vt 0.375000 0.250000
vt 0.625000 0.500000
vt 0.375000 0.500000
vt 0.625000 0.250000
vt 0.375000 0.250000
vt 0.625000 0.500000
vt 0.375000 0.500000
vt 0.625000 0.250000
vt 0.375000 0.250000
vt 0.625000 0.500000
vt 0.375000 0.500000
vt 0.375000 0.000000
vt 0.625000 0.000000
vt 0.625000 0.250000
vt 0.375000 0.250000
vt 0.375000 0.250000
vt 0.625000 0.250000
vt 0.625000 0.500000
vt 0.375000 0.500000
vt 0.375000 0.500000
vt 0.625000 0.500000
vt 0.625000 0.750000
vt 0.375000 0.750000
vt 0.625000 1.000000
vt 0.375000 1.000000
vt 0.875000 0.000000
vt 0.875000 0.250000
vt 0.125000 0.000000
vt 0.125000 0.250000
vt 0.625000 0.250000
vt 0.375000 0.250000
vt 0.625000 0.500000
vt 0.375000 0.500000
vt 0.625000 0.250000
vt 0.375000 0.250000
vt 0.625000 0.500000
vt 0.375000 0.500000
vt 0.625000 0.250000
vt 0.375000 0.250000
vt 0.625000 0.500000
vt 0.375000 0.500000
vt 0.625000 0.250000
vt 0.375000 0.250000
vt 0.625000 0.500000
vt 0.375000 0.500000
vt 0.625000 0.250000
vt 0.375000 0.250000
vt 0.625000 0.500000
vt 0.375000 0.500000
vt 0.625000 0.250000
vt 0.375000 0.250000
vt 0.625000 0.500000
vt 0.375000 0.500000
vt 0.625000 0.250000
vt 0.375000 0.250000
vt 0.625000 0.500000
vt 0.375000 0.500000
vt 0.375000 0.000000
vt 0.625000 0.000000
vt 0.625000 0.250000
vt 0.375000 0.250000
vt 0.375000 0.250000
vt 0.625000 0.250000
vt 0.625000 0.500000
vt 0.375000 0.500000
vt 0.375000 0.500000
vt 0.625000 0.500000
vt 0.625000 0.750000
vt 0.375000 0.750000
vt 0.625000 1.000000
vt 0.375000 1.000000
vt 0.875000 0.000000
vt 0.875000 0.250000
vt 0.125000 0.000000
vt 0.125000 0.250000
vt 0.625000 0.250000
vt 0.375000 0.250000
vt 0.625000 0.500000
vt 0.375000 0.500000
vt 0.625000 0.250000
vt 0.375000 0.250000
vt 0.625000 0.500000
vt 0.375000 0.500000
vt 0.625000 0.250000
vt 0.375000 0.250000
vt 0.625000 0.500000
vt 0.375000 0.500000
vt 0.625000 0.250000
vt 0.375000 0.250000
vt 0.625000 0.500000
vt 0.375000 0.500000
vt 0.625000 0.250000
vt 0.375000 0.250000
vt 0.625000 0.500000
vt 0.375000 0.500000
vt 0.625000 0.250000
vt 0.375000 0.250000
vt 0.625000 0.500000
vt 0.375000 0.500000
vt 0.625000 0.250000
vt 0.375000 0.250000
vt 0.625000 0.500000
vt 0.375000 0.500000
vt 0.375000 0.000000
vt 0.625000 0.000000
vt 0.625000 0.250000
vt 0.375000 0.250000
vt 0.375000 0.250000
vt 0.625000 0.250000
vt 0.625000 0.500000
vt 0.375000 0.500000
vt 0.375000 0.500000
vt 0.625000 0.500000
vt 0.625000 0.750000
vt 0.375000 0.750000
vt 0.625000 1.000000
vt 0.375000 1.000000
vt 0.875000 0.000000
vt 0.875000 0.250000
vt 0.125000 0.000000
vt 0.125000 0.250000
vt 0.625000 0.250000
vt 0.375000 0.250000
vt 0.625000 0.500000
vt 0.375000 0.500000
vt 0.625000 0.250000
vt 0.375000 0.250000
vt 0.625000 0.500000
vt 0.375000 0.500000
vt 0.625000 0.250000
vt 0.375000 0.250000
vt 0.625000 0.500000
vt 0.375000 0.500000
vt 0.625000 0.250000
vt 0.375000 0.250000
vt 0.625000 0.500000
vt 0.375000 0.500000
vt 0.625000 0.250000
vt 0.375000 0.250000
vt 0.625000 0.500000
vt 0.375000 0.500000
vt 0.625000 0.250000
vt 0.375000 0.250000
vt 0.625000 0.500000
vt 0.375000 0.500000
vt 0.625000 0.250000
vt 0.375000 0.250000
vt 0.625000 0.500000
vt 0.375000 0.500000
vt 0.375000 0.000000
vt 0.625000 0.000000
vt 0.625000 0.250000
vt 0.375000 0.250000
vt 0.375000 0.250000
vt 0.625000 0.250000
vt 0.625000 0.500000
vt 0.375000 0.500000
vt 0.375000 0.500000
vt 0.625000 0.500000
vt 0.625000 0.750000
vt 0.375000 0.750000
vt 0.625000 1.000000
vt 0.375000 1.000000
vt 0.875000 0.000000
vt 0.875000 0.250000
vt 0.125000 0.000000
vt 0.125000 0.250000
vt 0.625000 0.250000
vt 0.375000 0.250000
vt 0.625000 0.500000
vt 0.375000 0.500000
vt 0.625000 0.250000
vt 0.375000 0.250000
vt 0.625000 0.500000
vt 0.375000 0.500000
vt 0.625000 0.250000
vt 0.375000 0.250000
vt 0.625000 0.500000
vt 0.375000 0.500000
vt 0.625000 0.250000
vt 0.375000 0.250000
vt 0.625000 0.500000
vt 0.375000 0.500000
vt 0.625000 0.250000
vt 0.375000 0.250000
vt 0.625000 0.500000
vt 0.375000 0.500000
vt 0.625000 0.250000
vt 0.375000 0.250000
vt 0.625000 0.500000
vt 0.375000 0.500000
vt 0.625000 0.250000
vt 0.375000 0.250000
vt 0.625000 0.500000
vt 0.375000 0.500000
vt 0.375000 0.000000
vt 0.625000 0.000000
vt 0.625000 0.250000
vt 0.375000 0.250000
vt 0.375000 0.250000
vt 0.625000 0.250000
vt 0.625000 0.500000
vt 0.375000 0.500000
vt 0.375000 0.500000
vt 0.625000 0.500000
vt 0.625000 0.750000
vt 0.375000 0.750000
vt 0.625000 1.000000
vt 0.375000 1.000000
vt 0.875000 0.000000
vt 0.875000 0.250000
vt 0.125000 0.000000
vt 0.125000 0.250000
vt 0.625000 0.250000
vt 0.375000 0.250000
vt 0.625000 0.500000
vt 0.375000 0.500000
vt 0.625000 0.250000
vt 0.375000 0.250000
vt 0.625000 0.500000
vt 0.375000 0.500000
vt 0.625000 0.250000
vt 0.375000 0.250000
vt 0.625000 0.500000
vt 0.375000 0.500000
vt 0.625000 0.250000
vt 0.375000 0.250000
vt 0.625000 0.500000
vt 0.375000 0.500000
vt 0.625000 0.250000
vt 0.375000 0.250000
vt 0.625000 0.500000
vt 0.375000 0.500000
vt 0.625000 0.250000
vt 0.375000 0.250000
vt 0.625000 0.500000
vt 0.375000 0.500000
vt 0.625000 0.250000
vt 0.375000 0.250000
vt 0.625000 0.500000
vt 0.375000 0.500000
vt 0.375000 0.000000
vt 0.625000 0.000000
vt 0.625000 0.250000
vt 0.375000 0.250000
vt 0.375000 0.250000
vt 0.625000 0.250000
vt 0.625000 0.500000
vt 0.375000 0.500000
vt 0.375000 0.500000
vt 0.625000 0.500000
vt 0.625000 0.750000
vt 0.375000 0.750000
vt 0.625000 1.000000
vt 0.375000 1.000000
vt 0.875000 0.000000
vt 0.875000 0.250000
vt 0.125000 0.000000
vt 0.125000 0.250000
vt 0.625000 0.250000
vt 0.375000 0.250000
vt 0.625000 0.500000
vt 0.375000 0.500000
vt 0.625000 0.250000
vt 0.375000 0.250000
vt 0.625000 0.500000
vt 0.375000 0.500000
vt 0.625000 0.250000
vt 0.375000 0.250000
vt 0.625000 0.500000
vt 0.375000 0.500000
vt 0.625000 0.250000
vt 0.375000 0.250000
vt 0.625000 0.500000
vt 0.375000 0.500000
vt 0.625000 0.250000
vt 0.375000 0.250000
vt 0.625000 0.500000
vt 0.375000 0.500000
vt 0.625000 0.250000
vt 0.375000 0.250000
vt 0.625000 0.500000
vt 0.375000 0.500000
vt 0.625000 0.250000
vt 0.375000 0.250000
vt 0.625000 0.500000
vt 0.375000 0.500000
vt 0.375000 0.000000
vt 0.625000 0.000000
vt 0.625000 0.250000
vt 0.375000 0.250000
vt 0.375000 0.250000
vt 0.625000 0.250000
vt 0.625000 0.500000
vt 0.375000 0.500000
vt 0.375000 0.500000
vt 0.625000 0.500000
vt 0.625000 0.750000
vt 0.375000 0.750000
vt 0.625000 1.000000
vt 0.375000 1.000000
vt 0.875000 0.000000
vt 0.875000 0.250000
vt 0.125000 0.000000
vt 0.125000 0.250000
vt 0.625000 0.250000
vt 0.375000 0.250000
vt 0.625000 0.500000
vt 0.375000 0.500000
vt 0.625000 0.250000
vt 0.375000 0.250000
vt 0.625000 0.500000
vt 0.375000 0.500000
vt 0.625000 0.250000
vt 0.375000 0.250000
vt 0.625000 0.500000
vt 0.375000 0.500000
vt 0.625000 0.250000
vt 0.375000 0.250000
vt 0.625000 0.500000
vt 0.375000 0.500000
vt 0.625000 0.250000
vt 0.375000 0.250000
vt 0.625000 0.500000
vt 0.375000 0.500000
vt 0.625000 0.250000
vt 0.375000 0.250000
vt 0.625000 0.500000
vt 0.375000 0.500000
vt 0.625000 0.250000
vt 0.375000 0.250000
vt 0.625000 0.500000
vt 0.375000 0.500000
vt 0.375000 0.000000
vt 0.625000 0.000000
vt 0.625000 0.250000
vt 0.375000 0.250000
vt 0.375000 0.250000
vt 0.625000 0.250000
vt 0.625000 0.500000
vt 0.375000 0.500000
vt 0.375000 0.500000
vt 0.625000 0.500000
vt 0.625000 0.750000
vt 0.375000 0.750000
vt 0.625000 1.000000
vt 0.375000 1.000000
vt 0.875000 0.000000
vt 0.875000 0.250000
vt 0.125000 0.000000
vt 0.125000 0.250000
vt 0.625000 0.250000
vt 0.375000 0.250000
vt 0.625000 0.500000
vt 0.375000 0.500000
vt 0.625000 0.250000
vt 0.375000 0.250000
vt 0.625000 0.500000
vt 0.375000 0.500000
vt 0.625000 0.250000
vt 0.375000 0.250000
vt 0.625000 0.500000
vt 0.375000 0.500000
vt 0.625000 0.250000
vt 0.375000 0.250000
vt 0.625000 0.500000
vt 0.375000 0.500000
vt 0.625000 0.250000
vt 0.375000 0.250000
vt 0.625000 0.500000
vt 0.375000 0.500000
vt 0.625000 0.250000
vt 0.375000 0.250000
vt 0.625000 0.500000
vt 0.375000 0.500000
vt 0.625000 0.250000
vt 0.375000 0.250000
vt 0.625000 0.500000
vt 0.375000 0.500000
vt 0.375000 0.000000
vt 0.625000 0.000000
vt 0.625000 0.250000
vt 0.375000 0.250000
vt 0.375000 0.250000
vt 0.625000 0.250000
vt 0.625000 0.500000
vt 0.375000 0.500000
vt 0.375000 0.500000
vt 0.625000 0.500000
vt 0.625000 0.750000
vt 0.375000 0.750000
vt 0.625000 1.000000
vt 0.375000 1.000000
vt 0.875000 0.000000
vt 0.875000 0.250000
vt 0.125000 0.000000
vt 0.125000 0.250000
vt 0.625000 0.250000
vt 0.375000 0.250000
vt 0.625000 0.500000
vt 0.375000 0.500000
vt 0.625000 0.250000
vt 0.375000 0.250000
vt 0.625000 0.500000
vt 0.375000 0.500000
vt 0.625000 0.250000
vt 0.375000 0.250000
vt 0.625000 0.500000
vt 0.375000 0.500000
vt 0.625000 0.250000
vt 0.375000 0.250000
vt 0.625000 0.500000
vt 0.375000 0.500000
vt 0.625000 0.250000
vt 0.375000 0.250000
vt 0.625000 0.500000
vt 0.375000 0.500000
vt 0.625000 0.250000
vt 0.375000 0.250000
vt 0.625000 0.500000
vt 0.375000 0.500000
vt 0.625000 0.250000
vt 0.375000 0.250000
vt 0.625000 0.500000
vt 0.375000 0.500000
vn 0.190407 0.000000 0.981705
vn 0.190407 0.000000 0.981705
vn 0.189809 -0.079202 0.978621
vn 0.189809 -0.079202 0.978621
vn 0.164545 0.503369 0.848260
vn 0.164545 0.503369 0.848260
vn 0.164545 0.503369 0.848260
vn 0.164545 0.503369 0.848260
vn -0.189755 0.083256 -0.978295
vn -0.189755 0.083256 -0.978295
vn -0.190416 0.000000 -0.981704
vn -0.190416 0.000000 -0.981704
vn 0.000000 -1.000000 0.000000
vn 0.000000 -1.000000 0.000000
vn 0.000000 -1.000000 0.000000
vn 0.000000 -1.000000 0.000000
vn 0.981704 0.000000 -0.190412
vn 0.981704 0.000000 -0.190412
vn 0.981704 -0.000000 -0.190412
vn 0.981704 -0.000000 -0.190412
vn -0.981704 0.000000 0.190412
vn -0.981704 0.000000 0.190412
vn -0.981704 -0.000000 0.190412
vn -0.981704 -0.000000 0.190412
vn 0.185003 -0.236590 0.953834
vn 0.185003 -0.236590 0.953834
vn 0.981929 0.005535 -0.189169
vn 0.981953 0.006186 -0.189023
vn -0.180092 0.324773 -0.928488
vn -0.180092 0.324773 -0.928488
vn -0.981416 0.006186 0.191793
vn -0.981448 0.005535 0.191648
vn 0.181129 -0.308415 0.933848
vn 0.181129 -0.308416 0.933848
vn 0.982083 0.009879 -0.188190
vn 0.982017 0.007949 -0.188626
vn -0.156655 0.568449 -0.807666
vn -0.156655 0.568450 -0.807666
vn -0.981327 0.007950 0.192185
vn -0.981225 0.009879 0.192613
vn 0.166032 -0.489567 0.856013
vn 0.166033 -0.489566 0.856013
vn 0.981704 -0.000000 -0.190412
vn 0.981704 -0.000000 -0.190412
vn -0.132537 0.717998 -0.683310
vn -0.132537 0.717998 -0.683310
vn -0.981704 0.000000 0.190412
vn -0.981704 0.000000 0.190412
vn 0.130939 -0.726033 0.675078
vn 0.130939 -0.726034 0.675078
vn 0.983343 0.005172 -0.181685
vn 0.983056 0.004243 -0.183255
vn -0.106099 0.830381 -0.547002
vn -0.106099 0.830380 -0.547002
vn -0.980283 0.004243 0.197555
vn -0.979962 0.005173 0.199118
vn 0.110924 -0.812794 0.571893
vn 0.110925 -0.812794 0.571894
vn 0.985135 0.011247 -0.171411
vn 0.985146 0.011284 -0.171349
vn -0.069421 0.931171 -0.357914
vn -0.069421 0.931171 -0.357913
vn -0.977770 0.011284 0.209378
vn -0.977783 0.011247 0.209317
vn 0.090439 -0.880005 0.466276
vn 0.090439 -0.880005 0.466276
vn 0.985127 0.011218 -0.171462
vn 0.985015 0.010825 -0.172128
vn -0.048906 0.966452 -0.252148
vn -0.048906 0.966452 -0.252148
vn -0.977940 0.010824 0.208608
vn -0.977794 0.011217 0.209268
vn 0.055985 -0.955805 0.288622
vn 0.055985 -0.955806 0.288620
vn 0.984252 0.008194 -0.176583
vn 0.984245 0.008172 -0.176621
vn -0.025588 0.990929 -0.131925
vn -0.025587 0.990930 -0.131923
vn -0.978905 0.008169 0.204153
vn -0.978897 0.008192 0.204191
vn 0.029711 -0.987756 0.153153
vn 0.029711 -0.987756 0.153153
vn 0.984218 0.008080 -0.176776
vn 0.984218 0.008080 -0.176776
vn -0.002140 0.999937 -0.011035
vn -0.002140 0.999937 -0.011035
vn -0.978938 0.008078 0.203999
vn -0.978938 0.008078 0.203999
vn 0.190409 0.000000 0.981705
vn 0.190409 0.000000 0.981705
vn 0.190167 -0.050272 0.980464
vn 0.190167 -0.050272 0.980464
vn 0.178606 0.346235 0.920989
vn 0.178606 0.346235 0.920989
vn 0.178606 0.346235 0.920989
vn 0.178606 0.346235 0.920989
vn -0.190142 0.052856 -0.980333
vn -0.190142 0.052856 -0.980333
vn -0.190406 0.000000 -0.981706
vn -0.190406 0.000000 -0.981706
vn 0.000000 -1.000000 0.000000
vn 0.000000 -1.000000 0.000000
vn 0.000000 -1.000000 0.000000
vn 0.000000 -1.000000 0.000000
vn 0.981704 0.000000 -0.190412
vn 0.981704 0.000000 -0.190412
vn 0.981704 -0.000000 -0.190412
vn 0.981704 -0.000000 -0.190412
vn -0.981704 0.000000 0.190412
vn -0.981704 0.000000 0.190412
vn -0.981704 -0.000000 0.190412
vn -0.981704 -0.000000 0.190412
vn 0.188183 -0.152490 0.970224
vn 0.188183 -0.152490 0.970224
vn 0.981983 0.004204 -0.188924
vn 0.981930 0.003383 -0.189215
vn -0.186056 0.212720 -0.959236
vn -0.186056 0.212720 -0.959236
vn -0.981466 0.003383 0.191606
vn -0.981406 0.004204 0.191895
vn 0.186518 -0.201268 0.961615
vn 0.186518 -0.201268 0.961614
vn 0.982065 0.005500 -0.188465
vn 0.982071 0.005596 -0.188431
vn -0.174427 0.401095 -0.899276
vn -0.174427 0.401095 -0.899276
vn -0.981304 0.005596 0.192386
vn -0.981311 0.005500 0.192352
vn 0.179406 -0.335132 0.924933
vn 0.179406 -0.335132 0.924933
vn 0.981704 -0.000000 -0.190412
vn 0.981704 -0.000000 -0.190412
vn -0.159393 0.547060 -0.821778
vn -0.159393 0.547060 -0.821778
vn -0.981704 -0.000000 0.190412
vn -0.981704 -0.000000 0.190412
vn 0.158257 -0.556119 0.815896
vn 0.158257 -0.556120 0.815896
vn 0.983816 0.004235 -0.179131
vn 0.982684 0.001929 -0.185277
vn -0.138441 0.686594 -0.713739
vn -0.138441 0.686593 -0.713740
vn -0.980694 0.001929 0.195540
vn -0.979446 0.004236 0.201664
vn 0.142659 -0.662360 0.735478
vn 0.142659 -0.662361 0.735477
vn 0.985212 0.007212 -0.171187
vn 0.985146 0.007067 -0.171575
vn -0.100093 0.850697 -0.516038
vn -0.100094 0.850697 -0.516039
vn -0.977854 0.007067 0.209169
vn -0.977771 0.007212 0.209553
vn 0.123459 -0.761334 0.636497
vn 0.123459 -0.761335 0.636496
vn 0.985067 0.006895 -0.172035
vn 0.985158 0.007094 -0.171503
vn -0.073645 0.922166 -0.379718
vn -0.073645 0.922167 -0.379716
vn -0.977839 0.007094 0.209240
vn -0.977953 0.006894 0.208712
vn 0.083158 -0.899599 0.428727
vn 0.083158 -0.899600 0.428724
vn 0.984270 0.005186 -0.176596
vn 0.984268 0.005182 -0.176606
vn -0.039848 0.977851 -0.205474
vn -0.039847 0.977852 -0.205471
vn -0.978921 0.005182 0.204173
vn -0.978919 0.005186 0.204184
vn 0.046058 -0.970304 0.237465
vn 0.046058 -0.970304 0.237465
vn 0.984237 0.005119 -0.176778
vn 0.984238 0.005119 -0.176778
vn -0.003378 0.999843 -0.017413
vn -0.003378 0.999843 -0.017413
vn -0.978957 0.005118 0.204003
vn -0.978957 0.005118 0.204003
vn 0.190408 0.000000 0.981705
vn 0.190408 0.000000 0.981705
vn 0.190299 -0.033750 0.981146
vn 0.190299 -0.033750 0.981146
vn 0.184774 0.240343 0.952940
vn 0.184774 0.240343 0.952940
vn 0.184774 0.240343 0.952940
vn 0.184774 0.240343 0.952940
vn -0.190289 0.035488 -0.981086
vn -0.190289 0.035488 -0.981086
vn -0.190408 0.000000 -0.981705
vn -0.190408 0.000000 -0.981705
vn 0.000000 -1.000000 0.000000
vn 0.000000 -1.000000 0.000000
vn 0.000000 -1.000000 0.000000
vn 0.000000 -1.000000 0.000000
vn 0.981704 0.000000 -0.190412
vn 0.981704 0.000000 -0.190412
vn 0.981704 -0.000000 -0.190412
vn 0.981704 -0.000000 -0.190412
vn -0.981704 0.000000 0.190412
vn -0.981704 0.000000 0.190412
vn -0.981704 -0.000000 0.190412
vn -0.981704 -0.000000 0.190412
vn 0.189396 -0.102974 0.976486
vn 0.189396 -0.102974 0.976486
vn 0.982028 0.003235 -0.188707
vn 0.981899 0.001931 -0.189394
vn -0.188406 0.144586 -0.971390
vn -0.188406 0.144586 -0.971390
vn -0.981505 0.001931 0.191429
vn -0.981367 0.003235 0.192114
vn 0.188629 -0.136583 0.972504
vn 0.188629 -0.136583 0.972504
vn 0.982025 0.003204 -0.188723
vn 0.982111 0.004078 -0.188262
vn -0.182686 0.281893 -0.941893
vn -0.182686 0.281893 -0.941893
vn -0.981277 0.004078 0.192557
vn -0.981371 0.003204 0.192098
vn 0.185217 -0.232117 0.954891
vn 0.185217 -0.232117 0.954891
vn 0.981704 0.000000 -0.190412
vn 0.981704 0.000000 -0.190412
vn -0.174393 0.401540 -0.899085
vn -0.174393 0.401540 -0.899085
vn -0.981704 -0.000000 0.190412
vn -0.981704 -0.000000 0.190412
vn 0.173703 -0.409658 0.895549
vn 0.173703 -0.409658 0.895549
vn 0.984184 0.003349 -0.177116
vn 0.982414 0.000932 -0.186715
vn -0.160838 0.535305 -0.829204
vn -0.160838 0.535305 -0.829204
vn -0.980980 0.000932 0.194106
vn -0.979034 0.003349 0.203670
vn 0.163761 -0.510223 0.844308
vn 0.163761 -0.510223 0.844308
vn 0.985267 0.004897 -0.170955
vn 0.985134 0.004705 -0.171722
vn -0.128987 0.735628 -0.664991
vn -0.128987 0.735628 -0.664992
vn -0.977898 0.004705 0.209028
vn -0.977734 0.004897 0.209790
vn 0.149546 -0.619000 0.771022
vn 0.149546 -0.619000 0.771022
vn 0.984979 0.004480 -0.172616
vn 0.985249 0.004872 -0.171056
vn -0.100929 0.847968 -0.520350
vn -0.100929 0.847968 -0.520350
vn -0.977756 0.004872 0.209689
vn -0.978088 0.004480 0.208142
vn 0.111611 -0.810203 0.575425
vn 0.111611 -0.810205 0.575423
vn 0.984275 0.003477 -0.176608
vn 0.984277 0.003480 -0.176596
vn -0.057868 0.952696 -0.298364
vn -0.057867 0.952698 -0.298358
vn -0.978926 0.003480 0.204187
vn -0.978928 0.003477 0.204175
vn 0.066323 -0.937375 0.341950
vn 0.066323 -0.937375 0.341950
vn 0.984244 0.003435 -0.176781
vn 0.984244 0.003435 -0.176781
vn -0.005034 0.999650 -0.025954
vn -0.005034 0.999650 -0.025954
vn -0.978964 0.003433 0.204004
vn -0.978964 0.003433 0.204004
vn 0.190407 0.000000 0.981705
vn 0.190407 0.000000 0.981705
vn 0.190337 -0.027336 0.981338
vn 0.190337 -0.027336 0.981338
vn 0.186691 0.196590 0.962548
vn 0.186691 0.196590 0.962548
vn 0.186691 0.196590 0.962548
vn 0.186691 0.196590 0.962548
vn -0.190347 0.028744 -0.981296
vn -0.190347 0.028744 -0.981296
vn -0.190425 0.000000 -0.981702
vn -0.190425 0.000000 -0.981702
vn 0.000000 -1.000000 0.000000
vn 0.000000 -1.000000 0.000000
vn 0.000000 -1.000000 0.000000
vn 0.000000 -1.000000 0.000000
vn 0.981704 0.000000 -0.190412
vn 0.981704 0.000000 -0.190412
vn 0.981704 0.000000 -0.190412
vn 0.981704 0.000000 -0.190412
vn -0.981704 0.000000 0.190412
vn -0.981704 0.000000 0.190412
vn -0.981704 0.000000 0.190412
vn -0.981704 0.000000 0.190412
vn 0.189745 -0.083544 0.978273
vn 0.189745 -0.083544 0.978273
vn 0.982053 0.002804 -0.188587
vn 0.981881 0.001409 -0.189495
vn -0.189098 0.117531 -0.974899
vn -0.189098 0.117531 -0.974899
vn -0.981525 0.001409 0.191328
vn -0.981345 0.002804 0.192234
vn 0.189237 -0.110970 0.975641
vn 0.189237 -0.110970 0.975641
vn 0.982000 0.002373 -0.188867
vn 0.982130 0.003441 -0.188172
vn -0.185236 0.231481 -0.955041
vn -0.185236 0.231481 -0.955041
vn -0.981262 0.003441 0.192648
vn -0.981401 0.002373 0.191955
vn 0.186953 -0.189736 0.963872
vn 0.186953 -0.189736 0.963872
vn 0.981704 -0.000000 -0.190412
vn 0.981704 0.000000 -0.190412
vn -0.179437 0.334585 -0.925125
vn -0.179437 0.334585 -0.925125
vn -0.981704 0.000000 0.190412
vn -0.981704 0.000000 0.190412
vn 0.178944 -0.341811 0.922575
vn 0.178944 -0.341811 0.922575
vn 0.984347 0.002895 -0.176216
vn 0.982295 0.000627 -0.187341
vn -0.169401 0.456662 -0.873363
vn -0.169401 0.456661 -0.873363
vn -0.981104 0.000627 0.193481
vn -0.978848 0.002895 0.204566
vn 0.171634 -0.433072 0.884868
vn 0.171634 -0.433072 0.884868
vn 0.985294 0.003993 -0.170822
vn 0.985128 0.003798 -0.171783
vn -0.142983 0.660441 -0.737139
vn -0.142983 0.660441 -0.737139
vn -0.977915 0.003798 0.208970
vn -0.977710 0.003993 0.209922
vn 0.160502 -0.538097 0.827461
vn 0.160502 -0.538097 0.827461
vn 0.984923 0.003558 -0.172958
vn 0.985288 0.003986 -0.170854
vn -0.116341 0.791647 -0.599800
vn -0.116341 0.791647 -0.599800
vn -0.977717 0.003986 0.209890
vn -0.978164 0.003558 0.207802
vn 0.126872 -0.745788 0.653991
vn 0.126871 -0.745790 0.653989
vn 0.984276 0.002814 -0.176615
vn 0.984280 0.002819 -0.176591
vn -0.069781 0.930420 -0.359790
vn -0.069780 0.930423 -0.359784
vn -0.978927 0.002819 0.204193
vn -0.978932 0.002814 0.204169
vn 0.079419 -0.908875 0.409439
vn 0.079419 -0.908875 0.409439
vn 0.984246 0.002780 -0.176780
vn 0.984246 0.002780 -0.176780
vn -0.006214 0.999467 -0.032042
vn -0.006214 0.999467 -0.032042
vn -0.978966 0.002780 0.204003
vn -0.978966 0.002780 0.204003
vn 0.190406 0.000000 0.981706
vn 0.190406 0.000000 0.981706
vn 0.190168 -0.050272 0.980464
vn 0.190168 -0.050272 0.980464
vn 0.178639 0.346260 0.920974
vn 0.178639 0.346260 0.920974
vn 0.178639 0.346260 0.920974
vn 0.178639 0.346260 0.920974
vn -0.190154 0.052856 -0.980331
vn -0.190154 0.052856 -0.980331
vn -0.190423 0.000000 -0.981702
vn -0.190423 0.000000 -0.981702
vn 0.000000 -1.000000 0.000000
vn 0.000000 -1.000000 0.000000
vn 0.000000 -1.000000 0.000000
vn 0.000000 -1.000000 0.000000
vn 0.981704 0.000000 -0.190412
vn 0.981704 0.000000 -0.190412
vn 0.981704 0.000000 -0.190412
vn 0.981704 0.000000 -0.190412
vn -0.981704 0.000000 0.190412
vn -0.981704 0.000000 0.190412
vn -0.981704 0.000000 0.190412
vn -0.981704 0.000000 0.190412
vn 0.188189 -0.152490 0.970223
vn 0.188189 -0.152490 0.970223
vn 0.981983 0.004204 -0.188924
vn 0.981930 0.003383 -0.189215
vn -0.186057 0.212718 -0.959236
vn -0.186057 0.212719 -0.959236
vn -0.981466 0.003384 0.191606
vn -0.981406 0.004205 0.191895
vn 0.186519 -0.201268 0.961614
vn 0.186519 -0.201268 0.961614
vn 0.982065 0.005500 -0.188465
vn 0.982071 0.005596 -0.188431
vn -0.174426 0.401094 -0.899277
vn -0.174426 0.401094 -0.899277
vn -0.981304 0.005596 0.192385
vn -0.981311 0.005500 0.192351
vn 0.179406 -0.335132 0.924933
vn 0.179406 -0.335132 0.924932
vn 0.981704 0.000000 -0.190412
vn 0.981704 0.000000 -0.190412
vn -0.159389 0.547058 -0.821780
vn -0.159389 0.547058 -0.821780
vn -0.981704 -0.000000 0.190412
vn -0.981704 -0.000000 0.190412
vn 0.158257 -0.556119 0.815896
vn 0.158257 -0.556120 0.815895
vn 0.983816 0.004236 -0.179131
vn 0.982684 0.001929 -0.185277
vn -0.138432 0.686591 -0.713743
vn -0.138432 0.686592 -0.713742
vn -0.980694 0.001929 0.195541
vn -0.979446 0.004236 0.201664
vn 0.142656 -0.662361 0.735478
vn 0.142656 -0.662361 0.735478
vn 0.985212 0.007212 -0.171187
vn 0.985146 0.007068 -0.171575
vn -0.100089 0.850697 -0.516039
vn -0.100089 0.850697 -0.516039
vn -0.977854 0.007067 0.209169
vn -0.977771 0.007212 0.209553
vn 0.123463 -0.761332 0.636499
vn 0.123462 -0.761334 0.636496
vn 0.985067 0.006894 -0.172036
vn 0.985158 0.007093 -0.171503
vn -0.073651 0.922167 -0.379716
vn -0.073652 0.922166 -0.379718
vn -0.977839 0.007094 0.209241
vn -0.977953 0.006895 0.208713
vn 0.083157 -0.899599 0.428726
vn 0.083158 -0.899598 0.428729
vn 0.984270 0.005186 -0.176597
vn 0.984268 0.005182 -0.176607
vn -0.039855 0.977851 -0.205473
vn -0.039855 0.977852 -0.205471
vn -0.978921 0.005184 0.204174
vn -0.978919 0.005188 0.204185
vn 0.046047 -0.970303 0.237468
vn 0.046047 -0.970303 0.237468
vn 0.984237 0.005120 -0.176781
vn 0.984237 0.005120 -0.176781
vn -0.003379 0.999843 -0.017411
vn -0.003379 0.999843 -0.017411
vn -0.978957 0.005120 0.204003
vn -0.978957 0.005120 0.204003
vn -0.190407 0.000000 -0.981705
vn -0.190407 0.000000 -0.981705
vn -0.189806 -0.079203 -0.978622
vn -0.189806 -0.079203 -0.978622
vn -0.164642 0.503358 -0.848247
vn -0.164642 0.503358 -0.848247
vn -0.164642 0.503358 -0.848247
vn -0.164642 0.503358 -0.848247
vn 0.189762 0.083256 0.978294
vn 0.189762 0.083256 0.978294
vn 0.190425 0.000000 0.981702
vn 0.190425 0.000000 0.981702
vn 0.000000 -1.000000 -0.000000
vn 0.000000 -1.000000 -0.000000
vn 0.000000 -1.000000 -0.000000
vn 0.000000 -1.000000 -0.000000
vn -0.981704 0.000000 0.190411
vn -0.981704 0.000000 0.190411
vn -0.981704 -0.000000 0.190412
vn -0.981704 -0.000000 0.190412
vn 0.981704 0.000000 -0.190412
vn 0.981704 0.000000 -0.190412
vn 0.981704 -0.000000 -0.190412
vn 0.981704 -0.000000 -0.190412
vn -0.185003 -0.236591 -0.953834
vn -0.185003 -0.236591 -0.953834
vn -0.981929 0.005535 0.189169
vn -0.981953 0.006186 0.189023
vn 0.180092 0.324774 0.928487
vn 0.180092 0.324773 0.928488
vn 0.981416 0.006186 -0.191793
vn 0.981448 0.005535 -0.191648
vn -0.181137 -0.308415 -0.933847
vn -0.181137 -0.308415 -0.933847
vn -0.982083 0.009879 0.188191
vn -0.982017 0.007950 0.188626
vn 0.156642 0.568450 0.807668
vn 0.156642 0.568451 0.807668
vn 0.981327 0.007950 -0.192185
vn 0.981225 0.009879 -0.192613
vn -0.166040 -0.489566 -0.856012
vn -0.166039 -0.489567 -0.856011
vn -0.981704 0.000000 0.190412
vn -0.981704 0.000000 0.190412
vn 0.132533 0.717998 0.683311
vn 0.132533 0.717998 0.683311
vn 0.981704 -0.000000 -0.190412
vn 0.981704 0.000000 -0.190412
vn -0.130940 -0.726035 -0.675077
vn -0.130939 -0.726036 -0.675075
vn -0.983343 0.005172 0.181685
vn -0.983056 0.004243 0.183255
vn 0.106106 0.830380 0.547001
vn 0.106107 0.830379 0.547003
vn 0.980283 0.004243 -0.197555
vn 0.979962 0.005173 -0.199118
vn -0.110923 -0.812795 -0.571893
vn -0.110923 -0.812795 -0.571892
vn -0.985135 0.011247 0.171411
vn -0.985146 0.011283 0.171349
vn 0.069426 0.931171 0.357913
vn 0.069426 0.931170 0.357913
vn 0.977770 0.011283 -0.209378
vn 0.977783 0.011247 -0.209317
vn -0.090439 -0.880004 -0.466276
vn -0.090438 -0.880006 -0.466274
vn -0.985127 0.011218 0.171461
vn -0.985015 0.010824 0.172127
vn 0.048911 0.966453 0.252144
vn 0.048912 0.966452 0.252146
vn 0.977940 0.010823 -0.208608
vn 0.977794 0.011216 -0.209268
vn -0.055982 -0.955806 -0.288619
vn -0.055982 -0.955807 -0.288617
vn -0.984252 0.008194 0.176583
vn -0.984245 0.008172 0.176622
vn 0.025589 0.990930 0.131921
vn 0.025589 0.990930 0.131922
vn 0.978905 0.008168 -0.204153
vn 0.978897 0.008190 -0.204191
vn -0.029716 -0.987756 -0.153152
vn -0.029716 -0.987756 -0.153152
vn -0.984218 0.008082 0.176776
vn -0.984218 0.008082 0.176776
vn 0.002142 0.999937 0.011035
vn 0.002142 0.999937 0.011035
vn 0.978938 0.008078 -0.204000
vn 0.978938 0.008078 -0.204000
vn -0.190406 0.000000 -0.981705
vn -0.190406 0.000000 -0.981705
vn -0.190166 -0.050272 -0.980464
vn -0.190166 -0.050272 -0.980464
vn -0.178456 0.346237 -0.921018
vn -0.178456 0.346237 -0.921018
vn -0.178456 0.346237 -0.921018
vn -0.178456 0.346237 -0.921018
vn 0.190151 0.052856 0.980331
vn 0.190151 0.052856 0.980331
vn 0.190417 0.000000 0.981703
vn 0.190417 0.000000 0.981703
vn 0.000000 -1.000000 0.000000
vn 0.000000 -1.000000 0.000000
vn 0.000000 -1.000000 0.000000
vn 0.000000 -1.000000 0.000000
vn -0.981704 0.000000 0.190412
vn -0.981704 0.000000 0.190412
vn -0.981704 -0.000000 0.190412
vn -0.981704 -0.000000 0.190412
vn 0.981704 0.000000 -0.190412
vn 0.981704 0.000000 -0.190412
vn 0.981704 -0.000000 -0.190412
vn 0.981704 -0.000000 -0.190412
vn -0.188183 -0.152491 -0.970224
vn -0.188183 -0.152491 -0.970224
vn -0.981983 0.004204 0.188924
vn -0.981930 0.003383 0.189215
vn 0.186054 0.212720 0.959236
vn 0.186054 0.212719 0.959236
vn 0.981466 0.003383 -0.191606
vn 0.981406 0.004204 -0.191896
vn -0.186524 -0.201268 -0.961613
vn -0.186524 -0.201268 -0.961613
vn -0.982064 0.005500 0.188465
vn -0.982070 0.005596 0.188431
vn 0.174421 0.401096 0.899277
vn 0.174421 0.401096 0.899277
vn 0.981304 0.005596 -0.192386
vn 0.981311 0.005500 -0.192352
vn -0.179419 -0.335131 -0.924930
vn -0.179419 -0.335132 -0.924930
vn -0.981704 0.000000 0.190412
vn -0.981704 0.000000 0.190412
vn 0.159398 0.547059 0.821778
vn 0.159398 0.547059 0.821778
vn 0.981704 -0.000000 -0.190412
vn 0.981704 -0.000000 -0.190412
vn -0.158258 -0.556119 -0.815896
vn -0.158258 -0.556120 -0.815895
vn -0.983816 0.004236 0.179131
vn -0.982685 0.001929 0.185277
vn 0.138444 0.686593 0.713739
vn 0.138444 0.686592 0.713740
vn 0.980694 0.001929 -0.195541
vn 0.979446 0.004236 -0.201664
vn -0.142649 -0.662361 -0.735479
vn -0.142649 -0.662360 -0.735479
vn -0.985212 0.007212 0.171187
vn -0.985146 0.007067 0.171575
vn 0.100098 0.850697 0.516037
vn 0.100098 0.850697 0.516038
vn 0.977854 0.007067 -0.209169
vn 0.977771 0.007212 -0.209554
vn -0.123450 -0.761335 -0.636497
vn -0.123450 -0.761333 -0.636500
vn -0.985067 0.006894 0.172035
vn -0.985158 0.007094 0.171503
vn 0.073649 0.922167 0.379714
vn 0.073649 0.922166 0.379717
vn 0.977838 0.007093 -0.209241
vn 0.977953 0.006894 -0.208713
vn -0.083172 -0.899598 -0.428726
vn -0.083172 -0.899599 -0.428724
vn -0.984270 0.005187 0.176598
vn -0.984268 0.005183 0.176608
vn 0.039850 0.977850 0.205478
vn 0.039848 0.977852 0.205467
vn 0.978921 0.005181 -0.204174
vn 0.978919 0.005185 -0.204185
vn -0.046080 -0.970301 -0.237470
vn -0.046080 -0.970301 -0.237470
vn -0.984237 0.005120 0.176780
vn -0.984237 0.005120 0.176780
vn 0.003375 0.999843 0.017413
vn 0.003375 0.999843 0.017413
vn 0.978957 0.005116 -0.204004
vn 0.978957 0.005116 -0.204004
vn -0.190404 0.000000 -0.981706
vn -0.190404 0.000000 -0.981706
vn -0.190296 -0.033750 -0.981147
vn -0.190296 -0.033750 -0.981147
vn -0.184826 0.240345 -0.952929
vn -0.184826 0.240346 -0.952929
vn -0.184826 0.240346 -0.952929
vn -0.184826 0.240345 -0.952929
vn 0.190294 0.035487 0.981086
vn 0.190294 0.035487 0.981086
vn 0.190412 0.000000 0.981704
vn 0.190412 0.000000 0.981704
vn 0.000000 -1.000000 0.000000
vn 0.000000 -1.000000 0.000000
vn 0.000000 -1.000000 0.000000
vn 0.000000 -1.000000 0.000000
vn -0.981704 0.000000 0.190412
vn -0.981704 0.000000 0.190412
vn -0.981704 -0.000000 0.190412
vn -0.981704 -0.000000 0.190412
vn 0.981704 0.000000 -0.190412
vn 0.981704 0.000000 -0.190412
vn 0.981704 0.000000 -0.190412
vn 0.981704 0.000000 -0.190412
vn -0.189393 -0.102974 -0.976487
vn -0.189393 -0.102974 -0.976487
vn -0.982028 0.003235 0.188706
vn -0.981899 0.001931 0.189394
vn 0.188417 0.144586 0.971388
vn 0.188417 0.144586 0.971388
vn 0.981505 0.001931 -0.191429
vn 0.981367 0.003235 -0.192114
vn -0.188621 -0.136583 -0.972506
vn -0.188621 -0.136583 -0.972506
vn -0.982025 0.003204 0.188723
vn -0.982111 0.004078 0.188262
vn 0.182693 0.281893 0.941892
vn 0.182693 0.281893 0.941892
vn 0.981277 0.004078 -0.192557
vn 0.981371 0.003204 -0.192098
vn -0.185205 -0.232118 -0.954893
vn -0.185205 -0.232118 -0.954893
vn -0.981704 -0.000000 0.190412
vn -0.981704 -0.000000 0.190412
vn 0.174386 0.401540 0.899086
vn 0.174386 0.401540 0.899086
vn 0.981704 -0.000000 -0.190412
vn 0.981704 0.000000 -0.190412
vn -0.173700 -0.409657 -0.895550
vn -0.173700 -0.409658 -0.895549
vn -0.984184 0.003349 0.177117
vn -0.982414 0.000932 0.186715
vn 0.160836 0.535305 0.829205
vn 0.160836 0.535305 0.829204
vn 0.980980 0.000932 -0.194106
vn 0.979034 0.003349 -0.203670
vn -0.163754 -0.510223 -0.844308
vn -0.163754 -0.510223 -0.844309
vn -0.985267 0.004897 0.170955
vn -0.985134 0.004705 0.171722
vn 0.128984 0.735628 0.664992
vn 0.128984 0.735628 0.664993
vn 0.977898 0.004705 -0.209028
vn 0.977734 0.004897 -0.209790
vn -0.149533 -0.618999 -0.771025
vn -0.149533 -0.619002 -0.771023
vn -0.984979 0.004480 0.172615
vn -0.985249 0.004872 0.171056
vn 0.100928 0.847967 0.520352
vn 0.100928 0.847968 0.520349
vn 0.977756 0.004872 -0.209689
vn 0.978088 0.004480 -0.208142
vn -0.111623 -0.810202 -0.575424
vn -0.111622 -0.810204 -0.575422
vn -0.984275 0.003477 0.176608
vn -0.984277 0.003480 0.176596
vn 0.057865 0.952697 0.298363
vn 0.057863 0.952701 0.298350
vn 0.978926 0.003480 -0.204187
vn 0.978928 0.003477 -0.204175
vn -0.066343 -0.937374 -0.341949
vn -0.066343 -0.937374 -0.341949
vn -0.984244 0.003434 0.176781
vn -0.984244 0.003434 0.176781
vn 0.005033 0.999651 0.025954
vn 0.005033 0.999651 0.025954
vn 0.978964 0.003434 -0.204005
vn 0.978964 0.003434 -0.204005
vn -0.188259 0.028550 -0.981704
vn -0.188259 0.028550 -0.981704
vn -0.192287 0.001512 -0.981338
vn -0.192287 0.001512 -0.981338
vn -0.155185 0.222374 -0.962532
vn -0.155185 0.222374 -0.962532
vn -0.155185 0.222374 -0.962532
vn -0.155185 0.222374 -0.962532
vn 0.192491 -0.000121 0.981299
vn 0.192491 -0.000121 0.981299
vn 0.188259 -0.028552 0.981704
vn 0.188259 -0.028552 0.981704
vn -0.149944 -0.988695 0.000000
vn -0.149944 -0.988695 0.000000
vn -0.149944 -0.988695 0.000000
vn -0.149944 -0.988695 0.000000
vn -0.970606 0.147200 0.190412
vn -0.970606 0.147200 0.190412
vn -0.970606 0.147200 0.190412
vn -0.970606 0.147200 0.190412
vn 0.970606 -0.147200 -0.190412
vn 0.970606 -0.147200 -0.190412
vn 0.970606 -0.147200 -0.190412
vn 0.970606 -0.147200 -0.190412
vn -0.200125 -0.054149 -0.978273
vn -0.200125 -0.054149 -0.978273
vn -0.970530 0.150025 0.188587
vn -0.970569 0.148620 0.189495
vn 0.204580 0.087849 0.974900
vn 0.204580 0.087849 0.974900
vn 0.970640 -0.145780 -0.191328
vn 0.970671 -0.144374 -0.192234
vn -0.203738 -0.081341 -0.975640
vn -0.203738 -0.081341 -0.975641
vn -0.970542 0.149591 0.188867
vn -0.970511 0.150667 0.188172
vn 0.217863 0.201089 0.955039
vn 0.217863 0.201089 0.955039
vn 0.970684 -0.143732 -0.192649
vn 0.970662 -0.144808 -0.191955
vn -0.213294 -0.159559 -0.963871
vn -0.213294 -0.159559 -0.963871
vn -0.970606 0.147201 0.190412
vn -0.970606 0.147200 0.190412
vn 0.227575 0.303897 0.925125
vn 0.227575 0.303896 0.925125
vn 0.970606 -0.147200 -0.190412
vn 0.970606 -0.147200 -0.190412
vn -0.228174 -0.311115 -0.922575
vn -0.228174 -0.311115 -0.922575
vn -0.972785 0.150460 0.176216
vn -0.971095 0.147909 0.187341
vn 0.235958 0.426098 0.873364
vn 0.235958 0.426098 0.873364
vn 0.970106 -0.146490 -0.193481
vn 0.968216 -0.143910 -0.204566
vn -0.234621 -0.402442 -0.884869
vn -0.234621 -0.402442 -0.884869
vn -0.973556 0.151686 0.170822
vn -0.973421 0.151469 0.171783
vn 0.240401 0.631534 0.737138
vn 0.240401 0.631534 0.737138
vn 0.967428 -0.142877 -0.208970
vn 0.967255 -0.142654 -0.209922
vn -0.239349 -0.507952 -0.827464
vn -0.239349 -0.507950 -0.827465
vn -0.973254 0.151201 0.172958
vn -0.973551 0.151679 0.170854
vn 0.233718 0.765255 0.599801
vn 0.233718 0.765254 0.599802
vn 0.967261 -0.142661 -0.209890
vn 0.967639 -0.143151 -0.207802
vn -0.237260 -0.718339 -0.653986
vn -0.237259 -0.718340 -0.653984
vn -0.972726 0.150369 0.176615
vn -0.972730 0.150374 0.176592
vn 0.208508 0.909440 0.359781
vn 0.208509 0.909439 0.359784
vn 0.968282 -0.143997 -0.204193
vn 0.968286 -0.144002 -0.204170
vn -0.214789 -0.886701 -0.409424
vn -0.214789 -0.886701 -0.409424
vn -0.972702 0.150332 0.176781
vn -0.972702 0.150332 0.176781
vn 0.156022 0.987234 0.032042
vn 0.156022 0.987234 0.032042
vn 0.968315 -0.144041 -0.204005
vn 0.968315 -0.144041 -0.204005
vn -0.190418 0.000000 -0.981703
vn -0.190418 0.000000 -0.981703
vn -0.190181 -0.050272 -0.980461
vn -0.190181 -0.050272 -0.980461
vn -0.178522 0.346226 -0.921009
vn -0.178522 0.346226 -0.921009
vn -0.178522 0.346226 -0.921009
vn -0.178522 0.346226 -0.921009
vn 0.190137 0.052856 0.980334
vn 0.190137 0.052856 0.980334
vn 0.190394 0.000000 0.981708
vn 0.190394 0.000000 0.981708
vn 0.000000 -1.000000 -0.000000
vn 0.000000 -1.000000 -0.000000
vn 0.000000 -1.000000 -0.000000
vn 0.000000 -1.000000 -0.000000
vn -0.981704 0.000000 0.190412
vn -0.981704 0.000000 0.190412
vn -0.981704 -0.000000 0.190412
vn -0.981704 -0.000000 0.190412
vn 0.981704 0.000000 -0.190412
vn 0.981704 0.000000 -0.190412
vn 0.981704 0.000000 -0.190411
vn 0.981704 0.000000 -0.190411
vn -0.188199 -0.152490 -0.970221
vn -0.188199 -0.152490 -0.970221
vn -0.981983 0.004204 0.188924
vn -0.981930 0.003383 0.189215
vn 0.186042 0.212719 0.959239
vn 0.186042 0.212720 0.959239
vn 0.981466 0.003383 -0.191606
vn 0.981407 0.004204 -0.191895
vn -0.186520 -0.201268 -0.961614
vn -0.186520 -0.201268 -0.961614
vn -0.982064 0.005500 0.188465
vn -0.982071 0.005596 0.188431
vn 0.174401 0.401096 0.899281
vn 0.174401 0.401097 0.899281
vn 0.981304 0.005596 -0.192385
vn 0.981311 0.005500 -0.192352
vn -0.179397 -0.335132 -0.924934
vn -0.179397 -0.335132 -0.924934
vn -0.981704 0.000000 0.190412
vn -0.981704 0.000000 0.190412
vn 0.159388 0.547058 0.821781
vn 0.159388 0.547058 0.821780
vn 0.981704 0.000000 -0.190412
vn 0.981704 0.000000 -0.190412
vn -0.158253 -0.556119 -0.815897
vn -0.158253 -0.556120 -0.815896
vn -0.983816 0.004236 0.179131
vn -0.982684 0.001929 0.185277
vn 0.138420 0.686593 0.713744
vn 0.138420 0.686593 0.713743
vn 0.980694 0.001929 -0.195541
vn 0.979446 0.004236 -0.201664
vn -0.142662 -0.662360 -0.735477
vn -0.142662 -0.662360 -0.735477
vn -0.985212 0.007212 0.171187
vn -0.985146 0.007067 0.171575
vn 0.100054 0.850699 0.516044
vn 0.100053 0.850701 0.516039
vn 0.977854 0.007067 -0.209168
vn 0.977771 0.007212 -0.209552
vn -0.123470 -0.761335 -0.636494
vn -0.123469 -0.761337 -0.636491
vn -0.985067 0.006894 0.172036
vn -0.985158 0.007093 0.171504
vn 0.073625 0.922169 0.379714
vn 0.073626 0.922168 0.379717
vn 0.977839 0.007093 -0.209239
vn 0.977953 0.006894 -0.208712
vn -0.083151 -0.899601 -0.428723
vn -0.083152 -0.899600 -0.428726
vn -0.984270 0.005186 0.176597
vn -0.984268 0.005182 0.176607
vn 0.039844 0.977853 0.205468
vn 0.039843 0.977853 0.205465
vn 0.978921 0.005181 -0.204174
vn 0.978919 0.005185 -0.204185
vn -0.046074 -0.970300 -0.237478
vn -0.046074 -0.970300 -0.237478
vn -0.984237 0.005115 0.176779
vn -0.984237 0.005115 0.176779
vn 0.003381 0.999843 0.017411
vn 0.003381 0.999843 0.017411
vn 0.978957 0.005113 -0.204001
vn 0.978957 0.005113 -0.204001
vn -0.424198 0.000000 0.905569
vn -0.424198 0.000000 0.905569
vn -0.422865 -0.079204 0.902725
vn -0.422865 -0.079203 0.902725
vn -0.366483 0.503361 0.782508
vn -0.366483 0.503361 0.782508
vn -0.366483 0.503361 0.782508
vn -0.366483 0.503361 0.782508
vn 0.422725 0.083256 -0.902426
vn 0.422725 0.083256 -0.902426
vn 0.424196 0.000000 -0.905570
vn 0.424196 0.000000 -0.905570
vn 0.000000 -1.000000 0.000000
vn 0.000000 -1.000000 0.000000
vn 0.000000 -1.000000 0.000000
vn 0.000000 -1.000000 0.000000
vn 0.905570 0.000000 0.424196
vn 0.905570 0.000000 0.424196
vn 0.905570 -0.000000 0.424196
vn 0.905570 -0.000000 0.424196
vn -0.905571 0.000000 -0.424196
vn -0.905571 0.000000 -0.424196
vn -0.905571 0.000000 -0.424196
vn -0.905571 0.000000 -0.424196
vn -0.412152 -0.236591 0.879861
vn -0.412152 -0.236591 0.879861
vn 0.905020 0.005535 0.425332
vn 0.904954 0.006186 0.425465
vn 0.401203 0.324773 -0.856480
vn 0.401203 0.324774 -0.856480
vn -0.906151 0.006186 -0.422910
vn -0.906091 0.005536 -0.423046
vn -0.403515 -0.308415 0.861427
vn -0.403515 -0.308415 0.861427
vn 0.904568 0.009879 0.426214
vn 0.904772 0.007950 0.425823
vn 0.348994 0.568449 -0.745029
vn 0.348994 0.568449 -0.745029
vn -0.906309 0.007950 -0.422540
vn -0.906480 0.009879 -0.422134
vn -0.369882 -0.489567 0.789627
vn -0.369882 -0.489567 0.789627
vn 0.905571 -0.000000 0.424196
vn 0.905571 -0.000000 0.424196
vn 0.295258 0.717998 -0.630318
vn 0.295258 0.717998 -0.630318
vn -0.905571 0.000000 -0.424196
vn -0.905571 0.000000 -0.424196
vn -0.291702 -0.726034 0.622724
vn -0.291702 -0.726034 0.622724
vn 0.901756 0.005172 0.432214
vn 0.902449 0.004242 0.430776
vn 0.236359 0.830383 -0.504579
vn 0.236359 0.830382 -0.504579
vn -0.908628 0.004242 -0.417585
vn -0.909289 0.005172 -0.416133
vn -0.247117 -0.812795 0.527539
vn -0.247117 -0.812795 0.527540
vn 0.897154 0.011246 0.441574
vn 0.897126 0.011283 0.441630
vn 0.154654 0.931171 -0.330155
vn 0.154654 0.931171 -0.330154
vn -0.913559 0.011284 -0.406550
vn -0.913534 0.011247 -0.406608
vn -0.201479 -0.880004 0.430115
vn -0.201479 -0.880005 0.430114
vn 0.897177 0.011218 0.441528
vn 0.897479 0.010825 0.440924
vn 0.108951 0.966452 -0.232596
vn 0.108952 0.966451 -0.232597
vn -0.913242 0.010827 -0.407273
vn -0.913513 0.011220 -0.406654
vn -0.124713 -0.955804 0.266243
vn -0.124713 -0.955804 0.266243
vn 0.899486 0.008196 0.436873
vn 0.899503 0.008174 0.436838
vn 0.057004 0.990929 -0.121697
vn 0.057003 0.990929 -0.121696
vn -0.911399 0.008169 -0.411442
vn -0.911415 0.008193 -0.411407
vn -0.066172 -0.987757 0.141269
vn -0.066172 -0.987757 0.141269
vn 0.899572 0.008089 0.436698
vn 0.899572 0.008089 0.436698
vn 0.004769 0.999937 -0.010179
vn 0.004769 0.999937 -0.010179
vn -0.911336 0.008072 -0.411584
vn -0.911336 0.008072 -0.411584
vn -0.424199 0.000000 0.905569
vn -0.424199 0.000000 0.905569
vn -0.423663 -0.050272 0.904424
vn -0.423663 -0.050272 0.904424
vn -0.398053 0.346242 0.849512
vn -0.398053 0.346242 0.849512
vn -0.398053 0.346242 0.849512
vn -0.398053 0.346242 0.849512
vn 0.423602 0.052856 -0.904305
vn 0.423602 0.052856 -0.904305
vn 0.424193 0.000000 -0.905572
vn 0.424193 0.000000 -0.905572
vn 0.000000 -1.000000 0.000000
vn 0.000000 -1.000000 0.000000
vn 0.000000 -1.000000 0.000000
vn 0.000000 -1.000000 0.000000
vn 0.905570 0.000000 0.424196
vn 0.905570 0.000000 0.424196
vn 0.905570 0.000000 0.424196
vn 0.905570 0.000000 0.424196
vn -0.905570 0.000000 -0.424197
vn -0.905570 0.000000 -0.424197
vn -0.905570 0.000000 -0.424197
vn -0.905570 0.000000 -0.424197
vn -0.419237 -0.152490 0.894979
vn -0.419237 -0.152490 0.894979
vn 0.904919 0.004204 0.425562
vn 0.905048 0.003383 0.425296
vn 0.414488 0.212719 -0.884845
vn 0.414488 0.212719 -0.884845
vn -0.906081 0.003383 -0.423091
vn -0.906203 0.004204 -0.422822
vn -0.415516 -0.201268 0.887039
vn -0.415516 -0.201268 0.887039
vn 0.904715 0.005500 0.425982
vn 0.904700 0.005596 0.426013
vn 0.388579 0.401095 -0.829536
vn 0.388579 0.401095 -0.829536
vn -0.906409 0.005596 -0.422365
vn -0.906395 0.005500 -0.422396
vn -0.399665 -0.335131 0.853203
vn -0.399665 -0.335131 0.853203
vn 0.905570 0.000000 0.424196
vn 0.905570 0.000000 0.424196
vn 0.355093 0.547059 -0.758047
vn 0.355093 0.547059 -0.758047
vn -0.905570 0.000000 -0.424196
vn -0.905570 0.000000 -0.424196
vn -0.352551 -0.556120 0.752621
vn -0.352551 -0.556120 0.752621
vn 0.900634 0.004236 0.434557
vn 0.903339 0.001929 0.428924
vn 0.308411 0.686592 -0.658387
vn 0.308411 0.686593 -0.658386
vn -0.907774 0.001929 -0.419456
vn -0.910371 0.004236 -0.413772
vn -0.317802 -0.662361 0.678439
vn -0.317802 -0.662361 0.678439
vn 0.897085 0.007212 0.441799
vn 0.897260 0.007067 0.441447
vn 0.222981 0.850698 -0.476017
vn 0.222981 0.850698 -0.476018
vn -0.913504 0.007067 -0.406769
vn -0.913663 0.007212 -0.406409
vn -0.275029 -0.761335 0.587135
vn -0.275029 -0.761336 0.587135
vn 0.897467 0.006895 0.441028
vn 0.897227 0.007094 0.441512
vn 0.164073 0.922168 -0.350267
vn 0.164073 0.922167 -0.350267
vn -0.913533 0.007094 -0.406702
vn -0.913315 0.006895 -0.407196
vn -0.185252 -0.899600 0.395476
vn -0.185252 -0.899600 0.395476
vn 0.899509 0.005186 0.436872
vn 0.899514 0.005182 0.436862
vn 0.088783 0.977852 -0.189535
vn 0.088783 0.977852 -0.189535
vn -0.911425 0.005182 -0.411434
vn -0.911429 0.005186 -0.411425
vn -0.102619 -0.970304 0.219044
vn -0.102619 -0.970304 0.219044
vn 0.899590 0.005116 0.436705
vn 0.899590 0.005116 0.436705
vn 0.007526 0.999843 -0.016068
vn 0.007526 0.999843 -0.016068
vn -0.911354 0.005118 -0.411592
vn -0.911354 0.005118 -0.411592
vn -0.424195 0.000000 0.905571
vn -0.424195 0.000000 0.905571
vn -0.423954 -0.033750 0.905055
vn -0.423954 -0.033750 0.905055
vn -0.411751 0.240340 0.879032
vn -0.411751 0.240340 0.879032
vn -0.411751 0.240340 0.879032
vn -0.411751 0.240340 0.879032
vn 0.423928 0.035488 -0.905000
vn 0.423928 0.035488 -0.905000
vn 0.424195 0.000000 -0.905571
vn 0.424195 0.000000 -0.905571
vn 0.000000 -1.000000 0.000000
vn 0.000000 -1.000000 0.000000
vn 0.000000 -1.000000 0.000000
vn 0.000000 -1.000000 0.000000
vn 0.905571 0.000000 0.424196
vn 0.905571 0.000000 0.424196
vn 0.905571 -0.000000 0.424196
vn 0.905571 -0.000000 0.424196
vn -0.905571 0.000000 -0.424196
vn -0.905571 0.000000 -0.424196
vn -0.905571 0.000000 -0.424196
vn -0.905571 0.000000 -0.424196
vn -0.421942 -0.102974 0.900756
vn -0.421942 -0.102974 0.900756
vn 0.904828 0.003235 0.425765
vn 0.905129 0.001931 0.425133
vn 0.419739 0.144586 -0.896055
vn 0.419739 0.144586 -0.896055
vn -0.906008 0.001931 -0.423256
vn -0.906301 0.003235 -0.422621
vn -0.420220 -0.136583 0.897084
vn -0.420220 -0.136583 0.897084
vn 0.904835 0.003204 0.425750
vn 0.904633 0.004078 0.426173
vn 0.406993 0.281893 -0.868846
vn 0.406993 0.281893 -0.868846
vn -0.906489 0.004078 -0.422210
vn -0.906294 0.003204 -0.422636
vn -0.412608 -0.232117 0.880838
vn -0.412608 -0.232117 0.880838
vn 0.905570 -0.000000 0.424196
vn 0.905570 -0.000000 0.424196
vn 0.388495 0.401541 -0.829359
vn 0.388495 0.401541 -0.829359
vn -0.905570 0.000000 -0.424196
vn -0.905570 -0.000000 -0.424196
vn -0.386968 -0.409658 0.826097
vn -0.386968 -0.409658 0.826097
vn 0.899746 0.003349 0.436402
vn 0.903967 0.000932 0.427602
vn 0.358301 0.535305 -0.764898
vn 0.358301 0.535305 -0.764898
vn -0.907160 0.000932 -0.420785
vn -0.911219 0.003349 -0.411908
vn -0.364827 -0.510223 0.778829
vn -0.364827 -0.510222 0.778829
vn 0.896992 0.004898 0.442020
vn 0.897337 0.004705 0.441321
vn 0.287346 0.735627 -0.613421
vn 0.287346 0.735627 -0.613421
vn -0.913457 0.004705 -0.406909
vn -0.913773 0.004897 -0.406197
vn -0.333162 -0.618997 0.711228
vn -0.333162 -0.618998 0.711228
vn 0.897738 0.004481 0.440508
vn 0.897037 0.004873 0.441928
vn 0.224848 0.847968 -0.479993
vn 0.224848 0.847968 -0.479994
vn -0.913731 0.004872 -0.406291
vn -0.913088 0.004480 -0.407737
vn -0.248650 -0.810204 0.530794
vn -0.248652 -0.810200 0.530799
vn 0.899520 0.003476 0.436866
vn 0.899515 0.003479 0.436877
vn 0.128926 0.952696 -0.275224
vn 0.128923 0.952699 -0.275217
vn -0.911437 0.003480 -0.411425
vn -0.911432 0.003476 -0.411436
vn -0.147767 -0.937382 0.315404
vn -0.147767 -0.937382 0.315404
vn 0.899595 0.003430 0.436712
vn 0.899595 0.003430 0.436712
vn 0.011218 0.999650 -0.023966
vn 0.011218 0.999650 -0.023966
vn -0.911361 0.003432 -0.411595
vn -0.911361 0.003432 -0.411595
vn -0.424192 0.000000 0.905572
vn -0.424192 0.000000 0.905572
vn -0.424035 -0.027336 0.905233
vn -0.424035 -0.027336 0.905233
vn -0.415905 0.196598 0.887903
vn -0.415905 0.196598 0.887903
vn -0.415905 0.196598 0.887903
vn -0.415905 0.196598 0.887903
vn 0.424018 0.028744 -0.905198
vn 0.424018 0.028744 -0.905198
vn 0.424192 0.000000 -0.905572
vn 0.424192 0.000000 -0.905572
vn 0.000000 -1.000000 0.000000
vn 0.000000 -1.000000 0.000000
vn 0.000000 -1.000000 0.000000
vn 0.000000 -1.000000 0.000000
vn 0.905570 0.000000 0.424196
vn 0.905570 0.000000 0.424196
vn 0.905570 -0.000000 0.424196
vn 0.905570 -0.000000 0.424196
vn -0.905570 0.000000 -0.424196
vn -0.905570 0.000000 -0.424196
vn -0.905570 -0.000000 -0.424196
vn -0.905570 -0.000000 -0.424196
vn -0.422713 -0.083544 0.902405
vn -0.422713 -0.083544 0.902405
vn 0.904777 0.002804 0.425876
vn 0.905173 0.001409 0.425041
vn 0.421256 0.117531 -0.899294
vn 0.421256 0.117531 -0.899294
vn -0.905965 0.001409 -0.423350
vn -0.906353 0.002804 -0.422512
vn -0.421574 -0.110970 0.899978
vn -0.421574 -0.110970 0.899978
vn 0.904900 0.002373 0.425619
vn 0.904595 0.003441 0.426257
vn 0.412677 0.231482 -0.880973
vn 0.412677 0.231482 -0.880973
vn -0.906530 0.003441 -0.422128
vn -0.906234 0.002374 -0.422770
vn -0.416488 -0.189736 0.889122
vn -0.416488 -0.189736 0.889122
vn 0.905570 0.000000 0.424196
vn 0.905570 0.000000 0.424196
vn 0.399748 0.334585 -0.853378
vn 0.399748 0.334585 -0.853378
vn -0.905570 0.000000 -0.424196
vn -0.905570 0.000000 -0.424196
vn -0.398647 -0.341810 0.851027
vn -0.398647 -0.341810 0.851027
vn 0.899347 0.002895 0.437226
vn 0.904239 0.000627 0.427026
vn 0.377379 0.456662 -0.805633
vn 0.377379 0.456662 -0.805633
vn -0.906892 0.000627 -0.421362
vn -0.911597 0.002895 -0.411074
vn -0.382357 -0.433070 0.816243
vn -0.382357 -0.433070 0.816243
vn 0.896937 0.003993 0.442141
vn 0.897367 0.003798 0.441268
vn 0.318521 0.660438 -0.679975
vn 0.318521 0.660438 -0.679975
vn -0.913436 0.003798 -0.406965
vn -0.913831 0.003993 -0.406074
vn -0.357552 -0.538096 0.763289
vn -0.357552 -0.538096 0.763289
vn 0.897894 0.003559 0.440197
vn 0.896951 0.003987 0.442112
vn 0.259180 0.791642 -0.553288
vn 0.259180 0.791642 -0.553289
vn -0.913818 0.003986 -0.406104
vn -0.912951 0.003558 -0.408055
vn -0.282594 -0.745793 0.603268
vn -0.282595 -0.745791 0.603271
vn 0.899525 0.002814 0.436861
vn 0.899514 0.002819 0.436883
vn 0.155460 0.930422 -0.331884
vn 0.155462 0.930420 -0.331889
vn -0.911441 0.002819 -0.411422
vn -0.911431 0.002815 -0.411444
vn -0.176931 -0.908881 0.377664
vn -0.176931 -0.908881 0.377664
vn 0.899599 0.002779 0.436709
vn 0.899599 0.002779 0.436709
vn 0.013847 0.999467 -0.029558
vn 0.013847 0.999467 -0.029558
vn -0.911361 0.002781 -0.411599
vn -0.911361 0.002781 -0.411599
vn -0.424188 0.000000 0.905574
vn -0.424188 0.000000 0.905574
vn -0.423652 -0.050272 0.904429
vn -0.423652 -0.050272 0.904429
vn -0.397997 0.346226 0.849544
vn -0.397998 0.346226 0.849544
vn -0.397998 0.346226 0.849544
vn -0.397998 0.346226 0.849544
vn 0.423595 0.052856 -0.904308
vn 0.423595 0.052856 -0.904308
vn 0.424188 0.000000 -0.905574
vn 0.424188 0.000000 -0.905574
vn 0.000000 -1.000000 0.000000
vn 0.000000 -1.000000 0.000000
vn 0.000000 -1.000000 0.000000
vn 0.000000 -1.000000 0.000000
vn 0.905570 0.000000 0.424196
vn 0.905570 0.000000 0.424196
vn 0.905570 0.000000 0.424196
vn 0.905570 0.000000 0.424196
vn -0.905570 0.000000 -0.424196
vn -0.905570 0.000000 -0.424196
vn -0.905570 -0.000000 -0.424196
vn -0.905570 -0.000000 -0.424196
vn -0.419231 -0.152491 0.894982
vn -0.419231 -0.152491 0.894982
vn 0.904920 0.004204 0.425562
vn 0.905048 0.003383 0.425296
vn 0.414483 0.212721 -0.884847
vn 0.414483 0.212720 -0.884847
vn -0.906081 0.003383 -0.423090
vn -0.906204 0.004204 -0.422821
vn -0.415515 -0.201268 0.887039
vn -0.415515 -0.201268 0.887039
vn 0.904716 0.005500 0.425981
vn 0.904700 0.005595 0.426012
vn 0.388577 0.401095 -0.829536
vn 0.388577 0.401096 -0.829536
vn -0.906409 0.005596 -0.422364
vn -0.906395 0.005500 -0.422395
vn -0.399664 -0.335132 0.853203
vn -0.399664 -0.335132 0.853203
vn 0.905570 0.000000 0.424196
vn 0.905570 0.000000 0.424196
vn 0.355091 0.547058 -0.758048
vn 0.355091 0.547058 -0.758049
vn -0.905570 -0.000000 -0.424196
vn -0.905571 -0.000000 -0.424196
vn -0.352548 -0.556120 0.752622
vn -0.352548 -0.556121 0.752622
vn 0.900634 0.004235 0.434557
vn 0.903339 0.001929 0.428924
vn 0.308409 0.686592 -0.658389
vn 0.308408 0.686593 -0.658388
vn -0.907774 0.001929 -0.419456
vn -0.910371 0.004235 -0.413772
vn -0.317800 -0.662360 0.678442
vn -0.317800 -0.662360 0.678441
vn 0.897085 0.007212 0.441800
vn 0.897260 0.007066 0.441447
vn 0.222980 0.850697 -0.476020
vn 0.222980 0.850696 -0.476022
vn -0.913504 0.007067 -0.406768
vn -0.913663 0.007212 -0.406408
vn -0.275027 -0.761334 0.587138
vn -0.275026 -0.761335 0.587137
vn 0.897466 0.006894 0.441029
vn 0.897227 0.007094 0.441513
vn 0.164075 0.922164 -0.350276
vn 0.164074 0.922165 -0.350273
vn -0.913534 0.007094 -0.406701
vn -0.913315 0.006895 -0.407195
vn -0.185242 -0.899601 0.395478
vn -0.185239 -0.899605 0.395471
vn 0.899508 0.005185 0.436873
vn 0.899513 0.005181 0.436863
vn 0.088780 0.977852 -0.189536
vn 0.088784 0.977850 -0.189544
vn -0.911425 0.005181 -0.411435
vn -0.911429 0.005185 -0.411425
vn -0.102606 -0.970304 0.219049
vn -0.102606 -0.970304 0.219049
vn 0.899591 0.005120 0.436704
vn 0.899591 0.005120 0.436704
vn 0.007525 0.999843 -0.016069
vn 0.007525 0.999843 -0.016069
vn -0.911352 0.005113 -0.411595
vn -0.911352 0.005113 -0.411595
vn -0.977892 0.000000 0.209113
vn -0.977892 0.000000 0.209113
vn -0.974820 -0.079201 0.208454
vn -0.974820 -0.079202 0.208454
vn -0.844954 0.503363 0.180773
vn -0.844954 0.503363 0.180773
vn -0.844954 0.503363 0.180773
vn -0.844954 0.503363 0.180773
vn 0.974498 0.083257 -0.208378
vn 0.974498 0.083257 -0.208378
vn 0.977893 0.000000 -0.209104
vn 0.977893 0.000000 -0.209104
vn 0.000000 -1.000000 -0.000000
vn 0.000000 -1.000000 -0.000000
vn 0.000000 -1.000000 -0.000000
vn 0.000000 -1.000000 -0.000000
vn 0.209110 0.000000 0.977892
vn 0.209110 0.000000 0.977892
vn 0.209110 -0.000000 0.977892
vn 0.209110 -0.000000 0.977892
vn -0.209110 0.000000 -0.977892
vn -0.209110 0.000000 -0.977892
vn -0.209110 -0.000001 -0.977892
vn -0.209110 -0.000001 -0.977892
vn -0.950129 -0.236589 0.203175
vn -0.950129 -0.236589 0.203175
vn 0.207873 0.005534 0.978140
vn 0.207727 0.006185 0.978167
vn 0.924883 0.324774 -0.197770
vn 0.924883 0.324775 -0.197770
vn -0.210486 0.006186 -0.977577
vn -0.210341 0.005535 -0.977612
vn -0.930220 -0.308415 0.198924
vn -0.930220 -0.308415 0.198924
vn 0.206897 0.009877 0.978313
vn 0.207330 0.007948 0.978239
vn 0.804530 0.568449 -0.172040
vn 0.804530 0.568448 -0.172040
vn -0.210876 0.007950 -0.977480
vn -0.211303 0.009879 -0.977371
vn -0.852689 -0.489563 0.182342
vn -0.852689 -0.489564 0.182342
vn 0.209111 0.000001 0.977892
vn 0.209111 0.000000 0.977892
vn 0.680656 0.717999 -0.145554
vn 0.680656 0.717998 -0.145554
vn -0.209110 -0.000001 -0.977892
vn -0.209110 -0.000001 -0.977892
vn -0.672458 -0.726034 0.143788
vn -0.672459 -0.726033 0.143788
vn 0.200417 0.005171 0.979697
vn 0.201981 0.004242 0.979380
vn 0.544876 0.830382 -0.116520
vn 0.544877 0.830381 -0.116520
vn -0.216225 0.004243 -0.976335
vn -0.217782 0.005173 -0.975984
vn -0.569672 -0.812796 0.121806
vn -0.569673 -0.812795 0.121806
vn 0.190178 0.011245 0.981685
vn 0.190116 0.011282 0.981697
vn 0.356523 0.931171 -0.076241
vn 0.356523 0.931171 -0.076241
vn -0.227998 0.011285 -0.973596
vn -0.227937 0.011248 -0.973611
vn -0.464468 -0.880004 0.099308
vn -0.464471 -0.880003 0.099308
vn 0.190226 0.011216 0.981676
vn 0.190890 0.010822 0.981552
vn 0.251169 0.966452 -0.053709
vn 0.251167 0.966453 -0.053709
vn -0.227230 0.010823 -0.973781
vn -0.227887 0.011216 -0.973623
vn -0.287505 -0.955805 0.061469
vn -0.287508 -0.955804 0.061470
vn 0.195331 0.008187 0.980703
vn 0.195370 0.008163 0.980696
vn 0.131409 0.990930 -0.028095
vn 0.131413 0.990929 -0.028096
vn -0.222796 0.008163 -0.974831
vn -0.222834 0.008188 -0.974822
vn -0.152564 -0.987755 0.032630
vn -0.152564 -0.987755 0.032630
vn 0.195525 0.008069 0.980666
vn 0.195525 0.008069 0.980666
vn 0.010993 0.999937 -0.002321
vn 0.010993 0.999937 -0.002321
vn -0.222640 0.008064 -0.974867
vn -0.222640 0.008064 -0.974867
vn -0.977893 0.000000 0.209105
vn -0.977893 0.000000 0.209105
vn -0.976656 -0.050272 0.208842
vn -0.976656 -0.050272 0.208842
vn -0.917400 0.346251 0.196183
vn -0.917400 0.346251 0.196183
vn -0.917400 0.346251 0.196183
vn -0.917400 0.346251 0.196183
vn 0.976524 0.052856 -0.208823
vn 0.976524 0.052856 -0.208823
vn 0.977890 0.000000 -0.209118
vn 0.977890 0.000000 -0.209118
vn 0.000000 -1.000000 0.000000
vn 0.000000 -1.000000 0.000000
vn 0.000000 -1.000000 0.000000
vn 0.000000 -1.000000 0.000000
vn 0.209110 0.000000 0.977892
vn 0.209110 0.000000 0.977892
vn 0.209111 0.000000 0.977892
vn 0.209111 0.000000 0.977892
vn -0.209109 0.000000 -0.977892
vn -0.209109 0.000000 -0.977892
vn -0.209109 0.000000 -0.977892
vn -0.209109 0.000000 -0.977892
vn -0.966456 -0.152490 0.206664
vn -0.966456 -0.152490 0.206664
vn 0.207629 0.004204 0.978199
vn 0.207919 0.003384 0.978140
vn 0.955511 0.212720 -0.204326
vn 0.955511 0.212720 -0.204326
vn -0.210300 0.003383 -0.977631
vn -0.210588 0.004204 -0.977566
vn -0.957881 -0.201267 0.204832
vn -0.957881 -0.201267 0.204832
vn 0.207170 0.005500 0.978289
vn 0.207137 0.005595 0.978296
vn 0.895785 0.401095 -0.191552
vn 0.895785 0.401095 -0.191552
vn -0.211076 0.005595 -0.977454
vn -0.211042 0.005500 -0.977461
vn -0.921342 -0.335132 0.197018
vn -0.921342 -0.335132 0.197018
vn 0.209109 -0.000001 0.977892
vn 0.209109 -0.000001 0.977892
vn 0.818588 0.547058 -0.175046
vn 0.818589 0.547058 -0.175046
vn -0.209111 0.000000 -0.977892
vn -0.209111 0.000000 -0.977892
vn -0.812729 -0.556118 0.173791
vn -0.812729 -0.556118 0.173791
vn 0.197872 0.004236 0.980219
vn 0.203995 0.001929 0.978970
vn 0.710969 0.686592 -0.152033
vn 0.710970 0.686592 -0.152033
vn -0.214219 0.001930 -0.976784
vn -0.220317 0.004235 -0.975419
vn -0.732624 -0.662358 0.156666
vn -0.732623 -0.662359 0.156666
vn 0.189958 0.007213 0.981766
vn 0.190344 0.007068 0.981692
vn 0.514034 0.850698 -0.109922
vn 0.514034 0.850698 -0.109922
vn -0.227791 0.007066 -0.973685
vn -0.228174 0.007211 -0.973594
vn -0.634026 -0.761334 0.135582
vn -0.634028 -0.761331 0.135582
vn 0.190803 0.006896 0.981604
vn 0.190272 0.007095 0.981706
vn 0.378244 0.922165 -0.080887
vn 0.378242 0.922166 -0.080886
vn -0.227863 0.007093 -0.973668
vn -0.227337 0.006894 -0.973792
vn -0.427060 -0.899602 0.091303
vn -0.427066 -0.899599 0.091304
vn 0.195348 0.005186 0.980720
vn 0.195358 0.005182 0.980718
vn 0.204676 0.977850 -0.043777
vn 0.204676 0.977850 -0.043777
vn -0.222816 0.005184 -0.974847
vn -0.222826 0.005188 -0.974844
vn -0.236547 -0.970304 0.050563
vn -0.236547 -0.970304 0.050563
vn 0.195529 0.005118 0.980685
vn 0.195529 0.005118 0.980685
vn 0.017348 0.999843 -0.003741
vn 0.017348 0.999843 -0.003741
vn -0.222645 0.005123 -0.974886
vn -0.222645 0.005123 -0.974886
vn -0.977892 0.000000 0.209111
vn -0.977892 0.000000 0.209111
vn -0.977335 -0.033750 0.208992
vn -0.977335 -0.033750 0.208992
vn -0.949220 0.240340 0.203024
vn -0.949220 0.240340 0.203024
vn -0.949220 0.240340 0.203024
vn -0.949220 0.240340 0.203024
vn 0.977277 0.035488 -0.208977
vn 0.977277 0.035488 -0.208977
vn 0.977892 0.000000 -0.209109
vn 0.977892 0.000000 -0.209109
vn 0.000000 -1.000000 0.000000
vn 0.000000 -1.000000 0.000000
vn 0.000000 -1.000000 0.000000
vn 0.000000 -1.000000 0.000000
vn 0.209110 0.000000 0.977892
vn 0.209110 0.000000 0.977892
vn 0.209110 -0.000000 0.977892
vn 0.209110 -0.000000 0.977892
vn -0.209110 0.000000 -0.977892
vn -0.209110 0.000000 -0.977892
vn -0.209110 -0.000000 -0.977892
vn -0.209110 -0.000000 -0.977892
vn -0.972694 -0.102974 0.207997
vn -0.972694 -0.102974 0.207997
vn 0.207411 0.003235 0.978249
vn 0.208096 0.001931 0.978106
vn 0.967618 0.144586 -0.206909
vn 0.967618 0.144586 -0.206909
vn -0.210123 0.001931 -0.977673
vn -0.210806 0.003235 -0.977523
vn -0.968728 -0.136583 0.207151
vn -0.968728 -0.136583 0.207151
vn 0.207428 0.003204 0.978245
vn 0.206969 0.004078 0.978339
vn 0.938236 0.281891 -0.200627
vn 0.938236 0.281891 -0.200627
vn -0.211248 0.004078 -0.977424
vn -0.210790 0.003204 -0.977526
vn -0.951183 -0.232117 0.203401
vn -0.951183 -0.232117 0.203401
vn 0.209110 -0.000000 0.977892
vn 0.209110 0.000000 0.977892
vn 0.895595 0.401538 -0.191510
vn 0.895595 0.401538 -0.191510
vn -0.209111 -0.000001 -0.977892
vn -0.209110 -0.000001 -0.977892
vn -0.892072 -0.409657 0.190757
vn -0.892072 -0.409657 0.190757
vn 0.195863 0.003348 0.980626
vn 0.205427 0.000931 0.978672
vn 0.825986 0.535305 -0.176623
vn 0.825985 0.535306 -0.176623
vn -0.212789 0.000931 -0.977098
vn -0.222315 0.003348 -0.974969
vn -0.841029 -0.510223 0.179842
vn -0.841029 -0.510223 0.179842
vn 0.189723 0.004897 0.981826
vn 0.190487 0.004704 0.981678
vn 0.662410 0.735630 -0.141640
vn 0.662409 0.735630 -0.141640
vn -0.227651 0.004705 -0.973731
vn -0.228409 0.004897 -0.973553
vn -0.768024 -0.619004 0.164235
vn -0.768024 -0.619004 0.164235
vn 0.191380 0.004480 0.981506
vn 0.189825 0.004871 0.981806
vn 0.518325 0.847972 -0.110830
vn 0.518326 0.847971 -0.110831
vn -0.228308 0.004872 -0.973577
vn -0.226767 0.004481 -0.973939
vn -0.573186 -0.810204 0.122582
vn -0.573184 -0.810206 0.122582
vn 0.195358 0.003477 0.980726
vn 0.195346 0.003480 0.980728
vn 0.297199 0.952699 -0.063548
vn 0.297203 0.952697 -0.063549
vn -0.222830 0.003481 -0.974851
vn -0.222818 0.003478 -0.974854
vn -0.340623 -0.937372 0.072868
vn -0.340623 -0.937372 0.072868
vn 0.195526 0.003435 0.980693
vn 0.195526 0.003435 0.980693
vn 0.025856 0.999651 -0.005514
vn 0.025856 0.999650 -0.005514
vn -0.222646 0.003435 -0.974893
vn -0.222646 0.003435 -0.974893
vn -0.977892 0.000000 0.209112
vn -0.977892 0.000000 0.209112
vn -0.977526 -0.027337 0.209034
vn -0.977526 -0.027337 0.209034
vn -0.958810 0.196598 0.205018
vn -0.958810 0.196598 0.205018
vn -0.958810 0.196598 0.205018
vn -0.958810 0.196598 0.205018
vn 0.977488 0.028744 -0.209025
vn 0.977488 0.028744 -0.209025
vn 0.977892 0.000000 -0.209111
vn 0.977892 0.000000 -0.209111
vn 0.000000 -1.000000 0.000000
vn 0.000000 -1.000000 0.000000
vn 0.000000 -1.000000 0.000000
vn 0.000000 -1.000000 0.000000
vn 0.209110 0.000000 0.977892
vn 0.209110 0.000000 0.977892
vn 0.209111 0.000000 0.977892
vn 0.209111 0.000000 0.977892
vn -0.209111 0.000000 -0.977892
vn -0.209111 0.000000 -0.977892
vn -0.209110 -0.000000 -0.977892
vn -0.209110 -0.000000 -0.977892
vn -0.974474 -0.083544 0.208379
vn -0.974474 -0.083544 0.208379
vn 0.207292 0.002804 0.978275
vn 0.208197 0.001410 0.978086
vn 0.971114 0.117532 -0.207662
vn 0.971114 0.117532 -0.207662
vn -0.210022 0.001409 -0.977696
vn -0.210925 0.002804 -0.977498
vn -0.971853 -0.110969 0.207817
vn -0.971853 -0.110969 0.207817
vn 0.207571 0.002373 0.978217
vn 0.206878 0.003441 0.978361
vn 0.951332 0.231482 -0.203429
vn 0.951332 0.231482 -0.203429
vn -0.211337 0.003441 -0.977407
vn -0.210646 0.002373 -0.977559
vn -0.960129 -0.189736 0.205311
vn -0.960129 -0.189736 0.205311
vn 0.209109 -0.000000 0.977892
vn 0.209110 -0.000000 0.977892
vn 0.921533 0.334583 -0.197057
vn 0.921533 0.334583 -0.197057
vn -0.209110 -0.000000 -0.977892
vn -0.209111 0.000000 -0.977892
vn -0.918993 -0.341808 0.196517
vn -0.918993 -0.341808 0.196517
vn 0.194970 0.002895 0.980805
vn 0.206051 0.000627 0.978541
vn 0.869973 0.456661 -0.186033
vn 0.869973 0.456661 -0.186033
vn -0.212168 0.000627 -0.977233
vn -0.223206 0.002895 -0.974767
vn -0.881436 -0.433064 0.188483
vn -0.881436 -0.433064 0.188483
vn 0.189596 0.003993 0.981854
vn 0.190553 0.003798 0.981670
vn 0.734275 0.660446 -0.157011
vn 0.734274 0.660446 -0.157011
vn -0.227590 0.003798 -0.973750
vn -0.228540 0.003993 -0.973526
vn -0.824253 -0.538091 0.176252
vn -0.824253 -0.538091 0.176252
vn 0.191721 0.003559 0.981443
vn 0.189626 0.003987 0.981848
vn 0.597469 0.791650 -0.127751
vn 0.597470 0.791650 -0.127751
vn -0.228510 0.003986 -0.973533
vn -0.226431 0.003558 -0.974021
vn -0.651448 -0.745795 0.139305
vn -0.651446 -0.745796 0.139304
vn 0.195364 0.002815 0.980727
vn 0.195340 0.002820 0.980732
vn 0.358393 0.930419 -0.076651
vn 0.358395 0.930418 -0.076652
vn -0.222835 0.002819 -0.974852
vn -0.222812 0.002814 -0.974858
vn -0.407822 -0.908889 0.087187
vn -0.407822 -0.908889 0.087187
vn 0.195533 0.002782 0.980693
vn 0.195533 0.002782 0.980693
vn 0.031918 0.999467 -0.006878
vn 0.031918 0.999467 -0.006878
vn -0.222645 0.002780 -0.974896
vn -0.222645 0.002780 -0.974896
vn -0.977890 0.000000 0.209122
vn -0.977890 0.000000 0.209122
vn -0.976654 -0.050273 0.208852
vn -0.976654 -0.050273 0.208852
vn -0.917476 0.346235 0.195856
vn -0.917476 0.346235 0.195856
vn -0.917476 0.346235 0.195856
vn -0.917476 0.346235 0.195856
vn 0.976526 0.052856 -0.208812
vn 0.976526 0.052856 -0.208812
vn 0.977893 0.000000 -0.209104
vn 0.977893 0.000000 -0.209104
vn 0.000000 -1.000000 0.000000
vn 0.000000 -1.000000 0.000000
vn 0.000000 -1.000000 0.000000
vn 0.000000 -1.000000 0.000000
vn 0.209110 0.000000 0.977892
vn 0.209110 0.000000 0.977892
vn 0.209110 0.000000 0.977892
vn 0.209110 0.000000 0.977892
vn -0.209110 0.000000 -0.977892
vn -0.209110 0.000000 -0.977892
vn -0.209110 -0.000001 -0.977892
vn -0.209110 -0.000001 -0.977892
vn -0.966457 -0.152491 0.206658
vn -0.966457 -0.152491 0.206658
vn 0.207629 0.004205 0.978199
vn 0.207918 0.003384 0.978140
vn 0.955512 0.212719 -0.204323
vn 0.955512 0.212720 -0.204323
vn -0.210300 0.003383 -0.977631
vn -0.210588 0.004204 -0.977566
vn -0.957883 -0.201266 0.204824
vn -0.957883 -0.201266 0.204824
vn 0.207173 0.005500 0.978289
vn 0.207139 0.005596 0.978296
vn 0.895783 0.401097 -0.191557
vn 0.895783 0.401096 -0.191557
vn -0.211075 0.005597 -0.977454
vn -0.211041 0.005501 -0.977462
vn -0.921342 -0.335131 0.197019
vn -0.921342 -0.335131 0.197019
vn 0.209109 -0.000001 0.977892
vn 0.209109 -0.000001 0.977892
vn 0.818587 0.547060 -0.175047
vn 0.818587 0.547060 -0.175047
vn -0.209108 0.000001 -0.977893
vn -0.209108 0.000001 -0.977893
vn -0.812726 -0.556122 0.173797
vn -0.812725 -0.556123 0.173797
vn 0.197871 0.004235 0.980219
vn 0.203992 0.001928 0.978971
vn 0.710967 0.686594 -0.152033
vn 0.710968 0.686594 -0.152033
vn -0.214218 0.001930 -0.976784
vn -0.220316 0.004235 -0.975419
vn -0.732622 -0.662361 0.156666
vn -0.732621 -0.662361 0.156666
vn 0.189958 0.007212 0.981766
vn 0.190344 0.007067 0.981692
vn 0.514030 0.850700 -0.109921
vn 0.514031 0.850700 -0.109921
vn -0.227790 0.007066 -0.973685
vn -0.228173 0.007211 -0.973594
vn -0.634025 -0.761336 0.135571
vn -0.634026 -0.761335 0.135572
vn 0.190801 0.006894 0.981605
vn 0.190272 0.007094 0.981706
vn 0.378241 0.922168 -0.080874
vn 0.378238 0.922169 -0.080873
vn -0.227861 0.007094 -0.973668
vn -0.227335 0.006895 -0.973792
vn -0.427064 -0.899601 0.091295
vn -0.427064 -0.899601 0.091295
vn 0.195342 0.005183 0.980722
vn 0.195352 0.005179 0.980719
vn 0.204684 0.977850 -0.043758
vn 0.204677 0.977851 -0.043757
vn -0.222814 0.005190 -0.974847
vn -0.222824 0.005193 -0.974845
vn -0.236554 -0.970303 0.050545
vn -0.236554 -0.970303 0.050545
vn 0.195530 0.005115 0.980684
vn 0.195530 0.005115 0.980684
vn 0.017350 0.999843 -0.003725
vn 0.017350 0.999843 -0.003725
vn -0.222651 0.005135 -0.974885
vn -0.222651 0.005135 -0.974885
vn -0.970532 0.000000 -0.240975
vn -0.970532 0.000000 -0.240975
vn -0.967482 -0.079203 -0.240219
vn -0.967482 -0.079203 -0.240219
vn -0.838607 0.503369 -0.208228
vn -0.838606 0.503369 -0.208228
vn -0.838607 0.503369 -0.208228
vn -0.838606 0.503369 -0.208228
vn 0.967163 0.083255 0.240133
vn 0.967163 0.083255 0.240133
vn 0.970533 0.000000 0.240968
vn 0.970533 0.000000 0.240968
vn 0.000000 -1.000000 0.000000
vn 0.000000 -1.000000 0.000000
vn 0.000000 -1.000000 0.000000
vn 0.000000 -1.000000 0.000000
vn -0.240974 0.000000 0.970532
vn -0.240974 0.000000 0.970532
vn -0.240975 -0.000000 0.970531
vn -0.240976 -0.000000 0.970531
vn 0.240974 0.000000 -0.970532
vn 0.240974 0.000000 -0.970532
vn 0.240974 0.000000 -0.970532
vn 0.240974 0.000000 -0.970532
vn -0.942978 -0.236592 -0.234130
vn -0.942978 -0.236592 -0.234130
vn -0.242199 0.005535 0.970211
vn -0.242342 0.006185 0.970171
vn 0.917922 0.324773 0.227908
vn 0.917922 0.324773 0.227908
vn 0.239601 0.006186 -0.970852
vn 0.239746 0.005536 -0.970820
vn -0.923222 -0.308417 -0.229217
vn -0.923222 -0.308417 -0.229217
vn -0.243151 0.009878 0.969938
vn -0.242729 0.007950 0.970062
vn 0.798476 0.568449 0.198249
vn 0.798476 0.568448 0.198249
vn 0.239208 0.007949 -0.970936
vn 0.238777 0.009878 -0.971024
vn -0.846271 -0.489568 -0.210115
vn -0.846271 -0.489569 -0.210115
vn -0.240977 0.000002 0.970531
vn -0.240976 0.000002 0.970531
vn 0.675537 0.717996 0.167724
vn 0.675537 0.717996 0.167724
vn 0.240974 0.000000 -0.970532
vn 0.240974 -0.000001 -0.970532
vn -0.667393 -0.726034 -0.165714
vn -0.667394 -0.726034 -0.165714
vn -0.249579 0.005174 0.968341
vn -0.248035 0.004245 0.968742
vn 0.540776 0.830381 0.134270
vn 0.540777 0.830381 0.134270
vn 0.233899 0.004245 -0.972252
vn 0.232346 0.005174 -0.972619
vn -0.565378 -0.812797 -0.140389
vn -0.565379 -0.812796 -0.140389
vn -0.259650 0.011248 0.965637
vn -0.259711 0.011284 0.965620
vn 0.353836 0.931172 0.087860
vn 0.353836 0.931172 0.087860
vn 0.222118 0.011284 -0.974954
vn 0.222180 0.011248 -0.974941
vn -0.460960 -0.880009 -0.114457
vn -0.460958 -0.880010 -0.114456
vn -0.259602 0.011217 0.965651
vn -0.258950 0.010823 0.965830
vn 0.249268 0.966454 0.061896
vn 0.249266 0.966455 0.061896
vn 0.222884 0.010823 -0.974785
vn 0.222224 0.011217 -0.974931
vn -0.285333 -0.955807 -0.070839
vn -0.285333 -0.955807 -0.070839
vn -0.254588 0.008191 0.967015
vn -0.254551 0.008171 0.967025
vn 0.130413 0.990931 0.032378
vn 0.130417 0.990930 0.032379
vn 0.227333 0.008169 -0.973783
vn 0.227294 0.008192 -0.973792
vn -0.151416 -0.987755 -0.037590
vn -0.151416 -0.987755 -0.037590
vn -0.254404 0.008088 0.967064
vn -0.254404 0.008088 0.967064
vn 0.010911 0.999937 0.002704
vn 0.010911 0.999937 0.002704
vn 0.227489 0.008079 -0.973747
vn 0.227489 0.008079 -0.973747
vn -0.970529 0.000000 -0.240984
vn -0.970529 0.000000 -0.240984
vn -0.969302 -0.050272 -0.240679
vn -0.969302 -0.050272 -0.240679
vn -0.910509 0.346259 -0.226006
vn -0.910509 0.346259 -0.226006
vn -0.910509 0.346259 -0.226006
vn -0.910509 0.346259 -0.226006
vn 0.969174 0.052855 0.240641
vn 0.969174 0.052856 0.240641
vn 0.970530 0.000000 0.240980
vn 0.970530 0.000000 0.240980
vn 0.000000 -1.000000 0.000000
vn 0.000000 -1.000000 0.000000
vn 0.000000 -1.000000 0.000000
vn 0.000000 -1.000000 0.000000
vn -0.240976 0.000000 0.970531
vn -0.240976 0.000000 0.970531
vn -0.240975 -0.000000 0.970531
vn -0.240975 -0.000000 0.970531
vn 0.240977 0.000000 -0.970531
vn 0.240977 0.000000 -0.970531
vn 0.240977 0.000000 -0.970531
vn 0.240977 0.000000 -0.970531
vn -0.959179 -0.152490 -0.238163
vn -0.959179 -0.152490 -0.238163
vn -0.242441 0.004204 0.970157
vn -0.242155 0.003383 0.970232
vn 0.948319 0.212720 0.235458
vn 0.948319 0.212720 0.235458
vn 0.239792 0.003383 -0.970818
vn 0.239505 0.004204 -0.970886
vn -0.950671 -0.201267 -0.236042
vn -0.950671 -0.201267 -0.236042
vn -0.242893 0.005499 0.970038
vn -0.242926 0.005595 0.970029
vn 0.889043 0.401095 0.220737
vn 0.889043 0.401095 0.220737
vn 0.239016 0.005596 -0.970999
vn 0.239050 0.005500 -0.970992
vn -0.914410 -0.335130 -0.227030
vn -0.914410 -0.335130 -0.227030
vn -0.240976 -0.000000 0.970531
vn -0.240976 -0.000000 0.970531
vn 0.812429 0.547056 0.201715
vn 0.812429 0.547056 0.201715
vn 0.240976 0.000001 -0.970531
vn 0.240976 0.000001 -0.970531
vn -0.806612 -0.556119 -0.200270
vn -0.806612 -0.556120 -0.200270
vn -0.252097 0.004235 0.967693
vn -0.246046 0.001929 0.969256
vn 0.705619 0.686591 0.175197
vn 0.705620 0.686591 0.175197
vn 0.235899 0.001929 -0.971776
vn 0.229819 0.004234 -0.973224
vn -0.727108 -0.662361 -0.180534
vn -0.727108 -0.662360 -0.180534
vn -0.259888 0.007212 0.965612
vn -0.259510 0.007067 0.965715
vn 0.510166 0.850698 0.126666
vn 0.510167 0.850697 0.126667
vn 0.222341 0.007065 -0.974944
vn 0.221957 0.007211 -0.975030
vn -0.629256 -0.761333 -0.156231
vn -0.629253 -0.761337 -0.156230
vn -0.259054 0.006896 0.965838
vn -0.259575 0.007094 0.965697
vn 0.375389 0.922169 0.093209
vn 0.375390 0.922168 0.093209
vn 0.222271 0.007094 -0.974959
vn 0.222798 0.006894 -0.974840
vn -0.423850 -0.899599 -0.105225
vn -0.423852 -0.899598 -0.105226
vn -0.254586 0.005191 0.967036
vn -0.254576 0.005187 0.967039
vn 0.203127 0.977852 0.050447
vn 0.203125 0.977853 0.050446
vn 0.227323 0.005178 -0.973806
vn 0.227313 0.005182 -0.973808
vn -0.234778 -0.970300 -0.058292
vn -0.234778 -0.970300 -0.058292
vn -0.254412 0.005122 0.967082
vn -0.254412 0.005122 0.967082
vn 0.017216 0.999843 0.004261
vn 0.017216 0.999843 0.004261
vn 0.227494 0.005105 -0.973766
vn 0.227494 0.005105 -0.973766
vn -0.970531 0.000000 -0.240977
vn -0.970531 0.000000 -0.240977
vn -0.969977 -0.033751 -0.240842
vn -0.969977 -0.033751 -0.240842
vn -0.942089 0.240346 -0.233885
vn -0.942089 0.240346 -0.233885
vn -0.942089 0.240346 -0.233885
vn -0.942089 0.240346 -0.233885
vn 0.969920 0.035487 0.240823
vn 0.969920 0.035487 0.240823
vn 0.970532 0.000000 0.240971
vn 0.970532 0.000000 0.240971
vn 0.000000 -1.000000 0.000000
vn 0.000000 -1.000000 0.000000
vn 0.000000 -1.000000 0.000000
vn 0.000000 -1.000000 0.000000
vn -0.240976 0.000000 0.970531
vn -0.240976 0.000000 0.970531
vn -0.240976 0.000000 0.970531
vn -0.240976 0.000000 0.970531
vn 0.240977 0.000000 -0.970531
vn 0.240977 0.000000 -0.970531
vn 0.240977 -0.000000 -0.970531
vn 0.240977 -0.000000 -0.970531
vn -0.965370 -0.102974 -0.239702
vn -0.965370 -0.102974 -0.239702
vn -0.242659 0.003235 0.970106
vn -0.241981 0.001932 0.970279
vn 0.960332 0.144586 0.238447
vn 0.960332 0.144586 0.238447
vn 0.239971 0.001932 -0.970778
vn 0.239290 0.003235 -0.970943
vn -0.961434 -0.136584 -0.238724
vn -0.961434 -0.136584 -0.238724
vn -0.242641 0.003203 0.970111
vn -0.243096 0.004078 0.969994
vn 0.931171 0.281894 0.231208
vn 0.931171 0.281894 0.231208
vn 0.238850 0.004078 -0.971048
vn 0.239306 0.003204 -0.970939
vn -0.944023 -0.232119 -0.234395
vn -0.944023 -0.232119 -0.234395
vn -0.240975 -0.000001 0.970531
vn -0.240974 -0.000001 0.970531
vn 0.888851 0.401543 0.220698
vn 0.888851 0.401543 0.220698
vn 0.240976 0.000000 -0.970531
vn 0.240975 0.000000 -0.970531
vn -0.885358 -0.409655 -0.219827
vn -0.885358 -0.409655 -0.219827
vn -0.254079 0.003349 0.967178
vn -0.244628 0.000932 0.969617
vn 0.819768 0.535304 0.203543
vn 0.819768 0.535304 0.203543
vn 0.237319 0.000933 -0.971431
vn 0.227828 0.003349 -0.973696
vn -0.834694 -0.510228 -0.207252
vn -0.834694 -0.510228 -0.207252
vn -0.260124 0.004897 0.965563
vn -0.259371 0.004705 0.965766
vn 0.657421 0.735629 0.163240
vn 0.657421 0.735629 0.163240
vn 0.222490 0.004705 -0.974924
vn 0.221729 0.004898 -0.975096
vn -0.762231 -0.619019 -0.189261
vn -0.762231 -0.619019 -0.189261
vn -0.258497 0.004479 0.966002
vn -0.260026 0.004871 0.965589
vn 0.514410 0.847975 0.127754
vn 0.514405 0.847978 0.127753
vn 0.221826 0.004872 -0.975074
vn 0.223370 0.004480 -0.974724
vn -0.568861 -0.810215 -0.141241
vn -0.568853 -0.810221 -0.141239
vn -0.254579 0.003474 0.967046
vn -0.254590 0.003477 0.967043
vn 0.294950 0.952700 0.073263
vn 0.294950 0.952700 0.073263
vn 0.227311 0.003481 -0.973816
vn 0.227323 0.003478 -0.973813
vn -0.338040 -0.937382 -0.083927
vn -0.338040 -0.937382 -0.083927
vn -0.254415 0.003431 0.967089
vn -0.254415 0.003431 0.967089
vn 0.025664 0.999650 0.006346
vn 0.025664 0.999650 0.006346
vn 0.227498 0.003438 -0.973773
vn 0.227498 0.003438 -0.973773
vn -0.970531 0.000000 -0.240976
vn -0.970531 0.000000 -0.240976
vn -0.970169 -0.027336 -0.240886
vn -0.970169 -0.027336 -0.240886
vn -0.951609 0.196564 -0.236228
vn -0.951609 0.196564 -0.236228
vn -0.951609 0.196564 -0.236228
vn -0.951609 0.196564 -0.236228
vn 0.970129 0.028744 0.240879
vn 0.970129 0.028744 0.240879
vn 0.970531 0.000000 0.240978
vn 0.970531 0.000000 0.240978
vn 0.000000 -1.000000 0.000000
vn 0.000000 -1.000000 0.000000
vn 0.000000 -1.000000 0.000000
vn 0.000000 -1.000000 0.000000
vn -0.240975 0.000000 0.970531
vn -0.240975 0.000000 0.970531
vn -0.240975 -0.000000 0.970532
vn -0.240975 -0.000000 0.970531
vn 0.240977 0.000000 -0.970531
vn 0.240977 0.000000 -0.970531
vn 0.240977 0.000000 -0.970531
vn 0.240977 0.000000 -0.970531
vn -0.967138 -0.083544 -0.240133
vn -0.967139 -0.083544 -0.240133
vn -0.242776 0.002804 0.970078
vn -0.241880 0.001409 0.970305
vn 0.963804 0.117533 0.239308
vn 0.963804 0.117533 0.239308
vn 0.240069 0.001409 -0.970755
vn 0.239171 0.002804 -0.970973
vn -0.964537 -0.110970 -0.239488
vn -0.964537 -0.110970 -0.239488
vn -0.242500 0.002374 0.970149
vn -0.243186 0.003441 0.969974
vn 0.944170 0.231484 0.234431
vn 0.944170 0.231484 0.234431
vn 0.238760 0.003441 -0.971073
vn 0.239448 0.002374 -0.970906
vn -0.952901 -0.189737 -0.236599
vn -0.952901 -0.189737 -0.236599
vn -0.240976 -0.000000 0.970531
vn -0.240976 -0.000000 0.970531
vn 0.914594 0.334589 0.227086
vn 0.914594 0.334589 0.227086
vn 0.240977 0.000000 -0.970531
vn 0.240977 0.000000 -0.970531
vn -0.912077 -0.341808 -0.226456
vn -0.912077 -0.341808 -0.226456
vn -0.254963 0.002895 0.966947
vn -0.244011 0.000626 0.969772
vn 0.863425 0.456662 0.214377
vn 0.863425 0.456662 0.214377
vn 0.237941 0.000627 -0.971279
vn 0.226936 0.002896 -0.973905
vn -0.874802 -0.433069 -0.217195
vn -0.874802 -0.433069 -0.217195
vn -0.260253 0.003992 0.965532
vn -0.259311 0.003797 0.965786
vn 0.728753 0.660439 0.180941
vn 0.728753 0.660439 0.180941
vn 0.222549 0.003798 -0.974914
vn 0.221599 0.003994 -0.975130
vn -0.818052 -0.538093 -0.203095
vn -0.818051 -0.538093 -0.203095
vn -0.258159 0.003558 0.966096
vn -0.260222 0.003986 0.965541
vn 0.592970 0.791649 0.147239
vn 0.592972 0.791647 0.147240
vn 0.221631 0.003987 -0.975123
vn 0.223712 0.003560 -0.974649
vn -0.646572 -0.745774 -0.160518
vn -0.646568 -0.745777 -0.160517
vn -0.254570 0.002814 0.967050
vn -0.254593 0.002819 0.967044
vn 0.355680 0.930426 0.088312
vn 0.355686 0.930424 0.088314
vn 0.227307 0.002820 -0.973819
vn 0.227331 0.002816 -0.973814
vn -0.404766 -0.908880 -0.100510
vn -0.404766 -0.908880 -0.100510
vn -0.254408 0.002779 0.967093
vn -0.254408 0.002779 0.967093
vn 0.031675 0.999467 0.007873
vn 0.031675 0.999467 0.007873
vn 0.227499 0.002781 -0.973774
vn 0.227499 0.002781 -0.973774
vn -0.970520 0.000000 -0.241020
vn -0.970520 0.000000 -0.241020
vn -0.969294 -0.050272 -0.240712
vn -0.969294 -0.050271 -0.240712
vn -0.910442 0.346295 -0.226216
vn -0.910443 0.346295 -0.226216
vn -0.910442 0.346295 -0.226216
vn -0.910443 0.346295 -0.226217
vn 0.969175 0.052854 0.240638
vn 0.969175 0.052854 0.240638
vn 0.970531 0.000000 0.240975
vn 0.970531 0.000000 0.240975
vn 0.000000 -1.000000 0.000000
vn 0.000000 -1.000000 0.000000
vn 0.000000 -1.000000 0.000000
vn 0.000000 -1.000000 0.000000
vn -0.240977 0.000000 0.970531
vn -0.240977 0.000000 0.970531
vn -0.240978 0.000000 0.970531
vn -0.240978 0.000000 0.970531
vn 0.240975 0.000000 -0.970531
vn 0.240975 0.000000 -0.970531
vn 0.240976 0.000001 -0.970531
vn 0.240976 0.000001 -0.970531
vn -0.959178 -0.152488 -0.238170
vn -0.959178 -0.152487 -0.238170
vn -0.242445 0.004205 0.970156
vn -0.242159 0.003384 0.970231
vn 0.948321 0.212712 0.235459
vn 0.948321 0.212712 0.235459
vn 0.239793 0.003384 -0.970818
vn 0.239505 0.004205 -0.970886
vn -0.950676 -0.201264 -0.236028
vn -0.950675 -0.201264 -0.236028
vn -0.242896 0.005500 0.970037
vn -0.242929 0.005596 0.970028
vn 0.889047 0.401083 0.220742
vn 0.889047 0.401083 0.220742
vn 0.239018 0.005595 -0.970999
vn 0.239052 0.005500 -0.970991
vn -0.914409 -0.335136 -0.227026
vn -0.914409 -0.335136 -0.227026
vn -0.240981 -0.000001 0.970530
vn -0.240981 -0.000001 0.970530
vn 0.812425 0.547058 0.201729
vn 0.812424 0.547059 0.201728
vn 0.240979 0.000001 -0.970531
vn 0.240978 0.000001 -0.970531
vn -0.806608 -0.556125 -0.200269
vn -0.806609 -0.556124 -0.200269
vn -0.252099 0.004235 0.967692
vn -0.246049 0.001929 0.969255
vn 0.705613 0.686595 0.175205
vn 0.705613 0.686595 0.175205
vn 0.235900 0.001929 -0.971776
vn 0.229816 0.004234 -0.973225
vn -0.727108 -0.662364 -0.180521
vn -0.727107 -0.662365 -0.180520
vn -0.259889 0.007210 0.965612
vn -0.259510 0.007066 0.965715
vn 0.510173 0.850693 0.126672
vn 0.510173 0.850693 0.126672
vn 0.222335 0.007065 -0.974945
vn 0.221952 0.007211 -0.975031
vn -0.629260 -0.761331 -0.156226
vn -0.629263 -0.761329 -0.156227
vn -0.259054 0.006892 0.965838
vn -0.259576 0.007091 0.965697
vn 0.375391 0.922166 0.093231
vn 0.375379 0.922171 0.093228
vn 0.222269 0.007094 -0.974960
vn 0.222796 0.006895 -0.974841
vn -0.423856 -0.899593 -0.105256
vn -0.423861 -0.899590 -0.105257
vn -0.254580 0.005184 0.967038
vn -0.254571 0.005180 0.967040
vn 0.203124 0.977851 0.050474
vn 0.203114 0.977853 0.050471
vn 0.227322 0.005178 -0.973806
vn 0.227312 0.005183 -0.973808
vn -0.234769 -0.970300 -0.058322
vn -0.234769 -0.970300 -0.058322
vn -0.254412 0.005112 0.967083
vn -0.254412 0.005112 0.967083
vn 0.017216 0.999843 0.004309
vn 0.017216 0.999843 0.004309
vn 0.227490 0.005104 -0.973767
vn 0.227490 0.005104 -0.973767
vn 0.995941 0.000000 -0.090011
vn 0.995941 0.000000 -0.090011
vn 0.990829 -0.101184 -0.089552
vn 0.990829 -0.101184 -0.089552
vn 0.798393 0.597802 -0.072124
vn 0.798393 0.597802 -0.072124
vn 0.798393 0.597802 -0.072124
vn 0.798393 0.597802 -0.072124
vn -0.990293 0.106341 0.089504
vn -0.990293 0.106341 0.089504
vn -0.995940 0.000000 0.090017
vn -0.995940 0.000000 0.090017
vn 0.000000 -1.000000 0.000000
vn 0.000000 -1.000000 0.000000
vn 0.000000 -1.000000 0.000000
vn 0.000000 -1.000000 0.000000
vn -0.090011 0.000000 -0.995941
vn -0.090011 0.000000 -0.995941
vn -0.090011 -0.000000 -0.995941
vn -0.090011 -0.000000 -0.995941
vn 0.090012 0.000000 0.995941
vn 0.090012 0.000000 0.995941
vn 0.090012 -0.000000 0.995941
vn 0.090012 -0.000000 0.995941
vn 0.950828 -0.297556 -0.085944
vn 0.950828 -0.297556 -0.085944
vn -0.088892 0.006295 -0.996021
vn -0.088500 0.008501 -0.996040
vn -0.911806 0.402267 0.082409
vn -0.911806 0.402268 0.082409
vn 0.091518 0.008502 0.995767
vn 0.091128 0.006296 0.995819
vn 0.919891 -0.383257 -0.083153
vn 0.919891 -0.383258 -0.083153
vn -0.087627 0.013394 -0.996063
vn -0.088317 0.009530 -0.996047
vn -0.746062 0.662453 0.067435
vn -0.746063 0.662452 0.067435
vn 0.091699 0.009530 0.995741
vn 0.092381 0.013396 0.995634
vn 0.808734 -0.583614 -0.073105
vn 0.808733 -0.583616 -0.073105
vn -0.090012 0.000002 -0.995941
vn -0.090012 0.000001 -0.995941
vn -0.601268 0.797197 0.054354
vn -0.601269 0.797196 0.054354
vn 0.090012 -0.000000 0.995941
vn 0.090012 -0.000000 0.995941
vn 0.592432 -0.803839 -0.053543
vn 0.592431 -0.803840 -0.053543
vn -0.082536 0.005595 -0.996572
vn -0.081516 0.006358 -0.996652
vn -0.462410 0.885681 0.041801
vn -0.462413 0.885679 0.041802
vn 0.098499 0.006358 0.995117
vn 0.097481 0.005595 0.995222
vn 0.486581 -0.872528 -0.043968
vn 0.486583 -0.872527 -0.043968
vn -0.070868 0.014315 -0.997383
vn -0.070553 0.014549 -0.997402
vn -0.291309 0.956266 0.026332
vn -0.291310 0.956266 0.026332
vn 0.109417 0.014549 0.993890
vn 0.109105 0.014314 0.993927
vn 0.386978 -0.921426 -0.034965
vn 0.386980 -0.921425 -0.034965
vn -0.070532 0.014566 -0.997403
vn -0.071885 0.013556 -0.997321
vn -0.202457 0.979120 0.018298
vn -0.202457 0.979120 0.018298
vn 0.108092 0.013556 0.994049
vn 0.109437 0.014565 0.993887
vn 0.232700 -0.972321 -0.021034
vn 0.232700 -0.972321 -0.021034
vn -0.075989 0.010490 -0.997053
vn -0.076046 0.010448 -0.997050
vn -0.104921 0.994435 0.009483
vn -0.104921 0.994435 0.009483
vn 0.103952 0.010444 0.994528
vn 0.104009 0.010489 0.994521
vn 0.121961 -0.992473 -0.011045
vn 0.121961 -0.992473 -0.011045
vn -0.076191 0.010341 -0.997040
vn -0.076191 0.010341 -0.997040
vn -0.008746 0.999961 0.000800
vn -0.008746 0.999961 0.000800
vn 0.103806 0.010329 0.994544
vn 0.103806 0.010329 0.994544
vn 0.995941 0.000000 -0.090006
vn 0.995941 0.000000 -0.090006
vn 0.993880 -0.064302 -0.089820
vn 0.993880 -0.064302 -0.089820
vn 0.900505 0.427158 -0.081411
vn 0.900505 0.427158 -0.081411
vn 0.900505 0.427158 -0.081411
vn 0.900505 0.427158 -0.081411
vn -0.993663 0.067601 0.089804
vn -0.993663 0.067601 0.089804
vn -0.995941 0.000000 0.090008
vn -0.995941 0.000000 0.090008
vn 0.000000 -1.000000 -0.000000
vn 0.000000 -1.000000 -0.000000
vn 0.000000 -1.000000 -0.000000
vn 0.000000 -1.000000 -0.000000
vn -0.090012 0.000000 -0.995941
vn -0.090012 0.000000 -0.995941
vn -0.090011 -0.000000 -0.995941
vn -0.090011 -0.000000 -0.995941
vn 0.090012 0.000000 0.995941
vn 0.090012 0.000000 0.995941
vn 0.090011 0.000000 0.995941
vn 0.090011 0.000000 0.995941
vn 0.977068 -0.193756 -0.088304
vn 0.977068 -0.193756 -0.088304
vn -0.088637 0.004901 -0.996052
vn -0.088692 0.004705 -0.996048
vn -0.959407 0.268363 0.086711
vn -0.959407 0.268363 0.086711
vn 0.091328 0.004706 0.995810
vn 0.091383 0.004902 0.995804
vn 0.963190 -0.254338 -0.087051
vn 0.963190 -0.254338 -0.087051
vn -0.087886 0.007578 -0.996102
vn -0.088111 0.006779 -0.996088
vn -0.868806 0.488886 0.078523
vn -0.868806 0.488886 0.078523
vn 0.091908 0.006780 0.995745
vn 0.092131 0.007579 0.995718
vn 0.906401 -0.414399 -0.081921
vn 0.906401 -0.414399 -0.081921
vn -0.090012 0.000000 -0.995941
vn -0.090012 0.000000 -0.995941
vn -0.763881 0.641653 0.069040
vn -0.763881 0.641653 0.069040
vn 0.090011 -0.000000 0.995941
vn 0.090011 -0.000000 0.995941
vn 0.756457 -0.650460 -0.068373
vn 0.756456 -0.650461 -0.068373
vn -0.079967 0.004762 -0.996786
vn -0.083741 0.002974 -0.996483
vn -0.634857 0.770496 0.057378
vn -0.634857 0.770496 0.057378
vn 0.096278 0.002974 0.995350
vn 0.100045 0.004762 0.994972
vn 0.659494 -0.749343 -0.059609
vn 0.659494 -0.749343 -0.059609
vn -0.070661 0.009169 -0.997458
vn -0.070809 0.009099 -0.997448
vn -0.432980 0.900554 0.039126
vn -0.432981 0.900554 0.039126
vn 0.109174 0.009099 0.993981
vn 0.109321 0.009170 0.993964
vn 0.551728 -0.832532 -0.049860
vn 0.551730 -0.832531 -0.049860
vn -0.071068 0.008978 -0.997431
vn -0.071179 0.008925 -0.997424
vn -0.310128 0.950282 0.028016
vn -0.310127 0.950282 0.028016
vn 0.108806 0.008925 0.994023
vn 0.108917 0.008978 0.994010
vn 0.353174 -0.935013 -0.031905
vn 0.353178 -0.935012 -0.031906
vn -0.076003 0.006642 -0.997086
vn -0.076028 0.006630 -0.997084
vn -0.164255 0.986306 0.014833
vn -0.164251 0.986307 0.014833
vn 0.103975 0.006631 0.994558
vn 0.104000 0.006642 0.994555
vn 0.190375 -0.981561 -0.017200
vn 0.190375 -0.981561 -0.017200
vn -0.076191 0.006553 -0.997072
vn -0.076191 0.006553 -0.997072
vn -0.013804 0.999904 0.001234
vn -0.013804 0.999904 0.001234
vn 0.103810 0.006556 0.994576
vn 0.103810 0.006556 0.994576
vn 0.995941 0.000000 -0.090011
vn 0.995941 0.000000 -0.090011
vn 0.995012 -0.043188 -0.089927
vn 0.995012 -0.043188 -0.089927
vn 0.949387 0.302151 -0.085848
vn 0.949387 0.302151 -0.085848
vn 0.949387 0.302151 -0.085848
vn 0.949387 0.302151 -0.085848
vn -0.994914 0.045409 0.089917
vn -0.994914 0.045409 0.089917
vn -0.995941 0.000000 0.090010
vn -0.995941 0.000000 0.090010
vn 0.000000 -1.000000 0.000000
vn 0.000000 -1.000000 0.000000
vn 0.000000 -1.000000 0.000000
vn 0.000000 -1.000000 0.000000
vn -0.090011 0.000000 -0.995941
vn -0.090011 0.000000 -0.995941
vn -0.090011 0.000000 -0.995941
vn -0.090011 0.000000 -0.995941
vn 0.090012 0.000000 0.995941
vn 0.090012 0.000000 0.995941
vn 0.090012 0.000000 0.995941
vn 0.090012 0.000000 0.995941
vn 0.987310 -0.131366 -0.089230
vn 0.987310 -0.131366 -0.089230
vn -0.088420 0.003810 -0.996076
vn -0.088866 0.002745 -0.996040
vn -0.978971 0.183813 0.088475
vn -0.978971 0.183813 0.088475
vn 0.091157 0.002745 0.995833
vn 0.091601 0.003810 0.995788
vn 0.980785 -0.173790 -0.088641
vn 0.980785 -0.173790 -0.088641
vn -0.088135 0.004492 -0.996098
vn -0.087938 0.004963 -0.996114
vn -0.932202 0.351997 0.084249
vn -0.932202 0.351997 0.084249
vn 0.092083 0.004963 0.995739
vn 0.091886 0.004492 0.995759
vn 0.952491 -0.292149 -0.086085
vn 0.952491 -0.292149 -0.086085
vn -0.090012 -0.000000 -0.995941
vn -0.090012 -0.000000 -0.995941
vn -0.868502 0.489431 0.078495
vn -0.868502 0.489431 0.078495
vn 0.090013 -0.000000 0.995941
vn 0.090013 -0.000000 0.995941
vn 0.863489 -0.498294 -0.078039
vn 0.863489 -0.498294 -0.078039
vn -0.077756 0.003898 -0.996965
vn -0.085400 0.001467 -0.996346
vn -0.773489 0.629943 0.069908
vn -0.773489 0.629942 0.069908
vn 0.094622 0.001468 0.995512
vn 0.102252 0.003898 0.994751
vn 0.793186 -0.604746 -0.071680
vn 0.793186 -0.604746 -0.071680
vn -0.070444 0.006221 -0.997496
vn -0.070985 0.006049 -0.997459
vn -0.581638 0.811748 0.052562
vn -0.581637 0.811748 0.052562
vn 0.109001 0.006050 0.994023
vn 0.109540 0.006221 0.993963
vn 0.701211 -0.710133 -0.063363
vn 0.701212 -0.710132 -0.063364
vn -0.071601 0.005853 -0.997416
vn -0.070665 0.006151 -0.997481
vn -0.437058 0.898566 0.039482
vn -0.437054 0.898568 0.039482
vn 0.109319 0.006151 0.993988
vn 0.108387 0.005854 0.994092
vn 0.490073 -0.870556 -0.044288
vn 0.490070 -0.870557 -0.044288
vn -0.076012 0.004451 -0.997097
vn -0.076013 0.004451 -0.997097
vn -0.240848 0.970319 0.021757
vn -0.240847 0.970319 0.021756
vn 0.103991 0.004452 0.994568
vn 0.103993 0.004453 0.994568
vn 0.277640 -0.960358 -0.025089
vn 0.277640 -0.960358 -0.025089
vn -0.076195 0.004394 -0.997083
vn -0.076195 0.004394 -0.997083
vn -0.020574 0.999787 0.001873
vn -0.020574 0.999787 0.001873
vn 0.103811 0.004393 0.994587
vn 0.103811 0.004393 0.994587
vn 0.995941 0.000000 -0.090011
vn 0.995941 0.000000 -0.090011
vn 0.995331 -0.034985 -0.089956
vn 0.995331 -0.034985 -0.089956
vn 0.964667 0.248625 -0.087195
vn 0.964667 0.248625 -0.087195
vn 0.964667 0.248625 -0.087195
vn 0.964667 0.248625 -0.087195
vn -0.995267 0.036785 0.089951
vn -0.995267 0.036785 0.089951
vn -0.995941 0.000000 0.090013
vn -0.995941 0.000000 0.090013
vn 0.000000 -1.000000 0.000000
vn 0.000000 -1.000000 0.000000
vn 0.000000 -1.000000 0.000000
vn 0.000000 -1.000000 0.000000
vn -0.090012 0.000000 -0.995941
vn -0.090012 0.000000 -0.995941
vn -0.090012 -0.000000 -0.995941
vn -0.090012 -0.000000 -0.995941
vn 0.090013 0.000000 0.995941
vn 0.090013 0.000000 0.995941
vn 0.090013 -0.000000 0.995941
vn 0.090013 -0.000000 0.995941
vn 0.990255 -0.106703 -0.089499
vn 0.990255 -0.106703 -0.089499
vn -0.088303 0.003314 -0.996088
vn -0.088963 0.002035 -0.996033
vn -0.984709 0.149759 0.088995
vn -0.984709 0.149759 0.088995
vn 0.091061 0.002035 0.995843
vn 0.091720 0.003314 0.995779
vn 0.985922 -0.141485 -0.089106
vn 0.985922 -0.141485 -0.089106
vn -0.088275 0.003368 -0.996090
vn -0.087848 0.004197 -0.996125
vn -0.952733 0.291352 0.086106
vn -0.952733 0.291352 0.086106
vn 0.092175 0.004197 0.995734
vn 0.091748 0.003368 0.995777
vn 0.966799 -0.240137 -0.087377
vn 0.966799 -0.240137 -0.087377
vn -0.090011 0.000000 -0.995941
vn -0.090011 0.000000 -0.995941
vn -0.906688 0.413766 0.081943
vn -0.906688 0.413766 0.081943
vn 0.090012 -0.000000 0.995941
vn 0.090012 -0.000000 0.995941
vn 0.902907 -0.422018 -0.081607
vn 0.902907 -0.422018 -0.081607
vn -0.076703 0.003428 -0.997048
vn -0.086145 0.000997 -0.996282
vn -0.832389 0.549063 0.075229
vn -0.832389 0.549063 0.075229
vn 0.093878 0.000997 0.995583
vn 0.103304 0.003428 0.994644
vn 0.848358 -0.523841 -0.076678
vn 0.848358 -0.523841 -0.076678
vn -0.070317 0.005071 -0.997512
vn -0.071060 0.004880 -0.997460
vn -0.661427 0.747623 0.059781
vn -0.661427 0.747623 0.059781
vn 0.108929 0.004880 0.994038
vn 0.109669 0.005071 0.993955
vn 0.771274 -0.632675 -0.069709
vn 0.771274 -0.632675 -0.069709
vn -0.071919 0.004659 -0.997400
vn -0.070434 0.005041 -0.997504
vn -0.514289 0.856356 0.046487
vn -0.514290 0.856355 0.046487
vn 0.109551 0.005041 0.993968
vn 0.108072 0.004660 0.994132
vn 0.569985 -0.820039 -0.051519
vn 0.569984 -0.820039 -0.051518
vn -0.076018 0.003604 -0.997100
vn -0.076007 0.003607 -0.997101
vn -0.292923 0.955769 0.026486
vn -0.292927 0.955768 0.026486
vn 0.103995 0.003608 0.994571
vn 0.103985 0.003606 0.994572
vn 0.336064 -0.941349 -0.030378
vn 0.336064 -0.941349 -0.030378
vn -0.076194 0.003560 -0.997087
vn -0.076194 0.003560 -0.997087
vn -0.025401 0.999675 0.002284
vn -0.025401 0.999675 0.002284
vn 0.103810 0.003559 0.994591
vn 0.103810 0.003559 0.994591
vn 0.995943 0.000000 -0.089989
vn 0.995943 0.000000 -0.089989
vn 0.993882 -0.064303 -0.089803
vn 0.993882 -0.064302 -0.089803
vn 0.900528 0.427148 -0.081206
vn 0.900528 0.427148 -0.081206
vn 0.900528 0.427148 -0.081206
vn 0.900528 0.427148 -0.081206
vn -0.993663 0.067602 0.089801
vn -0.993663 0.067602 0.089801
vn -0.995942 0.000000 0.090004
vn -0.995942 0.000000 0.090004
vn 0.000000 -1.000000 -0.000000
vn 0.000000 -1.000000 -0.000000
vn 0.000000 -1.000000 -0.000000
vn 0.000000 -1.000000 -0.000000
vn -0.090012 0.000000 -0.995941
vn -0.090012 0.000000 -0.995941
vn -0.090012 -0.000000 -0.995941
vn -0.090012 -0.000000 -0.995941
vn 0.090012 0.000000 0.995941
vn 0.090012 0.000000 0.995941
vn 0.090011 0.000000 0.995941
vn 0.090011 0.000000 0.995941
vn 0.977069 -0.193755 -0.088294
vn 0.977069 -0.193755 -0.088294
vn -0.088639 0.004902 -0.996052
vn -0.088694 0.004706 -0.996048
vn -0.959407 0.268365 0.086706
vn -0.959407 0.268365 0.086706
vn 0.091328 0.004706 0.995810
vn 0.091383 0.004902 0.995804
vn 0.963190 -0.254336 -0.087054
vn 0.963190 -0.254336 -0.087054
vn -0.087888 0.007579 -0.996102
vn -0.088112 0.006781 -0.996088
vn -0.868808 0.488885 0.078513
vn -0.868807 0.488886 0.078513
vn 0.091908 0.006779 0.995745
vn 0.092131 0.007578 0.995718
vn 0.906401 -0.414399 -0.081924
vn 0.906401 -0.414399 -0.081924
vn -0.090015 0.000001 -0.995940
vn -0.090015 0.000001 -0.995940
vn -0.763881 0.641655 0.069028
vn -0.763881 0.641655 0.069028
vn 0.090011 0.000000 0.995941
vn 0.090011 0.000000 0.995941
vn 0.756460 -0.650457 -0.068364
vn 0.756461 -0.650456 -0.068364
vn -0.079970 0.004763 -0.996786
vn -0.083744 0.002975 -0.996483
vn -0.634858 0.770496 0.057368
vn -0.634855 0.770499 0.057368
vn 0.096277 0.002974 0.995350
vn 0.100043 0.004763 0.994972
vn 0.659497 -0.749340 -0.059598
vn 0.659498 -0.749340 -0.059598
vn -0.070663 0.009171 -0.997458
vn -0.070810 0.009101 -0.997448
vn -0.432975 0.900557 0.039122
vn -0.432975 0.900557 0.039122
vn 0.109171 0.009100 0.993981
vn 0.109319 0.009170 0.993964
vn 0.551728 -0.832533 -0.049856
vn 0.551728 -0.832533 -0.049856
vn -0.071068 0.008979 -0.997431
vn -0.071180 0.008926 -0.997424
vn -0.310132 0.950281 0.028016
vn -0.310124 0.950283 0.028015
vn 0.108806 0.008926 0.994023
vn 0.108917 0.008978 0.994010
vn 0.353180 -0.935011 -0.031917
vn 0.353186 -0.935009 -0.031917
vn -0.076001 0.006642 -0.997086
vn -0.076027 0.006630 -0.997084
vn -0.164264 0.986305 0.014835
vn -0.164251 0.986307 0.014834
vn 0.103972 0.006631 0.994558
vn 0.103997 0.006643 0.994555
vn 0.190399 -0.981556 -0.017219
vn 0.190399 -0.981556 -0.017219
vn -0.076196 0.006546 -0.997071
vn -0.076196 0.006546 -0.997071
vn -0.013805 0.999904 0.001256
vn -0.013805 0.999904 0.001256
vn 0.103810 0.006550 0.994576
vn 0.103810 0.006550 0.994576
vn 0.970527 0.000000 0.240991
vn 0.970527 0.000000 0.240991
vn 0.967479 -0.079202 0.240231
vn 0.967479 -0.079202 0.240231
vn 0.838610 0.503356 0.208244
vn 0.838610 0.503356 0.208244
vn 0.838610 0.503356 0.208244
vn 0.838610 0.503356 0.208244
vn -0.967162 0.083256 -0.240137
vn -0.967162 0.083256 -0.240137
vn -0.970533 0.000000 -0.240971
vn -0.970533 0.000000 -0.240971
vn 0.000000 -1.000000 0.000000
vn 0.000000 -1.000000 0.000000
vn 0.000000 -1.000000 0.000000
vn 0.000000 -1.000000 0.000000
vn 0.240976 0.000000 -0.970531
vn 0.240976 0.000000 -0.970531
vn 0.240976 -0.000000 -0.970531
vn 0.240976 -0.000000 -0.970531
vn -0.240976 0.000000 0.970531
vn -0.240976 0.000000 0.970531
vn -0.240976 -0.000000 0.970531
vn -0.240976 -0.000000 0.970531
vn 0.942978 -0.236589 0.234132
vn 0.942978 -0.236589 0.234132
vn 0.242196 0.005535 -0.970212
vn 0.242339 0.006185 -0.970172
vn -0.917921 0.324774 -0.227912
vn -0.917920 0.324775 -0.227912
vn -0.239601 0.006186 0.970852
vn -0.239746 0.005535 0.970820
vn 0.923224 -0.308414 0.229214
vn 0.923223 -0.308415 0.229214
vn 0.243150 0.009878 -0.969939
vn 0.242727 0.007949 -0.970062
vn -0.798477 0.568449 -0.198242
vn -0.798478 0.568447 -0.198242
vn -0.239207 0.007950 0.970936
vn -0.238775 0.009879 0.971025
vn 0.846275 -0.489566 0.210105
vn 0.846274 -0.489567 0.210105
vn 0.240976 0.000000 -0.970531
vn 0.240976 0.000001 -0.970531
vn -0.675540 0.717997 -0.167707
vn -0.675542 0.717995 -0.167707
vn -0.240975 0.000000 0.970531
vn -0.240975 0.000001 0.970531
vn 0.667393 -0.726035 0.165711
vn 0.667392 -0.726036 0.165710
vn 0.249578 0.005174 -0.968341
vn 0.248034 0.004244 -0.968742
vn -0.540778 0.830382 -0.134255
vn -0.540783 0.830379 -0.134257
vn -0.233899 0.004242 0.972252
vn -0.232346 0.005171 0.972619
vn 0.565379 -0.812795 0.140396
vn 0.565382 -0.812793 0.140396
vn 0.259651 0.011248 -0.965637
vn 0.259712 0.011284 -0.965620
vn -0.353841 0.931170 -0.087859
vn -0.353838 0.931171 -0.087858
vn -0.222116 0.011281 0.974955
vn -0.222178 0.011244 0.974941
vn 0.460974 -0.880001 0.114464
vn 0.460971 -0.880002 0.114464
vn 0.259606 0.011214 -0.965650
vn 0.258954 0.010819 -0.965829
vn -0.249277 0.966452 -0.061904
vn -0.249278 0.966451 -0.061904
vn -0.222884 0.010819 0.974785
vn -0.222225 0.011213 0.974931
vn 0.285344 -0.955804 0.070835
vn 0.285341 -0.955805 0.070835
vn 0.254592 0.008181 -0.967014
vn 0.254554 0.008157 -0.967024
vn -0.130426 0.990929 -0.032385
vn -0.130419 0.990930 -0.032383
vn -0.227331 0.008160 0.973783
vn -0.227293 0.008185 0.973792
vn 0.151406 -0.987756 0.037596
vn 0.151406 -0.987756 0.037596
vn 0.254401 0.008060 -0.967065
vn 0.254401 0.008060 -0.967065
vn -0.010910 0.999937 -0.002704
vn -0.010910 0.999937 -0.002704
vn -0.227487 0.008060 0.973748
vn -0.227487 0.008060 0.973748
vn 0.970533 0.000000 0.240968
vn 0.970533 0.000000 0.240968
vn 0.969305 -0.050272 0.240666
vn 0.969305 -0.050272 0.240666
vn 0.910499 0.346259 0.226045
vn 0.910499 0.346259 0.226045
vn 0.910499 0.346260 0.226045
vn 0.910499 0.346260 0.226045
vn -0.969173 0.052856 -0.240645
vn -0.969173 0.052856 -0.240645
vn -0.970529 0.000000 -0.240985
vn -0.970529 0.000000 -0.240985
vn 0.000000 -1.000000 -0.000000
vn 0.000000 -1.000000 -0.000000
vn 0.000000 -1.000000 -0.000000
vn 0.000000 -1.000000 -0.000000
vn 0.240976 0.000000 -0.970531
vn 0.240976 0.000000 -0.970531
vn 0.240976 -0.000000 -0.970531
vn 0.240976 -0.000000 -0.970531
vn -0.240976 0.000000 0.970531
vn -0.240976 0.000000 0.970531
vn -0.240975 0.000000 0.970531
vn -0.240975 0.000000 0.970531
vn 0.959180 -0.152491 0.238162
vn 0.959180 -0.152491 0.238162
vn 0.242442 0.004204 -0.970157
vn 0.242156 0.003383 -0.970232
vn -0.948319 0.212719 -0.235461
vn -0.948319 0.212719 -0.235461
vn -0.239791 0.003383 0.970819
vn -0.239504 0.004204 0.970886
vn 0.950669 -0.201268 0.236049
vn 0.950669 -0.201268 0.236049
vn 0.242892 0.005500 -0.970038
vn 0.242925 0.005596 -0.970029
vn -0.889042 0.401098 -0.220738
vn -0.889042 0.401098 -0.220738
vn -0.239017 0.005595 0.970999
vn -0.239051 0.005499 0.970992
vn 0.914408 -0.335130 0.227037
vn 0.914408 -0.335130 0.227037
vn 0.240976 0.000000 -0.970531
vn 0.240976 0.000000 -0.970531
vn -0.812430 0.547058 -0.201708
vn -0.812430 0.547057 -0.201708
vn -0.240975 -0.000000 0.970531
vn -0.240975 -0.000000 0.970531
vn 0.806612 -0.556119 0.200270
vn 0.806612 -0.556120 0.200270
vn 0.252096 0.004235 -0.967693
vn 0.246046 0.001929 -0.969256
vn -0.705623 0.686589 -0.175190
vn -0.705624 0.686588 -0.175190
vn -0.235897 0.001929 0.971776
vn -0.229818 0.004235 0.973224
vn 0.727111 -0.662358 0.180533
vn 0.727111 -0.662358 0.180533
vn 0.259886 0.007212 -0.965612
vn 0.259507 0.007067 -0.965715
vn -0.510167 0.850697 -0.126665
vn -0.510168 0.850697 -0.126665
vn -0.222342 0.007066 0.974943
vn -0.221958 0.007211 0.975030
vn 0.629256 -0.761331 0.156245
vn 0.629258 -0.761329 0.156246
vn 0.259056 0.006893 -0.965838
vn 0.259577 0.007093 -0.965696
vn -0.375397 0.922166 -0.093209
vn -0.375398 0.922165 -0.093209
vn -0.222272 0.007095 0.974959
vn -0.222799 0.006896 0.974840
vn 0.423838 -0.899602 0.105249
vn 0.423844 -0.899599 0.105250
vn 0.254586 0.005185 -0.967036
vn 0.254576 0.005181 -0.967039
vn -0.203138 0.977850 -0.050447
vn -0.203135 0.977850 -0.050447
vn -0.227324 0.005185 0.973805
vn -0.227314 0.005188 0.973808
vn 0.234766 -0.970303 0.058289
vn 0.234766 -0.970303 0.058289
vn 0.254405 0.005122 -0.967084
vn 0.254405 0.005122 -0.967084
vn -0.017219 0.999843 -0.004261
vn -0.017219 0.999843 -0.004261
vn -0.227493 0.005118 0.973766
vn -0.227493 0.005118 0.973766
vn 0.970531 0.000000 0.240977
vn 0.970531 0.000000 0.240977
vn 0.969978 -0.033750 0.240841
vn 0.969978 -0.033750 0.240841
vn 0.942100 0.240327 0.233859
vn 0.942100 0.240327 0.233859
vn 0.942100 0.240327 0.233859
vn 0.942100 0.240327 0.233859
vn -0.969920 0.035487 -0.240822
vn -0.969920 0.035487 -0.240822
vn -0.970532 0.000000 -0.240971
vn -0.970532 0.000000 -0.240971
vn 0.000000 -1.000000 0.000001
vn 0.000000 -1.000000 0.000001
vn 0.000000 -1.000000 0.000001
vn 0.000000 -1.000000 0.000001
vn 0.240975 0.000000 -0.970531
vn 0.240975 0.000000 -0.970531
vn 0.240975 -0.000000 -0.970531
vn 0.240975 -0.000000 -0.970531
vn -0.240976 0.000000 0.970531
vn -0.240976 0.000000 0.970531
vn -0.240976 0.000000 0.970531
vn -0.240976 0.000000 0.970531
vn 0.965371 -0.102974 0.239699
vn 0.965371 -0.102974 0.239699
vn 0.242658 0.003235 -0.970106
vn 0.241980 0.001931 -0.970279
vn -0.960333 0.144586 -0.238446
vn -0.960333 0.144586 -0.238446
vn -0.239970 0.001932 0.970778
vn -0.239290 0.003235 0.970943
vn 0.961435 -0.136583 0.238720
vn 0.961435 -0.136583 0.238720
vn 0.242642 0.003204 -0.970111
vn 0.243096 0.004078 -0.969994
vn -0.931171 0.281893 -0.231205
vn -0.931171 0.281893 -0.231205
vn -0.238850 0.004078 0.971048
vn -0.239305 0.003204 0.970939
vn 0.944025 -0.232117 0.234391
vn 0.944025 -0.232118 0.234391
vn 0.240975 -0.000000 -0.970531
vn 0.240976 0.000000 -0.970531
vn -0.888853 0.401539 -0.220697
vn -0.888852 0.401540 -0.220697
vn -0.240975 0.000001 0.970531
vn -0.240975 0.000000 0.970531
vn 0.885356 -0.409660 0.219826
vn 0.885356 -0.409660 0.219826
vn 0.254078 0.003348 -0.967178
vn 0.244627 0.000931 -0.969617
vn -0.819768 0.535305 -0.203541
vn -0.819768 0.535305 -0.203541
vn -0.237320 0.000932 0.971431
vn -0.227827 0.003349 0.973696
vn 0.834696 -0.510226 0.207249
vn 0.834696 -0.510225 0.207249
vn 0.260124 0.004898 -0.965563
vn 0.259371 0.004704 -0.965766
vn -0.657423 0.735629 -0.163230
vn -0.657424 0.735628 -0.163231
vn -0.222489 0.004705 0.974924
vn -0.221730 0.004897 0.975096
vn 0.762249 -0.618997 0.189259
vn 0.762248 -0.618999 0.189258
vn 0.258497 0.004482 -0.966002
vn 0.260026 0.004873 -0.965589
vn -0.514424 0.847969 -0.127737
vn -0.514417 0.847973 -0.127735
vn -0.221831 0.004871 0.975073
vn -0.223374 0.004480 0.974723
vn 0.568881 -0.810197 0.141263
vn 0.568885 -0.810194 0.141264
vn 0.254576 0.003479 -0.967046
vn 0.254588 0.003482 -0.967043
vn -0.294959 0.952698 -0.073247
vn -0.294961 0.952698 -0.073248
vn -0.227311 0.003479 0.973816
vn -0.227322 0.003476 0.973813
vn 0.338064 -0.937368 0.083989
vn 0.338064 -0.937368 0.083989
vn 0.254404 0.003435 -0.967092
vn 0.254404 0.003435 -0.967092
vn -0.025663 0.999650 -0.006405
vn -0.025663 0.999650 -0.006405
vn -0.227494 0.003432 0.973773
vn -0.227494 0.003432 0.973774
vn 0.970532 0.000000 0.240972
vn 0.970532 0.000000 0.240972
vn 0.970169 -0.027336 0.240884
vn 0.970169 -0.027336 0.240884
vn 0.951600 0.196581 0.236250
vn 0.951600 0.196581 0.236250
vn 0.951600 0.196581 0.236250
vn 0.951600 0.196581 0.236250
vn -0.970129 0.028744 -0.240880
vn -0.970129 0.028744 -0.240880
vn -0.970530 0.000000 -0.240981
vn -0.970530 0.000000 -0.240981
vn 0.000000 -1.000000 0.000000
vn 0.000000 -1.000000 0.000000
vn 0.000000 -1.000000 0.000000
vn 0.000000 -1.000000 0.000000
vn 0.240975 0.000000 -0.970531
vn 0.240975 0.000000 -0.970531
vn 0.240975 0.000000 -0.970531
vn 0.240975 0.000000 -0.970531
vn -0.240977 0.000000 0.970531
vn -0.240977 0.000000 0.970531
vn -0.240977 -0.000000 0.970531
vn -0.240977 -0.000000 0.970531
vn 0.967138 -0.083544 0.240135
vn 0.967138 -0.083544 0.240135
vn 0.242777 0.002804 -0.970078
vn 0.241881 0.001409 -0.970305
vn -0.963804 0.117531 -0.239308
vn -0.963804 0.117531 -0.239308
vn -0.240069 0.001409 0.970755
vn -0.239172 0.002804 0.970973
vn 0.964536 -0.110969 0.239491
vn 0.964536 -0.110969 0.239491
vn 0.242501 0.002373 -0.970148
vn 0.243187 0.003441 -0.969973
vn -0.944171 0.231481 -0.234433
vn -0.944170 0.231481 -0.234433
vn -0.238761 0.003442 0.971072
vn -0.239449 0.002374 0.970906
vn 0.952901 -0.189737 0.236601
vn 0.952901 -0.189737 0.236601
vn 0.240977 -0.000000 -0.970531
vn 0.240977 -0.000000 -0.970531
vn -0.914595 0.334585 -0.227089
vn -0.914595 0.334585 -0.227089
vn -0.240975 -0.000000 0.970531
vn -0.240976 -0.000000 0.970531
vn 0.912075 -0.341809 0.226463
vn 0.912075 -0.341809 0.226463
vn 0.254962 0.002895 -0.966947
vn 0.244010 0.000627 -0.969773
vn -0.863422 0.456664 -0.214384
vn -0.863422 0.456664 -0.214384
vn -0.237940 0.000627 0.971280
vn -0.226937 0.002895 0.973905
vn 0.874798 -0.433069 0.217208
vn 0.874798 -0.433069 0.217208
vn 0.260252 0.003992 -0.965532
vn 0.259310 0.003797 -0.965787
vn -0.728751 0.660442 -0.180938
vn -0.728751 0.660442 -0.180938
vn -0.222550 0.003797 0.974914
vn -0.221598 0.003992 0.975130
vn 0.818045 -0.538094 0.203118
vn 0.818046 -0.538094 0.203118
vn 0.258162 0.003557 -0.966095
vn 0.260223 0.003985 -0.965540
vn -0.592981 0.791645 -0.147213
vn -0.592982 0.791644 -0.147214
vn -0.221628 0.003986 0.975123
vn -0.223712 0.003558 0.974649
vn 0.646552 -0.745786 0.160541
vn 0.646551 -0.745787 0.160541
vn 0.254574 0.002813 -0.967049
vn 0.254597 0.002817 -0.967043
vn -0.355682 0.930425 -0.088313
vn -0.355684 0.930425 -0.088313
vn -0.227308 0.002819 0.973819
vn -0.227331 0.002813 0.973813
vn 0.404756 -0.908883 0.100515
vn 0.404756 -0.908883 0.100515
vn 0.254411 0.002781 -0.967092
vn 0.254411 0.002781 -0.967092
vn -0.031681 0.999467 -0.007873
vn -0.031681 0.999467 -0.007873
vn -0.227493 0.002776 0.973776
vn -0.227493 0.002776 0.973776
vn 0.970526 0.000000 0.240997
vn 0.970526 0.000000 0.240997
vn 0.969298 -0.050274 0.240693
vn 0.969298 -0.050274 0.240693
vn 0.910443 0.346295 0.226216
vn 0.910443 0.346295 0.226216
vn 0.910443 0.346295 0.226216
vn 0.910443 0.346295 0.226216
vn -0.969172 0.052857 -0.240649
vn -0.969172 0.052857 -0.240649
vn -0.970528 0.000000 -0.240990
vn -0.970528 0.000000 -0.240990
vn 0.000000 -1.000000 0.000000
vn 0.000000 -1.000000 0.000000
vn 0.000000 -1.000000 0.000000
vn 0.000000 -1.000000 0.000000
vn 0.240974 0.000000 -0.970531
vn 0.240974 0.000000 -0.970531
vn 0.240975 -0.000000 -0.970531
vn 0.240975 -0.000000 -0.970531
vn -0.240977 0.000000 0.970531
vn -0.240977 0.000000 0.970531
vn -0.240977 -0.000000 0.970531
vn -0.240977 -0.000000 0.970531
vn 0.959178 -0.152493 0.238166
vn 0.959178 -0.152493 0.238166
vn 0.242442 0.004205 -0.970157
vn 0.242156 0.003383 -0.970231
vn -0.948319 0.212721 -0.235461
vn -0.948319 0.212720 -0.235461
vn -0.239792 0.003383 0.970818
vn -0.239504 0.004204 0.970886
vn 0.950674 -0.201265 0.236033
vn 0.950674 -0.201265 0.236033
vn 0.242892 0.005501 -0.970038
vn 0.242926 0.005597 -0.970029
vn -0.889042 0.401095 -0.220744
vn -0.889042 0.401095 -0.220744
vn -0.239017 0.005596 0.970999
vn -0.239051 0.005500 0.970991
vn 0.914409 -0.335132 0.227029
vn 0.914410 -0.335131 0.227029
vn 0.240972 0.000002 -0.970532
vn 0.240972 0.000002 -0.970532
vn -0.812419 0.547065 -0.201730
vn -0.812419 0.547066 -0.201730
vn -0.240979 0.000000 0.970530
vn -0.240979 0.000000 0.970530
vn 0.806611 -0.556120 0.200272
vn 0.806611 -0.556121 0.200272
vn 0.252092 0.004237 -0.967694
vn 0.246041 0.001931 -0.969258
vn -0.705609 0.686599 -0.175204
vn -0.705609 0.686600 -0.175204
vn -0.235901 0.001932 0.971775
vn -0.229823 0.004237 0.973223
vn 0.727109 -0.662359 0.180535
vn 0.727109 -0.662359 0.180535
vn 0.259887 0.007212 -0.965612
vn 0.259507 0.007067 -0.965715
vn -0.510158 0.850703 -0.126665
vn -0.510159 0.850702 -0.126666
vn -0.222346 0.007067 0.974942
vn -0.221961 0.007211 0.975029
vn 0.629243 -0.761339 0.156257
vn 0.629247 -0.761336 0.156258
vn 0.259060 0.006894 -0.965837
vn 0.259581 0.007093 -0.965695
vn -0.375387 0.922170 -0.093208
vn -0.375385 0.922171 -0.093207
vn -0.222272 0.007091 0.974959
vn -0.222799 0.006892 0.974840
vn 0.423823 -0.899606 0.105273
vn 0.423836 -0.899600 0.105276
vn 0.254590 0.005185 -0.967035
vn 0.254579 0.005181 -0.967038
vn -0.203137 0.977850 -0.050453
vn -0.203122 0.977853 -0.050449
vn -0.227325 0.005184 0.973805
vn -0.227315 0.005187 0.973807
vn 0.234751 -0.970305 0.058318
vn 0.234751 -0.970305 0.058318
vn 0.254403 0.005112 -0.967085
vn 0.254403 0.005112 -0.967085
vn -0.017216 0.999843 -0.004280
vn -0.017216 0.999843 -0.004280
vn -0.227488 0.005135 0.973767
vn -0.227488 0.005135 0.973767
s 1
g Grass
f 1/1/1 2/2/2 4/3/3 3/4/4
s off
f 37/5/5 38/6/6 39/7/7 40/8/8
s 2
f 5/9/9 6/10/10 8/11/11 7/12/12
s off
f 7/12/13 8/11/14 2/13/15 1/14/16
s 3
f 2/2/17 8/15/18 6/16/19 4/3/20
s 4
f 7/17/21 1/1/22 3/4/23 5/18/24
s 1
f 3/4/4 4/3/3 10/19/25 9/20/26
s 3
f 4/3/20 6/10/19 11/21/27 10/19/28
s 2
f 6/10/10 5/9/9 12/22/29 11/21/30
s 4
f 5/9/24 3/4/23 9/20/31 12/22/32
s 1
f 9/20/26 10/19/25 14/23/33 13/24/34
s 3
f 10/19/28 11/21/27 15/25/35 14/23/36
s 2
f 11/21/30 12/22/29 16/26/37 15/25/38
s 4
f 12/22/32 9/20/31 13/24/39 16/26/40
s 1
f 13/24/34 14/23/33 18/27/41 17/28/42
s 3
f 14/23/36 15/25/35 19/29/43 18/27/44
s 2
f 15/25/38 16/26/37 20/30/45 19/29/46
s 4
f 16/26/40 13/24/39 17/28/47 20/30/48
s 1
f 17/28/42 18/27/41 22/31/49 21/32/50
s 3
f 18/27/44 19/29/43 23/33/51 22/31/52
s 2
f 19/29/46 20/30/45 24/34/53 23/33/54
s 4
f 20/30/48 17/28/47 21/32/55 24/34/56
s 1
f 21/32/50 22/31/49 26/35/57 25/36/58
s 3
f 22/31/52 23/33/51 27/37/59 26/35/60
s 2
f 23/33/54 24/34/53 28/38/61 27/37/62
s 4
f 24/34/56 21/32/55 25/36/63 28/38/64
s 1
f 25/36/58 26/35/57 30/39/65 29/40/66
s 3
f 26/35/60 27/37/59 31/41/67 30/39/68
s 2
f 27/37/62 28/38/61 32/42/69 31/41/70
s 4
f 28/38/64 25/36/63 29/40/71 32/42/72
s 1
f 29/40/66 30/39/65 34/43/73 33/44/74
s 3
f 30/39/68 31/41/67 35/45/75 34/43/76
s 2
f 31/41/70 32/42/69 36/46/77 35/45/78
s 4
f 32/42/72 29/40/71 33/44/79 36/46/80
s 1
f 33/44/74 34/43/73 38/6/81 37/5/82
s 3
f 34/43/76 35/45/75 39/7/83 38/6/84
s 2
f 35/45/78 36/46/77 40/8/85 39/7/86
s 4
f 36/46/80 33/44/79 37/5/87 40/8/88
s 5
f 41/47/89 42/48/90 44/49/91 43/50/92
s off
f 77/51/93 78/52/94 79/53/95 80/54/96
s 6
f 45/55/97 46/56/98 48/57/99 47/58/100
s off
f 47/58/101 48/57/102 42/59/103 41/60/104
s 7
f 42/48/105 48/61/106 46/62/107 44/49/108
s 8
f 47/63/109 41/47/110 43/50/111 45/64/112
s 5
f 43/50/92 44/49/91 50/65/113 49/66/114
s 7
f 44/49/108 46/56/107 51/67/115 50/65/116
s 6
f 46/56/98 45/55/97 52/68/117 51/67/118
s 8
f 45/55/112 43/50/111 49/66/119 52/68/120
s 5
f 49/66/114 50/65/113 54/69/121 53/70/122
s 7
f 50/65/116 51/67/115 55/71/123 54/69/124
s 6
f 51/67/118 52/68/117 56/72/125 55/71/126
s 8
f 52/68/120 49/66/119 53/70/127 56/72/128
s 5
f 53/70/122 54/69/121 58/73/129 57/74/130
s 7
f 54/69/124 55/71/123 59/75/131 58/73/132
s 6
f 55/71/126 56/72/125 60/76/133 59/75/134
s 8
f 56/72/128 53/70/127 57/74/135 60/76/136
s 5
f 57/74/130 58/73/129 62/77/137 61/78/138
s 7
f 58/73/132 59/75/131 63/79/139 62/77/140
s 6
f 59/75/134 60/76/133 64/80/141 63/79/142
s 8
f 60/76/136 57/74/135 61/78/143 64/80/144
s 5
f 61/78/138 62/77/137 66/81/145 65/82/146
s 7
f 62/77/140 63/79/139 67/83/147 66/81/148
s 6
f 63/79/142 64/80/141 68/84/149 67/83/150
s 8
f 64/80/144 61/78/143 65/82/151 68/84/152
s 5
f 65/82/146 66/81/145 70/85/153 69/86/154
s 7
f 66/81/148 67/83/147 71/87/155 70/85/156
s 6
f 67/83/150 68/84/149 72/88/157 71/87/158
s 8
f 68/84/152 65/82/151 69/86/159 72/88/160
s 5
f 69/86/154 70/85/153 74/89/161 73/90/162
s 7
f 70/85/156 71/87/155 75/91/163 74/89/164
s 6
f 71/87/158 72/88/157 76/92/165 75/91/166
s 8
f 72/88/160 69/86/159 73/90/167 76/92/168
s 5
f 73/90/162 74/89/161 78/52/169 77/51/170
s 7
f 74/89/164 75/91/163 79/53/171 78/52/172
s 6
f 75/91/166 76/92/165 80/54/173 79/53/174
s 8
f 76/92/168 73/90/167 77/51/175 80/54/176
s 9
f 81/93/177 82/94/178 84/95/179 83/96/180
s off
f 117/97/181 118/98/182 119/99/183 120/100/184
s 10
f 85/101/185 86/102/186 88/103/187 87/104/188
s off
f 87/104/189 88/103/190 82/105/191 81/106/192
s 11
f 82/94/193 88/107/194 86/108/195 84/95/196
s 12
f 87/109/197 81/93/198 83/96/199 85/110/200
s 9
f 83/96/180 84/95/179 90/111/201 89/112/202
s 11
f 84/95/196 86/102/195 91/113/203 90/111/204
s 10
f 86/102/186 85/101/185 92/114/205 91/113/206
s 12
f 85/101/200 83/96/199 89/112/207 92/114/208
s 9
f 89/112/202 90/111/201 94/115/209 93/116/210
s 11
f 90/111/204 91/113/203 95/117/211 94/115/212
s 10
f 91/113/206 92/114/205 96/118/213 95/117/214
s 12
f 92/114/208 89/112/207 93/116/215 96/118/216
s 9
f 93/116/210 94/115/209 98/119/217 97/120/218
s 11
f 94/115/212 95/117/211 99/121/219 98/119/220
s 10
f 95/117/214 96/118/213 100/122/221 99/121/222
s 12
f 96/118/216 93/116/215 97/120/223 100/122/224
s 9
f 97/120/218 98/119/217 102/123/225 101/124/226
s 11
f 98/119/220 99/121/219 103/125/227 102/123/228
s 10
f 99/121/222 100/122/221 104/126/229 103/125/230
s 12
f 100/122/224 97/120/223 101/124/231 104/126/232
s 9
f 101/124/226 102/123/225 106/127/233 105/128/234
s 11
f 102/123/228 103/125/227 107/129/235 106/127/236
s 10
f 103/125/230 104/126/229 108/130/237 107/129/238
s 12
f 104/126/232 101/124/231 105/128/239 108/130/240
s 9
f 105/128/234 106/127/233 110/131/241 109/132/242
s 11
f 106/127/236 107/129/235 111/133/243 110/131/244
s 10
f 107/129/238 108/130/237 112/134/245 111/133/246
s 12
f 108/130/240 105/128/239 109/132/247 112/134/248
s 9
f 109/132/242 110/131/241 114/135/249 113/136/250
s 11
f 110/131/244 111/133/243 115/137/251 114/135/252
s 10
f 111/133/246 112/134/245 116/138/253 115/137/254
s 12
f 112/134/248 109/132/247 113/136/255 116/138/256
s 9
f 113/136/250 114/135/249 118/98/257 117/97/258
s 11
f 114/135/252 115/137/251 119/99/259 118/98/260
s 10
f 115/137/254 116/138/253 120/100/261 119/99/262
s 12
f 116/138/256 113/136/255 117/97/263 120/100/264
s 13
f 121/139/265 122/140/266 124/141/267 123/142/268
s off
f 157/143/269 158/144/270 159/145/271 160/146/272
s 14
f 125/147/273 126/148/274 128/149/275 127/150/276
s off
f 127/150/277 128/149/278 122/151/279 121/152/280
s 15
f 122/140/281 128/153/282 126/154/283 124/141/284
s 16
f 127/155/285 121/139/286 123/142/287 125/156/288
s 13
f 123/142/268 124/141/267 130/157/289 129/158/290
s 15
f 124/141/284 126/148/283 131/159/291 130/157/292
s 14
f 126/148/274 125/147/273 132/160/293 131/159/294
s 16
f 125/147/288 123/142/287 129/158/295 132/160/296
s 13
f 129/158/290 130/157/289 134/161/297 133/162/298
s 15
f 130/157/292 131/159/291 135/163/299 134/161/300
s 14
f 131/159/294 132/160/293 136/164/301 135/163/302
s 16
f 132/160/296 129/158/295 133/162/303 136/164/304
s 13
f 133/162/298 134/161/297 138/165/305 137/166/306
s 15
f 134/161/300 135/163/299 139/167/307 138/165/308
s 14
f 135/163/302 136/164/301 140/168/309 139/167/310
s 16
f 136/164/304 133/162/303 137/166/311 140/168/312
s 13
f 137/166/306 138/165/305 142/169/313 141/170/314
s 15
f 138/165/308 139/167/307 143/171/315 142/169/316
s 14
f 139/167/310 140/168/309 144/172/317 143/171/318
s 16
f 140/168/312 137/166/311 141/170/319 144/172/320
s 13
f 141/170/314 142/169/313 146/173/321 145/174/322
s 15
f 142/169/316 143/171/315 147/175/323 146/173/324
s 14
f 143/171/318 144/172/317 148/176/325 147/175/326
s 16
f 144/172/320 141/170/319 145/174/327 148/176/328
s 13
f 145/174/322 146/173/321 150/177/329 149/178/330
s 15
f 146/173/324 147/175/323 151/179/331 150/177/332
s 14
f 147/175/326 148/176/325 152/180/333 151/179/334
s 16
f 148/176/328 145/174/327 149/178/335 152/180/336
s 13
f 149/178/330 150/177/329 154/181/337 153/182/338
s 15
f 150/177/332 151/179/331 155/183/339 154/181/340
s 14
f 151/179/334 152/180/333 156/184/341 155/183/342
s 16
f 152/180/336 149/178/335 153/182/343 156/184/344
s 13
f 153/182/338 154/181/337 158/144/345 157/143/346
s 15
f 154/181/340 155/183/339 159/145/347 158/144/348
s 14
f 155/183/342 156/184/341 160/146/349 159/145/350
s 16
f 156/184/344 153/182/343 157/143/351 160/146/352
s 17
f 161/185/353 162/186/354 164/187/355 163/188/356
s off
f 197/189/357 198/190/358 199/191/359 200/192/360
s 18
f 165/193/361 166/194/362 168/195/363 167/196/364
s off
f 167/196/365 168/195/366 162/197/367 161/198/368
s 19
f 162/186/369 168/199/370 166/200/371 164/187/372
s 20
f 167/201/373 161/185/374 163/188/375 165/202/376
s 17
f 163/188/356 164/187/355 170/203/377 169/204/378
s 19
f 164/187/372 166/194/371 171/205/379 170/203/380
s 18
f 166/194/362 165/193/361 172/206/381 171/205/382
s 20
f 165/193/376 163/188/375 169/204/383 172/206/384
s 17
f 169/204/378 170/203/377 174/207/385 173/208/386
s 19
f 170/203/380 171/205/379 175/209/387 174/207/388
s 18
f 171/205/382 172/206/381 176/210/389 175/209/390
s 20
f 172/206/384 169/204/383 173/208/391 176/210/392
s 17
f 173/208/386 174/207/385 178/211/393 177/212/394
s 19
f 174/207/388 175/209/387 179/213/395 178/211/396
s 18
f 175/209/390 176/210/389 180/214/397 179/213/398
s 20
f 176/210/392 173/208/391 177/212/399 180/214/400
s 17
f 177/212/394 178/211/393 182/215/401 181/216/402
s 19
f 178/211/396 179/213/395 183/217/403 182/215/404
s 18
f 179/213/398 180/214/397 184/218/405 183/217/406
s 20
f 180/214/400 177/212/399 181/216/407 184/218/408
s 17
f 181/216/402 182/215/401 186/219/409 185/220/410
s 19
f 182/215/404 183/217/403 187/221/411 186/219/412
s 18
f 183/217/406 184/218/405 188/222/413 187/221/414
s 20
f 184/218/408 181/216/407 185/220/415 188/222/416
s 17
f 185/220/410 186/219/409 190/223/417 189/224/418
s 19
f 186/219/412 187/221/411 191/225/419 190/223/420
s 18
f 187/221/414 188/222/413 192/226/421 191/225/422
s 20
f 188/222/416 185/220/415 189/224/423 192/226/424
s 17
f 189/224/418 190/223/417 194/227/425 193/228/426
s 19
f 190/223/420 191/225/419 195/229/427 194/227/428
s 18
f 191/225/422 192/226/421 196/230/429 195/229/430
s 20
f 192/226/424 189/224/423 193/228/431 196/230/432
s 17
f 193/228/426 194/227/425 198/190/433 197/189/434
s 19
f 194/227/428 195/229/427 199/191/435 198/190/436
s 18
f 195/229/430 196/230/429 200/192/437 199/191/438
s 20
f 196/230/432 193/228/431 197/189/439 200/192/440
s 21
f 201/231/441 202/232/442 204/233/443 203/234/444
s off
f 237/235/445 238/236/446 239/237/447 240/238/448
s 22
f 205/239/449 206/240/450 208/241/451 207/242/452
s off
f 207/242/453 208/241/454 202/243/455 201/244/456
s 23
f 202/232/457 208/245/458 206/246/459 204/233/460
s 24
f 207/247/461 201/231/462 203/234/463 205/248/464
s 21
f 203/234/444 204/233/443 210/249/465 209/250/466
s 23
f 204/233/460 206/240/459 211/251/467 210/249/468
s 22
f 206/240/450 205/239/449 212/252/469 211/251/470
s 24
f 205/239/464 203/234/463 209/250/471 212/252/472
s 21
f 209/250/466 210/249/465 214/253/473 213/254/474
s 23
f 210/249/468 211/251/467 215/255/475 214/253/476
s 22
f 211/251/470 212/252/469 216/256/477 215/255/478
s 24
f 212/252/472 209/250/471 213/254/479 216/256/480
s 21
f 213/254/474 214/253/473 218/257/481 217/258/482
s 23
f 214/253/476 215/255/475 219/259/483 218/257/484
s 22
f 215/255/478 216/256/477 220/260/485 219/259/486
s 24
f 216/256/480 213/254/479 217/258/487 220/260/488
s 21
f 217/258/482 218/257/481 222/261/489 221/262/490
s 23
f 218/257/484 219/259/483 223/263/491 222/261/492
s 22
f 219/259/486 220/260/485 224/264/493 223/263/494
s 24
f 220/260/488 217/258/487 221/262/495 224/264/496
s 21
f 221/262/490 222/261/489 226/265/497 225/266/498
s 23
f 222/261/492 223/263/491 227/267/499 226/265/500
s 22
f 223/263/494 224/264/493 228/268/501 227/267/502
s 24
f 224/264/496 221/262/495 225/266/503 228/268/504
s 21
f 225/266/498 226/265/497 230/269/505 229/270/506
s 23
f 226/265/500 227/267/499 231/271/507 230/269/508
s 22
f 227/267/502 228/268/501 232/272/509 231/271/510
s 24
f 228/268/504 225/266/503 229/270/511 232/272/512
s 21
f 229/270/506 230/269/505 234/273/513 233/274/514
s 23
f 230/269/508 231/271/507 235/275/515 234/273/516
s 22
f 231/271/510 232/272/509 236/276/517 235/275/518
s 24
f 232/272/512 229/270/511 233/274/519 236/276/520
s 21
f 233/274/514 234/273/513 238/236/521 237/235/522
s 23
f 234/273/516 235/275/515 239/237/523 238/236/524
s 22
f 235/275/518 236/276/517 240/238/525 239/237/526
s 24
f 236/276/520 233/274/519 237/235/527 240/238/528
s 25
f 241/277/529 242/278/530 244/279/531 243/280/532
s off
f 277/281/533 278/282/534 279/283/535 280/284/536
s 26
f 245/285/537 246/286/538 248/287/539 247/288/540
s off
f 247/288/541 248/287/542 242/289/543 241/290/544
s 27
f 242/278/545 248/291/546 246/292/547 244/279/548
s 28
f 247/293/549 241/277/550 243/280/551 245/294/552
s 25
f 243/280/532 244/279/531 250/295/553 249/296/554
s 27
f 244/279/548 246/286/547 251/297/555 250/295/556
s 26
f 246/286/538 245/285/537 252/298/557 251/297/558
s 28
f 245/285/552 243/280/551 249/296/559 252/298/560
s 25
f 249/296/554 250/295/553 254/299/561 253/300/562
s 27
f 250/295/556 251/297/555 255/301/563 254/299/564
s 26
f 251/297/558 252/298/557 256/302/565 255/301/566
s 28
f 252/298/560 249/296/559 253/300/567 256/302/568
s 25
f 253/300/562 254/299/561 258/303/569 257/304/570
s 27
f 254/299/564 255/301/563 259/305/571 258/303/572
s 26
f 255/301/566 256/302/565 260/306/573 259/305/574
s 28
f 256/302/568 253/300/567 257/304/575 260/306/576
s 25
f 257/304/570 258/303/569 262/307/577 261/308/578
s 27
f 258/303/572 259/305/571 263/309/579 262/307/580
s 26
f 259/305/574 260/306/573 264/310/581 263/309/582
s 28
f 260/306/576 257/304/575 261/308/583 264/310/584
s 25
f 261/308/578 262/307/577 266/311/585 265/312/586
s 27
f 262/307/580 263/309/579 267/313/587 266/311/588
s 26
f 263/309/582 264/310/581 268/314/589 267/313/590
s 28
f 264/310/584 261/308/583 265/312/591 268/314/592
s 25
f 265/312/586 266/311/585 270/315/593 269/316/594
s 27
f 266/311/588 267/313/587 271/317/595 270/315/596
s 26
f 267/313/590 268/314/589 272/318/597 271/317/598
s 28
f 268/314/592 265/312/591 269/316/599 272/318/600
s 25
f 269/316/594 270/315/593 274/319/601 273/320/602
s 27
f 270/315/596 271/317/595 275/321/603 274/319/604
s 26
f 271/317/598 272/318/597 276/322/605 275/321/606
s 28
f 272/318/600 269/316/599 273/320/607 276/322/608
s 25
f 273/320/602 274/319/601 278/282/609 277/281/610
s 27
f 274/319/604 275/321/603 279/283/611 278/282/612
s 26
f 275/321/606 276/322/605 280/284/613 279/283/614
s 28
f 276/322/608 273/320/607 277/281/615 280/284/616
s 29
f 281/323/617 282/324/618 284/325/619 283/326/620
s off
f 317/327/621 318/328/622 319/329/623 320/330/624
s 30
f 285/331/625 286/332/626 288/333/627 287/334/628
s off
f 287/334/629 288/333/630 282/335/631 281/336/632
s 31
f 282/324/633 288/337/634 286/338/635 284/325/636
s 32
f 287/339/637 281/323/638 283/326/639 285/340/640
s 29
f 283/326/620 284/325/619 290/341/641 289/342/642
s 31
f 284/325/636 286/332/635 291/343/643 290/341/644
s 30
f 286/332/626 285/331/625 292/344/645 291/343/646
s 32
f 285/331/640 283/326/639 289/342/647 292/344/648
s 29
f 289/342/642 290/341/641 294/345/649 293/346/650
s 31
f 290/341/644 291/343/643 295/347/651 294/345/652
s 30
f 291/343/646 292/344/645 296/348/653 295/347/654
s 32
f 292/344/648 289/342/647 293/346/655 296/348/656
s 29
f 293/346/650 294/345/649 298/349/657 297/350/658
s 31
f 294/345/652 295/347/651 299/351/659 298/349/660
s 30
f 295/347/654 296/348/653 300/352/661 299/351/662
s 32
f 296/348/656 293/346/655 297/350/663 300/352/664
s 29
f 297/350/658 298/349/657 302/353/665 301/354/666
s 31
f 298/349/660 299/351/659 303/355/667 302/353/668
s 30
f 299/351/662 300/352/661 304/356/669 303/355/670
s 32
f 300/352/664 297/350/663 301/354/671 304/356/672
s 29
f 301/354/666 302/353/665 306/357/673 305/358/674
s 31
f 302/353/668 303/355/667 307/359/675 306/357/676
s 30
f 303/355/670 304/356/669 308/360/677 307/359/678
s 32
f 304/356/672 301/354/671 305/358/679 308/360/680
s 29
f 305/358/674 306/357/673 310/361/681 309/362/682
s 31
f 306/357/676 307/359/675 311/363/683 310/361/684
s 30
f 307/359/678 308/360/677 312/364/685 311/363/686
s 32
f 308/360/680 305/358/679 309/362/687 312/364/688
s 29
f 309/362/682 310/361/681 314/365/689 313/366/690
s 31
f 310/361/684 311/363/683 315/367/691 314/365/692
s 30
f 311/363/686 312/364/685 316/368/693 315/367/694
s 32
f 312/364/688 309/362/687 313/366/695 316/368/696
s 29
f 313/366/690 314/365/689 318/328/697 317/327/698
s 31
f 314/365/692 315/367/691 319/329/699 318/328/700
s 30
f 315/367/694 316/368/693 320/330/701 319/329/702
s 32
f 316/368/696 313/366/695 317/327/703 320/330/704
s 33
f 321/369/705 322/370/706 324/371/707 323/372/708
s off
f 357/373/709 358/374/710 359/375/711 360/376/712
s 34
f 325/377/713 326/378/714 328/379/715 327/380/716
s off
f 327/380/717 328/379/718 322/381/719 321/382/720
s 35
f 322/370/721 328/383/722 326/384/723 324/371/724
s 36
f 327/385/725 321/369/726 323/372/727 325/386/728
s 33
f 323/372/708 324/371/707 330/387/729 329/388/730
s 35
f 324/371/724 326/378/723 331/389/731 330/387/732
s 34
f 326/378/714 325/377/713 332/390/733 331/389/734
s 36
f 325/377/728 323/372/727 329/388/735 332/390/736
s 33
f 329/388/730 330/387/729 334/391/737 333/392/738
s 35
f 330/387/732 331/389/731 335/393/739 334/391/740
s 34
f 331/389/734 332/390/733 336/394/741 335/393/742
s 36
f 332/390/736 329/388/735 333/392/743 336/394/744
s 33
f 333/392/738 334/391/737 338/395/745 337/396/746
s 35
f 334/391/740 335/393/739 339/397/747 338/395/748
s 34
f 335/393/742 336/394/741 340/398/749 339/397/750
s 36
f 336/394/744 333/392/743 337/396/751 340/398/752
s 33
f 337/396/746 338/395/745 342/399/753 341/400/754
s 35
f 338/395/748 339/397/747 343/401/755 342/399/756
s 34
f 339/397/750 340/398/749 344/402/757 343/401/758
s 36
f 340/398/752 337/396/751 341/400/759 344/402/760
s 33
f 341/400/754 342/399/753 346/403/761 345/404/762
s 35
f 342/399/756 343/401/755 347/405/763 346/403/764
s 34
f 343/401/758 344/402/757 348/406/765 347/405/766
s 36
f 344/402/760 341/400/759 345/404/767 348/406/768
s 33
f 345/404/762 346/403/761 350/407/769 349/408/770
s 35
f 346/403/764 347/405/763 351/409/771 350/407/772
s 34
f 347/405/766 348/406/765 352/410/773 351/409/774
s 36
f 348/406/768 345/404/767 349/408/775 352/410/776
s 33
f 349/408/770 350/407/769 354/411/777 353/412/778
s 35
f 350/407/772 351/409/771 355/413/779 354/411/780
s 34
f 351/409/774 352/410/773 356/414/781 355/413/782
s 36
f 352/410/776 349/408/775 353/412/783 356/414/784
s 33
f 353/412/778 354/411/777 358/374/785 357/373/786
s 35
f 354/411/780 355/413/779 359/375/787 358/374/788
s 34
f 355/413/782 356/414/781 360/376/789 359/375/790
s 36
f 356/414/784 353/412/783 357/373/791 360/376/792
s 37
f 361/415/793 362/416/794 364/417/795 363/418/796
s off
f 397/419/797 398/420/798 399/421/799 400/422/800
s 38
f 365/423/801 366/424/802 368/425/803 367/426/804
s off
f 367/426/805 368/425/806 362/427/807 361/428/808
s 39
f 362/416/809 368/429/810 366/430/811 364/417/812
s 40
f 367/431/813 361/415/814 363/418/815 365/432/816
s 37
f 363/418/796 364/417/795 370/433/817 369/434/818
s 39
f 364/417/812 366/424/811 371/435/819 370/433/820
s 38
f 366/424/802 365/423/801 372/436/821 371/435/822
s 40
f 365/423/816 363/418/815 369/434/823 372/436/824
s 37
f 369/434/818 370/433/817 374/437/825 373/438/826
s 39
f 370/433/820 371/435/819 375/439/827 374/437/828
s 38
f 371/435/822 372/436/821 376/440/829 375/439/830
s 40
f 372/436/824 369/434/823 373/438/831 376/440/832
s 37
f 373/438/826 374/437/825 378/441/833 377/442/834
s 39
f 374/437/828 375/439/827 379/443/835 378/441/836
s 38
f 375/439/830 376/440/829 380/444/837 379/443/838
s 40
f 376/440/832 373/438/831 377/442/839 380/444/840
s 37
f 377/442/834 378/441/833 382/445/841 381/446/842
s 39
f 378/441/836 379/443/835 383/447/843 382/445/844
s 38
f 379/443/838 380/444/837 384/448/845 383/447/846
s 40
f 380/444/840 377/442/839 381/446/847 384/448/848
s 37
f 381/446/842 382/445/841 386/449/849 385/450/850
s 39
f 382/445/844 383/447/843 387/451/851 386/449/852
s 38
f 383/447/846 384/448/845 388/452/853 387/451/854
s 40
f 384/448/848 381/446/847 385/450/855 388/452/856
s 37
f 385/450/850 386/449/849 390/453/857 389/454/858
s 39
f 386/449/852 387/451/851 391/455/859 390/453/860
s 38
f 387/451/854 388/452/853 392/456/861 391/455/862
s 40
f 388/452/856 385/450/855 389/454/863 392/456/864
s 37
f 389/454/858 390/453/857 394/457/865 393/458/866
s 39
f 390/453/860 391/455/859 395/459/867 394/457/868
s 38
f 391/455/862 392/456/861 396/460/869 395/459/870
s 40
f 392/456/864 389/454/863 393/458/871 396/460/872
s 37
f 393/458/866 394/457/865 398/420/873 397/419/874
s 39
f 394/457/868 395/459/867 399/421/875 398/420/876
s 38
f 395/459/870 396/460/869 400/422/877 399/421/878
s 40
f 396/460/872 393/458/871 397/419/879 400/422/880
s 41
f 401/461/881 402/462/882 404/463/883 403/464/884
s off
f 437/465/885 438/466/886 439/467/887 440/468/888
s 42
f 405/469/889 406/470/890 408/471/891 407/472/892
s off
f 407/472/893 408/471/894 402/473/895 401/474/896
s 43
f 402/462/897 408/475/898 406/476/899 404/463/900
s 44
f 407/477/901 401/461/902 403/464/903 405/478/904
s 41
f 403/464/884 404/463/883 410/479/905 409/480/906
s 43
f 404/463/900 406/470/899 411/481/907 410/479/908
s 42
f 406/470/890 405/469/889 412/482/909 411/481/910
s 44
f 405/469/904 403/464/903 409/480/911 412/482/912
s 41
f 409/480/906 410/479/905 414/483/913 413/484/914
s 43
f 410/479/908 411/481/907 415/485/915 414/483/916
s 42
f 411/481/910 412/482/909 416/486/917 415/485/918
s 44
f 412/482/912 409/480/911 413/484/919 416/486/920
s 41
f 413/484/914 414/483/913 418/487/921 417/488/922
s 43
f 414/483/916 415/485/915 419/489/923 418/487/924
s 42
f 415/485/918 416/486/917 420/490/925 419/489/926
s 44
f 416/486/920 413/484/919 417/488/927 420/490/928
s 41
f 417/488/922 418/487/921 422/491/929 421/492/930
s 43
f 418/487/924 419/489/923 423/493/931 422/491/932
s 42
f 419/489/926 420/490/925 424/494/933 423/493/934
s 44
f 420/490/928 417/488/927 421/492/935 424/494/936
s 41
f 421/492/930 422/491/929 426/495/937 425/496/938
s 43
f 422/491/932 423/493/931 427/497/939 426/495/940
s 42
f 423/493/934 424/494/933 428/498/941 427/497/942
s 44
f 424/494/936 421/492/935 425/496/943 428/498/944
s 41
f 425/496/938 426/495/937 430/499/945 429/500/946
s 43
f 426/495/940 427/497/939 431/501/947 430/499/948
s 42
f 427/497/942 428/498/941 432/502/949 431/501/950
s 44
f 428/498/944 425/496/943 429/500/951 432/502/952
s 41
f 429/500/946 430/499/945 434/503/953 433/504/954
s 43
f 430/499/948 431/501/947 435/505/955 434/503/956
s 42
f 431/501/950 432/502/949 436/506/957 435/505/958
s 44
f 432/502/952 429/500/951 433/504/959 436/506/960
s 41
f 433/504/954 434/503/953 438/466/961 437/465/962
s 43
f 434/503/956 435/505/955 439/467/963 438/466/964
s 42
f 435/505/958 436/506/957 440/468/965 439/467/966
s 44
f 436/506/960 433/504/959 437/465/967 440/468/968
s 45
f 441/507/969 442/508/970 444/509/971 443/510/972
s off
f 477/511/973 478/512/974 479/513/975 480/514/976
s 46
f 445/515/977 446/516/978 448/517/979 447/518/980
s off
f 447/518/981 448/517/982 442/519/983 441/520/984
s 47
f 442/508/985 448/521/986 446/522/987 444/509/988
s 48
f 447/523/989 441/507/990 443/510/991 445/524/992
s 45
f 443/510/972 444/509/971 450/525/993 449/526/994
s 47
f 444/509/988 446/516/987 451/527/995 450/525/996
s 46
f 446/516/978 445/515/977 452/528/997 451/527/998
s 48
f 445/515/992 443/510/991 449/526/999 452/528/1000
s 45
f 449/526/994 450/525/993 454/529/1001 453/530/1002
s 47
f 450/525/996 451/527/995 455/531/1003 454/529/1004
s 46
f 451/527/998 452/528/997 456/532/1005 455/531/1006
s 48
f 452/528/1000 449/526/999 453/530/1007 456/532/1008
s 45
f 453/530/1002 454/529/1001 458/533/1009 457/534/1010
s 47
f 454/529/1004 455/531/1003 459/535/1011 458/533/1012
s 46
f 455/531/1006 456/532/1005 460/536/1013 459/535/1014
s 48
f 456/532/1008 453/530/1007 457/534/1015 460/536/1016
s 45
f 457/534/1010 458/533/1009 462/537/1017 461/538/1018
s 47
f 458/533/1012 459/535/1011 463/539/1019 462/537/1020
s 46
f 459/535/1014 460/536/1013 464/540/1021 463/539/1022
s 48
f 460/536/1016 457/534/1015 461/538/1023 464/540/1024
s 45
f 461/538/1018 462/537/1017 466/541/1025 465/542/1026
s 47
f 462/537/1020 463/539/1019 467/543/1027 466/541/1028
s 46
f 463/539/1022 464/540/1021 468/544/1029 467/543/1030
s 48
f 464/540/1024 461/538/1023 465/542/1031 468/544/1032
s 45
f 465/542/1026 466/541/1025 470/545/1033 469/546/1034
s 47
f 466/541/1028 467/543/1027 471/547/1035 470/545/1036
s 46
f 467/543/1030 468/544/1029 472/548/1037 471/547/1038
s 48
f 468/544/1032 465/542/1031 469/546/1039 472/548/1040
s 45
f 469/546/1034 470/545/1033 474/549/1041 473/550/1042
s 47
f 470/545/1036 471/547/1035 475/551/1043 474/549/1044
s 46
f 471/547/1038 472/548/1037 476/552/1045 475/551/1046
s 48
f 472/548/1040 469/546/1039 473/550/1047 476/552/1048
s 45
f 473/550/1042 474/549/1041 478/512/1049 477/511/1050
s 47
f 474/549/1044 475/551/1043 479/513/1051 478/512/1052
s 46
f 475/551/1046 476/552/1045 480/514/1053 479/513/1054
s 48
f 476/552/1048 473/550/1047 477/511/1055 480/514/1056
s 49
f 481/553/1057 482/554/1058 484/555/1059 483/556/1060
s off
f 517/557/1061 518/558/1062 519/559/1063 520/560/1064
s 50
f 485/561/1065 486/562/1066 488/563/1067 487/564/1068
s off
f 487/564/1069 488/563/1070 482/565/1071 481/566/1072
s 51
f 482/554/1073 488/567/1074 486/568/1075 484/555/1076
s 52
f 487/569/1077 481/553/1078 483/556/1079 485/570/1080
s 49
f 483/556/1060 484/555/1059 490/571/1081 489/572/1082
s 51
f 484/555/1076 486/562/1075 491/573/1083 490/571/1084
s 50
f 486/562/1066 485/561/1065 492/574/1085 491/573/1086
s 52
f 485/561/1080 483/556/1079 489/572/1087 492/574/1088
s 49
f 489/572/1082 490/571/1081 494/575/1089 493/576/1090
s 51
f 490/571/1084 491/573/1083 495/577/1091 494/575/1092
s 50
f 491/573/1086 492/574/1085 496/578/1093 495/577/1094
s 52
f 492/574/1088 489/572/1087 493/576/1095 496/578/1096
s 49
f 493/576/1090 494/575/1089 498/579/1097 497/580/1098
s 51
f 494/575/1092 495/577/1091 499/581/1099 498/579/1100
s 50
f 495/577/1094 496/578/1093 500/582/1101 499/581/1102
s 52
f 496/578/1096 493/576/1095 497/580/1103 500/582/1104
s 49
f 497/580/1098 498/579/1097 502/583/1105 501/584/1106
s 51
f 498/579/1100 499/581/1099 503/585/1107 502/583/1108
s 50
f 499/581/1102 500/582/1101 504/586/1109 503/585/1110
s 52
f 500/582/1104 497/580/1103 501/584/1111 504/586/1112
s 49
f 501/584/1106 502/583/1105 506/587/1113 505/588/1114
s 51
f 502/583/1108 503/585/1107 507/589/1115 506/587/1116
s 50
f 503/585/1110 504/586/1109 508/590/1117 507/589/1118
s 52
f 504/586/1112 501/584/1111 505/588/1119 508/590/1120
s 49
f 505/588/1114 506/587/1113 510/591/1121 509/592/1122
s 51
f 506/587/1116 507/589/1115 511/593/1123 510/591/1124
s 50
f 507/589/1118 508/590/1117 512/594/1125 511/593/1126
s 52
f 508/590/1120 505/588/1119 509/592/1127 512/594/1128
s 49
f 509/592/1122 510/591/1121 514/595/1129 513/596/1130
s 51
f 510/591/1124 511/593/1123 515/597/1131 514/595/1132
s 50
f 511/593/1126 512/594/1125 516/598/1133 515/597/1134
s 52
f 512/594/1128 509/592/1127 513/596/1135 516/598/1136
s 49
f 513/596/1130 514/595/1129 518/558/1137 517/557/1138
s 51
f 514/595/1132 515/597/1131 519/559/1139 518/558/1140
s 50
f 515/597/1134 516/598/1133 520/560/1141 519/559/1142
s 52
f 516/598/1136 513/596/1135 517/557/1143 520/560/1144
s 53
f 521/599/1145 522/600/1146 524/601/1147 523/602/1148
s off
f 557/603/1149 558/604/1150 559/605/1151 560/606/1152
s 54
f 525/607/1153 526/608/1154 528/609/1155 527/610/1156
s off
f 527/610/1157 528/609/1158 522/611/1159 521/612/1160
s 55
f 522/600/1161 528/613/1162 526/614/1163 524/601/1164
s 56
f 527/615/1165 521/599/1166 523/602/1167 525/616/1168
s 53
f 523/602/1148 524/601/1147 530/617/1169 529/618/1170
s 55
f 524/601/1164 526/608/1163 531/619/1171 530/617/1172
s 54
f 526/608/1154 525/607/1153 532/620/1173 531/619/1174
s 56
f 525/607/1168 523/602/1167 529/618/1175 532/620/1176
s 53
f 529/618/1170 530/617/1169 534/621/1177 533/622/1178
s 55
f 530/617/1172 531/619/1171 535/623/1179 534/621/1180
s 54
f 531/619/1174 532/620/1173 536/624/1181 535/623/1182
s 56
f 532/620/1176 529/618/1175 533/622/1183 536/624/1184
s 53
f 533/622/1178 534/621/1177 538/625/1185 537/626/1186
s 55
f 534/621/1180 535/623/1179 539/627/1187 538/625/1188
s 54
f 535/623/1182 536/624/1181 540/628/1189 539/627/1190
s 56
f 536/624/1184 533/622/1183 537/626/1191 540/628/1192
s 53
f 537/626/1186 538/625/1185 542/629/1193 541/630/1194
s 55
f 538/625/1188 539/627/1187 543/631/1195 542/629/1196
s 54
f 539/627/1190 540/628/1189 544/632/1197 543/631/1198
s 56
f 540/628/1192 537/626/1191 541/630/1199 544/632/1200
s 53
f 541/630/1194 542/629/1193 546/633/1201 545/634/1202
s 55
f 542/629/1196 543/631/1195 547/635/1203 546/633/1204
s 54
f 543/631/1198 544/632/1197 548/636/1205 547/635/1206
s 56
f 544/632/1200 541/630/1199 545/634/1207 548/636/1208
s 53
f 545/634/1202 546/633/1201 550/637/1209 549/638/1210
s 55
f 546/633/1204 547/635/1203 551/639/1211 550/637/1212
s 54
f 547/635/1206 548/636/1205 552/640/1213 551/639/1214
s 56
f 548/636/1208 545/634/1207 549/638/1215 552/640/1216
s 53
f 549/638/1210 550/637/1209 554/641/1217 553/642/1218
s 55
f 550/637/1212 551/639/1211 555/643/1219 554/641/1220
s 54
f 551/639/1214 552/640/1213 556/644/1221 555/643/1222
s 56
f 552/640/1216 549/638/1215 553/642/1223 556/644/1224
s 53
f 553/642/1218 554/641/1217 558/604/1225 557/603/1226
s 55
f 554/641/1220 555/643/1219 559/605/1227 558/604/1228
s 54
f 555/643/1222 556/644/1221 560/606/1229 559/605/1230
s 56
f 556/644/1224 553/642/1223 557/603/1231 560/606/1232
s 57
f 561/645/1233 562/646/1234 564/647/1235 563/648/1236
s off
f 597/649/1237 598/650/1238 599/651/1239 600/652/1240
s 58
f 565/653/1241 566/654/1242 568/655/1243 567/656/1244
s off
f 567/656/1245 568/655/1246 562/657/1247 561/658/1248
s 59
f 562/646/1249 568/659/1250 566/660/1251 564/647/1252
s 60
f 567/661/1253 561/645/1254 563/648/1255 565/662/1256
s 57
f 563/648/1236 564/647/1235 570/663/1257 569/664/1258
s 59
f 564/647/1252 566/654/1251 571/665/1259 570/663/1260
s 58
f 566/654/1242 565/653/1241 572/666/1261 571/665/1262
s 60
f 565/653/1256 563/648/1255 569/664/1263 572/666/1264
s 57
f 569/664/1258 570/663/1257 574/667/1265 573/668/1266
s 59
f 570/663/1260 571/665/1259 575/669/1267 574/667/1268
s 58
f 571/665/1262 572/666/1261 576/670/1269 575/669/1270
s 60
f 572/666/1264 569/664/1263 573/668/1271 576/670/1272
s 57
f 573/668/1266 574/667/1265 578/671/1273 577/672/1274
s 59
f 574/667/1268 575/669/1267 579/673/1275 578/671/1276
s 58
f 575/669/1270 576/670/1269 580/674/1277 579/673/1278
s 60
f 576/670/1272 573/668/1271 577/672/1279 580/674/1280
s 57
f 577/672/1274 578/671/1273 582/675/1281 581/676/1282
s 59
f 578/671/1276 579/673/1275 583/677/1283 582/675/1284
s 58
f 579/673/1278 580/674/1277 584/678/1285 583/677/1286
s 60
f 580/674/1280 577/672/1279 581/676/1287 584/678/1288
s 57
f 581/676/1282 582/675/1281 586/679/1289 585/680/1290
s 59
f 582/675/1284 583/677/1283 587/681/1291 586/679/1292
s 58
f 583/677/1286 584/678/1285 588/682/1293 587/681/1294
s 60
f 584/678/1288 581/676/1287 585/680/1295 588/682/1296
s 57
f 585/680/1290 586/679/1289 590/683/1297 589/684/1298
s 59
f 586/679/1292 587/681/1291 591/685/1299 590/683/1300
s 58
f 587/681/1294 588/682/1293 592/686/1301 591/685/1302
s 60
f 588/682/1296 585/680/1295 589/684/1303 592/686/1304
s 57
f 589/684/1298 590/683/1297 594/687/1305 593/688/1306
s 59
f 590/683/1300 591/685/1299 595/689/1307 594/687/1308
s 58
f 591/685/1302 592/686/1301 596/690/1309 595/689/1310
s 60
f 592/686/1304 589/684/1303 593/688/1311 596/690/1312
s 57
f 593/688/1306 594/687/1305 598/650/1313 597/649/1314
s 59
f 594/687/1308 595/689/1307 599/651/1315 598/650/1316
s 58
f 595/689/1310 596/690/1309 600/652/1317 599/651/1318
s 60
f 596/690/1312 593/688/1311 597/649/1319 600/652/1320
s 61
f 601/691/1321 602/692/1322 604/693/1323 603/694/1324
s off
f 637/695/1325 638/696/1326 639/697/1327 640/698/1328
s 62
f 605/699/1329 606/700/1330 608/701/1331 607/702/1332
s off
f 607/702/1333 608/701/1334 602/703/1335 601/704/1336
s 63
f 602/692/1337 608/705/1338 606/706/1339 604/693/1340
s 64
f 607/707/1341 601/691/1342 603/694/1343 605/708/1344
s 61
f 603/694/1324 604/693/1323 610/709/1345 609/710/1346
s 63
f 604/693/1340 606/700/1339 611/711/1347 610/709/1348
s 62
f 606/700/1330 605/699/1329 612/712/1349 611/711/1350
s 64
f 605/699/1344 603/694/1343 609/710/1351 612/712/1352
s 61
f 609/710/1346 610/709/1345 614/713/1353 613/714/1354
s 63
f 610/709/1348 611/711/1347 615/715/1355 614/713/1356
s 62
f 611/711/1350 612/712/1349 616/716/1357 615/715/1358
s 64
f 612/712/1352 609/710/1351 613/714/1359 616/716/1360
s 61
f 613/714/1354 614/713/1353 618/717/1361 617/718/1362
s 63
f 614/713/1356 615/715/1355 619/719/1363 618/717/1364
s 62
f 615/715/1358 616/716/1357 620/720/1365 619/719/1366
s 64
f 616/716/1360 613/714/1359 617/718/1367 620/720/1368
s 61
f 617/718/1362 618/717/1361 622/721/1369 621/722/1370
s 63
f 618/717/1364 619/719/1363 623/723/1371 622/721/1372
s 62
f 619/719/1366 620/720/1365 624/724/1373 623/723/1374
s 64
f 620/720/1368 617/718/1367 621/722/1375 624/724/1376
s 61
f 621/722/1370 622/721/1369 626/725/1377 625/726/1378
s 63
f 622/721/1372 623/723/1371 627/727/1379 626/725/1380
s 62
f 623/723/1374 624/724/1373 628/728/1381 627/727/1382
s 64
f 624/724/1376 621/722/1375 625/726/1383 628/728/1384
s 61
f 625/726/1378 626/725/1377 630/729/1385 629/730/1386
s 63
f 626/725/1380 627/727/1379 631/731/1387 630/729/1388
s 62
f 627/727/1382 628/728/1381 632/732/1389 631/731/1390
s 64
f 628/728/1384 625/726/1383 629/730/1391 632/732/1392
s 61
f 629/730/1386 630/729/1385 634/733/1393 633/734/1394
s 63
f 630/729/1388 631/731/1387 635/735/1395 634/733/1396
s 62
f 631/731/1390 632/732/1389 636/736/1397 635/735/1398
s 64
f 632/732/1392 629/730/1391 633/734/1399 636/736/1400
s 61
f 633/734/1394 634/733/1393 638/696/1401 637/695/1402
s 63
f 634/733/1396 635/735/1395 639/697/1403 638/696/1404
s 62
f 635/735/1398 636/736/1397 640/698/1405 639/697/1406
s 64
f 636/736/1400 633/734/1399 637/695/1407 640/698/1408
s 65
f 641/737/1409 642/738/1410 644/739/1411 643/740/1412
s off
f 677/741/1413 678/742/1414 679/743/1415 680/744/1416
s 66
f 645/745/1417 646/746/1418 648/747/1419 647/748/1420
s off
f 647/748/1421 648/747/1422 642/749/1423 641/750/1424
s 67
f 642/738/1425 648/751/1426 646/752/1427 644/739/1428
s 68
f 647/753/1429 641/737/1430 643/740/1431 645/754/1432
s 65
f 643/740/1412 644/739/1411 650/755/1433 649/756/1434
s 67
f 644/739/1428 646/746/1427 651/757/1435 650/755/1436
s 66
f 646/746/1418 645/745/1417 652/758/1437 651/757/1438
s 68
f 645/745/1432 643/740/1431 649/756/1439 652/758/1440
s 65
f 649/756/1434 650/755/1433 654/759/1441 653/760/1442
s 67
f 650/755/1436 651/757/1435 655/761/1443 654/759/1444
s 66
f 651/757/1438 652/758/1437 656/762/1445 655/761/1446
s 68
f 652/758/1440 649/756/1439 653/760/1447 656/762/1448
s 65
f 653/760/1442 654/759/1441 658/763/1449 657/764/1450
s 67
f 654/759/1444 655/761/1443 659/765/1451 658/763/1452
s 66
f 655/761/1446 656/762/1445 660/766/1453 659/765/1454
s 68
f 656/762/1448 653/760/1447 657/764/1455 660/766/1456
s 65
f 657/764/1450 658/763/1449 662/767/1457 661/768/1458
s 67
f 658/763/1452 659/765/1451 663/769/1459 662/767/1460
s 66
f 659/765/1454 660/766/1453 664/770/1461 663/769/1462
s 68
f 660/766/1456 657/764/1455 661/768/1463 664/770/1464
s 65
f 661/768/1458 662/767/1457 666/771/1465 665/772/1466
s 67
f 662/767/1460 663/769/1459 667/773/1467 666/771/1468
s 66
f 663/769/1462 664/770/1461 668/774/1469 667/773/1470
s 68
f 664/770/1464 661/768/1463 665/772/1471 668/774/1472
s 65
f 665/772/1466 666/771/1465 670/775/1473 669/776/1474
s 67
f 666/771/1468 667/773/1467 671/777/1475 670/775/1476
s 66
f 667/773/1470 668/774/1469 672/778/1477 671/777/1478
s 68
f 668/774/1472 665/772/1471 669/776/1479 672/778/1480
s 65
f 669/776/1474 670/775/1473 674/779/1481 673/780/1482
s 67
f 670/775/1476 671/777/1475 675/781/1483 674/779/1484
s 66
f 671/777/1478 672/778/1477 676/782/1485 675/781/1486
s 68
f 672/778/1480 669/776/1479 673/780/1487 676/782/1488
s 65
f 673/780/1482 674/779/1481 678/742/1489 677/741/1490
s 67
f 674/779/1484 675/781/1483 679/743/1491 678/742/1492
s 66
f 675/781/1486 676/782/1485 680/744/1493 679/743/1494
s 68
f 676/782/1488 673/780/1487 677/741/1495 680/744/1496
s 69
f 681/783/1497 682/784/1498 684/785/1499 683/786/1500
s off
f 717/787/1501 718/788/1502 719/789/1503 720/790/1504
s 70
f 685/791/1505 686/792/1506 688/793/1507 687/794/1508
s off
f 687/794/1509 688/793/1510 682/795/1511 681/796/1512
s 71
f 682/784/1513 688/797/1514 686/798/1515 684/785/1516
s 72
f 687/799/1517 681/783/1518 683/786/1519 685/800/1520
s 69
f 683/786/1500 684/785/1499 690/801/1521 689/802/1522
s 71
f 684/785/1516 686/792/1515 691/803/1523 690/801/1524
s 70
f 686/792/1506 685/791/1505 692/804/1525 691/803/1526
s 72
f 685/791/1520 683/786/1519 689/802/1527 692/804/1528
s 69
f 689/802/1522 690/801/1521 694/805/1529 693/806/1530
s 71
f 690/801/1524 691/803/1523 695/807/1531 694/805/1532
s 70
f 691/803/1526 692/804/1525 696/808/1533 695/807/1534
s 72
f 692/804/1528 689/802/1527 693/806/1535 696/808/1536
s 69
f 693/806/1530 694/805/1529 698/809/1537 697/810/1538
s 71
f 694/805/1532 695/807/1531 699/811/1539 698/809/1540
s 70
f 695/807/1534 696/808/1533 700/812/1541 699/811/1542
s 72
f 696/808/1536 693/806/1535 697/810/1543 700/812/1544
s 69
f 697/810/1538 698/809/1537 702/813/1545 701/814/1546
s 71
f 698/809/1540 699/811/1539 703/815/1547 702/813/1548
s 70
f 699/811/1542 700/812/1541 704/816/1549 703/815/1550
s 72
f 700/812/1544 697/810/1543 701/814/1551 704/816/1552
s 69
f 701/814/1546 702/813/1545 706/817/1553 705/818/1554
s 71
f 702/813/1548 703/815/1547 707/819/1555 706/817/1556
s 70
f 703/815/1550 704/816/1549 708/820/1557 707/819/1558
s 72
f 704/816/1552 701/814/1551 705/818/1559 708/820/1560
s 69
f 705/818/1554 706/817/1553 710/821/1561 709/822/1562
s 71
f 706/817/1556 707/819/1555 711/823/1563 710/821/1564
s 70
f 707/819/1558 708/820/1557 712/824/1565 711/823/1566
s 72
f 708/820/1560 705/818/1559 709/822/1567 712/824/1568
s 69
f 709/822/1562 710/821/1561 714/825/1569 713/826/1570
s 71
f 710/821/1564 711/823/1563 715/827/1571 714/825/1572
s 70
f 711/823/1566 712/824/1565 716/828/1573 715/827/1574
s 72
f 712/824/1568 709/822/1567 713/826/1575 716/828/1576
s 69
f 713/826/1570 714/825/1569 718/788/1577 717/787/1578
s 71
f 714/825/1572 715/827/1571 719/789/1579 718/788/1580
s 70
f 715/827/1574 716/828/1573 720/790/1581 719/789/1582
s 72
f 716/828/1576 713/826/1575 717/787/1583 720/790/1584
s 73
f 721/829/1585 722/830/1586 724/831/1587 723/832/1588
s off
f 757/833/1589 758/834/1590 759/835/1591 760/836/1592
s 74
f 725/837/1593 726/838/1594 728/839/1595 727/840/1596
s off
f 727/840/1597 728/839/1598 722/841/1599 721/842/1600
s 75
f 722/830/1601 728/843/1602 726/844/1603 724/831/1604
s 76
f 727/845/1605 721/829/1606 723/832/1607 725/846/1608
s 73
f 723/832/1588 724/831/1587 730/847/1609 729/848/1610
s 75
f 724/831/1604 726/838/1603 731/849/1611 730/847/1612
s 74
f 726/838/1594 725/837/1593 732/850/1613 731/849/1614
s 76
f 725/837/1608 723/832/1607 729/848/1615 732/850/1616
s 73
f 729/848/1610 730/847/1609 734/851/1617 733/852/1618
s 75
f 730/847/1612 731/849/1611 735/853/1619 734/851/1620
s 74
f 731/849/1614 732/850/1613 736/854/1621 735/853/1622
s 76
f 732/850/1616 729/848/1615 733/852/1623 736/854/1624
s 73
f 733/852/1618 734/851/1617 738/855/1625 737/856/1626
s 75
f 734/851/1620 735/853/1619 739/857/1627 738/855/1628
s 74
f 735/853/1622 736/854/1621 740/858/1629 739/857/1630
s 76
f 736/854/1624 733/852/1623 737/856/1631 740/858/1632
s 73
f 737/856/1626 738/855/1625 742/859/1633 741/860/1634
s 75
f 738/855/1628 739/857/1627 743/861/1635 742/859/1636
s 74
f 739/857/1630 740/858/1629 744/862/1637 743/861/1638
s 76
f 740/858/1632 737/856/1631 741/860/1639 744/862/1640
s 73
f 741/860/1634 742/859/1633 746/863/1641 745/864/1642
s 75
f 742/859/1636 743/861/1635 747/865/1643 746/863/1644
s 74
f 743/861/1638 744/862/1637 748/866/1645 747/865/1646
s 76
f 744/862/1640 741/860/1639 745/864/1647 748/866/1648
s 73
f 745/864/1642 746/863/1641 750/867/1649 749/868/1650
s 75
f 746/863/1644 747/865/1643 751/869/1651 750/867/1652
s 74
f 747/865/1646 748/866/1645 752/870/1653 751/869/1654
s 76
f 748/866/1648 745/864/1647 749/868/1655 752/870/1656
s 73
f 749/868/1650 750/867/1649 754/871/1657 753/872/1658
s 75
f 750/867/1652 751/869/1651 755/873/1659 754/871/1660
s 74
f 751/869/1654 752/870/1653 756/874/1661 755/873/1662
s 76
f 752/870/1656 749/868/1655 753/872/1663 756/874/1664
s 73
f 753/872/1658 754/871/1657 758/834/1665 757/833/1666
s 75
f 754/871/1660 755/873/1659 759/835/1667 758/834/1668
s 74
f 755/873/1662 756/874/1661 760/836/1669 759/835/1670
s 76
f 756/874/1664 753/872/1663 757/833/1671 760/836/1672
s 77
f 761/875/1673 762/876/1674 764/877/1675 763/878/1676
s off
f 797/879/1677 798/880/1678 799/881/1679 800/882/1680
s 78
f 765/883/1681 766/884/1682 768/885/1683 767/886/1684
s off
f 767/886/1685 768/885/1686 762/887/1687 761/888/1688
s 79
f 762/876/1689 768/889/1690 766/890/1691 764/877/1692
s 80
f 767/891/1693 761/875/1694 763/878/1695 765/892/1696
s 77
f 763/878/1676 764/877/1675 770/893/1697 769/894/1698
s 79
f 764/877/1692 766/884/1691 771/895/1699 770/893/1700
s 78
f 766/884/1682 765/883/1681 772/896/1701 771/895/1702
s 80
f 765/883/1696 763/878/1695 769/894/1703 772/896/1704
s 77
f 769/894/1698 770/893/1697 774/897/1705 773/898/1706
s 79
f 770/893/1700 771/895/1699 775/899/1707 774/897/1708
s 78
f 771/895/1702 772/896/1701 776/900/1709 775/899/1710
s 80
f 772/896/1704 769/894/1703 773/898/1711 776/900/1712
s 77
f 773/898/1706 774/897/1705 778/901/1713 777/902/1714
s 79
f 774/897/1708 775/899/1707 779/903/1715 778/901/1716
s 78
f 775/899/1710 776/900/1709 780/904/1717 779/903/1718
s 80
f 776/900/1712 773/898/1711 777/902/1719 780/904/1720
s 77
f 777/902/1714 778/901/1713 782/905/1721 781/906/1722
s 79
f 778/901/1716 779/903/1715 783/907/1723 782/905/1724
s 78
f 779/903/1718 780/904/1717 784/908/1725 783/907/1726
s 80
f 780/904/1720 777/902/1719 781/906/1727 784/908/1728
s 77
f 781/906/1722 782/905/1721 786/909/1729 785/910/1730
s 79
f 782/905/1724 783/907/1723 787/911/1731 786/909/1732
s 78
f 783/907/1726 784/908/1725 788/912/1733 787/911/1734
s 80
f 784/908/1728 781/906/1727 785/910/1735 788/912/1736
s 77
f 785/910/1730 786/909/1729 790/913/1737 789/914/1738
s 79
f 786/909/1732 787/911/1731 791/915/1739 790/913/1740
s 78
f 787/911/1734 788/912/1733 792/916/1741 791/915/1742
s 80
f 788/912/1736 785/910/1735 789/914/1743 792/916/1744
s 77
f 789/914/1738 790/913/1737 794/917/1745 793/918/1746
s 79
f 790/913/1740 791/915/1739 795/919/1747 794/917/1748
s 78
f 791/915/1742 792/916/1741 796/920/1749 795/919/1750
s 80
f 792/916/1744 789/914/1743 793/918/1751 796/920/1752
s 77
f 793/918/1746 794/917/1745 798/880/1753 797/879/1754
s 79
f 794/917/1748 795/919/1747 799/881/1755 798/880/1756
s 78
f 795/919/1750 796/920/1749 800/882/1757 799/881/1758
s 80
f 796/920/1752 793/918/1751 797/879/1759 800/882/1760
s 81
f 801/921/1761 802/922/1762 804/923/1763 803/924/1764
s off
f 837/925/1765 838/926/1766 839/927/1767 840/928/1768
s 82
f 805/929/1769 806/930/1770 808/931/1771 807/932/1772
s off
f 807/932/1773 808/931/1774 802/933/1775 801/934/1776
s 83
f 802/922/1777 808/935/1778 806/936/1779 804/923/1780
s 84
f 807/937/1781 801/921/1782 803/924/1783 805/938/1784
s 81
f 803/924/1764 804/923/1763 810/939/1785 809/940/1786
s 83
f 804/923/1780 806/930/1779 811/941/1787 810/939/1788
s 82
f 806/930/1770 805/929/1769 812/942/1789 811/941/1790
s 84
f 805/929/1784 803/924/1783 809/940/1791 812/942/1792
s 81
f 809/940/1786 810/939/1785 814/943/1793 813/944/1794
s 83
f 810/939/1788 811/941/1787 815/945/1795 814/943/1796
s 82
f 811/941/1790 812/942/1789 816/946/1797 815/945/1798
s 84
f 812/942/1792 809/940/1791 813/944/1799 816/946/1800
s 81
f 813/944/1794 814/943/1793 818/947/1801 817/948/1802
s 83
f 814/943/1796 815/945/1795 819/949/1803 818/947/1804
s 82
f 815/945/1798 816/946/1797 820/950/1805 819/949/1806
s 84
f 816/946/1800 813/944/1799 817/948/1807 820/950/1808
s 81
f 817/948/1802 818/947/1801 822/951/1809 821/952/1810
s 83
f 818/947/1804 819/949/1803 823/953/1811 822/951/1812
s 82
f 819/949/1806 820/950/1805 824/954/1813 823/953/1814
s 84
f 820/950/1808 817/948/1807 821/952/1815 824/954/1816
s 81
f 821/952/1810 822/951/1809 826/955/1817 825/956/1818
s 83
f 822/951/1812 823/953/1811 827/957/1819 826/955/1820
s 82
f 823/953/1814 824/954/1813 828/958/1821 827/957/1822
s 84
f 824/954/1816 821/952/1815 825/956/1823 828/958/1824
s 81
f 825/956/1818 826/955/1817 830/959/1825 829/960/1826
s 83
f 826/955/1820 827/957/1819 831/961/1827 830/959/1828
s 82
f 827/957/1822 828/958/1821 832/962/1829 831/961/1830
s 84
f 828/958/1824 825/956/1823 829/960/1831 832/962/1832
s 81
f 829/960/1826 830/959/1825 834/963/1833 833/964/1834
s 83
f 830/959/1828 831/961/1827 835/965/1835 834/963/1836
s 82
f 831/961/1830 832/962/1829 836/966/1837 835/965/1838
s 84
f 832/962/1832 829/960/1831 833/964/1839 836/966/1840
s 81
f 833/964/1834 834/963/1833 838/926/1841 837/925/1842
s 83
f 834/963/1836 835/965/1835 839/927/1843 838/926/1844
s 82
f 835/965/1838 836/966/1837 840/928/1845 839/927/1846
s 84
f 836/966/1840 833/964/1839 837/925/1847 840/928/1848
s 85
f 841/967/1849 842/968/1850 844/969/1851 843/970/1852
s off
f 877/971/1853 878/972/1854 879/973/1855 880/974/1856
s 86
f 845/975/1857 846/976/1858 848/977/1859 847/978/1860
s off
f 847/978/1861 848/977/1862 842/979/1863 841/980/1864
s 87
f 842/968/1865 848/981/1866 846/982/1867 844/969/1868
s 88
f 847/983/1869 841/967/1870 843/970/1871 845/984/1872
s 85
f 843/970/1852 844/969/1851 850/985/1873 849/986/1874
s 87
f 844/969/1868 846/976/1867 851/987/1875 850/985/1876
s 86
f 846/976/1858 845/975/1857 852/988/1877 851/987/1878
s 88
f 845/975/1872 843/970/1871 849/986/1879 852/988/1880
s 85
f 849/986/1874 850/985/1873 854/989/1881 853/990/1882
s 87
f 850/985/1876 851/987/1875 855/991/1883 854/989/1884
s 86
f 851/987/1878 852/988/1877 856/992/1885 855/991/1886
s 88
f 852/988/1880 849/986/1879 853/990/1887 856/992/1888
s 85
f 853/990/1882 854/989/1881 858/993/1889 857/994/1890
s 87
f 854/989/1884 855/991/1883 859/995/1891 858/993/1892
s 86
f 855/991/1886 856/992/1885 860/996/1893 859/995/1894
s 88
f 856/992/1888 853/990/1887 857/994/1895 860/996/1896
s 85
f 857/994/1890 858/993/1889 862/997/1897 861/998/1898
s 87
f 858/993/1892 859/995/1891 863/999/1899 862/997/1900
s 86
f 859/995/1894 860/996/1893 864/1000/1901 863/999/1902
s 88
f 860/996/1896 857/994/1895 861/998/1903 864/1000/1904
s 85
f 861/998/1898 862/997/1897 866/1001/1905 865/1002/1906
s 87
f 862/997/1900 863/999/1899 867/1003/1907 866/1001/1908
s 86
f 863/999/1902 864/1000/1901 868/1004/1909 867/1003/1910
s 88
f 864/1000/1904 861/998/1903 865/1002/1911 868/1004/1912
s 85
f 865/1002/1906 866/1001/1905 870/1005/1913 869/1006/1914
s 87
f 866/1001/1908 867/1003/1907 871/1007/1915 870/1005/1916
s 86
f 867/1003/1910 868/1004/1909 872/1008/1917 871/1007/1918
s 88
f 868/1004/1912 865/1002/1911 869/1006/1919 872/1008/1920
s 85
f 869/1006/1914 870/1005/1913 874/1009/1921 873/1010/1922
s 87
f 870/1005/1916 871/1007/1915 875/1011/1923 874/1009/1924
s 86
f 871/1007/1918 872/1008/1917 876/1012/1925 875/1011/1926
s 88
f 872/1008/1920 869/1006/1919 873/1010/1927 876/1012/1928
s 85
f 873/1010/1922 874/1009/1921 878/972/1929 877/971/1930
s 87
f 874/1009/1924 875/1011/1923 879/973/1931 878/972/1932
s 86
f 875/1011/1926 876/1012/1925 880/974/1933 879/973/1934
s 88
f 876/1012/1928 873/1010/1927 877/971/1935 880/974/1936
s 89
f 881/1013/1937 882/1014/1938 884/1015/1939 883/1016/1940
s off
f 917/1017/1941 918/1018/1942 919/1019/1943 920/1020/1944
s 90
f 885/1021/1945 886/1022/1946 888/1023/1947 887/1024/1948
s off
f 887/1024/1949 888/1023/1950 882/1025/1951 881/1026/1952
s 91
f 882/1014/1953 888/1027/1954 886/1028/1955 884/1015/1956
s 92
f 887/1029/1957 881/1013/1958 883/1016/1959 885/1030/1960
s 89
f 883/1016/1940 884/1015/1939 890/1031/1961 889/1032/1962
s 91
f 884/1015/1956 886/1022/1955 891/1033/1963 890/1031/1964
s 90
f 886/1022/1946 885/1021/1945 892/1034/1965 891/1033/1966
s 92
f 885/1021/1960 883/1016/1959 889/1032/1967 892/1034/1968
s 89
f 889/1032/1962 890/1031/1961 894/1035/1969 893/1036/1970
s 91
f 890/1031/1964 891/1033/1963 895/1037/1971 894/1035/1972
s 90
f 891/1033/1966 892/1034/1965 896/1038/1973 895/1037/1974
s 92
f 892/1034/1968 889/1032/1967 893/1036/1975 896/1038/1976
s 89
f 893/1036/1970 894/1035/1969 898/1039/1977 897/1040/1978
s 91
f 894/1035/1972 895/1037/1971 899/1041/1979 898/1039/1980
s 90
f 895/1037/1974 896/1038/1973 900/1042/1981 899/1041/1982
s 92
f 896/1038/1976 893/1036/1975 897/1040/1983 900/1042/1984
s 89
f 897/1040/1978 898/1039/1977 902/1043/1985 901/1044/1986
s 91
f 898/1039/1980 899/1041/1979 903/1045/1987 902/1043/1988
s 90
f 899/1041/1982 900/1042/1981 904/1046/1989 903/1045/1990
s 92
f 900/1042/1984 897/1040/1983 901/1044/1991 904/1046/1992
s 89
f 901/1044/1986 902/1043/1985 906/1047/1993 905/1048/1994
s 91
f 902/1043/1988 903/1045/1987 907/1049/1995 906/1047/1996
s 90
f 903/1045/1990 904/1046/1989 908/1050/1997 907/1049/1998
s 92
f 904/1046/1992 901/1044/1991 905/1048/1999 908/1050/2000
s 89
f 905/1048/1994 906/1047/1993 910/1051/2001 909/1052/2002
s 91
f 906/1047/1996 907/1049/1995 911/1053/2003 910/1051/2004
s 90
f 907/1049/1998 908/1050/1997 912/1054/2005 911/1053/2006
s 92
f 908/1050/2000 905/1048/1999 909/1052/2007 912/1054/2008
s 89
f 909/1052/2002 910/1051/2001 914/1055/2009 913/1056/2010
s 91
f 910/1051/2004 911/1053/2003 915/1057/2011 914/1055/2012
s 90
f 911/1053/2006 912/1054/2005 916/1058/2013 915/1057/2014
s 92
f 912/1054/2008 909/1052/2007 913/1056/2015 916/1058/2016
s 89
f 913/1056/2010 914/1055/2009 918/1018/2017 917/1017/2018
s 91
f 914/1055/2012 915/1057/2011 919/1019/2019 918/1018/2020
s 90
f 915/1057/2014 916/1058/2013 920/1020/2021 919/1019/2022
s 92
f 916/1058/2016 913/1056/2015 917/1017/2023 920/1020/2024
s 93
f 921/1059/2025 922/1060/2026 924/1061/2027 923/1062/2028
s off
f 957/1063/2029 958/1064/2030 959/1065/2031 960/1066/2032
s 94
f 925/1067/2033 926/1068/2034 928/1069/2035 927/1070/2036
s off
f 927/1070/2037 928/1069/2038 922/1071/2039 921/1072/2040
s 95
f 922/1060/2041 928/1073/2042 926/1074/2043 924/1061/2044
s 96
f 927/1075/2045 921/1059/2046 923/1062/2047 925/1076/2048
s 93
f 923/1062/2028 924/1061/2027 930/1077/2049 929/1078/2050
s 95
f 924/1061/2044 926/1068/2043 931/1079/2051 930/1077/2052
s 94
f 926/1068/2034 925/1067/2033 932/1080/2053 931/1079/2054
s 96
f 925/1067/2048 923/1062/2047 929/1078/2055 932/1080/2056
s 93
f 929/1078/2050 930/1077/2049 934/1081/2057 933/1082/2058
s 95
f 930/1077/2052 931/1079/2051 935/1083/2059 934/1081/2060
s 94
f 931/1079/2054 932/1080/2053 936/1084/2061 935/1083/2062
s 96
f 932/1080/2056 929/1078/2055 933/1082/2063 936/1084/2064
s 93
f 933/1082/2058 934/1081/2057 938/1085/2065 937/1086/2066
s 95
f 934/1081/2060 935/1083/2059 939/1087/2067 938/1085/2068
s 94
f 935/1083/2062 936/1084/2061 940/1088/2069 939/1087/2070
s 96
f 936/1084/2064 933/1082/2063 937/1086/2071 940/1088/2072
s 93
f 937/1086/2066 938/1085/2065 942/1089/2073 941/1090/2074
s 95
f 938/1085/2068 939/1087/2067 943/1091/2075 942/1089/2076
s 94
f 939/1087/2070 940/1088/2069 944/1092/2077 943/1091/2078
s 96
f 940/1088/2072 937/1086/2071 941/1090/2079 944/1092/2080
s 93
f 941/1090/2074 942/1089/2073 946/1093/2081 945/1094/2082
s 95
f 942/1089/2076 943/1091/2075 947/1095/2083 946/1093/2084
s 94
f 943/1091/2078 944/1092/2077 948/1096/2085 947/1095/2086
s 96
f 944/1092/2080 941/1090/2079 945/1094/2087 948/1096/2088
s 93
f 945/1094/2082 946/1093/2081 950/1097/2089 949/1098/2090
s 95
f 946/1093/2084 947/1095/2083 951/1099/2091 950/1097/2092
s 94
f 947/1095/2086 948/1096/2085 952/1100/2093 951/1099/2094
s 96
f 948/1096/2088 945/1094/2087 949/1098/2095 952/1100/2096
s 93
f 949/1098/2090 950/1097/2089 954/1101/2097 953/1102/2098
s 95
f 950/1097/2092 951/1099/2091 955/1103/2099 954/1101/2100
s 94
f 951/1099/2094 952/1100/2093 956/1104/2101 955/1103/2102
s 96
f 952/1100/2096 949/1098/2095 953/1102/2103 956/1104/2104
s 93
f 953/1102/2098 954/1101/2097 958/1064/2105 957/1063/2106
s 95
f 954/1101/2100 955/1103/2099 959/1065/2107 958/1064/2108
s 94
f 955/1103/2102 956/1104/2101 960/1066/2109 959/1065/2110
s 96
f 956/1104/2104 953/1102/2103 957/1063/2111 960/1066/2112
s 97
f 961/1105/2113 962/1106/2114 964/1107/2115 963/1108/2116
s off
f 997/1109/2117 998/1110/2118 999/1111/2119 1000/1112/2120
s 98
f 965/1113/2121 966/1114/2122 968/1115/2123 967/1116/2124
s off
f 967/1116/2125 968/1115/2126 962/1117/2127 961/1118/2128
s 99
f 962/1106/2129 968/1119/2130 966/1120/2131 964/1107/2132
s 100
f 967/1121/2133 961/1105/2134 963/1108/2135 965/1122/2136
s 97
f 963/1108/2116 964/1107/2115 970/1123/2137 969/1124/2138
s 99
f 964/1107/2132 966/1114/2131 971/1125/2139 970/1123/2140
s 98
f 966/1114/2122 965/1113/2121 972/1126/2141 971/1125/2142
s 100
f 965/1113/2136 963/1108/2135 969/1124/2143 972/1126/2144
s 97
f 969/1124/2138 970/1123/2137 974/1127/2145 973/1128/2146
s 99
f 970/1123/2140 971/1125/2139 975/1129/2147 974/1127/2148
s 98
f 971/1125/2142 972/1126/2141 976/1130/2149 975/1129/2150
s 100
f 972/1126/2144 969/1124/2143 973/1128/2151 976/1130/2152
s 97
f 973/1128/2146 974/1127/2145 978/1131/2153 977/1132/2154
s 99
f 974/1127/2148 975/1129/2147 979/1133/2155 978/1131/2156
s 98
f 975/1129/2150 976/1130/2149 980/1134/2157 979/1133/2158
s 100
f 976/1130/2152 973/1128/2151 977/1132/2159 980/1134/2160
s 97
f 977/1132/2154 978/1131/2153 982/1135/2161 981/1136/2162
s 99
f 978/1131/2156 979/1133/2155 983/1137/2163 982/1135/2164
s 98
f 979/1133/2158 980/1134/2157 984/1138/2165 983/1137/2166
s 100
f 980/1134/2160 977/1132/2159 981/1136/2167 984/1138/2168
s 97
f 981/1136/2162 982/1135/2161 986/1139/2169 985/1140/2170
s 99
f 982/1135/2164 983/1137/2163 987/1141/2171 986/1139/2172
s 98
f 983/1137/2166 984/1138/2165 988/1142/2173 987/1141/2174
s 100
f 984/1138/2168 981/1136/2167 985/1140/2175 988/1142/2176
s 97
f 985/1140/2170 986/1139/2169 990/1143/2177 989/1144/2178
s 99
f 986/1139/2172 987/1141/2171 991/1145/2179 990/1143/2180
s 98
f 987/1141/2174 988/1142/2173 992/1146/2181 991/1145/2182
s 100
f 988/1142/2176 985/1140/2175 989/1144/2183 992/1146/2184
s 97
f 989/1144/2178 990/1143/2177 994/1147/2185 993/1148/2186
s 99
f 990/1143/2180 991/1145/2179 995/1149/2187 994/1147/2188
s 98
f 991/1145/2182 992/1146/2181 996/1150/2189 995/1149/2190
s 100
f 992/1146/2184 989/1144/2183 993/1148/2191 996/1150/2192
s 97
f 993/1148/2186 994/1147/2185 998/1110/2193 997/1109/2194
s 99
f 994/1147/2188 995/1149/2187 999/1111/2195 998/1110/2196
s 98
f 995/1149/2190 996/1150/2189 1000/1112/2197 999/1111/2198
s 100
f 996/1150/2192 993/1148/2191 997/1109/2199 1000/1112/2200
s 101
f 1001/1151/2201 1002/1152/2202 1004/1153/2203 1003/1154/2204
s off
f 1037/1155/2205 1038/1156/2206 1039/1157/2207 1040/1158/2208
s 102
f 1005/1159/2209 1006/1160/2210 1008/1161/2211 1007/1162/2212
s off
f 1007/1162/2213 1008/1161/2214 1002/1163/2215 1001/1164/2216
s 103
f 1002/1152/2217 1008/1165/2218 1006/1166/2219 1004/1153/2220
s 104
f 1007/1167/2221 1001/1151/2222 1003/1154/2223 1005/1168/2224
s 101
f 1003/1154/2204 1004/1153/2203 1010/1169/2225 1009/1170/2226
s 103
f 1004/1153/2220 1006/1160/2219 1011/1171/2227 1010/1169/2228
s 102
f 1006/1160/2210 1005/1159/2209 1012/1172/2229 1011/1171/2230
s 104
f 1005/1159/2224 1003/1154/2223 1009/1170/2231 1012/1172/2232
s 101
f 1009/1170/2226 1010/1169/2225 1014/1173/2233 1013/1174/2234
s 103
f 1010/1169/2228 1011/1171/2227 1015/1175/2235 1014/1173/2236
s 102
f 1011/1171/2230 1012/1172/2229 1016/1176/2237 1015/1175/2238
s 104
f 1012/1172/2232 1009/1170/2231 1013/1174/2239 1016/1176/2240
s 101
f 1013/1174/2234 1014/1173/2233 1018/1177/2241 1017/1178/2242
s 103
f 1014/1173/2236 1015/1175/2235 1019/1179/2243 1018/1177/2244
s 102
f 1015/1175/2238 1016/1176/2237 1020/1180/2245 1019/1179/2246
s 104
f 1016/1176/2240 1013/1174/2239 1017/1178/2247 1020/1180/2248
s 101
f 1017/1178/2242 1018/1177/2241 1022/1181/2249 1021/1182/2250
s 103
f 1018/1177/2244 1019/1179/2243 1023/1183/2251 1022/1181/2252
s 102
f 1019/1179/2246 1020/1180/2245 1024/1184/2253 1023/1183/2254
s 104
f 1020/1180/2248 1017/1178/2247 1021/1182/2255 1024/1184/2256
s 101
f 1021/1182/2250 1022/1181/2249 1026/1185/2257 1025/1186/2258
s 103
f 1022/1181/2252 1023/1183/2251 1027/1187/2259 1026/1185/2260
s 102
f 1023/1183/2254 1024/1184/2253 1028/1188/2261 1027/1187/2262
s 104
f 1024/1184/2256 1021/1182/2255 1025/1186/2263 1028/1188/2264
s 101
f 1025/1186/2258 1026/1185/2257 1030/1189/2265 1029/1190/2266
s 103
f 1026/1185/2260 1027/1187/2259 1031/1191/2267 1030/1189/2268
s 102
f 1027/1187/2262 1028/1188/2261 1032/1192/2269 1031/1191/2270
s 104
f 1028/1188/2264 1025/1186/2263 1029/1190/2271 1032/1192/2272
s 101
f 1029/1190/2266 1030/1189/2265 1034/1193/2273 1033/1194/2274
s 103
f 1030/1189/2268 1031/1191/2267 1035/1195/2275 1034/1193/2276
s 102
f 1031/1191/2270 1032/1192/2269 1036/1196/2277 1035/1195/2278
s 104
f 1032/1192/2272 1029/1190/2271 1033/1194/2279 1036/1196/2280
s 101
f 1033/1194/2274 1034/1193/2273 1038/1156/2281 1037/1155/2282
s 103
f 1034/1193/2276 1035/1195/2275 1039/1157/2283 1038/1156/2284
s 102
f 1035/1195/2278 1036/1196/2277 1040/1158/2285 1039/1157/2286
s 104
f 1036/1196/2280 1033/1194/2279 1037/1155/2287 1040/1158/2288
s 105
f 1041/1197/2289 1042/1198/2290 1044/1199/2291 1043/1200/2292
s off
f 1077/1201/2293 1078/1202/2294 1079/1203/2295 1080/1204/2296
s 106
f 1045/1205/2297 1046/1206/2298 1048/1207/2299 1047/1208/2300
s off
f 1047/1208/2301 1048/1207/2302 1042/1209/2303 1041/1210/2304
s 107
f 1042/1198/2305 1048/1211/2306 1046/1212/2307 1044/1199/2308
s 108
f 1047/1213/2309 1041/1197/2310 1043/1200/2311 1045/1214/2312
s 105
f 1043/1200/2292 1044/1199/2291 1050/1215/2313 1049/1216/2314
s 107
f 1044/1199/2308 1046/1206/2307 1051/1217/2315 1050/1215/2316
s 106
f 1046/1206/2298 1045/1205/2297 1052/1218/2317 1051/1217/2318
s 108
f 1045/1205/2312 1043/1200/2311 1049/1216/2319 1052/1218/2320
s 105
f 1049/1216/2314 1050/1215/2313 1054/1219/2321 1053/1220/2322
s 107
f 1050/1215/2316 1051/1217/2315 1055/1221/2323 1054/1219/2324
s 106
f 1051/1217/2318 1052/1218/2317 1056/1222/2325 1055/1221/2326
s 108
f 1052/1218/2320 1049/1216/2319 1053/1220/2327 1056/1222/2328
s 105
f 1053/1220/2322 1054/1219/2321 1058/1223/2329 1057/1224/2330
s 107
f 1054/1219/2324 1055/1221/2323 1059/1225/2331 1058/1223/2332
s 106
f 1055/1221/2326 1056/1222/2325 1060/1226/2333 1059/1225/2334
s 108
f 1056/1222/2328 1053/1220/2327 1057/1224/2335 1060/1226/2336
s 105
f 1057/1224/2330 1058/1223/2329 1062/1227/2337 1061/1228/2338
s 107
f 1058/1223/2332 1059/1225/2331 1063/1229/2339 1062/1227/2340
s 106
f 1059/1225/2334 1060/1226/2333 1064/1230/2341 1063/1229/2342
s 108
f 1060/1226/2336 1057/1224/2335 1061/1228/2343 1064/1230/2344
s 105
f 1061/1228/2338 1062/1227/2337 1066/1231/2345 1065/1232/2346
s 107
f 1062/1227/2340 1063/1229/2339 1067/1233/2347 1066/1231/2348
s 106
f 1063/1229/2342 1064/1230/2341 1068/1234/2349 1067/1233/2350
s 108
f 1064/1230/2344 1061/1228/2343 1065/1232/2351 1068/1234/2352
s 105
f 1065/1232/2346 1066/1231/2345 1070/1235/2353 1069/1236/2354
s 107
f 1066/1231/2348 1067/1233/2347 1071/1237/2355 1070/1235/2356
s 106
f 1067/1233/2350 1068/1234/2349 1072/1238/2357 1071/1237/2358
s 108
f 1068/1234/2352 1065/1232/2351 1069/1236/2359 1072/1238/2360
s 105
f 1069/1236/2354 1070/1235/2353 1074/1239/2361 1073/1240/2362
s 107
f 1070/1235/2356 1071/1237/2355 1075/1241/2363 1074/1239/2364
s 106
f 1071/1237/2358 1072/1238/2357 1076/1242/2365 1075/1241/2366
s 108
f 1072/1238/2360 1069/1236/2359 1073/1240/2367 1076/1242/2368
s 105
f 1073/1240/2362 1074/1239/2361 1078/1202/2369 1077/1201/2370
s 107
f 1074/1239/2364 1075/1241/2363 1079/1203/2371 1078/1202/2372
s 106
f 1075/1241/2366 1076/1242/2365 1080/1204/2373 1079/1203/2374
s 108
f 1076/1242/2368 1073/1240/2367 1077/1201/2375 1080/1204/2376
s 109
f 1081/1243/2377 1082/1244/2378 1084/1245/2379 1083/1246/2380
s off
f 1117/1247/2381 1118/1248/2382 1119/1249/2383 1120/1250/2384
s 110
f 1085/1251/2385 1086/1252/2386 1088/1253/2387 1087/1254/2388
s off
f 1087/1254/2389 1088/1253/2390 1082/1255/2391 1081/1256/2392
s 111
f 1082/1244/2393 1088/1257/2394 1086/1258/2395 1084/1245/2396
s 112
f 1087/1259/2397 1081/1243/2398 1083/1246/2399 1085/1260/2400
s 109
f 1083/1246/2380 1084/1245/2379 1090/1261/2401 1089/1262/2402
s 111
f 1084/1245/2396 1086/1252/2395 1091/1263/2403 1090/1261/2404
s 110
f 1086/1252/2386 1085/1251/2385 1092/1264/2405 1091/1263/2406
s 112
f 1085/1251/2400 1083/1246/2399 1089/1262/2407 1092/1264/2408
s 109
f 1089/1262/2402 1090/1261/2401 1094/1265/2409 1093/1266/2410
s 111
f 1090/1261/2404 1091/1263/2403 1095/1267/2411 1094/1265/2412
s 110
f 1091/1263/2406 1092/1264/2405 1096/1268/2413 1095/1267/2414
s 112
f 1092/1264/2408 1089/1262/2407 1093/1266/2415 1096/1268/2416
s 109
f 1093/1266/2410 1094/1265/2409 1098/1269/2417 1097/1270/2418
s 111
f 1094/1265/2412 1095/1267/2411 1099/1271/2419 1098/1269/2420
s 110
f 1095/1267/2414 1096/1268/2413 1100/1272/2421 1099/1271/2422
s 112
f 1096/1268/2416 1093/1266/2415 1097/1270/2423 1100/1272/2424
s 109
f 1097/1270/2418 1098/1269/2417 1102/1273/2425 1101/1274/2426
s 111
f 1098/1269/2420 1099/1271/2419 1103/1275/2427 1102/1273/2428
s 110
f 1099/1271/2422 1100/1272/2421 1104/1276/2429 1103/1275/2430
s 112
f 1100/1272/2424 1097/1270/2423 1101/1274/2431 1104/1276/2432
s 109
f 1101/1274/2426 1102/1273/2425 1106/1277/2433 1105/1278/2434
s 111
f 1102/1273/2428 1103/1275/2427 1107/1279/2435 1106/1277/2436
s 110
f 1103/1275/2430 1104/1276/2429 1108/1280/2437 1107/1279/2438
s 112
f 1104/1276/2432 1101/1274/2431 1105/1278/2439 1108/1280/2440
s 109
f 1105/1278/2434 1106/1277/2433 1110/1281/2441 1109/1282/2442
s 111
f 1106/1277/2436 1107/1279/2435 1111/1283/2443 1110/1281/2444
s 110
f 1107/1279/2438 1108/1280/2437 1112/1284/2445 1111/1283/2446
s 112
f 1108/1280/2440 1105/1278/2439 1109/1282/2447 1112/1284/2448
s 109
f 1109/1282/2442 1110/1281/2441 1114/1285/2449 1113/1286/2450
s 111
f 1110/1281/2444 1111/1283/2443 1115/1287/2451 1114/1285/2452
s 110
f 1111/1283/2446 1112/1284/2445 1116/1288/2453 1115/1287/2454
s 112
f 1112/1284/2448 1109/1282/2447 1113/1286/2455 1116/1288/2456
s 109
f 1113/1286/2450 1114/1285/2449 1118/1248/2457 1117/1247/2458
s 111
f 1114/1285/2452 1115/1287/2451 1119/1249/2459 1118/1248/2460
s 110
f 1115/1287/2454 1116/1288/2453 1120/1250/2461 1119/1249/2462
s 112
f 1116/1288/2456 1113/1286/2455 1117/1247/2463 1120/1250/2464
s 113
f 1121/1289/2465 1122/1290/2466 1124/1291/2467 1123/1292/2468
s off
f 1157/1293/2469 1158/1294/2470 1159/1295/2471 1160/1296/2472
s 114
f 1125/1297/2473 1126/1298/2474 1128/1299/2475 1127/1300/2476
s off
f 1127/1300/2477 1128/1299/2478 1122/1301/2479 1121/1302/2480
s 115
f 1122/1290/2481 1128/1303/2482 1126/1304/2483 1124/1291/2484
s 116
f 1127/1305/2485 1121/1289/2486 1123/1292/2487 1125/1306/2488
s 113
f 1123/1292/2468 1124/1291/2467 1130/1307/2489 1129/1308/2490
s 115
f 1124/1291/2484 1126/1298/2483 1131/1309/2491 1130/1307/2492
s 114
f 1126/1298/2474 1125/1297/2473 1132/1310/2493 1131/1309/2494
s 116
f 1125/1297/2488 1123/1292/2487 1129/1308/2495 1132/1310/2496
s 113
f 1129/1308/2490 1130/1307/2489 1134/1311/2497 1133/1312/2498
s 115
f 1130/1307/2492 1131/1309/2491 1135/1313/2499 1134/1311/2500
s 114
f 1131/1309/2494 1132/1310/2493 1136/1314/2501 1135/1313/2502
s 116
f 1132/1310/2496 1129/1308/2495 1133/1312/2503 1136/1314/2504
s 113
f 1133/1312/2498 1134/1311/2497 1138/1315/2505 1137/1316/2506
s 115
f 1134/1311/2500 1135/1313/2499 1139/1317/2507 1138/1315/2508
s 114
f 1135/1313/2502 1136/1314/2501 1140/1318/2509 1139/1317/2510
s 116
f 1136/1314/2504 1133/1312/2503 1137/1316/2511 1140/1318/2512
s 113
f 1137/1316/2506 1138/1315/2505 1142/1319/2513 1141/1320/2514
s 115
f 1138/1315/2508 1139/1317/2507 1143/1321/2515 1142/1319/2516
s 114
f 1139/1317/2510 1140/1318/2509 1144/1322/2517 1143/1321/2518
s 116
f 1140/1318/2512 1137/1316/2511 1141/1320/2519 1144/1322/2520
s 113
f 1141/1320/2514 1142/1319/2513 1146/1323/2521 1145/1324/2522
s 115
f 1142/1319/2516 1143/1321/2515 1147/1325/2523 1146/1323/2524
s 114
f 1143/1321/2518 1144/1322/2517 1148/1326/2525 1147/1325/2526
s 116
f 1144/1322/2520 1141/1320/2519 1145/1324/2527 1148/1326/2528
s 113
f 1145/1324/2522 1146/1323/2521 1150/1327/2529 1149/1328/2530
s 115
f 1146/1323/2524 1147/1325/2523 1151/1329/2531 1150/1327/2532
s 114
f 1147/1325/2526 1148/1326/2525 1152/1330/2533 1151/1329/2534
s 116
f 1148/1326/2528 1145/1324/2527 1149/1328/2535 1152/1330/2536
s 113
f 1149/1328/2530 1150/1327/2529 1154/1331/2537 1153/1332/2538
s 115
f 1150/1327/2532 1151/1329/2531 1155/1333/2539 1154/1331/2540
s 114
f 1151/1329/2534 1152/1330/2533 1156/1334/2541 1155/1333/2542
s 116
f 1152/1330/2536 1149/1328/2535 1153/1332/2543 1156/1334/2544
s 113
f 1153/1332/2538 1154/1331/2537 1158/1294/2545 1157/1293/2546
s 115
f 1154/1331/2540 1155/1333/2539 1159/1295/2547 1158/1294/2548
s 114
f 1155/1333/2542 1156/1334/2541 1160/1296/2549 1159/1295/2550
s 116
f 1156/1334/2544 1153/1332/2543 1157/1293/2551 1160/1296/2552
s 117
f 1161/1335/2553 1162/1336/2554 1164/1337/2555 1163/1338/2556
s off
f 1197/1339/2557 1198/1340/2558 1199/1341/2559 1200/1342/2560
s 118
f 1165/1343/2561 1166/1344/2562 1168/1345/2563 1167/1346/2564
s off
f 1167/1346/2565 1168/1345/2566 1162/1347/2567 1161/1348/2568
s 119
f 1162/1336/2569 1168/1349/2570 1166/1350/2571 1164/1337/2572
s 120
f 1167/1351/2573 1161/1335/2574 1163/1338/2575 1165/1352/2576
s 117
f 1163/1338/2556 1164/1337/2555 1170/1353/2577 1169/1354/2578
s 119
f 1164/1337/2572 1166/1344/2571 1171/1355/2579 1170/1353/2580
s 118
f 1166/1344/2562 1165/1343/2561 1172/1356/2581 1171/1355/2582
s 120
f 1165/1343/2576 1163/1338/2575 1169/1354/2583 1172/1356/2584
s 117
f 1169/1354/2578 1170/1353/2577 1174/1357/2585 1173/1358/2586
s 119
f 1170/1353/2580 1171/1355/2579 1175/1359/2587 1174/1357/2588
s 118
f 1171/1355/2582 1172/1356/2581 1176/1360/2589 1175/1359/2590
s 120
f 1172/1356/2584 1169/1354/2583 1173/1358/2591 1176/1360/2592
s 117
f 1173/1358/2586 1174/1357/2585 1178/1361/2593 1177/1362/2594
s 119
f 1174/1357/2588 1175/1359/2587 1179/1363/2595 1178/1361/2596
s 118
f 1175/1359/2590 1176/1360/2589 1180/1364/2597 1179/1363/2598
s 120
f 1176/1360/2592 1173/1358/2591 1177/1362/2599 1180/1364/2600
s 117
f 1177/1362/2594 1178/1361/2593 1182/1365/2601 1181/1366/2602
s 119
f 1178/1361/2596 1179/1363/2595 1183/1367/2603 1182/1365/2604
s 118
f 1179/1363/2598 1180/1364/2597 1184/1368/2605 1183/1367/2606
s 120
f 1180/1364/2600 1177/1362/2599 1181/1366/2607 1184/1368/2608
s 117
f 1181/1366/2602 1182/1365/2601 1186/1369/2609 1185/1370/2610
s 119
f 1182/1365/2604 1183/1367/2603 1187/1371/2611 1186/1369/2612
s 118
f 1183/1367/2606 1184/1368/2605 1188/1372/2613 1187/1371/2614
s 120
f 1184/1368/2608 1181/1366/2607 1185/1370/2615 1188/1372/2616
s 117
f 1185/1370/2610 1186/1369/2609 1190/1373/2617 1189/1374/2618
s 119
f 1186/1369/2612 1187/1371/2611 1191/1375/2619 1190/1373/2620
s 118
f 1187/1371/2614 1188/1372/2613 1192/1376/2621 1191/1375/2622
s 120
f 1188/1372/2616 1185/1370/2615 1189/1374/2623 1192/1376/2624
s 117
f 1189/1374/2618 1190/1373/2617 1194/1377/2625 1193/1378/2626
s 119
f 1190/1373/2620 1191/1375/2619 1195/1379/2627 1194/1377/2628
s 118
f 1191/1375/2622 1192/1376/2621 1196/1380/2629 1195/1379/2630
s 120
f 1192/1376/2624 1189/1374/2623 1193/1378/2631 1196/1380/2632
s 117
f 1193/1378/2626 1194/1377/2625 1198/1340/2633 1197/1339/2634
s 119
f 1194/1377/2628 1195/1379/2627 1199/1341/2635 1198/1340/2636
s 118
f 1195/1379/2630 1196/1380/2629 1200/1342/2637 1199/1341/2638
s 120
f 1196/1380/2632 1193/1378/2631 1197/1339/2639 1200/1342/2640
s 121
f 1201/1381/2641 1202/1382/2642 1204/1383/2643 1203/1384/2644
s off
f 1237/1385/2645 1238/1386/2646 1239/1387/2647 1240/1388/2648
s 122
f 1205/1389/2649 1206/1390/2650 1208/1391/2651 1207/1392/2652
s off
f 1207/1392/2653 1208/1391/2654 1202/1393/2655 1201/1394/2656
s 123
f 1202/1382/2657 1208/1395/2658 1206/1396/2659 1204/1383/2660
s 124
f 1207/1397/2661 1201/1381/2662 1203/1384/2663 1205/1398/2664
s 121
f 1203/1384/2644 1204/1383/2643 1210/1399/2665 1209/1400/2666
s 123
f 1204/1383/2660 1206/1390/2659 1211/1401/2667 1210/1399/2668
s 122
f 1206/1390/2650 1205/1389/2649 1212/1402/2669 1211/1401/2670
s 124
f 1205/1389/2664 1203/1384/2663 1209/1400/2671 1212/1402/2672
s 121
f 1209/1400/2666 1210/1399/2665 1214/1403/2673 1213/1404/2674
s 123
f 1210/1399/2668 1211/1401/2667 1215/1405/2675 1214/1403/2676
s 122
f 1211/1401/2670 1212/1402/2669 1216/1406/2677 1215/1405/2678
s 124
f 1212/1402/2672 1209/1400/2671 1213/1404/2679 1216/1406/2680
s 121
f 1213/1404/2674 1214/1403/2673 1218/1407/2681 1217/1408/2682
s 123
f 1214/1403/2676 1215/1405/2675 1219/1409/2683 1218/1407/2684
s 122
f 1215/1405/2678 1216/1406/2677 1220/1410/2685 1219/1409/2686
s 124
f 1216/1406/2680 1213/1404/2679 1217/1408/2687 1220/1410/2688
s 121
f 1217/1408/2682 1218/1407/2681 1222/1411/2689 1221/1412/2690
s 123
f 1218/1407/2684 1219/1409/2683 1223/1413/2691 1222/1411/2692
s 122
f 1219/1409/2686 1220/1410/2685 1224/1414/2693 1223/1413/2694
s 124
f 1220/1410/2688 1217/1408/2687 1221/1412/2695 1224/1414/2696
s 121
f 1221/1412/2690 1222/1411/2689 1226/1415/2697 1225/1416/2698
s 123
f 1222/1411/2692 1223/1413/2691 1227/1417/2699 1226/1415/2700
s 122
f 1223/1413/2694 1224/1414/2693 1228/1418/2701 1227/1417/2702
s 124
f 1224/1414/2696 1221/1412/2695 1225/1416/2703 1228/1418/2704
s 121
f 1225/1416/2698 1226/1415/2697 1230/1419/2705 1229/1420/2706
s 123
f 1226/1415/2700 1227/1417/2699 1231/1421/2707 1230/1419/2708
s 122
f 1227/1417/2702 1228/1418/2701 1232/1422/2709 1231/1421/2710
s 124
f 1228/1418/2704 1225/1416/2703 1229/1420/2711 1232/1422/2712
s 121
f 1229/1420/2706 1230/1419/2705 1234/1423/2713 1233/1424/2714
s 123
f 1230/1419/2708 1231/1421/2707 1235/1425/2715 1234/1423/2716
s 122
f 1231/1421/2710 1232/1422/2709 1236/1426/2717 1235/1425/2718
s 124
f 1232/1422/2712 1229/1420/2711 1233/1424/2719 1236/1426/2720
s 121
f 1233/1424/2714 1234/1423/2713 1238/1386/2721 1237/1385/2722
s 123
f 1234/1423/2716 1235/1425/2715 1239/1387/2723 1238/1386/2724
s 122
f 1235/1425/2718 1236/1426/2717 1240/1388/2725 1239/1387/2726
s 124
f 1236/1426/2720 1233/1424/2719 1237/1385/2727 1240/1388/2728
s 125
f 1241/1427/2729 1242/1428/2730 1244/1429/2731 1243/1430/2732
s off
f 1277/1431/2733 1278/1432/2734 1279/1433/2735 1280/1434/2736
s 126
f 1245/1435/2737 1246/1436/2738 1248/1437/2739 1247/1438/2740
s off
f 1247/1438/2741 1248/1437/2742 1242/1439/2743 1241/1440/2744
s 127
f 1242/1428/2745 1248/1441/2746 1246/1442/2747 1244/1429/2748
s 128
f 1247/1443/2749 1241/1427/2750 1243/1430/2751 1245/1444/2752
s 125
f 1243/1430/2732 1244/1429/2731 1250/1445/2753 1249/1446/2754
s 127
f 1244/1429/2748 1246/1436/2747 1251/1447/2755 1250/1445/2756
s 126
f 1246/1436/2738 1245/1435/2737 1252/1448/2757 1251/1447/2758
s 128
f 1245/1435/2752 1243/1430/2751 1249/1446/2759 1252/1448/2760
s 125
f 1249/1446/2754 1250/1445/2753 1254/1449/2761 1253/1450/2762
s 127
f 1250/1445/2756 1251/1447/2755 1255/1451/2763 1254/1449/2764
s 126
f 1251/1447/2758 1252/1448/2757 1256/1452/2765 1255/1451/2766
s 128
f 1252/1448/2760 1249/1446/2759 1253/1450/2767 1256/1452/2768
s 125
f 1253/1450/2762 1254/1449/2761 1258/1453/2769 1257/1454/2770
s 127
f 1254/1449/2764 1255/1451/2763 1259/1455/2771 1258/1453/2772
s 126
f 1255/1451/2766 1256/1452/2765 1260/1456/2773 1259/1455/2774
s 128
f 1256/1452/2768 1253/1450/2767 1257/1454/2775 1260/1456/2776
s 125
f 1257/1454/2770 1258/1453/2769 1262/1457/2777 1261/1458/2778
s 127
f 1258/1453/2772 1259/1455/2771 1263/1459/2779 1262/1457/2780
s 126
f 1259/1455/2774 1260/1456/2773 1264/1460/2781 1263/1459/2782
s 128
f 1260/1456/2776 1257/1454/2775 1261/1458/2783 1264/1460/2784
s 125
f 1261/1458/2778 1262/1457/2777 1266/1461/2785 1265/1462/2786
s 127
f 1262/1457/2780 1263/1459/2779 1267/1463/2787 1266/1461/2788
s 126
f 1263/1459/2782 1264/1460/2781 1268/1464/2789 1267/1463/2790
s 128
f 1264/1460/2784 1261/1458/2783 1265/1462/2791 1268/1464/2792
s 125
f 1265/1462/2786 1266/1461/2785 1270/1465/2793 1269/1466/2794
s 127
f 1266/1461/2788 1267/1463/2787 1271/1467/2795 1270/1465/2796
s 126
f 1267/1463/2790 1268/1464/2789 1272/1468/2797 1271/1467/2798
s 128
f 1268/1464/2792 1265/1462/2791 1269/1466/2799 1272/1468/2800
s 125
f 1269/1466/2794 1270/1465/2793 1274/1469/2801 1273/1470/2802
s 127
f 1270/1465/2796 1271/1467/2795 1275/1471/2803 1274/1469/2804
s 126
f 1271/1467/2798 1272/1468/2797 1276/1472/2805 1275/1471/2806
s 128
f 1272/1468/2800 1269/1466/2799 1273/1470/2807 1276/1472/2808
s 125
f 1273/1470/2802 1274/1469/2801 1278/1432/2809 1277/1431/2810
s 127
f 1274/1469/2804 1275/1471/2803 1279/1433/2811 1278/1432/2812
s 126
f 1275/1471/2806 1276/1472/2805 1280/1434/2813 1279/1433/2814
s 128
f 1276/1472/2808 1273/1470/2807 1277/1431/2815 1280/1434/2816
s 129
f 1281/1473/2817 1282/1474/2818 1284/1475/2819 1283/1476/2820
s off
f 1317/1477/2821 1318/1478/2822 1319/1479/2823 1320/1480/2824
s 130
f 1285/1481/2825 1286/1482/2826 1288/1483/2827 1287/1484/2828
s off
f 1287/1484/2829 1288/1483/2830 1282/1485/2831 1281/1486/2832
s 131
f 1282/1474/2833 1288/1487/2834 1286/1488/2835 1284/1475/2836
s 132
f 1287/1489/2837 1281/1473/2838 1283/1476/2839 1285/1490/2840
s 129
f 1283/1476/2820 1284/1475/2819 1290/1491/2841 1289/1492/2842
s 131
f 1284/1475/2836 1286/1482/2835 1291/1493/2843 1290/1491/2844
s 130
f 1286/1482/2826 1285/1481/2825 1292/1494/2845 1291/1493/2846
s 132
f 1285/1481/2840 1283/1476/2839 1289/1492/2847 1292/1494/2848
s 129
f 1289/1492/2842 1290/1491/2841 1294/1495/2849 1293/1496/2850
s 131
f 1290/1491/2844 1291/1493/2843 1295/1497/2851 1294/1495/2852
s 130
f 1291/1493/2846 1292/1494/2845 1296/1498/2853 1295/1497/2854
s 132
f 1292/1494/2848 1289/1492/2847 1293/1496/2855 1296/1498/2856
s 129
f 1293/1496/2850 1294/1495/2849 1298/1499/2857 1297/1500/2858
s 131
f 1294/1495/2852 1295/1497/2851 1299/1501/2859 1298/1499/2860
s 130
f 1295/1497/2854 1296/1498/2853 1300/1502/2861 1299/1501/2862
s 132
f 1296/1498/2856 1293/1496/2855 1297/1500/2863 1300/1502/2864
s 129
f 1297/1500/2858 1298/1499/2857 1302/1503/2865 1301/1504/2866
s 131
f 1298/1499/2860 1299/1501/2859 1303/1505/2867 1302/1503/2868
s 130
f 1299/1501/2862 1300/1502/2861 1304/1506/2869 1303/1505/2870
s 132
f 1300/1502/2864 1297/1500/2863 1301/1504/2871 1304/1506/2872
s 129
f 1301/1504/2866 1302/1503/2865 1306/1507/2873 1305/1508/2874
s 131
f 1302/1503/2868 1303/1505/2867 1307/1509/2875 1306/1507/2876
s 130
f 1303/1505/2870 1304/1506/2869 1308/1510/2877 1307/1509/2878
s 132
f 1304/1506/2872 1301/1504/2871 1305/1508/2879 1308/1510/2880
s 129
f 1305/1508/2874 1306/1507/2873 1310/1511/2881 1309/1512/2882
s 131
f 1306/1507/2876 1307/1509/2875 1311/1513/2883 1310/1511/2884
s 130
f 1307/1509/2878 1308/1510/2877 1312/1514/2885 1311/1513/2886
s 132
f 1308/1510/2880 1305/1508/2879 1309/1512/2887 1312/1514/2888
s 129
f 1309/1512/2882 1310/1511/2881 1314/1515/2889 1313/1516/2890
s 131
f 1310/1511/2884 1311/1513/2883 1315/1517/2891 1314/1515/2892
s 130
f 1311/1513/2886 1312/1514/2885 1316/1518/2893 1315/1517/2894
s 132
f 1312/1514/2888 1309/1512/2887 1313/1516/2895 1316/1518/2896
s 129
f 1313/1516/2890 1314/1515/2889 1318/1478/2897 1317/1477/2898
s 131
f 1314/1515/2892 1315/1517/2891 1319/1479/2899 1318/1478/2900
s 130
f 1315/1517/2894 1316/1518/2893 1320/1480/2901 1319/1479/2902
s 132
f 1316/1518/2896 1313/1516/2895 1317/1477/2903 1320/1480/2904
s 133
f 1321/1519/2905 1322/1520/2906 1324/1521/2907 1323/1522/2908
s off
f 1357/1523/2909 1358/1524/2910 1359/1525/2911 1360/1526/2912
s 134
f 1325/1527/2913 1326/1528/2914 1328/1529/2915 1327/1530/2916
s off
f 1327/1530/2917 1328/1529/2918 1322/1531/2919 1321/1532/2920
s 135
f 1322/1520/2921 1328/1533/2922 1326/1534/2923 1324/1521/2924
s 136
f 1327/1535/2925 1321/1519/2926 1323/1522/2927 1325/1536/2928
s 133
f 1323/1522/2908 1324/1521/2907 1330/1537/2929 1329/1538/2930
s 135
f 1324/1521/2924 1326/1528/2923 1331/1539/2931 1330/1537/2932
s 134
f 1326/1528/2914 1325/1527/2913 1332/1540/2933 1331/1539/2934
s 136
f 1325/1527/2928 1323/1522/2927 1329/1538/2935 1332/1540/2936
s 133
f 1329/1538/2930 1330/1537/2929 1334/1541/2937 1333/1542/2938
s 135
f 1330/1537/2932 1331/1539/2931 1335/1543/2939 1334/1541/2940
s 134
f 1331/1539/2934 1332/1540/2933 1336/1544/2941 1335/1543/2942
s 136
f 1332/1540/2936 1329/1538/2935 1333/1542/2943 1336/1544/2944
s 133
f 1333/1542/2938 1334/1541/2937 1338/1545/2945 1337/1546/2946
s 135
f 1334/1541/2940 1335/1543/2939 1339/1547/2947 1338/1545/2948
s 134
f 1335/1543/2942 1336/1544/2941 1340/1548/2949 1339/1547/2950
s 136
f 1336/1544/2944 1333/1542/2943 1337/1546/2951 1340/1548/2952
s 133
f 1337/1546/2946 1338/1545/2945 1342/1549/2953 1341/1550/2954
s 135
f 1338/1545/2948 1339/1547/2947 1343/1551/2955 1342/1549/2956
s 134
f 1339/1547/2950 1340/1548/2949 1344/1552/2957 1343/1551/2958
s 136
f 1340/1548/2952 1337/1546/2951 1341/1550/2959 1344/1552/2960
s 133
f 1341/1550/2954 1342/1549/2953 1346/1553/2961 1345/1554/2962
s 135
f 1342/1549/2956 1343/1551/2955 1347/1555/2963 1346/1553/2964
s 134
f 1343/1551/2958 1344/1552/2957 1348/1556/2965 1347/1555/2966
s 136
f 1344/1552/2960 1341/1550/2959 1345/1554/2967 1348/1556/2968
s 133
f 1345/1554/2962 1346/1553/2961 1350/1557/2969 1349/1558/2970
s 135
f 1346/1553/2964 1347/1555/2963 1351/1559/2971 1350/1557/2972
s 134
f 1347/1555/2966 1348/1556/2965 1352/1560/2973 1351/1559/2974
s 136
f 1348/1556/2968 1345/1554/2967 1349/1558/2975 1352/1560/2976
s 133
f 1349/1558/2970 1350/1557/2969 1354/1561/2977 1353/1562/2978
s 135
f 1350/1557/2972 1351/1559/2971 1355/1563/2979 1354/1561/2980
s 134
f 1351/1559/2974 1352/1560/2973 1356/1564/2981 1355/1563/2982
s 136
f 1352/1560/2976 1349/1558/2975 1353/1562/2983 1356/1564/2984
s 133
f 1353/1562/2978 1354/1561/2977 1358/1524/2985 1357/1523/2986
s 135
f 1354/1561/2980 1355/1563/2979 1359/1525/2987 1358/1524/2988
s 134
f 1355/1563/2982 1356/1564/2981 1360/1526/2989 1359/1525/2990
s 136
f 1356/1564/2984 1353/1562/2983 1357/1523/2991 1360/1526/2992
s 137
f 1361/1565/2993 1362/1566/2994 1364/1567/2995 1363/1568/2996
s off
f 1397/1569/2997 1398/1570/2998 1399/1571/2999 1400/1572/3000
s 138
f 1365/1573/3001 1366/1574/3002 1368/1575/3003 1367/1576/3004
s off
f 1367/1576/3005 1368/1575/3006 1362/1577/3007 1361/1578/3008
s 139
f 1362/1566/3009 1368/1579/3010 1366/1580/3011 1364/1567/3012
s 140
f 1367/1581/3013 1361/1565/3014 1363/1568/3015 1365/1582/3016
s 137
f 1363/1568/2996 1364/1567/2995 1370/1583/3017 1369/1584/3018
s 139
f 1364/1567/3012 1366/1574/3011 1371/1585/3019 1370/1583/3020
s 138
f 1366/1574/3002 1365/1573/3001 1372/1586/3021 1371/1585/3022
s 140
f 1365/1573/3016 1363/1568/3015 1369/1584/3023 1372/1586/3024
s 137
f 1369/1584/3018 1370/1583/3017 1374/1587/3025 1373/1588/3026
s 139
f 1370/1583/3020 1371/1585/3019 1375/1589/3027 1374/1587/3028
s 138
f 1371/1585/3022 1372/1586/3021 1376/1590/3029 1375/1589/3030
s 140
f 1372/1586/3024 1369/1584/3023 1373/1588/3031 1376/1590/3032
s 137
f 1373/1588/3026 1374/1587/3025 1378/1591/3033 1377/1592/3034
s 139
f 1374/1587/3028 1375/1589/3027 1379/1593/3035 1378/1591/3036
s 138
f 1375/1589/3030 1376/1590/3029 1380/1594/3037 1379/1593/3038
s 140
f 1376/1590/3032 1373/1588/3031 1377/1592/3039 1380/1594/3040
s 137
f 1377/1592/3034 1378/1591/3033 1382/1595/3041 1381/1596/3042
s 139
f 1378/1591/3036 1379/1593/3035 1383/1597/3043 1382/1595/3044
s 138
f 1379/1593/3038 1380/1594/3037 1384/1598/3045 1383/1597/3046
s 140
f 1380/1594/3040 1377/1592/3039 1381/1596/3047 1384/1598/3048
s 137
f 1381/1596/3042 1382/1595/3041 1386/1599/3049 1385/1600/3050
s 139
f 1382/1595/3044 1383/1597/3043 1387/1601/3051 1386/1599/3052
s 138
f 1383/1597/3046 1384/1598/3045 1388/1602/3053 1387/1601/3054
s 140
f 1384/1598/3048 1381/1596/3047 1385/1600/3055 1388/1602/3056
s 137
f 1385/1600/3050 1386/1599/3049 1390/1603/3057 1389/1604/3058
s 139
f 1386/1599/3052 1387/1601/3051 1391/1605/3059 1390/1603/3060
s 138
f 1387/1601/3054 1388/1602/3053 1392/1606/3061 1391/1605/3062
s 140
f 1388/1602/3056 1385/1600/3055 1389/1604/3063 1392/1606/3064
s 137
f 1389/1604/3058 1390/1603/3057 1394/1607/3065 1393/1608/3066
s 139
f 1390/1603/3060 1391/1605/3059 1395/1609/3067 1394/1607/3068
s 138
f 1391/1605/3062 1392/1606/3061 1396/1610/3069 1395/1609/3070
s 140
f 1392/1606/3064 1389/1604/3063 1393/1608/3071 1396/1610/3072
s 137
f 1393/1608/3066 1394/1607/3065 1398/1570/3073 1397/1569/3074
s 139
f 1394/1607/3068 1395/1609/3067 1399/1571/3075 1398/1570/3076
s 138
f 1395/1609/3070 1396/1610/3069 1400/1572/3077 1399/1571/3078
s 140
f 1396/1610/3072 1393/1608/3071 1397/1569/3079 1400/1572/3080
