# This file uses meters as units for non-parametric coordinates.

g default
v 5.580368 0.138805 2.556011
v 5.580368 14.207703 2.556011
v 0.200794 14.207703 -1.974374
v 0.200794 0.138805 -1.974374
v 0.200794 1.717222 -1.974374
v 5.580368 1.717222 2.556011
v 5.058468 0.138805 2.116497
v 5.058468 1.717222 2.116497
v 5.058472 14.207703 2.116497
v 0.684916 14.207703 -1.566673
v 0.684915 1.717222 -1.566674
v 0.684915 0.138804 -1.566674
v 5.580368 13.548462 2.556011
v 5.058472 13.548462 2.116497
v 0.684916 13.548462 -1.566673
v 0.200794 13.548462 -1.974374
v 1.426907 0.138804 -0.941810
v 1.426907 1.717222 -0.941810
v 1.426907 13.548462 -0.941809
v 1.426907 14.207703 -0.941809
v 4.241081 0.138805 1.428135
v 4.241081 1.717222 1.428135
v 4.241081 13.548462 1.428139
v 4.241081 14.207703 1.428139
v 3.091026 14.207703 0.459623
v 3.091026 13.548462 0.459623
v 3.091026 1.717222 0.459621
v 3.091026 0.138805 0.459621
v 2.647137 14.207703 0.085804
v 2.647137 13.548462 0.085804
v 2.647135 1.717222 0.085802
v 2.647135 0.138805 0.085802
v 1.791569 14.207703 -0.634710
v 1.791569 13.548462 -0.634710
v 1.791567 1.717222 -0.634712
v 1.791567 0.138804 -0.634712
v 3.800873 0.138805 1.057419
v 3.800873 1.717222 1.057419
v 3.800877 13.548462 1.057419
v 3.800877 14.207703 1.057419
v 4.149319 1.717222 1.537098
v 4.149323 13.548462 1.537098
v 4.966709 13.548462 2.225460
v 4.966705 1.717222 2.225456
v 1.335145 13.548462 -0.832848
v 0.593154 13.548462 -1.457712
v 1.335144 1.717222 -0.832848
v 0.593153 1.717222 -1.457712
v 0.200794 12.274246 -1.974374
v 0.684916 12.274246 -1.566673
v 0.593153 12.274246 -1.457712
v 1.335145 12.274246 -0.832848
v 1.426907 12.274246 -0.941809
v 1.791569 12.274246 -0.634710
v 2.647137 12.274246 0.085804
v 3.091026 12.274231 0.459623
v 3.800877 12.274231 1.057419
v 4.241081 12.274231 1.428139
v 4.149323 12.274231 1.537098
v 4.966709 12.274231 2.225460
v 5.058472 12.274231 2.116497
v 5.580368 12.274231 2.556011
v 0.200794 8.932098 -1.974374
v 0.684916 8.932098 -1.566674
v 0.593153 8.932098 -1.457712
v 1.335145 8.932098 -0.832847
v 1.426907 8.932098 -0.941809
v 1.791569 8.932098 -0.634710
v 2.647137 8.932098 0.085802
v 3.091026 8.932098 0.459623
v 3.800877 8.932098 1.057419
v 4.241081 8.932098 1.428135
v 4.149319 8.932098 1.537098
v 4.966709 8.932098 2.225460
v 5.058472 8.932098 2.116497
v 5.580368 8.932098 2.556011
v 5.580368 11.887817 2.556011
v 5.058472 11.887817 2.116497
v 4.966709 11.887817 2.225460
v 4.149323 11.887817 1.537098
v 4.241081 11.887817 1.428139
v 3.800877 11.887817 1.057419
v 3.091026 11.887817 0.459623
v 2.647137 11.887817 0.085804
v 1.791569 11.887817 -0.634710
v 1.426907 11.887817 -0.941809
v 1.335145 11.887817 -0.832848
v 0.593153 11.887817 -1.457712
v 0.684916 11.887817 -1.566673
v 0.200794 11.887817 -1.974374
v 0.200794 9.176292 -1.974374
v 0.684916 9.176292 -1.566674
v 0.593153 9.176292 -1.457712
v 1.335145 9.176292 -0.832847
v 1.426907 9.176292 -0.941809
v 1.791569 9.176285 -0.634710
v 2.647137 9.176285 0.085802
v 3.091026 9.176285 0.459623
v 3.800877 9.176285 1.057419
v 4.241081 9.176285 1.428135
v 4.149319 9.176285 1.537098
v 4.966709 9.176285 2.225460
v 5.058472 9.176285 2.116497
v 5.580368 9.176285 2.556011
v 1.710949 12.274246 -0.538979
v 2.566517 12.274246 0.181534
v 1.710949 13.548462 -0.538979
v 2.566517 13.548462 0.181534
v 3.010406 12.274231 0.555355
v 3.010410 13.548462 0.555355
v 3.720257 12.274231 1.153152
v 3.720257 13.548462 1.153152
v 1.704273 8.932098 -0.531054
v 1.704273 1.717222 -0.531054
v 2.559843 8.932098 0.189459
v 2.559841 1.717222 0.189459
v 3.003735 8.932098 0.563280
v 3.003731 1.717222 0.563278
v 3.713581 8.932098 1.161076
v 3.713581 1.717222 1.161076
v 1.760384 9.176285 -0.597681
v 2.615952 9.176285 0.122833
v 1.760384 11.887817 -0.597679
v 2.615952 11.887817 0.122833
v 3.059841 9.176285 0.496655
v 3.059841 11.887817 0.496655
v 3.769691 9.176285 1.094448
v 3.769691 11.887817 1.094448
v 5.476711 0.138805 2.679100
v 5.476711 14.207703 2.679100
v 0.097136 14.207703 -1.851286
v 0.097136 0.138805 -1.851286
v 0.097136 1.717222 -1.851286
v 5.476711 1.717222 2.679100
v 4.954811 0.138805 2.239586
v 4.954811 14.207703 2.239586
v 0.581257 14.207703 -1.443585
v 0.581257 0.138804 -1.443586
v 5.476711 13.548462 2.679100
v 0.097136 13.548462 -1.851286
v 1.323248 0.138804 -0.818722
v 1.323249 14.207703 -0.818721
v 4.137421 0.138805 1.551224
v 4.137424 14.207703 1.551224
v 2.987370 14.207703 0.582712
v 2.987370 0.138805 0.582710
v 2.543478 14.207703 0.208891
v 2.543478 0.138805 0.208889
v 1.687910 14.207703 -0.511621
v 1.687910 0.138804 -0.511623
v 3.697216 0.138805 1.180508
v 3.697220 14.207703 1.180508
v 0.097136 12.274246 -1.851286
v 5.476711 12.274231 2.679100
v 0.097136 8.932098 -1.851286
v 5.476711 8.932098 2.679100
v 5.476711 11.887817 2.679100
v 0.097136 11.887817 -1.851286
v 0.097136 9.176292 -1.851286
v 5.476711 9.176285 2.679100
v 5.373055 0.138805 2.802185
v 5.373055 14.207703 2.802185
v -0.006521 14.207703 -1.728198
v -0.006521 0.138805 -1.728198
v -0.006521 1.717222 -1.728198
v 5.373055 1.717222 2.802185
v 4.851154 0.138805 2.362671
v 4.851154 1.717222 2.362671
v 4.851158 14.207703 2.362675
v 0.477600 14.207703 -1.320498
v 0.477599 1.717222 -1.320498
v 0.477599 0.138804 -1.320498
v 5.373055 13.548462 2.802185
v 4.851154 13.548462 2.362675
v 0.477600 13.548462 -1.320498
v -0.006521 13.548462 -1.728198
v 1.219590 0.138804 -0.695633
v 1.219590 1.717222 -0.695633
v 1.219590 13.548462 -0.695633
v 1.219591 14.207703 -0.695633
v 4.033764 0.138805 1.674313
v 4.033764 1.717222 1.674313
v 4.033768 13.548462 1.674313
v 4.033768 14.207703 1.674313
v 2.883713 14.207703 0.705799
v 2.883713 13.548462 0.705799
v 2.883709 1.717222 0.705799
v 2.883709 0.138805 0.705799
v 2.439821 14.207703 0.331980
v 2.439821 13.548462 0.331980
v 2.439819 1.717222 0.331978
v 2.439819 0.138805 0.331978
v 1.584253 14.207703 -0.388535
v 1.584253 13.548462 -0.388535
v 1.584251 1.717222 -0.388535
v 1.584251 0.138804 -0.388535
v 3.593559 0.138805 1.303593
v 3.593559 1.717222 1.303593
v 3.593559 13.548462 1.303596
v 3.593559 14.207703 1.303596
v 4.125526 1.717222 1.565350
v 4.125530 13.548462 1.565350
v 4.942917 13.548462 2.253712
v 4.942917 1.717222 2.253708
v 1.311352 13.548462 -0.804595
v 0.569361 13.548462 -1.429460
v 1.311352 1.717222 -0.804595
v 0.569361 1.717222 -1.429460
v -0.006521 12.274246 -1.728198
v 0.477600 12.274246 -1.320498
v 0.569361 12.274246 -1.429460
v 1.311352 12.274246 -0.804595
v 1.219590 12.274246 -0.695633
v 1.584253 12.274246 -0.388535
v 2.439821 12.274246 0.331980
v 2.883713 12.274231 0.705799
v 3.593559 12.274231 1.303596
v 4.033768 12.274231 1.674313
v 4.125530 12.274231 1.565350
v 4.942917 12.274231 2.253712
v 4.851154 12.274231 2.362675
v 5.373055 12.274231 2.802185
v -0.006521 8.932098 -1.728198
v 0.477599 8.932098 -1.320498
v 0.569361 8.932098 -1.429460
v 1.311352 8.932098 -0.804595
v 1.219590 8.932098 -0.695633
v 1.584251 8.932098 -0.388535
v 2.439821 8.932098 0.331978
v 2.883713 8.932098 0.705799
v 3.593559 8.932098 1.303596
v 4.033764 8.932098 1.674313
v 4.125526 8.932098 1.565350
v 4.942917 8.932098 2.253712
v 4.851154 8.932098 2.362671
v 5.373055 8.932098 2.802185
v 5.373055 11.887817 2.802185
v 4.851154 11.887817 2.362675
v 4.942917 11.887817 2.253712
v 4.125530 11.887817 1.565350
v 4.033768 11.887817 1.674313
v 3.593559 11.887817 1.303596
v 2.883713 11.887817 0.705799
v 2.439821 11.887817 0.331980
v 1.584253 11.887817 -0.388535
v 1.219590 11.887817 -0.695633
v 1.311352 11.887817 -0.804595
v 0.569361 11.887817 -1.429460
v 0.477599 11.887817 -1.320498
v -0.006521 11.887817 -1.728198
v -0.006521 9.176292 -1.728198
v 0.477599 9.176292 -1.320498
v 0.569361 9.176292 -1.429460
v 1.311352 9.176292 -0.804595
v 1.219590 9.176292 -0.695633
v 1.584251 9.176285 -0.388535
v 2.439821 9.176285 0.331978
v 2.883713 9.176285 0.705799
v 3.593559 9.176285 1.303596
v 4.033764 9.176285 1.674313
v 4.125526 9.176285 1.565350
v 4.942917 9.176285 2.253712
v 4.851154 9.176285 2.362671
v 5.373055 9.176285 2.802185
v 1.664871 12.274246 -0.484266
v 2.520441 12.274246 0.236248
v 1.664871 13.548462 -0.484266
v 2.520441 13.548462 0.236248
v 2.964333 12.274231 0.610067
v 2.964333 13.548462 0.610069
v 3.674179 12.274231 1.207863
v 3.674179 13.548462 1.207863
v 1.671545 8.932098 -0.492191
v 1.671545 1.717222 -0.492191
v 2.527115 8.932098 0.228321
v 2.527113 1.717222 0.228321
v 2.971004 8.932098 0.602142
v 2.971004 1.717222 0.602140
v 3.680855 8.932098 1.199940
v 3.680851 1.717222 1.199936
v 1.615437 9.176285 -0.425566
v 2.471004 9.176285 0.294949
v 1.615438 11.887817 -0.425566
v 2.471006 11.887817 0.294949
v 2.914898 9.176285 0.668768
v 2.914898 11.887817 0.668770
v 3.624744 9.176285 1.266563
v 3.624744 11.887817 1.266563
v 5.580368 7.677536 2.556011
v 5.476711 7.677536 2.679100
v 5.373055 7.677536 2.802185
v 4.851154 7.677536 2.362671
v 4.942917 7.677536 2.253712
v 4.125526 7.677536 1.565350
v 4.033764 7.677536 1.674313
v 3.593559 7.677536 1.303596
v 3.680855 7.677536 1.199940
v 2.971004 7.677536 0.602142
v 2.883709 7.677536 0.705799
v 2.439821 7.677544 0.331978
v 2.527115 7.677544 0.228321
v 1.671545 7.677544 -0.492191
v 1.584251 7.677544 -0.388535
v 1.219590 7.677544 -0.695634
v 1.311352 7.677544 -0.804595
v 0.569361 7.677544 -1.429460
v 0.477599 7.677544 -1.320498
v -0.006521 7.677544 -1.728198
v 0.097136 7.677544 -1.851286
v 0.200794 7.677544 -1.974374
v 0.684916 7.677544 -1.566674
v 0.593153 7.677544 -1.457712
v 1.335145 7.677544 -0.832848
v 1.426907 7.677544 -0.941809
v 1.791569 7.677544 -0.634710
v 1.704273 7.677544 -0.531054
v 2.559841 7.677544 0.189459
v 2.647137 7.677544 0.085802
v 3.091026 7.677536 0.459623
v 3.003735 7.677536 0.563280
v 3.713581 7.677536 1.161076
v 3.800877 7.677536 1.057419
v 4.241081 7.677536 1.428135
v 4.149319 7.677536 1.537098
v 4.966709 7.677536 2.225460
v 5.058472 7.677536 2.116497
v 5.580368 7.542892 2.556011
v 5.476711 7.542892 2.679100
v 5.373055 7.542892 2.802185
v 4.851154 7.542892 2.362671
v 4.942917 7.542892 2.253712
v 4.125526 7.542892 1.565350
v 4.033764 7.542892 1.674313
v 3.593559 7.542892 1.303596
v 3.680855 7.542892 1.199940
v 2.971004 7.542892 0.602142
v 2.883709 7.542892 0.705799
v 2.439821 7.542892 0.331978
v 2.527115 7.542892 0.228321
v 1.671545 7.542892 -0.492191
v 1.584251 7.542892 -0.388535
v 1.219590 7.542892 -0.695634
v 1.311352 7.542892 -0.804595
v 0.569361 7.542892 -1.429460
v 0.477599 7.542892 -1.320498
v -0.006521 7.542892 -1.728198
v 0.097136 7.542892 -1.851286
v 0.200794 7.542892 -1.974374
v 0.684916 7.542892 -1.566674
v 0.593153 7.542892 -1.457712
v 1.335145 7.542892 -0.832848
v 1.426907 7.542892 -0.941809
v 1.791569 7.542892 -0.634710
v 1.704273 7.542892 -0.531054
v 2.559841 7.542892 0.189459
v 2.647137 7.542892 0.085802
v 3.091026 7.542892 0.459623
v 3.003735 7.542892 0.563280
v 3.713581 7.542892 1.161076
v 3.800877 7.542892 1.057419
v 4.241081 7.542892 1.428135
v 4.149319 7.542892 1.537098
v 4.966709 7.542892 2.225460
v 5.058472 7.542892 2.116497
v 5.324558 14.207703 2.340584
v 5.220901 14.207703 2.463669
v 5.117245 14.207703 2.586758
v 5.117241 13.548462 2.586758
v 5.117241 12.274231 2.586758
v 5.117241 11.887817 2.586758
v 5.117241 9.176285 2.586758
v 5.117241 8.932098 2.586758
v 5.117241 7.677536 2.586758
v 5.117241 7.542892 2.586758
v 5.117241 1.717222 2.586758
v 5.117241 0.138805 2.586758
v 5.220898 0.138805 2.463669
v 5.324558 0.138805 2.340580
v 5.324558 1.717222 2.340580
v 5.324558 7.542892 2.340580
v 5.324558 7.677536 2.340580
v 5.324558 8.932098 2.340584
v 5.324558 9.176285 2.340584
v 5.324558 11.887817 2.340584
v 5.324558 12.274231 2.340584
v 5.324558 13.548462 2.340584
v 5.273869 0.138805 2.297894
v 5.170212 0.138805 2.420982
v 5.066551 0.138805 2.544071
v 5.066551 1.717222 2.544071
v 5.066555 7.542892 2.544067
v 5.066555 7.677536 2.544067
v 5.066555 8.932098 2.544071
v 5.066555 9.176285 2.544071
v 5.066555 11.887817 2.544071
v 5.066555 12.274231 2.544071
v 5.066555 13.548462 2.544071
v 5.066555 14.207703 2.544071
v 5.170212 14.207703 2.420982
v 5.273869 14.207703 2.297894
v 5.273869 13.548462 2.297894
v 5.273869 12.274231 2.297894
v 5.273869 11.887817 2.297894
v 5.273869 9.176285 2.297894
v 5.273869 8.932098 2.297894
v 5.273869 7.677536 2.297894
v 5.273869 7.542892 2.297894
v 5.273869 1.717222 2.297894
v 5.125191 7.542892 2.474442
v 5.125191 7.677536 2.474442
v 5.175880 7.542892 2.517128
v 5.175880 7.677536 2.517128
v 5.542992 5.814507 2.522396
v 5.575005 5.814507 2.484180
v 5.542992 7.818855 2.522396
v 5.575005 7.818855 2.484180
v 5.080368 7.818855 2.134827
v 5.112385 7.818855 2.096611
v 5.080368 5.814507 2.134827
v 5.112385 5.814507 2.096611
v 5.475864 7.818855 2.466160
v 5.475864 5.814507 2.466160
v 5.507881 5.814507 2.427944
v 5.507881 7.818855 2.427944
v 5.140869 5.814507 2.185513
v 5.140869 7.818855 2.185513
v 5.172886 7.818855 2.147297
v 5.172886 5.814507 2.147297
v 5.507881 7.868637 2.427944
v 5.475864 7.868637 2.466160
v 5.172886 7.868637 2.147297
v 5.140869 7.868637 2.185513
v 5.498093 7.912621 2.419743
v 5.466076 7.912621 2.457958
v 5.182674 7.912621 2.155499
v 5.150661 7.912621 2.193714
v 5.477135 7.945076 2.402187
v 5.445118 7.945076 2.440403
v 5.203632 7.945076 2.173058
v 5.171616 7.945076 2.211273
v 5.446632 7.966919 2.376637
v 5.414619 7.966919 2.414852
v 5.234135 7.966919 2.198608
v 5.202118 7.966919 2.236824
v 5.411877 7.981201 2.347519
v 5.379860 7.981201 2.385735
v 5.268890 7.981201 2.227726
v 5.236874 7.981201 2.265942
v 5.377594 7.986076 2.318798
v 5.345581 7.986076 2.357014
v 5.303173 7.986076 2.256447
v 5.271156 7.986076 2.294662
v 5.172886 5.767017 2.147297
v 5.140869 5.767017 2.185513
v 5.507881 5.767017 2.427944
v 5.475864 5.767017 2.466160
v 5.186420 5.717876 2.158638
v 5.154404 5.717876 2.196854
v 5.494347 5.717876 2.416607
v 5.462330 5.717876 2.454823
v 5.212734 5.686287 2.180679
v 5.180717 5.686287 2.218895
v 5.468033 5.686287 2.394562
v 5.436020 5.686287 2.432777
v 5.243679 5.665348 2.206604
v 5.211662 5.665348 2.244820
v 5.437092 5.665348 2.368641
v 5.405075 5.665348 2.406857
v 5.268353 5.655441 2.227276
v 5.236336 5.655441 2.265491
v 5.412415 5.655441 2.347969
v 5.380398 5.655441 2.386185
v 5.298496 5.646179 2.252529
v 5.266483 5.646179 2.290745
v 5.382271 5.646179 2.322712
v 5.350254 5.646179 2.360928
v 5.542992 7.560799 2.522396
v 5.575005 7.560799 2.484180
v 5.507881 7.560799 2.427944
v 5.172886 7.560799 2.147297
v 5.112385 7.560799 2.096611
v 5.080368 7.560799 2.134827
v 5.080368 7.688469 2.134827
v 5.112385 7.688469 2.096611
v 5.172886 7.688469 2.147297
v 5.507881 7.688469 2.427944
v 5.575005 7.688469 2.484180
v 5.542992 7.688469 2.522396
v 5.312401 5.646179 2.329216
v 5.344418 5.646179 2.291000
v 5.347321 5.655441 2.293430
v 5.349693 5.665348 2.295422
v 5.352673 5.686287 2.297916
v 5.355206 5.717876 2.300041
v 5.356510 5.767017 2.301132
v 5.356510 5.814507 2.301132
v 5.359398 7.560799 2.303551
v 5.359398 7.688469 2.303551
v 5.356510 7.818855 2.301132
v 5.356510 7.868637 2.301132
v 5.355568 7.912621 2.300343
v 5.353550 7.945076 2.298653
v 5.350613 7.966919 2.296192
v 5.347267 7.981201 2.293388
v 5.343967 7.986076 2.290623
v 5.311951 7.986076 2.328838
v 5.303722 7.986076 2.321945
v 5.335739 7.986076 2.283730
v 5.331459 7.981201 2.280144
v 5.327122 7.966919 2.276512
v 5.323315 7.945076 2.273319
v 5.320698 7.912621 2.271130
v 5.319477 7.868637 2.270107
v 5.319477 7.818855 2.270107
v 5.319477 7.688469 2.270107
v 5.319477 7.560799 2.270107
v 5.319477 5.814507 2.270107
v 5.319477 5.767017 2.270107
v 5.321167 5.717876 2.271523
v 5.324451 5.686287 2.274273
v 5.328312 5.665348 2.277508
v 5.331394 5.655441 2.280090
v 5.335155 5.646179 2.283241
v 5.303139 5.646179 2.321457
v 5.399281 7.119278 2.302586
v 5.504646 7.119278 2.176819
v 5.313934 7.119278 2.231083
v 5.419300 7.119278 2.105316
v 5.390747 7.220901 2.295437
v 5.399281 7.209770 2.302586
v 5.496113 7.220901 2.169670
v 5.504646 7.209770 2.176819
v 5.313934 7.209770 2.231083
v 5.322468 7.220901 2.238235
v 5.419300 7.209770 2.105316
v 5.427834 7.220901 2.112469
v 5.478828 7.220901 2.051598
v 5.547108 7.220901 2.108799
v 5.472511 7.012566 2.041801
v 5.483368 7.012566 2.040874
v 5.502514 6.871780 2.040230
v 5.512775 6.871780 2.044132
v 5.542130 6.744621 2.063000
v 5.547634 6.744621 2.072819
v 5.556969 6.602760 2.117466
v 5.552830 6.602760 2.128361
v 5.544643 6.510078 2.146202
v 5.535957 6.511536 2.154022
v 5.496529 6.422195 2.169811
v 5.508068 6.420723 2.168446
v 5.424919 7.012566 2.110023
v 5.419300 7.017670 2.105316
v 5.424080 7.012566 2.099609
v 5.430023 6.871780 2.080872
v 5.433758 6.871780 2.071026
v 5.460617 6.744621 2.047802
v 5.469997 6.744621 2.042515
v 5.516262 6.602760 2.045528
v 5.526604 6.602760 2.049454
v 5.540661 6.500923 2.064228
v 5.548435 6.501396 2.072701
v 5.554836 6.412392 2.115555
v 5.553070 6.412003 2.103436
v 5.500042 7.012566 2.172962
v 5.508480 7.012566 2.172245
v 5.504646 7.016693 2.176819
v 5.477997 6.871780 2.173210
v 5.470020 6.871780 2.170177
v 5.438255 6.744621 2.149246
v 5.433971 6.744621 2.141621
v 5.424355 6.602760 2.093544
v 5.427551 6.602760 2.085136
v 5.437489 6.507736 2.065731
v 5.445309 6.506416 2.058659
v 5.484783 6.417282 2.042225
v 5.474026 6.418701 2.044285
v 5.558559 7.012566 2.112465
v 5.557819 7.012566 2.103249
v 5.552422 6.871780 2.132645
v 5.549110 6.871780 2.141357
v 5.521233 6.744621 2.165783
v 5.512924 6.744621 2.170452
v 5.465172 6.602760 2.167496
v 5.455791 6.602760 2.163960
v 5.441017 6.517006 2.148479
v 5.433640 6.516556 2.140366
v 5.427254 6.427032 2.097176
v 5.428150 6.427490 2.108513
v 5.484585 6.378502 2.040195
v 5.473484 6.379959 2.042324
v 5.555031 6.373055 2.103344
v 5.556850 6.373451 2.115845
v 5.508606 6.382050 2.170410
v 5.496704 6.383568 2.171814
v 5.426159 6.389023 2.108578
v 5.425240 6.388557 2.096886
v 5.436134 6.242912 2.098026
v 5.427174 6.249931 2.097603
v 5.504745 6.241074 2.163364
v 5.508183 6.247078 2.173939
v 5.476139 6.302864 2.209160
v 5.466393 6.309906 2.207993
v 5.397690 6.311752 2.142563
v 5.395130 6.305717 2.132824
v 5.384781 6.181732 2.156307
v 5.376587 6.188148 2.155922
v 5.447491 6.180046 2.216026
v 5.450630 6.185539 2.225693
v 5.421345 6.236526 2.257885
v 5.412437 6.242966 2.256821
v 5.349640 6.244652 2.197018
v 5.347301 6.239136 2.188114
v 5.328266 6.116547 2.230892
v 5.322235 6.121269 2.230606
v 5.374405 6.115311 2.274834
v 5.376717 6.119354 2.281944
v 5.355167 6.156868 2.305630
v 5.348614 6.161598 2.304848
v 5.302406 6.162842 2.260845
v 5.300686 6.158783 2.254295
v 5.324989 6.118416 2.233345
v 5.317867 6.121056 2.234364
v 5.371742 6.115524 2.276554
v 5.373173 6.117424 2.284718
v 5.343143 6.137123 2.318523
v 5.287842 6.140762 2.268169
v 5.314972 6.061661 2.245300
v 5.310009 6.062401 2.243744
v 5.364067 6.058662 2.285713
v 5.367832 6.058830 2.291092
v 5.348125 6.063065 2.312580
v 5.290302 6.066635 2.265232
v 5.322342 5.975220 2.264648
v 5.319462 5.975960 2.264843
v 5.343826 5.972221 2.281933
v 5.344837 5.972389 2.285004
v 5.334217 5.976631 2.296799
v 5.331093 5.977402 2.296795
v 5.309578 5.980400 2.279488
v 5.308842 5.980202 2.276638
v 5.475361 7.119278 2.038399
v 5.479931 7.119278 2.037994
v 5.475361 7.209770 2.038399
v 5.477608 7.211090 2.037777
v 5.479931 7.209770 2.037994
v 5.560307 7.119278 2.105331
v 5.560707 7.119278 2.109901
v 5.560307 7.209770 2.105331
v 5.560928 7.211090 2.107578
v 5.560707 7.209770 2.109901
v 5.479931 7.015648 2.037994
v 5.475361 7.015640 2.038399
v 5.560307 7.014824 2.105331
v 5.560707 7.014862 2.109901
v 5.470707 6.974312 2.359894
v 5.470707 7.406364 2.359894
v 5.250408 7.406364 2.175335
v 5.250408 6.974312 2.175335
v 5.407574 7.406364 2.345947
v 5.407574 6.974312 2.345947
v 5.426743 6.974312 2.323063
v 5.426743 7.406364 2.323063
v 5.380688 6.974312 2.323425
v 5.380688 7.406364 2.323425
v 5.399860 7.406364 2.300541
v 5.399860 6.974312 2.300541
v 5.271523 6.974312 2.231968
v 5.271523 7.406364 2.231968
v 5.290691 7.406364 2.209084
v 5.290691 6.974312 2.209084
v 5.292416 7.406364 2.249470
v 5.292416 6.974312 2.249470
v 5.311584 6.974312 2.226589
v 5.311584 7.406364 2.226589
v 5.451538 7.030144 2.382778
v 5.231236 7.030144 2.198215
v 5.250408 7.030144 2.175335
v 5.290691 7.030144 2.209084
v 5.311584 7.030144 2.226589
v 5.399860 7.030144 2.300541
v 5.426743 7.030144 2.323063
v 5.470707 7.030144 2.359894
v 5.231236 7.059151 2.198215
v 5.451538 7.059151 2.382778
v 5.470707 7.059151 2.359894
v 5.426743 7.059151 2.323063
v 5.399860 7.059151 2.300541
v 5.311584 7.059151 2.226589
v 5.290691 7.059151 2.209084
v 5.250408 7.059151 2.175335
v 5.231236 7.359856 2.198215
v 5.451538 7.359856 2.382778
v 5.470707 7.359856 2.359894
v 5.426743 7.359856 2.323063
v 5.399860 7.359856 2.300541
v 5.311584 7.359856 2.226589
v 5.290691 7.359856 2.209084
v 5.250408 7.359856 2.175335
v 5.231236 7.338272 2.198215
v 5.250408 7.338272 2.175335
v 5.290691 7.338272 2.209084
v 5.311584 7.338272 2.226589
v 5.399860 7.338272 2.300541
v 5.426743 7.338272 2.323063
v 5.470707 7.338272 2.359894
v 5.451538 7.338272 2.382778
v 5.438534 7.418823 2.332943
v 5.419365 7.418823 2.355824
v 5.463329 7.372314 2.392658
v 5.482498 7.372314 2.369774
v 5.260704 7.420502 2.222904
v 5.279873 7.420502 2.200020
v 5.239586 7.373993 2.166271
v 5.220417 7.373993 2.189152
v 5.481945 7.016945 2.369312
v 5.462776 7.016945 2.392193
v 5.418812 6.961113 2.355362
v 5.437981 6.961113 2.332478
v 5.218170 7.014801 2.187267
v 5.237339 7.014801 2.164387
v 5.277626 6.958969 2.198135
v 5.258453 6.958969 2.221020
v 5.463329 7.404877 2.392658
v 5.452637 7.418823 2.383698
v 5.457455 7.412613 2.387733
v 5.482498 7.404877 2.369774
v 5.476624 7.412613 2.364853
v 5.471806 7.418823 2.360817
v 5.239586 7.406555 2.166271
v 5.250278 7.420502 2.175228
v 5.244930 7.413521 2.170746
v 5.220417 7.406555 2.189152
v 5.225758 7.413521 2.193626
v 5.231110 7.420502 2.198109
v 5.452084 6.961113 2.383236
v 5.462776 6.975060 2.392193
v 5.457157 6.967712 2.387486
v 5.471252 6.961113 2.360352
v 5.476326 6.967712 2.364605
v 5.481945 6.975060 2.369312
v 5.248032 6.958969 2.173344
v 5.237339 6.972916 2.164387
v 5.242958 6.965569 2.169094
v 5.228863 6.958969 2.196228
v 5.223789 6.965569 2.191978
v 5.218170 6.972916 2.187267
v 5.429363 7.425293 2.325260
v 5.410194 7.425293 2.348141
v 5.425468 7.425293 2.321995
v 5.406296 7.425293 2.344879
v 5.290508 7.425781 2.208931
v 5.271336 7.425781 2.231812
v 5.286835 7.425781 2.205853
v 5.267666 7.425781 2.228733
v 5.423695 6.948746 2.320511
v 5.404526 6.948746 2.343391
v 5.430714 6.948746 2.326389
v 5.411545 6.948746 2.349274
v 5.286720 6.948746 2.205757
v 5.267551 6.948746 2.228642
v 5.292599 6.948746 2.210682
v 5.273426 6.948746 2.233562
v 5.227818 7.035751 2.156410
v 5.208649 7.035751 2.179295
v 5.227818 7.026726 2.156410
v 5.208649 7.026726 2.179295
v 5.227818 7.363274 2.156410
v 5.208649 7.363274 2.179295
v 5.227818 7.354988 2.156410
v 5.208649 7.354988 2.179295
v 5.491669 7.025665 2.377457
v 5.472500 7.025665 2.400341
v 5.491669 7.036018 2.377457
v 5.472500 7.036018 2.400341
v 5.491669 7.355980 2.377457
v 5.472500 7.355980 2.400341
v 5.491669 7.364334 2.377457
v 5.472500 7.364334 2.400341
v 5.352436 7.406364 2.299755
v 5.352436 6.974312 2.299755
v 5.371609 6.974312 2.276875
v 5.371609 7.030144 2.276875
v 5.371609 7.059151 2.276875
v 5.371609 7.338272 2.276875
v 5.371609 7.359856 2.276875
v 5.371609 7.406364 2.276875
v 5.331188 6.974312 2.281952
v 5.331188 7.406364 2.281952
v 5.350357 7.406364 2.259071
v 5.350357 7.359856 2.259071
v 5.350357 7.338272 2.259071
v 5.350357 7.059151 2.259071
v 5.350357 7.030144 2.259071
v 5.350357 6.974312 2.259071
v 5.231236 7.233681 2.198215
v 5.250408 7.233681 2.175335
v 5.290691 7.233681 2.209084
v 5.311584 7.233681 2.226589
v 5.350357 7.233681 2.259071
v 5.371609 7.233681 2.276875
v 5.399860 7.233681 2.300541
v 5.426743 7.233681 2.323063
v 5.470707 7.233681 2.359894
v 5.451538 7.233681 2.382778
v 5.336124 7.233681 2.276058
v 5.357376 7.233681 2.293861
v 5.336124 7.338272 2.276058
v 5.357376 7.338272 2.293861
v 5.363285 7.252007 2.282570
v 5.390614 7.252007 2.249950
v 5.363285 7.274376 2.282570
v 5.390614 7.274376 2.249950
v 5.346581 7.274376 2.268574
v 5.373909 7.274376 2.235954
v 5.346581 7.252007 2.268574
v 5.373909 7.252007 2.235954
v 5.380482 7.254913 2.224903
v 5.400345 7.254913 2.241543
v 5.377762 7.276779 2.228146
v 5.397625 7.276779 2.244785
v 5.387356 7.262657 2.216694
v 5.407219 7.262657 2.233334
v 5.381718 7.282768 2.223427
v 5.401581 7.282768 2.240067
v 5.395416 7.285851 2.207069
v 5.415279 7.285851 2.223713
v 5.382557 7.286469 2.222424
v 5.402420 7.286469 2.239063
v 5.395416 7.294655 2.207069
v 5.415279 7.294655 2.223713
v 5.382557 7.295273 2.222424
v 5.402420 7.295273 2.239063
v 5.494133 7.285851 2.089241
v 5.513996 7.285851 2.105881
v 5.494133 7.294655 2.089241
v 5.513996 7.294655 2.105881
v 5.371922 7.300850 2.158741
v 5.376617 7.293350 2.191319
v 5.371922 7.309654 2.158741
v 5.376617 7.302155 2.191319
v 5.442432 7.309654 2.074577
v 5.475330 7.302155 2.073490
v 5.442432 7.300850 2.074577
v 5.475330 7.293350 2.073490
v 5.467422 7.300850 2.238743
v 5.434521 7.293434 2.239830
v 5.467422 7.309654 2.238743
v 5.434521 7.302238 2.239830
v 5.537930 7.300850 2.154579
v 5.533234 7.293434 2.122002
v 5.537930 7.309654 2.154579
v 5.533234 7.302238 2.122002
v 5.326397 7.713249 2.263771
v 5.307613 7.700356 2.248249
v 5.292709 7.680267 2.235935
v 5.283138 7.654953 2.228027
v 5.279842 7.626892 2.225300
v 5.283138 7.598831 2.228027
v 5.292709 7.573517 2.235935
v 5.307613 7.553421 2.248249
v 5.326397 7.540527 2.263771
v 5.347214 7.536079 2.280975
v 5.368034 7.540527 2.298180
v 5.386818 7.553421 2.313698
v 5.401722 7.573517 2.326015
v 5.411293 7.598831 2.333923
v 5.414589 7.626892 2.336647
v 5.411293 7.654953 2.333923
v 5.401722 7.680267 2.326015
v 5.386818 7.700356 2.313698
v 5.368034 7.713249 2.298180
v 5.347214 7.717697 2.280975
v 5.319851 7.713249 2.271694
v 5.301067 7.700356 2.256172
v 5.286163 7.680267 2.243858
v 5.276592 7.654953 2.235950
v 5.273296 7.626892 2.233223
v 5.276592 7.598831 2.235950
v 5.286163 7.573517 2.243858
v 5.301067 7.553421 2.256172
v 5.319851 7.540527 2.271694
v 5.340668 7.536079 2.288898
v 5.361488 7.540527 2.306099
v 5.380268 7.553421 2.321621
v 5.395176 7.573517 2.333939
v 5.404743 7.598831 2.341846
v 5.408043 7.626892 2.344570
v 5.404743 7.654953 2.341846
v 5.395176 7.680267 2.333939
v 5.380268 7.700356 2.321621
v 5.361488 7.713249 2.306099
v 5.340668 7.717697 2.288898
v 5.326397 7.713249 2.263771
v 5.307613 7.700356 2.248249
v 5.292709 7.680267 2.235935
v 5.283138 7.654953 2.228027
v 5.279842 7.626892 2.225300
v 5.283138 7.598831 2.228027
v 5.292709 7.573517 2.235935
v 5.307613 7.553421 2.248249
v 5.326397 7.540527 2.263771
v 5.347214 7.536079 2.280975
v 5.368034 7.540527 2.298180
v 5.386818 7.553421 2.313698
v 5.401722 7.573517 2.326015
v 5.411293 7.598831 2.333923
v 5.414589 7.626892 2.336647
v 5.411293 7.654953 2.333923
v 5.401722 7.680267 2.326015
v 5.386818 7.700356 2.313698
v 5.368034 7.713249 2.298180
v 5.347214 7.717697 2.280975
v 5.319851 7.540527 2.271694
v 5.340668 7.536079 2.288898
v 5.361488 7.540527 2.306099
v 5.380268 7.553421 2.321621
v 5.395176 7.573517 2.333939
v 5.404743 7.598831 2.341846
v 5.408043 7.626892 2.344570
v 5.332069 7.689720 2.268459
v 5.318405 7.680336 2.257168
v 5.307564 7.665718 2.248207
v 5.300602 7.647301 2.242455
v 5.298203 7.626892 2.240471
v 5.300602 7.606476 2.242455
v 5.307564 7.588058 2.248207
v 5.318405 7.573441 2.257168
v 5.332069 7.564056 2.268459
v 5.347214 7.560829 2.280975
v 5.362362 7.564056 2.293491
v 5.376026 7.573441 2.304783
v 5.386868 7.588058 2.313740
v 5.393829 7.606476 2.319496
v 5.396229 7.626892 2.321476
v 5.393829 7.647301 2.319496
v 5.386868 7.665718 2.313740
v 5.376026 7.680336 2.304783
v 5.362362 7.689720 2.293491
v 5.347214 7.692955 2.280975
v 5.341785 7.687798 2.276485
v 5.336887 7.684433 2.272438
v 5.333000 7.679192 2.269226
v 5.330502 7.672592 2.267162
v 5.329643 7.665268 2.266453
v 5.330502 7.657951 2.267162
v 5.333000 7.651352 2.269226
v 5.336887 7.646111 2.272438
v 5.341785 7.642746 2.276485
v 5.352646 7.642746 2.285461
v 5.357544 7.646111 2.289509
v 5.361431 7.651352 2.292721
v 5.363930 7.657951 2.294785
v 5.364788 7.665268 2.295494
v 5.363930 7.672592 2.294785
v 5.361431 7.679192 2.292721
v 5.357544 7.684433 2.289509
v 5.352646 7.687798 2.285461
v 5.347214 7.688957 2.280975
v 5.282612 7.687798 2.348095
v 5.277714 7.684433 2.344048
v 5.288044 7.665268 2.352585
v 5.273827 7.679192 2.340836
v 5.271332 7.672592 2.338772
v 5.270470 7.665268 2.338062
v 5.271332 7.657951 2.338772
v 5.273827 7.651352 2.340836
v 5.277714 7.646111 2.344048
v 5.282612 7.642746 2.348095
v 5.288044 7.641586 2.352585
v 5.293472 7.642746 2.357071
v 5.298370 7.646111 2.361118
v 5.302258 7.651352 2.364330
v 5.304756 7.657951 2.366394
v 5.305614 7.665268 2.367104
v 5.304756 7.672592 2.366394
v 5.302258 7.679192 2.364330
v 5.298370 7.684433 2.361118
v 5.293472 7.687798 2.357071
v 5.288044 7.688957 2.352585
v 5.273121 7.564056 2.339794
v 5.288269 7.560829 2.352310
v 5.282837 7.642746 2.347824
v 5.288269 7.641586 2.352310
v 5.303413 7.564056 2.364826
v 5.293697 7.642746 2.356796
v 4.872158 5.814507 2.360470
v 4.840141 5.814507 2.398685
v 4.872158 7.818855 2.360470
v 4.840141 7.818855 2.398685
v 5.334778 7.818855 2.748039
v 5.302761 7.818855 2.786255
v 5.334778 5.814507 2.748039
v 5.302761 5.814507 2.786255
v 4.939281 7.818855 2.416702
v 4.939281 5.814507 2.416702
v 4.907269 5.814507 2.454918
v 4.907269 7.818855 2.454918
v 5.274277 5.814507 2.697353
v 5.274277 7.818855 2.697353
v 5.242260 7.818855 2.735569
v 5.242260 5.814507 2.735569
v 4.907269 7.868637 2.454918
v 4.939281 7.868637 2.416702
v 5.242260 7.868637 2.735569
v 5.274277 7.868637 2.697353
v 4.917057 7.912621 2.463120
v 4.949074 7.912621 2.424904
v 5.232471 7.912621 2.727367
v 5.264488 7.912621 2.689152
v 4.938011 7.945076 2.480679
v 4.970028 7.945076 2.442463
v 5.211514 7.945076 2.709808
v 5.243530 7.945076 2.671593
v 4.968513 7.966919 2.506229
v 5.000530 7.966919 2.468014
v 5.181015 7.966919 2.684258
v 5.213032 7.966919 2.646042
v 5.003269 7.981201 2.535347
v 5.035286 7.981201 2.497131
v 5.146259 7.981201 2.655140
v 5.178276 7.981201 2.616924
v 5.037552 7.986076 2.564068
v 5.069569 7.986076 2.525852
v 5.111977 7.986076 2.626419
v 5.143993 7.986076 2.588203
v 5.242260 5.767017 2.735569
v 5.274277 5.767017 2.697353
v 4.907269 5.767017 2.454918
v 4.939281 5.767017 2.416702
v 5.228725 5.717876 2.724228
v 5.260742 5.717876 2.686012
v 4.920799 5.717876 2.466259
v 4.952816 5.717876 2.428043
v 5.202415 5.686287 2.702187
v 5.234432 5.686287 2.663971
v 4.947113 5.686287 2.488300
v 4.979130 5.686287 2.450085
v 5.171471 5.665348 2.676262
v 5.203487 5.665348 2.638046
v 4.978058 5.665348 2.514225
v 5.010075 5.665348 2.476009
v 5.146797 5.655441 2.655590
v 5.178810 5.655441 2.617374
v 5.002731 5.655441 2.534897
v 5.034748 5.655441 2.496681
v 5.116650 5.646179 2.630333
v 5.148666 5.646179 2.592117
v 5.032879 5.646179 2.560154
v 5.064896 5.646179 2.521938
v 4.872158 7.560799 2.360470
v 4.840141 7.560799 2.398685
v 4.907269 7.560799 2.454918
v 5.242260 7.560799 2.735569
v 5.302761 7.560799 2.786255
v 5.334778 7.560799 2.748039
v 5.334778 7.688469 2.748039
v 5.302761 7.688469 2.786255
v 5.242260 7.688469 2.735569
v 4.907269 7.688469 2.454918
v 4.840141 7.688469 2.398685
v 4.872158 7.688469 2.360470
v 5.102749 5.646179 2.553650
v 5.070732 5.646179 2.591866
v 5.067829 5.655441 2.589432
v 5.065453 5.665348 2.587444
v 5.062473 5.686287 2.584946
v 5.059940 5.717876 2.582825
v 5.058640 5.767017 2.581734
v 5.058640 5.814507 2.581734
v 5.055752 7.560799 2.579315
v 5.055752 7.688469 2.579315
v 5.058640 7.818855 2.581734
v 5.058640 7.868637 2.581734
v 5.059582 7.912621 2.582523
v 5.061600 7.945076 2.584213
v 5.064533 7.966919 2.586674
v 5.067883 7.981201 2.589478
v 5.071182 7.986076 2.592243
v 5.103195 7.986076 2.554028
v 5.111423 7.986076 2.560917
v 5.079411 7.986076 2.599136
v 5.083687 7.981201 2.602718
v 5.088028 7.966919 2.606354
v 5.091835 7.945076 2.609543
v 5.094448 7.912621 2.611736
v 5.095673 7.868637 2.612759
v 5.095673 7.818855 2.612759
v 5.095673 7.688469 2.612759
v 5.095673 7.560799 2.612759
v 5.095673 5.814507 2.612759
v 5.095673 5.767017 2.612759
v 5.093983 5.717876 2.611343
v 5.090698 5.686287 2.608593
v 5.086834 5.665348 2.605358
v 5.083755 5.655441 2.602776
v 5.079990 5.646179 2.599625
v 5.112007 5.646179 2.561409
v 4.962238 7.119278 2.512222
v 4.856873 7.119278 2.637989
v 5.047585 7.119278 2.583725
v 4.942223 7.119278 2.709492
v 4.970772 7.220901 2.519371
v 4.962238 7.209770 2.512222
v 4.865406 7.220901 2.645142
v 4.856873 7.209770 2.637989
v 5.047585 7.209770 2.583725
v 5.039051 7.220901 2.576576
v 4.942223 7.209770 2.709492
v 4.933689 7.220901 2.702343
v 4.882690 7.220901 2.763214
v 4.814411 7.220901 2.706013
v 4.889008 7.012566 2.773010
v 4.878151 7.012566 2.773933
v 4.859009 6.871780 2.774578
v 4.848743 6.871780 2.770676
v 4.819393 6.744621 2.751808
v 4.813885 6.744621 2.741989
v 4.804550 6.602760 2.697346
v 4.808693 6.602760 2.686451
v 4.816879 6.510078 2.668610
v 4.825562 6.511536 2.660786
v 4.864990 6.422195 2.645000
v 4.853455 6.420723 2.646362
v 4.936604 7.012566 2.704784
v 4.942223 7.017670 2.709492
v 4.937439 7.012566 2.715199
v 4.931499 6.871780 2.733940
v 4.927761 6.871780 2.743786
v 4.900906 6.744621 2.767010
v 4.891525 6.744621 2.772293
v 4.845257 6.602760 2.769279
v 4.834919 6.602760 2.765354
v 4.820858 6.500923 2.750580
v 4.813087 6.501396 2.742111
v 4.806683 6.412392 2.699257
v 4.808453 6.412003 2.711372
v 4.861477 7.012566 2.641850
v 4.853039 7.012566 2.642567
v 4.856873 7.016693 2.637989
v 4.883522 6.871780 2.641602
v 4.891499 6.871780 2.644634
v 4.923267 6.744621 2.665565
v 4.927547 6.744621 2.673191
v 4.937168 6.602760 2.721264
v 4.933968 6.602760 2.729675
v 4.924030 6.507736 2.749081
v 4.916210 6.506416 2.756149
v 4.876740 6.417282 2.772587
v 4.887497 6.418701 2.770527
v 4.802959 7.012566 2.702343
v 4.803703 7.012566 2.711563
v 4.809101 6.871780 2.682163
v 4.812412 6.871780 2.673450
v 4.840286 6.744621 2.649029
v 4.848598 6.744621 2.644360
v 4.896347 6.602760 2.647312
v 4.905727 6.602760 2.650852
v 4.920502 6.517006 2.666332
v 4.927879 6.516556 2.674446
v 4.934265 6.427032 2.717632
v 4.933372 6.427490 2.706299
v 4.876934 6.378502 2.774612
v 4.888035 6.379959 2.772488
v 4.806492 6.373055 2.711464
v 4.804668 6.373451 2.698963
v 4.852917 6.382050 2.644402
v 4.864819 6.383568 2.642994
v 4.935360 6.389023 2.706230
v 4.936283 6.388557 2.717922
v 4.925385 6.242912 2.716782
v 4.934349 6.249931 2.717205
v 4.856773 6.241074 2.651447
v 4.853336 6.247078 2.640869
v 4.885380 6.302864 2.605652
v 4.895126 6.309906 2.606815
v 4.963833 6.311752 2.672245
v 4.966389 6.305717 2.681984
v 4.976738 6.181732 2.658501
v 4.984932 6.188148 2.658886
v 4.914028 6.180046 2.598782
v 4.910889 6.185539 2.589115
v 4.940174 6.236526 2.556923
v 4.949081 6.242966 2.557991
v 5.011883 6.244652 2.617794
v 5.014217 6.239136 2.626694
v 5.033257 6.116547 2.583920
v 5.039284 6.121269 2.584202
v 4.987114 6.115311 2.539978
v 4.984802 6.119354 2.532864
v 5.006351 6.156868 2.509178
v 5.012905 6.161598 2.509964
v 5.059113 6.162842 2.553967
v 5.060833 6.158783 2.560516
v 5.036533 6.118416 2.581467
v 5.043652 6.121056 2.580448
v 4.989777 6.115524 2.538258
v 4.988346 6.117424 2.530094
v 5.018375 6.137123 2.496284
v 5.073681 6.140762 2.546638
v 5.046547 6.061661 2.569511
v 5.051514 6.062401 2.571064
v 4.997452 6.058662 2.529095
v 4.993687 6.058830 2.523716
v 5.013393 6.063065 2.502232
v 5.071217 6.066635 2.549580
v 5.039177 5.975220 2.550163
v 5.042057 5.975960 2.549969
v 5.017693 5.972221 2.532879
v 5.016682 5.972389 2.529804
v 5.027302 5.976631 2.518013
v 5.030426 5.977402 2.518017
v 5.051941 5.980400 2.535324
v 5.052677 5.980202 2.538174
v 4.886158 7.119278 2.776413
v 4.881592 7.119278 2.776814
v 4.886158 7.209770 2.776413
v 4.883911 7.211090 2.777031
v 4.881592 7.209770 2.776814
v 4.801216 7.119278 2.709480
v 4.800812 7.119278 2.704910
v 4.801216 7.209770 2.709480
v 4.800594 7.211090 2.707230
v 4.800812 7.209770 2.704910
v 4.881592 7.015648 2.776814
v 4.886158 7.015640 2.776413
v 4.801216 7.014824 2.709480
v 4.800812 7.014862 2.704910
v 4.931671 6.974312 2.507069
v 4.931671 7.406364 2.507069
v 5.151970 7.406364 2.691631
v 5.151970 6.974312 2.691631
v 4.994804 7.406364 2.521019
v 4.994804 6.974312 2.521019
v 4.975632 6.974312 2.543900
v 4.975632 7.406364 2.543900
v 5.021687 6.974312 2.543541
v 5.021687 7.406364 2.543541
v 5.002518 7.406364 2.566422
v 5.002518 6.974312 2.566422
v 5.130852 6.974312 2.634998
v 5.130852 7.406364 2.634998
v 5.111683 7.406364 2.657879
v 5.111683 6.974312 2.657879
v 5.109959 7.406364 2.617493
v 5.109959 6.974312 2.617493
v 5.090790 6.974312 2.640377
v 5.090790 7.406364 2.640377
v 4.950840 7.030144 2.484188
v 5.171139 7.030144 2.668747
v 5.151970 7.030144 2.691631
v 5.111683 7.030144 2.657879
v 5.090790 7.030144 2.640377
v 5.002518 7.030144 2.566422
v 4.975632 7.030144 2.543900
v 4.931671 7.030144 2.507069
v 5.171139 7.059151 2.668747
v 4.950840 7.059151 2.484188
v 4.931671 7.059151 2.507069
v 4.975632 7.059151 2.543900
v 5.002518 7.059151 2.566422
v 5.090790 7.059151 2.640377
v 5.111683 7.059151 2.657879
v 5.151970 7.059151 2.691631
v 5.171139 7.359856 2.668747
v 4.950840 7.359856 2.484188
v 4.931671 7.359856 2.507069
v 4.975632 7.359856 2.543900
v 5.002518 7.359856 2.566422
v 5.090790 7.359856 2.640377
v 5.111683 7.359856 2.657879
v 5.151970 7.359856 2.691631
v 5.171139 7.338272 2.668747
v 5.151970 7.338272 2.691631
v 5.111683 7.338272 2.657879
v 5.090790 7.338272 2.640377
v 5.002518 7.338272 2.566422
v 4.975632 7.338272 2.543900
v 4.931671 7.338272 2.507069
v 4.950840 7.338272 2.484188
v 4.963844 7.418823 2.534023
v 4.983013 7.418823 2.511139
v 4.939049 7.372314 2.474308
v 4.919876 7.372314 2.497189
v 5.141674 7.420502 2.644062
v 5.122505 7.420502 2.666943
v 5.162788 7.373993 2.700695
v 5.181957 7.373993 2.677811
v 4.920429 7.016945 2.497654
v 4.939602 7.016945 2.474770
v 4.983566 6.961113 2.511604
v 4.964397 6.961113 2.534485
v 5.184208 7.014801 2.679695
v 5.165039 7.014801 2.702579
v 5.124752 6.958969 2.668827
v 5.143921 6.958969 2.645947
v 4.939049 7.404877 2.474308
v 4.949738 7.418823 2.483265
v 4.944923 7.412613 2.479229
v 4.919876 7.404877 2.497189
v 4.925755 7.412613 2.502113
v 4.930569 7.418823 2.506145
v 5.162788 7.406555 2.700695
v 5.152096 7.420502 2.691738
v 5.157448 7.413521 2.696220
v 5.181957 7.406555 2.677811
v 5.176617 7.413521 2.673336
v 5.171268 7.420502 2.668854
v 4.950294 6.961113 2.483730
v 4.939602 6.975060 2.474770
v 4.945221 6.967712 2.479477
v 4.931126 6.961113 2.506611
v 4.926048 6.967712 2.502361
v 4.920429 6.975060 2.497654
v 5.154346 6.958969 2.693619
v 5.165039 6.972916 2.702579
v 5.159416 6.965569 2.697868
v 5.173515 6.958969 2.670738
v 5.178589 6.965569 2.674988
v 5.184208 6.972916 2.679695
v 4.973015 7.425293 2.541706
v 4.992184 7.425293 2.518822
v 4.976910 7.425293 2.544968
v 4.996078 7.425293 2.522087
v 5.111870 7.425781 2.658035
v 5.131039 7.425781 2.635151
v 5.115543 7.425781 2.661114
v 5.134712 7.425781 2.638229
v 4.978680 6.948746 2.546452
v 4.997849 6.948746 2.523571
v 4.971661 6.948746 2.540573
v 4.990833 6.948746 2.517693
v 5.115654 6.948746 2.661205
v 5.134827 6.948746 2.638325
v 5.109779 6.948746 2.656284
v 5.128948 6.948746 2.633400
v 5.174557 7.035751 2.710552
v 5.193726 7.035751 2.687672
v 5.174557 7.026726 2.710552
v 5.193726 7.026726 2.687672
v 5.174557 7.363274 2.710552
v 5.193726 7.363274 2.687672
v 5.174557 7.354988 2.710552
v 5.193726 7.354988 2.687672
v 4.910706 7.025665 2.489506
v 4.929874 7.025665 2.466625
v 4.910706 7.036018 2.489506
v 4.929874 7.036018 2.466625
v 4.910706 7.355980 2.489506
v 4.929874 7.355980 2.466625
v 4.910706 7.364334 2.489506
v 4.929874 7.364334 2.466625
v 5.049938 7.406364 2.567207
v 5.049938 6.974312 2.567207
v 5.030769 6.974312 2.590092
v 5.030769 7.030144 2.590092
v 5.030769 7.059151 2.590092
v 5.030769 7.338272 2.590092
v 5.030769 7.359856 2.590092
v 5.030769 7.406364 2.590092
v 5.071190 6.974312 2.585011
v 5.071190 7.406364 2.585011
v 5.052017 7.406364 2.607895
v 5.052017 7.359856 2.607895
v 5.052017 7.338272 2.607895
v 5.052017 7.059151 2.607895
v 5.052017 7.030144 2.607895
v 5.052017 6.974312 2.607895
v 5.171139 7.233681 2.668747
v 5.151970 7.233681 2.691631
v 5.111683 7.233681 2.657879
v 5.090790 7.233681 2.640377
v 5.052017 7.233681 2.607895
v 5.030769 7.233681 2.590092
v 5.002518 7.233681 2.566422
v 4.975632 7.233681 2.543900
v 4.931671 7.233681 2.507069
v 4.950840 7.233681 2.484188
v 5.066250 7.233681 2.590904
v 5.045002 7.233681 2.573101
v 5.066250 7.338272 2.590904
v 5.045002 7.338272 2.573101
v 5.000694 7.252007 2.523071
v 4.973366 7.252007 2.555691
v 5.000694 7.274376 2.523071
v 4.973366 7.274376 2.555691
v 5.017399 7.274376 2.537067
v 4.990070 7.274376 2.569687
v 5.017399 7.252007 2.537067
v 4.990070 7.252007 2.569687
v 4.983498 7.254913 2.580738
v 4.963634 7.254913 2.564098
v 4.986217 7.276779 2.577496
v 4.966354 7.276779 2.560856
v 4.976624 7.262657 2.588947
v 4.956760 7.262657 2.572308
v 4.982262 7.282768 2.582214
v 4.962399 7.282768 2.565575
v 4.968563 7.285851 2.598568
v 4.948700 7.285851 2.581928
v 4.981422 7.286469 2.583218
v 4.961559 7.286469 2.566578
v 4.968563 7.294655 2.598568
v 4.948700 7.294655 2.581928
v 4.981422 7.295273 2.583218
v 4.961559 7.295273 2.566578
v 4.869846 7.285851 2.716400
v 4.849983 7.285851 2.699760
v 4.869846 7.294655 2.716400
v 4.849983 7.294655 2.699760
v 4.992058 7.300850 2.646900
v 4.987362 7.293350 2.614319
v 4.992058 7.309654 2.646900
v 4.987362 7.302155 2.614319
v 4.921547 7.309654 2.731064
v 4.888649 7.302155 2.732151
v 4.921547 7.300850 2.731064
v 4.888649 7.293350 2.732151
v 4.896557 7.300850 2.566895
v 4.929459 7.293434 2.565811
v 4.896557 7.309654 2.566895
v 4.929459 7.302238 2.565811
v 4.826050 7.300850 2.651058
v 4.830746 7.293434 2.683640
v 4.826050 7.309654 2.651058
v 4.830746 7.302238 2.683640
v 5.084034 7.713249 2.609619
v 5.102814 7.700356 2.625137
v 5.117718 7.680267 2.637455
v 5.127289 7.654953 2.645363
v 5.130589 7.626892 2.648087
v 5.127289 7.598831 2.645363
v 5.117718 7.573517 2.637455
v 5.102814 7.553421 2.625137
v 5.084034 7.540527 2.609619
v 5.063213 7.536079 2.592415
v 5.042393 7.540527 2.575211
v 5.023613 7.553421 2.559689
v 5.008705 7.573517 2.547375
v 4.999138 7.598831 2.539467
v 4.995838 7.626892 2.536739
v 4.999138 7.654953 2.539467
v 5.008705 7.680267 2.547375
v 5.023613 7.700356 2.559689
v 5.042393 7.713249 2.575211
v 5.063213 7.717697 2.592415
v 5.090580 7.713249 2.601696
v 5.109360 7.700356 2.617214
v 5.124268 7.680267 2.629532
v 5.133835 7.654953 2.637440
v 5.137135 7.626892 2.640163
v 5.133835 7.598831 2.637440
v 5.124268 7.573517 2.629532
v 5.109360 7.553421 2.617214
v 5.090580 7.540527 2.601696
v 5.069759 7.536079 2.584492
v 5.048939 7.540527 2.567287
v 5.030159 7.553421 2.551765
v 5.015255 7.573517 2.539452
v 5.005684 7.598831 2.531544
v 5.002388 7.626892 2.528816
v 5.005684 7.654953 2.531544
v 5.015255 7.680267 2.539452
v 5.030159 7.700356 2.551765
v 5.048939 7.713249 2.567287
v 5.069759 7.717697 2.584492
v 5.084034 7.713249 2.609619
v 5.102814 7.700356 2.625137
v 5.117718 7.680267 2.637455
v 5.127289 7.654953 2.645363
v 5.130585 7.626892 2.648087
v 5.127289 7.598831 2.645363
v 5.117718 7.573517 2.637455
v 5.102814 7.553421 2.625137
v 5.084034 7.540527 2.609619
v 5.063213 7.536079 2.592415
v 5.042393 7.540527 2.575211
v 5.023613 7.553421 2.559689
v 5.008705 7.573517 2.547375
v 4.999138 7.598831 2.539467
v 4.995838 7.626892 2.536739
v 4.999138 7.654953 2.539467
v 5.008705 7.680267 2.547375
v 5.023613 7.700356 2.559689
v 5.042393 7.713249 2.575211
v 5.063213 7.717697 2.592415
v 5.090580 7.540527 2.601696
v 5.069759 7.536079 2.584492
v 5.048939 7.540527 2.567287
v 5.030159 7.553421 2.551765
v 5.015255 7.573517 2.539452
v 5.005684 7.598831 2.531544
v 5.002388 7.626892 2.528816
v 5.078362 7.689720 2.604931
v 5.092022 7.680336 2.616219
v 5.102867 7.665718 2.625179
v 5.109829 7.647301 2.630932
v 5.112228 7.626892 2.632915
v 5.109829 7.606476 2.630932
v 5.102867 7.588058 2.625179
v 5.092022 7.573441 2.616219
v 5.078358 7.564056 2.604931
v 5.063213 7.560829 2.592415
v 5.048065 7.564056 2.579899
v 5.034401 7.573441 2.568607
v 5.023560 7.588058 2.559647
v 5.016598 7.606476 2.553894
v 5.014198 7.626892 2.551910
v 5.016598 7.647301 2.553894
v 5.023560 7.665718 2.559647
v 5.034401 7.680336 2.568607
v 5.048065 7.689720 2.579899
v 5.063213 7.692955 2.592415
v 5.068645 7.687798 2.596901
v 5.073544 7.684433 2.600948
v 5.077431 7.679192 2.604160
v 5.079926 7.672592 2.606224
v 5.080788 7.665268 2.606934
v 5.079926 7.657951 2.606224
v 5.077431 7.651352 2.604160
v 5.073544 7.646111 2.600948
v 5.068645 7.642746 2.596901
v 5.057781 7.642746 2.587925
v 5.052883 7.646111 2.583878
v 5.048996 7.651352 2.580666
v 5.046501 7.657951 2.578602
v 5.045639 7.665268 2.577892
v 5.046501 7.672592 2.578602
v 5.048996 7.679192 2.580666
v 5.052883 7.684433 2.583878
v 5.057781 7.687798 2.587925
v 5.063213 7.688957 2.592415
v 5.127815 7.687798 2.525291
v 5.132717 7.684433 2.529339
v 5.122387 7.665268 2.520805
v 5.136604 7.679192 2.532551
v 5.139099 7.672592 2.534615
v 5.139957 7.665268 2.535324
v 5.139099 7.657951 2.534615
v 5.136604 7.651352 2.532551
v 5.132717 7.646111 2.529339
v 5.127815 7.642746 2.525291
v 5.122387 7.641586 2.520805
v 5.116955 7.642746 2.516315
v 5.112057 7.646111 2.512268
v 5.108170 7.651352 2.509056
v 5.105675 7.657951 2.506992
v 5.104813 7.665268 2.506283
v 5.105675 7.672592 2.506992
v 5.108170 7.679192 2.509056
v 5.112057 7.684433 2.512268
v 5.116955 7.687798 2.516315
v 5.122387 7.688957 2.520805
v 5.137306 7.564056 2.533592
v 5.122162 7.560829 2.521076
v 5.127590 7.642746 2.525566
v 5.122162 7.641586 2.521076
v 5.107014 7.564056 2.508560
v 5.116730 7.642746 2.516590
vt 0.625000 0.000000
vt 0.636888 0.000000
vt 0.636888 0.028048
vt 0.625000 0.028048
vt 0.625000 0.238285
vt 0.636888 0.238285
vt 0.636888 0.250000
vt 0.625000 0.250000
vt 0.852502 0.028048
vt 0.852502 0.000000
vt 0.875000 0.000000
vt 0.875000 0.028048
vt 0.852502 0.250000
vt 0.852502 0.238285
vt 0.875000 0.238285
vt 0.875000 0.250000
vt 0.649254 0.250000
vt 0.649254 0.238285
vt 0.687239 0.238285
vt 0.687239 0.250000
vt 0.649254 0.028048
vt 0.649254 0.000000
vt 0.687240 0.000000
vt 0.687240 0.028048
vt 0.636888 0.131568
vt 0.625000 0.131568
vt 0.687240 0.028048
vt 0.687239 0.131568
vt 0.649254 0.131568
vt 0.649254 0.028048
vt 0.875000 0.131568
vt 0.852502 0.131568
vt 0.818020 0.028048
vt 0.818020 0.000000
vt 0.852502 0.131568
vt 0.818020 0.131568
vt 0.818020 0.028048
vt 0.852502 0.028048
vt 0.818020 0.250000
vt 0.818020 0.238285
vt 0.801073 0.028048
vt 0.801073 0.000000
vt 0.818020 0.131568
vt 0.801073 0.131568
vt 0.801073 0.250000
vt 0.801073 0.238285
vt 0.707697 0.238285
vt 0.707697 0.250000
vt 0.707697 0.028048
vt 0.707697 0.131568
vt 0.687239 0.131568
vt 0.707697 0.000000
vt 0.740685 0.250000
vt 0.740685 0.238285
vt 0.761313 0.238285
vt 0.761313 0.250000
vt 0.761313 0.028048
vt 0.761313 0.131568
vt 0.740685 0.131568
vt 0.740685 0.028048
vt 0.740685 0.000000
vt 0.761313 0.000000
vt 0.801073 0.028048
vt 0.801073 0.131568
vt 0.761313 0.131568
vt 0.761313 0.028048
vt 0.740685 0.028048
vt 0.740685 0.131568
vt 0.707697 0.131568
vt 0.707697 0.028048
vt 0.649254 0.238285
vt 0.687239 0.238285
vt 0.649254 0.131568
vt 0.818020 0.238285
vt 0.852502 0.238285
vt 0.852502 0.215643
vt 0.875000 0.215643
vt 0.852502 0.215643
vt 0.818020 0.215643
vt 0.818020 0.215643
vt 0.801073 0.215643
vt 0.761313 0.215643
vt 0.801073 0.215643
vt 0.801073 0.238285
vt 0.761313 0.238285
vt 0.740685 0.215643
vt 0.740685 0.238285
vt 0.707697 0.215643
vt 0.707697 0.238285
vt 0.687239 0.215643
vt 0.707697 0.215643
vt 0.687239 0.215643
vt 0.649254 0.215643
vt 0.649254 0.215643
vt 0.625000 0.215643
vt 0.636888 0.215643
vt 0.852502 0.208776
vt 0.875000 0.208776
vt 0.852502 0.208776
vt 0.818020 0.208776
vt 0.818020 0.208776
vt 0.801073 0.208776
vt 0.761313 0.208776
vt 0.761313 0.215643
vt 0.740685 0.208776
vt 0.740685 0.215643
vt 0.707697 0.208776
vt 0.687239 0.208776
vt 0.687239 0.208776
vt 0.649254 0.208776
vt 0.649254 0.208776
vt 0.625000 0.208776
vt 0.636888 0.208776
vt 0.625000 0.156254
vt 0.636888 0.156254
vt 0.636888 0.160593
vt 0.625000 0.160593
vt 0.649254 0.160593
vt 0.649254 0.160593
vt 0.649254 0.156254
vt 0.649254 0.156254
vt 0.687239 0.156254
vt 0.687239 0.160593
vt 0.687239 0.156254
vt 0.687239 0.160593
vt 0.707697 0.156254
vt 0.707697 0.160593
vt 0.740685 0.156254
vt 0.740685 0.160593
vt 0.761313 0.156254
vt 0.761313 0.160593
vt 0.801073 0.156254
vt 0.801073 0.160593
vt 0.818020 0.156254
vt 0.818020 0.160593
vt 0.818020 0.160593
vt 0.818020 0.156254
vt 0.852502 0.160593
vt 0.852502 0.156254
vt 0.852502 0.156254
vt 0.852502 0.160593
vt 0.875000 0.160593
vt 0.875000 0.156254
vt 0.761313 0.160593
vt 0.801073 0.160593
vt 0.801073 0.208776
vt 0.761313 0.208776
vt 0.740685 0.160593
vt 0.740685 0.208776
vt 0.707697 0.160593
vt 0.707697 0.208776
vt 0.761313 0.156254
vt 0.801073 0.156254
vt 0.707697 0.156254
vt 0.740685 0.156254
vt 0.381183 0.028048
vt 0.381183 0.000000
vt 0.625000 0.261888
vt 0.381183 0.261888
vt 0.381183 0.250000
vt 0.381183 0.750000
vt 0.381183 0.721952
vt 0.625000 0.721952
vt 0.625000 0.750000
vt 0.381183 1.000000
vt 0.381182 0.988112
vt 0.625000 0.988112
vt 0.625000 1.000000
vt 0.381183 0.511715
vt 0.381183 0.500000
vt 0.625000 0.500000
vt 0.625000 0.511715
vt 0.381183 0.238285
vt 0.381183 0.772498
vt 0.625000 0.772498
vt 0.381183 0.477502
vt 0.625000 0.477502
vt 0.381184 0.312239
vt 0.381183 0.274254
vt 0.625000 0.274254
vt 0.625000 0.312239
vt 0.381182 0.975746
vt 0.381183 0.937761
vt 0.625000 0.937761
vt 0.625000 0.975746
vt 0.381183 0.131568
vt 0.381183 0.618432
vt 0.625000 0.618432
vt 0.381183 0.806980
vt 0.625000 0.806980
vt 0.381183 0.443020
vt 0.625000 0.443020
vt 0.381183 0.823927
vt 0.625000 0.823927
vt 0.381183 0.426073
vt 0.625000 0.426073
vt 0.381183 0.332697
vt 0.625000 0.332697
vt 0.381183 0.917303
vt 0.625000 0.917303
vt 0.381183 0.386313
vt 0.381184 0.365685
vt 0.625000 0.365685
vt 0.625000 0.386313
vt 0.381183 0.884315
vt 0.381183 0.863687
vt 0.625000 0.863687
vt 0.625000 0.884315
vt 0.381183 0.534357
vt 0.625000 0.534357
vt 0.381183 0.215643
vt 0.381183 0.541224
vt 0.625000 0.541224
vt 0.381183 0.208776
vt 0.381183 0.160593
vt 0.381183 0.156254
vt 0.381183 0.593746
vt 0.381183 0.589407
vt 0.625000 0.589407
vt 0.625000 0.593746
vt 0.625000 0.000000
vt 0.625000 0.028048
vt 0.636888 0.028048
vt 0.636888 0.000000
vt 0.625000 0.238285
vt 0.625000 0.250000
vt 0.636888 0.250000
vt 0.636888 0.238285
vt 0.852502 0.028048
vt 0.875000 0.028048
vt 0.875000 0.000000
vt 0.852502 0.000000
vt 0.852502 0.250000
vt 0.875000 0.250000
vt 0.875000 0.238285
vt 0.852502 0.238285
vt 0.649254 0.250000
vt 0.687239 0.250000
vt 0.687239 0.238285
vt 0.649254 0.238285
vt 0.649254 0.028048
vt 0.687240 0.028048
vt 0.687240 0.000000
vt 0.649254 0.000000
vt 0.625000 0.131568
vt 0.636888 0.131568
vt 0.687240 0.028048
vt 0.649254 0.028048
vt 0.649254 0.131568
vt 0.687239 0.131568
vt 0.852502 0.131568
vt 0.875000 0.131568
vt 0.818020 0.028048
vt 0.818020 0.000000
vt 0.818020 0.131568
vt 0.852502 0.131568
vt 0.852502 0.028048
vt 0.818020 0.028048
vt 0.818020 0.250000
vt 0.818020 0.238285
vt 0.801073 0.028048
vt 0.801073 0.000000
vt 0.801073 0.131568
vt 0.818020 0.131568
vt 0.801073 0.250000
vt 0.801073 0.238285
vt 0.707697 0.250000
vt 0.707697 0.238285
vt 0.707697 0.028048
vt 0.687239 0.131568
vt 0.707697 0.131568
vt 0.707697 0.000000
vt 0.740685 0.250000
vt 0.761313 0.250000
vt 0.761313 0.238285
vt 0.740685 0.238285
vt 0.761313 0.028048
vt 0.740685 0.028048
vt 0.740685 0.131568
vt 0.761313 0.131568
vt 0.761313 0.000000
vt 0.740685 0.000000
vt 0.801073 0.028048
vt 0.761313 0.028048
vt 0.761313 0.131568
vt 0.801073 0.131568
vt 0.740685 0.028048
vt 0.707697 0.028048
vt 0.707697 0.131568
vt 0.740685 0.131568
vt 0.687239 0.238285
vt 0.649254 0.238285
vt 0.649254 0.131568
vt 0.852502 0.238285
vt 0.818020 0.238285
vt 0.875000 0.215643
vt 0.852502 0.215643
vt 0.852502 0.215643
vt 0.818020 0.215643
vt 0.818020 0.215643
vt 0.801073 0.215643
vt 0.761313 0.215643
vt 0.761313 0.238285
vt 0.801073 0.238285
vt 0.801073 0.215643
vt 0.740685 0.215643
vt 0.740685 0.238285
vt 0.707697 0.215643
vt 0.707697 0.238285
vt 0.687239 0.215643
vt 0.707697 0.215643
vt 0.687239 0.215643
vt 0.649254 0.215643
vt 0.649254 0.215643
vt 0.625000 0.215643
vt 0.636888 0.215643
vt 0.875000 0.208776
vt 0.852502 0.208776
vt 0.852502 0.208776
vt 0.818020 0.208776
vt 0.818020 0.208776
vt 0.801073 0.208776
vt 0.761313 0.208776
vt 0.761313 0.215643
vt 0.740685 0.208776
vt 0.740685 0.215643
vt 0.707697 0.208776
vt 0.687239 0.208776
vt 0.687239 0.208776
vt 0.649254 0.208776
vt 0.649254 0.208776
vt 0.625000 0.208776
vt 0.636888 0.208776
vt 0.625000 0.156254
vt 0.625000 0.160593
vt 0.636888 0.160593
vt 0.636888 0.156254
vt 0.649254 0.160593
vt 0.649254 0.156254
vt 0.649254 0.156254
vt 0.649254 0.160593
vt 0.687239 0.160593
vt 0.687239 0.156254
vt 0.687239 0.160593
vt 0.687239 0.156254
vt 0.707697 0.160593
vt 0.707697 0.156254
vt 0.740685 0.160593
vt 0.740685 0.156254
vt 0.761313 0.160593
vt 0.761313 0.156254
vt 0.801073 0.160593
vt 0.801073 0.156254
vt 0.818020 0.160593
vt 0.818020 0.156254
vt 0.818020 0.160593
vt 0.818020 0.156254
vt 0.852502 0.160593
vt 0.852502 0.156254
vt 0.852502 0.160593
vt 0.852502 0.156254
vt 0.875000 0.160593
vt 0.875000 0.156254
vt 0.761313 0.160593
vt 0.761313 0.208776
vt 0.801073 0.208776
vt 0.801073 0.160593
vt 0.740685 0.160593
vt 0.740685 0.208776
vt 0.707697 0.160593
vt 0.707697 0.208776
vt 0.801073 0.156254
vt 0.761313 0.156254
vt 0.740685 0.156254
vt 0.707697 0.156254
vt 0.381183 0.028048
vt 0.381183 0.000000
vt 0.381183 0.261888
vt 0.625000 0.261888
vt 0.381183 0.250000
vt 0.381183 0.750000
vt 0.625000 0.750000
vt 0.625000 0.721952
vt 0.381183 0.721952
vt 0.381183 1.000000
vt 0.625000 1.000000
vt 0.625000 0.988112
vt 0.381182 0.988112
vt 0.381183 0.511715
vt 0.625000 0.511715
vt 0.625000 0.500000
vt 0.381183 0.500000
vt 0.381183 0.238285
vt 0.381183 0.772498
vt 0.625000 0.772498
vt 0.625000 0.477502
vt 0.381183 0.477502
vt 0.381184 0.312239
vt 0.625000 0.312239
vt 0.625000 0.274254
vt 0.381183 0.274254
vt 0.381182 0.975746
vt 0.625000 0.975746
vt 0.625000 0.937761
vt 0.381183 0.937761
vt 0.381183 0.131568
vt 0.625000 0.618432
vt 0.381183 0.618432
vt 0.381183 0.806980
vt 0.625000 0.806980
vt 0.625000 0.443020
vt 0.381183 0.443020
vt 0.381183 0.823927
vt 0.625000 0.823927
vt 0.625000 0.426073
vt 0.381183 0.426073
vt 0.381183 0.332697
vt 0.625000 0.332697
vt 0.625000 0.917303
vt 0.381183 0.917303
vt 0.381183 0.386313
vt 0.625000 0.386313
vt 0.625000 0.365685
vt 0.381184 0.365685
vt 0.381183 0.884315
vt 0.625000 0.884315
vt 0.625000 0.863687
vt 0.381183 0.863687
vt 0.381183 0.534357
vt 0.625000 0.534357
vt 0.381183 0.215643
vt 0.381183 0.541224
vt 0.625000 0.541224
vt 0.381183 0.208776
vt 0.381183 0.160593
vt 0.381183 0.156254
vt 0.381183 0.593746
vt 0.625000 0.593746
vt 0.625000 0.589407
vt 0.381183 0.589407
vt 0.381183 0.133961
vt 0.625000 0.133961
vt 0.625000 0.133961
vt 0.381183 0.133961
vt 0.636888 0.133961
vt 0.649254 0.133961
vt 0.649254 0.133961
vt 0.687239 0.133961
vt 0.687239 0.133961
vt 0.707697 0.133961
vt 0.707697 0.133961
vt 0.740685 0.133961
vt 0.740685 0.133961
vt 0.761313 0.133961
vt 0.761313 0.133961
vt 0.801073 0.133961
vt 0.801073 0.133961
vt 0.818020 0.133961
vt 0.818020 0.133961
vt 0.852502 0.133961
vt 0.852502 0.133961
vt 0.875000 0.133961
vt 0.381183 0.616039
vt 0.625000 0.616039
vt 0.625000 0.616039
vt 0.381183 0.616039
vt 0.852502 0.133961
vt 0.875000 0.133961
vt 0.852502 0.133961
vt 0.818020 0.133961
vt 0.818020 0.133961
vt 0.801073 0.133961
vt 0.801073 0.133961
vt 0.761313 0.133961
vt 0.761313 0.133961
vt 0.740685 0.133961
vt 0.740685 0.133961
vt 0.707697 0.133961
vt 0.707697 0.133961
vt 0.687239 0.133961
vt 0.687239 0.133961
vt 0.649254 0.133961
vt 0.649254 0.133961
vt 0.636888 0.133961
vt 0.381183 0.264244
vt 0.625000 0.264244
vt 0.625000 0.264244
vt 0.381183 0.264244
vt 0.639244 0.238285
vt 0.639244 0.250000
vt 0.639244 0.215643
vt 0.639244 0.208776
vt 0.639244 0.160593
vt 0.639244 0.156254
vt 0.639244 0.133961
vt 0.639244 0.131568
vt 0.639244 0.028048
vt 0.639244 0.000000
vt 0.381182 0.985756
vt 0.625000 0.985756
vt 0.625000 0.985756
vt 0.381182 0.985756
vt 0.639244 0.028048
vt 0.639244 0.000000
vt 0.639244 0.131568
vt 0.639244 0.133961
vt 0.639244 0.156254
vt 0.639244 0.160593
vt 0.639244 0.208776
vt 0.639244 0.215643
vt 0.639244 0.238285
vt 0.639244 0.250000
vt 0.639244 0.133961
vt 0.639244 0.131568
vt 0.636888 0.131568
vt 0.636888 0.133961
vt 0.375000 0.217812
vt 0.625000 0.217812
vt 0.625000 0.233737
vt 0.375000 0.233737
vt 0.375000 0.250000
vt 0.625000 0.250000
vt 0.625000 0.312047
vt 0.375000 0.312047
vt 0.375000 0.516263
vt 0.625000 0.516263
vt 0.625000 0.532188
vt 0.375000 0.532188
vt 0.375000 0.937953
vt 0.625000 0.937953
vt 0.625000 1.000000
vt 0.375000 1.000000
vt 0.687047 0.217812
vt 0.687047 0.233737
vt 0.375000 0.750000
vt 0.625000 0.750000
vt 0.625000 0.809507
vt 0.375000 0.809507
vt 0.875000 0.233737
vt 0.815493 0.233737
vt 0.815493 0.217812
vt 0.875000 0.217812
vt 0.375000 0.440493
vt 0.625000 0.440493
vt 0.625000 0.500000
vt 0.375000 0.500000
vt 0.375000 0.312047
vt 0.625000 0.312047
vt 0.625000 0.370087
vt 0.375000 0.370087
vt 0.745087 0.217812
vt 0.745087 0.233737
vt 0.375000 0.879913
vt 0.625000 0.879913
vt 0.625000 0.937953
vt 0.375000 0.937953
vt 0.625000 0.312047
vt 0.375000 0.312047
vt 0.625000 0.370087
vt 0.625000 0.370087
vt 0.375000 0.440493
vt 0.625000 0.440493
vt 0.625000 0.312047
vt 0.375000 0.312047
vt 0.625000 0.370087
vt 0.375000 0.440493
vt 0.625000 0.440493
vt 0.625000 0.312047
vt 0.375000 0.312047
vt 0.625000 0.370087
vt 0.375000 0.440493
vt 0.625000 0.440493
vt 0.625000 0.312047
vt 0.375000 0.312047
vt 0.625000 0.370087
vt 0.375000 0.440493
vt 0.625000 0.440493
vt 0.625000 0.312047
vt 0.375000 0.312047
vt 0.625000 0.370087
vt 0.375000 0.440493
vt 0.625000 0.440493
vt 0.375000 0.440493
vt 0.625000 0.440493
vt 0.625000 0.809507
vt 0.375000 0.809507
vt 0.625000 0.879913
vt 0.625000 0.879913
vt 0.625000 0.937953
vt 0.375000 0.937953
vt 0.625000 0.809507
vt 0.375000 0.809507
vt 0.625000 0.879913
vt 0.625000 0.937953
vt 0.375000 0.937953
vt 0.625000 0.809507
vt 0.375000 0.809507
vt 0.625000 0.879913
vt 0.625000 0.937953
vt 0.375000 0.937953
vt 0.625000 0.809507
vt 0.375000 0.809507
vt 0.625000 0.879913
vt 0.625000 0.937953
vt 0.375000 0.937953
vt 0.625000 0.809507
vt 0.375000 0.809507
vt 0.625000 0.879913
vt 0.625000 0.937953
vt 0.375000 0.937953
vt 0.625000 0.809507
vt 0.375000 0.809507
vt 0.375000 0.000000
vt 0.625000 0.000000
vt 0.687047 0.000000
vt 0.745087 0.000000
vt 0.815493 0.000000
vt 0.875000 0.000000
vt 0.815493 0.250000
vt 0.875000 0.250000
vt 0.687047 0.250000
vt 0.745087 0.250000
vt 0.625000 0.865714
vt 0.375000 0.865714
vt 0.625000 0.865714
vt 0.625000 0.865714
vt 0.625000 0.865714
vt 0.625000 0.865714
vt 0.625000 0.865714
vt 0.625000 0.865714
vt 0.759286 0.217812
vt 0.759286 0.000000
vt 0.759286 0.233737
vt 0.759286 0.250000
vt 0.625000 0.384286
vt 0.625000 0.384286
vt 0.625000 0.384286
vt 0.625000 0.384286
vt 0.625000 0.384286
vt 0.625000 0.384286
vt 0.625000 0.384286
vt 0.375000 0.384286
vt 0.375000 0.750000
vt 0.625000 0.750000
vt 0.625000 1.000000
vt 0.375000 1.000000
vt 0.375000 0.274998
vt 0.375000 0.222611
vt 0.625000 0.222611
vt 0.649998 0.250000
vt 0.625000 0.222611
vt 0.627974 0.225869
vt 0.649998 0.250000
vt 0.375000 0.527389
vt 0.375000 0.475002
vt 0.625000 0.475002
vt 0.625000 0.527389
vt 0.875000 0.222611
vt 0.850002 0.250000
vt 0.850002 0.250000
vt 0.872027 0.225869
vt 0.875000 0.222611
vt 0.375000 0.000000
vt 0.625000 0.000000
vt 0.625000 0.274998
vt 0.875000 0.000000
vt 0.875000 0.000000
vt 0.858541 0.000000
vt 0.638487 0.000000
vt 0.625000 0.000000
vt 0.875000 0.000000
vt 0.857645 0.000000
vt 0.857581 0.000000
vt 0.875000 0.000000
vt 0.857170 0.000000
vt 0.875000 0.000000
vt 0.856539 0.000000
vt 0.875000 0.000000
vt 0.856399 0.000000
vt 0.875000 0.000000
vt 0.857041 0.000000
vt 0.875000 0.000000
vt 0.875000 0.000000
vt 0.867717 0.000000
vt 0.875000 0.000000
vt 0.875000 0.000000
vt 0.858254 0.000000
vt 0.875000 0.000000
vt 0.857829 0.000000
vt 0.875000 0.000000
vt 0.857391 0.000000
vt 0.875000 0.000000
vt 0.856563 0.000000
vt 0.875000 0.000000
vt 0.853303 0.000000
vt 0.625000 0.000000
vt 0.640531 0.000000
vt 0.853303 0.000000
vt 0.875000 0.000000
vt 0.875000 0.000000
vt 0.857041 0.000000
vt 0.643973 0.000000
vt 0.625000 0.000000
vt 0.625000 0.000000
vt 0.638534 0.000000
vt 0.625000 0.000000
vt 0.638848 0.000000
vt 0.625000 0.000000
vt 0.639256 0.000000
vt 0.625000 0.000000
vt 0.641747 0.000000
vt 0.625000 0.000000
vt 0.640531 0.000000
vt 0.625000 0.000000
vt 0.639568 0.000000
vt 0.625000 0.000000
vt 0.625000 0.000000
vt 0.639817 0.000000
vt 0.625000 0.000000
vt 0.640182 0.000000
vt 0.625000 0.000000
vt 0.640992 0.000000
vt 0.625000 0.000000
vt 0.642508 0.000000
vt 0.625000 0.000000
vt 0.643973 0.000000
vt 0.632290 0.000000
vt 0.625000 0.000000
vt 0.640531 0.000000
vt 0.625000 0.000000
vt 0.853303 0.000000
vt 0.875000 0.000000
vt 0.875000 0.000000
vt 0.857041 0.000000
vt 0.643973 0.000000
vt 0.625000 0.000000
vt 0.640531 0.000000
vt 0.625000 0.000000
vt 0.853303 0.000000
vt 0.875000 0.000000
vt 0.875000 0.000000
vt 0.857041 0.000000
vt 0.643973 0.000000
vt 0.625000 0.000000
vt 0.640531 0.000000
vt 0.625000 0.000000
vt 0.853303 0.000000
vt 0.875000 0.000000
vt 0.875000 0.000000
vt 0.857041 0.000000
vt 0.643973 0.000000
vt 0.625000 0.000000
vt 0.640531 0.000000
vt 0.625000 0.000000
vt 0.853303 0.000000
vt 0.875000 0.000000
vt 0.875000 0.000000
vt 0.857041 0.000000
vt 0.643973 0.000000
vt 0.625000 0.000000
vt 0.640531 0.000000
vt 0.625000 0.000000
vt 0.853303 0.000000
vt 0.875000 0.000000
vt 0.875000 0.000000
vt 0.625000 0.000000
vt 0.640531 0.000000
vt 0.625000 0.000000
vt 0.853303 0.000000
vt 0.875000 0.000000
vt 0.875000 0.000000
vt 0.625000 0.000000
vt 0.867717 0.222611
vt 0.632283 0.222611
vt 0.875000 0.000000
vt 0.867717 0.000000
vt 0.632283 0.000000
vt 0.625000 0.000000
vt 0.375000 0.008071
vt 0.625000 0.008071
vt 0.625000 0.032307
vt 0.375000 0.032307
vt 0.375000 0.262133
vt 0.625000 0.262133
vt 0.625000 0.299892
vt 0.375000 0.299892
vt 0.375000 0.717693
vt 0.625000 0.717693
vt 0.625000 0.741929
vt 0.375000 0.741929
vt 0.375000 0.950108
vt 0.625000 0.950108
vt 0.625000 0.987867
vt 0.375000 0.987867
vt 0.625000 0.000000
vt 0.674892 0.000000
vt 0.674892 0.032307
vt 0.625000 0.032307
vt 0.375000 0.762134
vt 0.625000 0.762134
vt 0.625000 0.795717
vt 0.375000 0.795717
vt 0.875000 0.032307
vt 0.829283 0.032307
vt 0.829283 0.000000
vt 0.875000 0.000000
vt 0.375000 0.454283
vt 0.625000 0.454283
vt 0.625000 0.487866
vt 0.375000 0.487866
vt 0.375000 0.299892
vt 0.625000 0.299892
vt 0.625000 0.330400
vt 0.375000 0.330400
vt 0.705400 0.032307
vt 0.705400 0.000000
vt 0.375000 0.919600
vt 0.625000 0.919600
vt 0.625000 0.950108
vt 0.375000 0.950108
vt 0.375000 0.330400
vt 0.625000 0.330400
vt 0.625000 0.362460
vt 0.375000 0.362460
vt 0.737460 0.000000
vt 0.737460 0.032307
vt 0.375000 0.887540
vt 0.625000 0.887540
vt 0.625000 0.919600
vt 0.375000 0.919600
vt 0.375000 0.795717
vt 0.625000 0.795717
vt 0.625000 0.819426
vt 0.375000 0.819426
vt 0.805574 0.032307
vt 0.805574 0.000000
vt 0.375000 0.430574
vt 0.625000 0.430574
vt 0.625000 0.454283
vt 0.375000 0.454283
vt 0.375000 0.508071
vt 0.625000 0.508071
vt 0.625000 0.526911
vt 0.375000 0.526911
vt 0.829283 0.250000
vt 0.829283 0.223089
vt 0.875000 0.223089
vt 0.875000 0.250000
vt 0.805574 0.250000
vt 0.805574 0.223089
vt 0.705400 0.250000
vt 0.705400 0.223089
vt 0.737460 0.223089
vt 0.737460 0.250000
vt 0.674892 0.250000
vt 0.674892 0.223089
vt 0.625000 0.223089
vt 0.625000 0.250000
vt 0.375000 0.223089
vt 0.625000 0.223089
vt 0.625000 0.241929
vt 0.375000 0.241929
vt 0.375000 0.032307
vt 0.625000 0.032307
vt 0.625000 0.049089
vt 0.375000 0.049089
vt 0.674892 0.049089
vt 0.625000 0.049089
vt 0.705400 0.049089
vt 0.737460 0.049089
vt 0.829283 0.049089
vt 0.805574 0.049089
vt 0.875000 0.049089
vt 0.375000 0.700911
vt 0.625000 0.700911
vt 0.625000 0.717693
vt 0.375000 0.717693
vt 0.375000 0.049089
vt 0.625000 0.150079
vt 0.375000 0.150079
vt 0.674892 0.150079
vt 0.705400 0.150079
vt 0.737460 0.150079
vt 0.829284 0.150079
vt 0.805574 0.150079
vt 0.875000 0.150079
vt 0.375000 0.599921
vt 0.625000 0.599921
vt 0.625000 0.700911
vt 0.375000 0.700911
vt 0.375000 0.526911
vt 0.625000 0.526911
vt 0.625000 0.539402
vt 0.375000 0.539402
vt 0.829284 0.210598
vt 0.875000 0.210598
vt 0.805574 0.210598
vt 0.737460 0.210598
vt 0.705400 0.210598
vt 0.674892 0.210598
vt 0.625000 0.210598
vt 0.375000 0.210598
vt 0.625000 0.210598
vt 0.625000 0.223089
vt 0.375000 0.223089
vt 0.625000 0.299892
vt 0.625000 0.250000
vt 0.375000 0.299892
vt 0.375000 0.223089
vt 0.375000 0.454283
vt 0.625000 0.454283
vt 0.625000 0.500000
vt 0.625000 0.500000
vt 0.625000 0.526911
vt 0.375000 0.526911
vt 0.625000 0.000000
vt 0.375000 0.032307
vt 0.375000 0.950108
vt 0.625000 0.950108
vt 0.625000 1.000000
vt 0.625000 1.000000
vt 0.375000 0.717693
vt 0.625000 0.717693
vt 0.625000 0.750000
vt 0.625000 0.750000
vt 0.625000 0.795717
vt 0.375000 0.795717
vt 0.375000 0.000000
vt 0.625000 0.000000
vt 0.375000 0.250000
vt 0.375000 0.500000
vt 0.375000 0.000000
vt 0.375000 0.750000
vt 0.375000 0.430574
vt 0.625000 0.430574
vt 0.625000 0.819426
vt 0.375000 0.819426
vt 0.625000 0.539402
vt 0.375000 0.539402
vt 0.375000 0.210598
vt 0.625000 0.863426
vt 0.375000 0.863426
vt 0.761574 0.032307
vt 0.761574 0.000000
vt 0.761574 0.049089
vt 0.761574 0.150079
vt 0.761574 0.223089
vt 0.761574 0.210598
vt 0.761574 0.250000
vt 0.375000 0.386574
vt 0.625000 0.386574
vt 0.737460 0.150079
vt 0.761574 0.150079
vt 0.761574 0.210598
vt 0.737460 0.210598
vt 0.375000 0.000000
vt 0.625000 0.000000
vt 0.625000 0.250000
vt 0.375000 0.250000
vt 0.625000 0.500000
vt 0.375000 0.500000
vt 0.625000 0.750000
vt 0.375000 0.750000
vt 0.625000 1.000000
vt 0.375000 1.000000
vt 0.625000 0.000000
vt 0.875000 0.000000
vt 0.875000 0.250000
vt 0.625000 0.250000
vt 0.875000 0.000000
vt 0.875000 0.000000
vt 0.625000 0.000000
vt 0.875000 0.250000
vt 0.875000 0.250000
vt 0.625000 0.250000
vt 0.875000 0.000000
vt 0.625000 0.000000
vt 0.875000 0.250000
vt 0.625000 0.250000
vt 0.875000 0.000000
vt 0.625000 0.000000
vt 0.875000 0.250000
vt 0.625000 0.250000
vt 0.625000 0.000000
vt 0.875000 0.000000
vt 0.875000 0.000000
vt 0.625000 0.000000
vt 0.875000 0.000000
vt 0.875000 0.000000
vt 0.875000 0.000000
vt 0.875000 0.000000
vt 0.625000 0.000000
vt 0.625000 0.000000
vt 0.625000 0.000000
vt 0.625000 0.000000
vt 0.875000 0.000000
vt 0.875000 0.000000
vt 0.875000 0.000000
vt 0.875000 0.000000
vt 0.625000 0.000000
vt 0.625000 0.000000
vt 0.625000 0.000000
vt 0.625000 0.000000
vt 0.375000 0.312500
vt 0.387500 0.312500
vt 0.387500 0.687500
vt 0.375000 0.687500
vt 0.400000 0.312500
vt 0.400000 0.687500
vt 0.412500 0.312500
vt 0.412500 0.687500
vt 0.425000 0.312500
vt 0.425000 0.687500
vt 0.437500 0.312500
vt 0.437500 0.687500
vt 0.450000 0.312500
vt 0.450000 0.687500
vt 0.462500 0.312500
vt 0.462500 0.687500
vt 0.475000 0.312500
vt 0.475000 0.687500
vt 0.487500 0.312500
vt 0.487500 0.687500
vt 0.500000 0.312500
vt 0.500000 0.687500
vt 0.512500 0.312500
vt 0.512500 0.687500
vt 0.525000 0.312500
vt 0.525000 0.687500
vt 0.537500 0.312500
vt 0.537500 0.687500
vt 0.550000 0.312500
vt 0.550000 0.687500
vt 0.562500 0.312500
vt 0.562500 0.687500
vt 0.575000 0.312500
vt 0.575000 0.687500
vt 0.587500 0.312500
vt 0.587500 0.687500
vt 0.600000 0.312500
vt 0.600000 0.687500
vt 0.612500 0.312500
vt 0.612500 0.687500
vt 0.625000 0.312500
vt 0.625000 0.687500
vt 0.626409 0.064408
vt 0.648603 0.107966
vt 0.500000 0.156250
vt 0.591842 0.029841
vt 0.548284 0.007647
vt 0.500000 -0.000000
vt 0.451716 0.007647
vt 0.408159 0.029841
vt 0.373591 0.064409
vt 0.351397 0.107966
vt 0.343750 0.156250
vt 0.351397 0.204534
vt 0.373591 0.248091
vt 0.408159 0.282659
vt 0.451716 0.304853
vt 0.500000 0.312500
vt 0.548284 0.304853
vt 0.591841 0.282659
vt 0.626409 0.248091
vt 0.648603 0.204534
vt 0.656250 0.156250
vt 0.626409 0.064408
vt 0.648603 0.107966
vt 0.648603 0.107966
vt 0.626409 0.064408
vt 0.591842 0.029841
vt 0.591842 0.029841
vt 0.548284 0.007647
vt 0.548284 0.007647
vt 0.500000 -0.000000
vt 0.500000 -0.000000
vt 0.451716 0.007647
vt 0.451716 0.007647
vt 0.408159 0.029841
vt 0.408159 0.029841
vt 0.373591 0.064409
vt 0.373591 0.064409
vt 0.351397 0.107966
vt 0.351397 0.107966
vt 0.343750 0.156250
vt 0.343750 0.156250
vt 0.351397 0.204534
vt 0.351397 0.204534
vt 0.373591 0.248091
vt 0.373591 0.248091
vt 0.408159 0.282659
vt 0.408159 0.282659
vt 0.451716 0.304853
vt 0.451716 0.304853
vt 0.500000 0.312500
vt 0.500000 0.312500
vt 0.548284 0.304853
vt 0.548284 0.304853
vt 0.591841 0.282659
vt 0.591841 0.282659
vt 0.626409 0.248091
vt 0.626409 0.248091
vt 0.648603 0.204534
vt 0.648603 0.204534
vt 0.656250 0.156250
vt 0.656250 0.156250
vt 0.351397 0.892034
vt 0.343750 0.843750
vt 0.343750 0.843750
vt 0.351397 0.892034
vt 0.351397 0.795466
vt 0.351397 0.795466
vt 0.373591 0.751909
vt 0.373591 0.751909
vt 0.408159 0.717341
vt 0.451716 0.695147
vt 0.451716 0.695147
vt 0.408159 0.717341
vt 0.500000 0.687500
vt 0.500000 0.687500
vt 0.648603 0.107966
vt 0.626409 0.064408
vt 0.591842 0.029841
vt 0.548284 0.007647
vt 0.500000 -0.000000
vt 0.451716 0.007647
vt 0.408159 0.029841
vt 0.373591 0.064409
vt 0.351397 0.107966
vt 0.343750 0.156250
vt 0.351397 0.204534
vt 0.373591 0.248091
vt 0.408159 0.282659
vt 0.451716 0.304853
vt 0.500000 0.312500
vt 0.548284 0.304853
vt 0.591841 0.282659
vt 0.626409 0.248091
vt 0.648603 0.204534
vt 0.656250 0.156250
vt 0.648603 0.107966
vt 0.626409 0.064408
vt 0.591842 0.029841
vt 0.548284 0.007647
vt 0.500000 -0.000000
vt 0.451716 0.007647
vt 0.408159 0.029841
vt 0.373591 0.064409
vt 0.351397 0.107966
vt 0.343750 0.156250
vt 0.351397 0.107966
vt 0.351397 0.107966
vt 0.343750 0.156250
vt 0.351397 0.204534
vt 0.351397 0.204534
vt 0.351397 0.204534
vt 0.373591 0.248091
vt 0.408159 0.282659
vt 0.451716 0.304853
vt 0.500000 0.312500
vt 0.548284 0.304853
vt 0.591841 0.282659
vt 0.626409 0.248091
vt 0.648603 0.204534
vt 0.656250 0.156250
vt 0.375000 0.217812
vt 0.625000 0.217812
vt 0.625000 0.233737
vt 0.375000 0.233737
vt 0.375000 0.250000
vt 0.625000 0.250000
vt 0.625000 0.312047
vt 0.375000 0.312047
vt 0.375000 0.516263
vt 0.625000 0.516263
vt 0.625000 0.532188
vt 0.375000 0.532188
vt 0.375000 0.937953
vt 0.625000 0.937953
vt 0.625000 1.000000
vt 0.375000 1.000000
vt 0.687047 0.217812
vt 0.687047 0.233737
vt 0.375000 0.750000
vt 0.625000 0.750000
vt 0.625000 0.809507
vt 0.375000 0.809507
vt 0.875000 0.233737
vt 0.815493 0.233737
vt 0.815493 0.217812
vt 0.875000 0.217812
vt 0.375000 0.440493
vt 0.625000 0.440493
vt 0.625000 0.500000
vt 0.375000 0.500000
vt 0.375000 0.312047
vt 0.625000 0.312047
vt 0.625000 0.370087
vt 0.375000 0.370087
vt 0.745087 0.217812
vt 0.745087 0.233737
vt 0.375000 0.879913
vt 0.625000 0.879913
vt 0.625000 0.937953
vt 0.375000 0.937953
vt 0.625000 0.312047
vt 0.375000 0.312047
vt 0.625000 0.370087
vt 0.625000 0.370087
vt 0.375000 0.440493
vt 0.625000 0.440493
vt 0.625000 0.312047
vt 0.375000 0.312047
vt 0.625000 0.370087
vt 0.375000 0.440493
vt 0.625000 0.440493
vt 0.625000 0.312047
vt 0.375000 0.312047
vt 0.625000 0.370087
vt 0.375000 0.440493
vt 0.625000 0.440493
vt 0.625000 0.312047
vt 0.375000 0.312047
vt 0.625000 0.370087
vt 0.375000 0.440493
vt 0.625000 0.440493
vt 0.625000 0.312047
vt 0.375000 0.312047
vt 0.625000 0.370087
vt 0.375000 0.440493
vt 0.625000 0.440493
vt 0.375000 0.440493
vt 0.625000 0.440493
vt 0.625000 0.809507
vt 0.375000 0.809507
vt 0.625000 0.879913
vt 0.625000 0.879913
vt 0.625000 0.937953
vt 0.375000 0.937953
vt 0.625000 0.809507
vt 0.375000 0.809507
vt 0.625000 0.879913
vt 0.625000 0.937953
vt 0.375000 0.937953
vt 0.625000 0.809507
vt 0.375000 0.809507
vt 0.625000 0.879913
vt 0.625000 0.937953
vt 0.375000 0.937953
vt 0.625000 0.809507
vt 0.375000 0.809507
vt 0.625000 0.879913
vt 0.625000 0.937953
vt 0.375000 0.937953
vt 0.625000 0.809507
vt 0.375000 0.809507
vt 0.625000 0.879913
vt 0.625000 0.937953
vt 0.375000 0.937953
vt 0.625000 0.809507
vt 0.375000 0.809507
vt 0.375000 0.000000
vt 0.625000 0.000000
vt 0.687047 0.000000
vt 0.745087 0.000000
vt 0.815493 0.000000
vt 0.875000 0.000000
vt 0.815493 0.250000
vt 0.875000 0.250000
vt 0.687047 0.250000
vt 0.745087 0.250000
vt 0.625000 0.865714
vt 0.375000 0.865714
vt 0.625000 0.865714
vt 0.625000 0.865714
vt 0.625000 0.865714
vt 0.625000 0.865714
vt 0.625000 0.865714
vt 0.625000 0.865714
vt 0.759286 0.217812
vt 0.759286 0.000000
vt 0.759286 0.233737
vt 0.759286 0.250000
vt 0.625000 0.384286
vt 0.625000 0.384286
vt 0.625000 0.384286
vt 0.625000 0.384286
vt 0.625000 0.384286
vt 0.625000 0.384286
vt 0.625000 0.384286
vt 0.375000 0.384286
vt 0.375000 0.750000
vt 0.625000 0.750000
vt 0.625000 1.000000
vt 0.375000 1.000000
vt 0.375000 0.274998
vt 0.375000 0.222611
vt 0.625000 0.222611
vt 0.649998 0.250000
vt 0.625000 0.222611
vt 0.627974 0.225869
vt 0.649998 0.250000
vt 0.375000 0.527389
vt 0.375000 0.475002
vt 0.625000 0.475002
vt 0.625000 0.527389
vt 0.875000 0.222611
vt 0.850002 0.250000
vt 0.850002 0.250000
vt 0.872027 0.225869
vt 0.875000 0.222611
vt 0.375000 0.000000
vt 0.625000 0.000000
vt 0.625000 0.274998
vt 0.875000 0.000000
vt 0.875000 0.000000
vt 0.858541 0.000000
vt 0.638487 0.000000
vt 0.625000 0.000000
vt 0.875000 0.000000
vt 0.857645 0.000000
vt 0.857581 0.000000
vt 0.875000 0.000000
vt 0.857170 0.000000
vt 0.875000 0.000000
vt 0.856539 0.000000
vt 0.875000 0.000000
vt 0.856399 0.000000
vt 0.875000 0.000000
vt 0.857041 0.000000
vt 0.875000 0.000000
vt 0.875000 0.000000
vt 0.867717 0.000000
vt 0.875000 0.000000
vt 0.875000 0.000000
vt 0.858254 0.000000
vt 0.875000 0.000000
vt 0.857829 0.000000
vt 0.875000 0.000000
vt 0.857391 0.000000
vt 0.875000 0.000000
vt 0.856563 0.000000
vt 0.875000 0.000000
vt 0.853303 0.000000
vt 0.625000 0.000000
vt 0.640531 0.000000
vt 0.853303 0.000000
vt 0.875000 0.000000
vt 0.875000 0.000000
vt 0.857041 0.000000
vt 0.643973 0.000000
vt 0.625000 0.000000
vt 0.625000 0.000000
vt 0.638534 0.000000
vt 0.625000 0.000000
vt 0.638848 0.000000
vt 0.625000 0.000000
vt 0.639256 0.000000
vt 0.625000 0.000000
vt 0.641747 0.000000
vt 0.625000 0.000000
vt 0.640531 0.000000
vt 0.625000 0.000000
vt 0.639568 0.000000
vt 0.625000 0.000000
vt 0.625000 0.000000
vt 0.639817 0.000000
vt 0.625000 0.000000
vt 0.640182 0.000000
vt 0.625000 0.000000
vt 0.640992 0.000000
vt 0.625000 0.000000
vt 0.642508 0.000000
vt 0.625000 0.000000
vt 0.643973 0.000000
vt 0.632290 0.000000
vt 0.625000 0.000000
vt 0.640531 0.000000
vt 0.625000 0.000000
vt 0.853303 0.000000
vt 0.875000 0.000000
vt 0.875000 0.000000
vt 0.857041 0.000000
vt 0.643973 0.000000
vt 0.625000 0.000000
vt 0.640531 0.000000
vt 0.625000 0.000000
vt 0.853303 0.000000
vt 0.875000 0.000000
vt 0.875000 0.000000
vt 0.857041 0.000000
vt 0.643973 0.000000
vt 0.625000 0.000000
vt 0.640531 0.000000
vt 0.625000 0.000000
vt 0.853303 0.000000
vt 0.875000 0.000000
vt 0.875000 0.000000
vt 0.857041 0.000000
vt 0.643973 0.000000
vt 0.625000 0.000000
vt 0.640531 0.000000
vt 0.625000 0.000000
vt 0.853303 0.000000
vt 0.875000 0.000000
vt 0.875000 0.000000
vt 0.857041 0.000000
vt 0.643973 0.000000
vt 0.625000 0.000000
vt 0.640531 0.000000
vt 0.625000 0.000000
vt 0.853303 0.000000
vt 0.875000 0.000000
vt 0.875000 0.000000
vt 0.625000 0.000000
vt 0.640531 0.000000
vt 0.625000 0.000000
vt 0.853303 0.000000
vt 0.875000 0.000000
vt 0.875000 0.000000
vt 0.625000 0.000000
vt 0.867717 0.222611
vt 0.632283 0.222611
vt 0.875000 0.000000
vt 0.867717 0.000000
vt 0.632283 0.000000
vt 0.625000 0.000000
vt 0.375000 0.008071
vt 0.625000 0.008071
vt 0.625000 0.032307
vt 0.375000 0.032307
vt 0.375000 0.262133
vt 0.625000 0.262133
vt 0.625000 0.299892
vt 0.375000 0.299892
vt 0.375000 0.717693
vt 0.625000 0.717693
vt 0.625000 0.741929
vt 0.375000 0.741929
vt 0.375000 0.950108
vt 0.625000 0.950108
vt 0.625000 0.987867
vt 0.375000 0.987867
vt 0.625000 0.000000
vt 0.674892 0.000000
vt 0.674892 0.032307
vt 0.625000 0.032307
vt 0.375000 0.762134
vt 0.625000 0.762134
vt 0.625000 0.795717
vt 0.375000 0.795717
vt 0.875000 0.032307
vt 0.829283 0.032307
vt 0.829283 0.000000
vt 0.875000 0.000000
vt 0.375000 0.454283
vt 0.625000 0.454283
vt 0.625000 0.487866
vt 0.375000 0.487866
vt 0.375000 0.299892
vt 0.625000 0.299892
vt 0.625000 0.330400
vt 0.375000 0.330400
vt 0.705400 0.032307
vt 0.705400 0.000000
vt 0.375000 0.919600
vt 0.625000 0.919600
vt 0.625000 0.950108
vt 0.375000 0.950108
vt 0.375000 0.330400
vt 0.625000 0.330400
vt 0.625000 0.362460
vt 0.375000 0.362460
vt 0.737460 0.000000
vt 0.737460 0.032307
vt 0.375000 0.887540
vt 0.625000 0.887540
vt 0.625000 0.919600
vt 0.375000 0.919600
vt 0.375000 0.795717
vt 0.625000 0.795717
vt 0.625000 0.819426
vt 0.375000 0.819426
vt 0.805574 0.032307
vt 0.805574 0.000000
vt 0.375000 0.430574
vt 0.625000 0.430574
vt 0.625000 0.454283
vt 0.375000 0.454283
vt 0.375000 0.508071
vt 0.625000 0.508071
vt 0.625000 0.526911
vt 0.375000 0.526911
vt 0.829283 0.250000
vt 0.829283 0.223089
vt 0.875000 0.223089
vt 0.875000 0.250000
vt 0.805574 0.250000
vt 0.805574 0.223089
vt 0.705400 0.250000
vt 0.705400 0.223089
vt 0.737460 0.223089
vt 0.737460 0.250000
vt 0.674892 0.250000
vt 0.674892 0.223089
vt 0.625000 0.223089
vt 0.625000 0.250000
vt 0.375000 0.223089
vt 0.625000 0.223089
vt 0.625000 0.241929
vt 0.375000 0.241929
vt 0.375000 0.032307
vt 0.625000 0.032307
vt 0.625000 0.049089
vt 0.375000 0.049089
vt 0.674892 0.049089
vt 0.625000 0.049089
vt 0.705400 0.049089
vt 0.737460 0.049089
vt 0.829283 0.049089
vt 0.805574 0.049089
vt 0.875000 0.049089
vt 0.375000 0.700911
vt 0.625000 0.700911
vt 0.625000 0.717693
vt 0.375000 0.717693
vt 0.375000 0.049089
vt 0.625000 0.150079
vt 0.375000 0.150079
vt 0.674892 0.150079
vt 0.705400 0.150079
vt 0.737460 0.150079
vt 0.829284 0.150079
vt 0.805574 0.150079
vt 0.875000 0.150079
vt 0.375000 0.599921
vt 0.625000 0.599921
vt 0.625000 0.700911
vt 0.375000 0.700911
vt 0.375000 0.526911
vt 0.625000 0.526911
vt 0.625000 0.539402
vt 0.375000 0.539402
vt 0.829284 0.210598
vt 0.875000 0.210598
vt 0.805574 0.210598
vt 0.737460 0.210598
vt 0.705400 0.210598
vt 0.674892 0.210598
vt 0.625000 0.210598
vt 0.375000 0.210598
vt 0.625000 0.210598
vt 0.625000 0.223089
vt 0.375000 0.223089
vt 0.625000 0.299892
vt 0.625000 0.250000
vt 0.375000 0.299892
vt 0.375000 0.223089
vt 0.375000 0.454283
vt 0.625000 0.454283
vt 0.625000 0.500000
vt 0.625000 0.500000
vt 0.625000 0.526911
vt 0.375000 0.526911
vt 0.625000 0.000000
vt 0.375000 0.032307
vt 0.375000 0.950108
vt 0.625000 0.950108
vt 0.625000 1.000000
vt 0.625000 1.000000
vt 0.375000 0.717693
vt 0.625000 0.717693
vt 0.625000 0.750000
vt 0.625000 0.750000
vt 0.625000 0.795717
vt 0.375000 0.795717
vt 0.375000 0.000000
vt 0.625000 0.000000
vt 0.375000 0.250000
vt 0.375000 0.500000
vt 0.375000 0.000000
vt 0.375000 0.750000
vt 0.375000 0.430574
vt 0.625000 0.430574
vt 0.625000 0.819426
vt 0.375000 0.819426
vt 0.625000 0.539402
vt 0.375000 0.539402
vt 0.375000 0.210598
vt 0.625000 0.863426
vt 0.375000 0.863426
vt 0.761574 0.032307
vt 0.761574 0.000000
vt 0.761574 0.049089
vt 0.761574 0.150079
vt 0.761574 0.223089
vt 0.761574 0.210598
vt 0.761574 0.250000
vt 0.375000 0.386574
vt 0.625000 0.386574
vt 0.737460 0.150079
vt 0.761574 0.150079
vt 0.761574 0.210598
vt 0.737460 0.210598
vt 0.375000 0.000000
vt 0.625000 0.000000
vt 0.625000 0.250000
vt 0.375000 0.250000
vt 0.625000 0.500000
vt 0.375000 0.500000
vt 0.625000 0.750000
vt 0.375000 0.750000
vt 0.625000 1.000000
vt 0.375000 1.000000
vt 0.625000 0.000000
vt 0.875000 0.000000
vt 0.875000 0.250000
vt 0.625000 0.250000
vt 0.875000 0.000000
vt 0.875000 0.000000
vt 0.625000 0.000000
vt 0.875000 0.250000
vt 0.875000 0.250000
vt 0.625000 0.250000
vt 0.875000 0.000000
vt 0.625000 0.000000
vt 0.875000 0.250000
vt 0.625000 0.250000
vt 0.875000 0.000000
vt 0.625000 0.000000
vt 0.875000 0.250000
vt 0.625000 0.250000
vt 0.625000 0.000000
vt 0.875000 0.000000
vt 0.875000 0.000000
vt 0.625000 0.000000
vt 0.875000 0.000000
vt 0.875000 0.000000
vt 0.875000 0.000000
vt 0.875000 0.000000
vt 0.625000 0.000000
vt 0.625000 0.000000
vt 0.625000 0.000000
vt 0.625000 0.000000
vt 0.875000 0.000000
vt 0.875000 0.000000
vt 0.875000 0.000000
vt 0.875000 0.000000
vt 0.625000 0.000000
vt 0.625000 0.000000
vt 0.625000 0.000000
vt 0.625000 0.000000
vt 0.375000 0.312500
vt 0.387500 0.312500
vt 0.387500 0.687500
vt 0.375000 0.687500
vt 0.400000 0.312500
vt 0.400000 0.687500
vt 0.412500 0.312500
vt 0.412500 0.687500
vt 0.425000 0.312500
vt 0.425000 0.687500
vt 0.437500 0.312500
vt 0.437500 0.687500
vt 0.450000 0.312500
vt 0.450000 0.687500
vt 0.462500 0.312500
vt 0.462500 0.687500
vt 0.475000 0.312500
vt 0.475000 0.687500
vt 0.487500 0.312500
vt 0.487500 0.687500
vt 0.500000 0.312500
vt 0.500000 0.687500
vt 0.512500 0.312500
vt 0.512500 0.687500
vt 0.525000 0.312500
vt 0.525000 0.687500
vt 0.537500 0.312500
vt 0.537500 0.687500
vt 0.550000 0.312500
vt 0.550000 0.687500
vt 0.562500 0.312500
vt 0.562500 0.687500
vt 0.575000 0.312500
vt 0.575000 0.687500
vt 0.587500 0.312500
vt 0.587500 0.687500
vt 0.600000 0.312500
vt 0.600000 0.687500
vt 0.612500 0.312500
vt 0.612500 0.687500
vt 0.625000 0.312500
vt 0.625000 0.687500
vt 0.626409 0.064408
vt 0.648603 0.107966
vt 0.500000 0.156250
vt 0.591842 0.029841
vt 0.548284 0.007647
vt 0.500000 -0.000000
vt 0.451716 0.007647
vt 0.408159 0.029841
vt 0.373591 0.064409
vt 0.351397 0.107966
vt 0.343750 0.156250
vt 0.351397 0.204534
vt 0.373591 0.248091
vt 0.408159 0.282659
vt 0.451716 0.304853
vt 0.500000 0.312500
vt 0.548284 0.304853
vt 0.591841 0.282659
vt 0.626409 0.248091
vt 0.648603 0.204534
vt 0.656250 0.156250
vt 0.626409 0.064408
vt 0.648603 0.107966
vt 0.648603 0.107966
vt 0.626409 0.064408
vt 0.591842 0.029841
vt 0.591842 0.029841
vt 0.548284 0.007647
vt 0.548284 0.007647
vt 0.500000 -0.000000
vt 0.500000 -0.000000
vt 0.451716 0.007647
vt 0.451716 0.007647
vt 0.408159 0.029841
vt 0.408159 0.029841
vt 0.373591 0.064409
vt 0.373591 0.064409
vt 0.351397 0.107966
vt 0.351397 0.107966
vt 0.343750 0.156250
vt 0.343750 0.156250
vt 0.351397 0.204534
vt 0.351397 0.204534
vt 0.373591 0.248091
vt 0.373591 0.248091
vt 0.408159 0.282659
vt 0.408159 0.282659
vt 0.451716 0.304853
vt 0.451716 0.304853
vt 0.500000 0.312500
vt 0.500000 0.312500
vt 0.548284 0.304853
vt 0.548284 0.304853
vt 0.591841 0.282659
vt 0.591841 0.282659
vt 0.626409 0.248091
vt 0.626409 0.248091
vt 0.648603 0.204534
vt 0.648603 0.204534
vt 0.656250 0.156250
vt 0.656250 0.156250
vt 0.351397 0.892034
vt 0.343750 0.843750
vt 0.343750 0.843750
vt 0.351397 0.892034
vt 0.351397 0.795466
vt 0.351397 0.795466
vt 0.373591 0.751909
vt 0.373591 0.751909
vt 0.408159 0.717341
vt 0.451716 0.695147
vt 0.451716 0.695147
vt 0.408159 0.717341
vt 0.500000 0.687500
vt 0.500000 0.687500
vt 0.648603 0.107966
vt 0.626409 0.064408
vt 0.591842 0.029841
vt 0.548284 0.007647
vt 0.500000 -0.000000
vt 0.451716 0.007647
vt 0.408159 0.029841
vt 0.373591 0.064409
vt 0.351397 0.107966
vt 0.343750 0.156250
vt 0.351397 0.204534
vt 0.373591 0.248091
vt 0.408159 0.282659
vt 0.451716 0.304853
vt 0.500000 0.312500
vt 0.548284 0.304853
vt 0.591841 0.282659
vt 0.626409 0.248091
vt 0.648603 0.204534
vt 0.656250 0.156250
vt 0.648603 0.107966
vt 0.626409 0.064408
vt 0.591842 0.029841
vt 0.548284 0.007647
vt 0.500000 -0.000000
vt 0.451716 0.007647
vt 0.408159 0.029841
vt 0.373591 0.064409
vt 0.351397 0.107966
vt 0.343750 0.156250
vt 0.351397 0.107966
vt 0.351397 0.107966
vt 0.343750 0.156250
vt 0.351397 0.204534
vt 0.351397 0.204534
vt 0.351397 0.204534
vt 0.373591 0.248091
vt 0.408159 0.282659
vt 0.451716 0.304853
vt 0.500000 0.312500
vt 0.548284 0.304853
vt 0.591841 0.282659
vt 0.626409 0.248091
vt 0.648603 0.204534
vt 0.656250 0.156250
vn 0.644158 0.000000 -0.764893
vn 0.644155 0.000000 -0.764895
vn 0.644154 0.000000 -0.764896
vn 0.644157 0.000000 -0.764893
vn 0.644151 0.000000 -0.764898
vn 0.644154 0.000000 -0.764896
vn 0.644155 0.000000 -0.764895
vn 0.644151 0.000000 -0.764899
vn 0.644154 -0.000000 -0.764896
vn 0.644153 0.000000 -0.764896
vn 0.644154 0.000000 -0.764896
vn 0.644154 -0.000000 -0.764896
vn 0.644154 0.000000 -0.764896
vn 0.644154 0.000000 -0.764896
vn 0.644154 0.000000 -0.764896
vn 0.644154 0.000000 -0.764896
vn 0.644153 0.000000 -0.764897
vn 0.644154 0.000000 -0.764896
vn 0.644155 0.000000 -0.764895
vn 0.644154 0.000000 -0.764896
vn 0.644154 -0.000000 -0.764896
vn 0.644154 0.000000 -0.764895
vn 0.644154 0.000000 -0.764896
vn 0.644153 -0.000000 -0.764897
vn 0.644154 0.000000 -0.764895
vn 0.644157 0.000000 -0.764893
vn 0.644154 0.000000 -0.764896
vn 0.644154 0.000000 -0.764896
vn 0.644154 0.000000 -0.764896
vn 0.644154 0.000000 -0.764896
vn 0.644154 -0.000000 -0.764896
vn 0.644154 -0.000000 -0.764896
vn 0.644154 0.000000 -0.764896
vn 0.644154 0.000000 -0.764896
vn 0.644154 -0.000000 -0.764896
vn 0.644154 -0.000000 -0.764896
vn 0.644154 -0.000000 -0.764896
vn 0.644154 -0.000000 -0.764896
vn 0.644153 0.000000 -0.764896
vn 0.644153 0.000000 -0.764896
vn 0.644154 0.000000 -0.764896
vn 0.644155 0.000000 -0.764895
vn 0.644154 0.000000 -0.764896
vn 0.644154 0.000000 -0.764896
vn 0.644154 0.000000 -0.764895
vn 0.644154 0.000000 -0.764896
vn 0.644156 0.000000 -0.764895
vn 0.644155 0.000000 -0.764895
vn 0.644153 -0.000000 -0.764897
vn 0.644152 -0.000000 -0.764898
vn 0.644152 -0.000000 -0.764898
vn 0.644154 0.000000 -0.764896
vn 0.644153 0.000000 -0.764897
vn 0.644153 0.000000 -0.764897
vn 0.644154 0.000000 -0.764896
vn 0.644154 0.000000 -0.764896
vn 0.644154 0.000000 -0.764896
vn 0.644154 0.000000 -0.764896
vn 0.644154 0.000000 -0.764896
vn 0.644154 0.000000 -0.764896
vn 0.644154 0.000000 -0.764896
vn 0.644154 0.000000 -0.764896
vn 0.644154 0.000000 -0.764896
vn 0.644154 0.000000 -0.764896
vn 0.644154 0.000000 -0.764896
vn 0.644154 0.000000 -0.764896
vn 0.644154 -0.000000 -0.764896
vn 0.644154 -0.000000 -0.764896
vn 0.644154 -0.000000 -0.764896
vn 0.644154 -0.000000 -0.764896
vn 0.764897 0.000000 0.644153
vn 0.764897 0.000000 0.644153
vn 0.764897 0.000000 0.644153
vn 0.764897 0.000000 0.644153
vn 0.000000 -1.000000 -0.000005
vn 0.000000 -1.000000 -0.000005
vn 0.000000 -1.000000 -0.000005
vn 0.000000 -1.000000 -0.000005
vn -0.764891 0.000001 -0.644160
vn -0.764891 0.000001 -0.644160
vn -0.764891 0.000001 -0.644160
vn -0.764891 0.000001 -0.644160
vn 0.000000 1.000000 0.000000
vn 0.000000 1.000000 0.000000
vn 0.000000 1.000000 0.000000
vn 0.000000 1.000000 0.000000
vn 0.000000 -1.000000 0.000003
vn 0.000000 -1.000000 0.000003
vn 0.000000 -1.000000 0.000003
vn 0.000000 -1.000000 0.000003
vn -0.764894 0.000000 -0.644156
vn -0.764894 0.000000 -0.644156
vn -0.764894 0.000000 -0.644156
vn -0.764894 0.000000 -0.644156
vn 0.000000 1.000000 0.000000
vn 0.000000 1.000000 0.000000
vn 0.000000 1.000000 0.000000
vn 0.000000 1.000000 0.000000
vn 0.764895 -0.000000 0.644155
vn 0.764895 -0.000000 0.644155
vn 0.764895 -0.000000 0.644155
vn 0.764895 -0.000000 0.644155
vn 0.644154 0.000000 -0.764896
vn 0.644154 0.000000 -0.764896
vn 0.764895 -0.000000 0.644155
vn 0.764895 -0.000000 0.644155
vn 0.764895 -0.000000 0.644155
vn 0.764895 -0.000000 0.644155
vn 0.644153 -0.000000 -0.764896
vn 0.644153 -0.000000 -0.764896
vn 0.644153 -0.000000 -0.764896
vn 0.644153 -0.000000 -0.764896
vn -0.764894 0.000000 -0.644156
vn -0.764894 0.000000 -0.644156
vn -0.764894 0.000000 -0.644156
vn -0.764894 0.000000 -0.644156
vn 0.644154 0.000000 -0.764896
vn 0.644154 0.000000 -0.764896
vn 0.644154 -0.000000 -0.764896
vn 0.644153 0.000000 -0.764896
vn 0.644153 0.000000 -0.764896
vn 0.644154 -0.000000 -0.764896
vn 0.644154 -0.000001 -0.764896
vn 0.644154 -0.000001 -0.764896
vn 0.644155 -0.000001 -0.764895
vn 0.644155 -0.000001 -0.764895
vn 0.644157 0.000000 -0.764893
vn 0.644156 0.000000 -0.764894
vn 0.764899 0.000000 0.644150
vn 0.764899 0.000000 0.644150
vn 0.764899 0.000000 0.644150
vn 0.764899 0.000000 0.644150
vn 0.644156 0.000000 -0.764894
vn 0.644156 0.000000 -0.764894
vn 0.644156 0.000000 -0.764894
vn 0.644156 0.000000 -0.764894
vn -0.764897 0.000000 -0.644153
vn -0.764897 0.000000 -0.644153
vn -0.764897 0.000000 -0.644153
vn -0.764897 0.000000 -0.644153
vn 0.644151 0.000000 -0.764898
vn 0.644154 0.000000 -0.764896
vn 0.644154 0.000000 -0.764896
vn 0.644154 0.000000 -0.764896
vn 0.764895 -0.000000 0.644155
vn 0.764895 -0.000000 0.644155
vn 0.644154 -0.000000 -0.764896
vn 0.644154 -0.000000 -0.764896
vn -0.764896 -0.000000 -0.644154
vn -0.764896 -0.000000 -0.644154
vn 0.644154 0.000000 -0.764896
vn 0.644154 0.000000 -0.764896
vn 0.644154 0.000000 -0.764896
vn 0.644154 0.000000 -0.764896
vn 0.644153 0.000000 -0.764897
vn 0.644153 0.000000 -0.764897
vn 0.644155 0.000000 -0.764895
vn 0.644156 0.000000 -0.764894
vn 0.764898 -0.000001 0.644152
vn 0.764898 -0.000001 0.644152
vn 0.644155 -0.000000 -0.764895
vn 0.644155 -0.000000 -0.764895
vn -0.764897 0.000000 -0.644153
vn -0.764897 0.000000 -0.644153
vn 0.644151 0.000000 -0.764898
vn 0.644155 0.000000 -0.764895
vn 0.644154 0.000001 -0.764896
vn 0.644155 0.000001 -0.764895
vn 0.644154 0.000000 -0.764895
vn 0.644151 0.000000 -0.764899
vn -0.764897 0.000000 -0.644153
vn -0.764897 0.000000 -0.644153
vn -0.764897 0.000000 -0.644153
vn -0.764897 0.000000 -0.644153
vn 0.644154 0.000000 -0.764896
vn 0.644154 0.000000 -0.764896
vn 0.644155 -0.000000 -0.764895
vn 0.644155 -0.000000 -0.764895
vn 0.764897 0.000000 0.644153
vn 0.764897 0.000000 0.644153
vn 0.764897 -0.000001 0.644152
vn 0.764897 -0.000001 0.644152
vn 0.644153 0.000000 -0.764896
vn 0.644153 0.000000 -0.764897
vn 0.644155 0.000000 -0.764895
vn 0.644155 0.000000 -0.764895
vn 0.644155 0.000000 -0.764895
vn 0.644153 0.000000 -0.764896
vn 0.644155 0.000000 -0.764895
vn 0.644154 0.000000 -0.764896
vn 0.644154 0.000000 -0.764896
vn 0.644153 0.000000 -0.764896
vn 0.644154 0.000000 -0.764896
vn 0.644154 0.000000 -0.764896
vn -0.764896 -0.000000 -0.644154
vn -0.764896 -0.000000 -0.644154
vn -0.764896 0.000000 -0.644154
vn -0.764896 0.000000 -0.644154
vn 0.644154 -0.000000 -0.764896
vn 0.644154 -0.000000 -0.764896
vn 0.644154 0.000000 -0.764896
vn 0.644154 0.000000 -0.764896
vn 0.764896 0.000000 0.644154
vn 0.764896 0.000000 0.644154
vn 0.764895 -0.000000 0.644155
vn 0.764895 -0.000000 0.644155
vn 0.644154 0.000000 -0.764896
vn 0.644154 0.000000 -0.764896
vn 0.644153 0.000000 -0.764896
vn 0.644153 0.000000 -0.764896
vn 0.644154 0.000000 -0.764895
vn 0.644154 0.000000 -0.764896
vn 0.644154 0.000000 -0.764896
vn 0.644154 0.000000 -0.764895
vn 0.644153 0.000000 -0.764897
vn 0.644153 0.000000 -0.764897
vn 0.644151 0.000000 -0.764898
vn 0.644151 0.000000 -0.764898
vn 0.000007 1.000000 0.000006
vn 0.000000 1.000000 0.000002
vn 0.000000 1.000000 0.000002
vn 0.000007 1.000000 0.000006
vn 0.764897 0.000000 0.644153
vn 0.764897 0.000000 0.644153
vn 0.764897 0.000000 0.644153
vn 0.764897 0.000000 0.644153
vn 0.000000 -1.000000 0.000002
vn 0.000000 -1.000000 0.000002
vn 0.000000 -1.000000 0.000002
vn 0.000000 -1.000000 0.000002
vn 0.000008 1.000000 0.000004
vn 0.000008 1.000000 0.000004
vn 0.000000 -1.000000 0.000003
vn 0.000000 -1.000000 0.000003
vn 0.000000 1.000000 -0.000003
vn 0.000000 1.000000 -0.000003
vn 0.000000 -1.000000 0.000003
vn 0.000000 -1.000000 0.000003
vn -0.764903 0.000000 -0.644145
vn -0.764903 0.000000 -0.644145
vn -0.764903 0.000000 -0.644145
vn -0.764903 0.000000 -0.644145
vn 0.764897 -0.000000 0.644153
vn 0.764897 -0.000000 0.644153
vn 0.764897 -0.000000 0.644153
vn 0.764897 -0.000000 0.644153
vn 0.000000 -1.000000 -0.000000
vn 0.000000 -1.000000 -0.000000
vn 0.000000 -1.000000 -0.000000
vn 0.000000 -1.000000 -0.000000
vn -0.764894 0.000000 -0.644156
vn -0.764894 0.000000 -0.644156
vn -0.764894 0.000000 -0.644156
vn -0.764894 0.000000 -0.644156
vn 0.000000 1.000000 0.000000
vn 0.000000 1.000000 0.000000
vn 0.000000 1.000000 0.000000
vn 0.000000 1.000000 0.000000
vn 0.764898 -0.000000 0.644152
vn 0.764898 -0.000000 0.644152
vn 0.764898 -0.000000 0.644152
vn 0.764898 -0.000000 0.644152
vn 0.000000 -1.000000 0.000001
vn 0.000000 -1.000000 0.000001
vn 0.000000 -1.000000 0.000001
vn 0.000000 -1.000000 0.000001
vn -0.764897 0.000000 -0.644152
vn -0.764897 0.000000 -0.644152
vn -0.764898 0.000000 -0.644152
vn -0.764898 0.000000 -0.644152
vn 0.000000 1.000000 -0.000000
vn 0.000000 1.000000 -0.000000
vn 0.000000 1.000000 -0.000000
vn 0.000000 1.000000 -0.000000
vn 0.000000 1.000000 -0.000006
vn 0.000000 1.000000 -0.000009
vn 0.000000 1.000000 -0.000009
vn 0.000000 1.000000 -0.000006
vn 0.764893 -0.000000 0.644158
vn 0.764893 -0.000000 0.644158
vn 0.764893 -0.000000 0.644158
vn 0.764893 -0.000000 0.644158
vn 0.000000 -1.000000 0.000007
vn 0.000000 -1.000000 0.000003
vn 0.000000 -1.000000 0.000003
vn 0.000000 -1.000000 0.000007
vn 0.000000 1.000000 0.000000
vn 0.000000 1.000000 0.000000
vn 0.000000 -1.000000 0.000003
vn 0.000000 -1.000000 0.000003
vn 0.000000 1.000000 0.000000
vn 0.000000 1.000000 0.000000
vn 0.000000 -1.000000 0.000008
vn 0.000000 -1.000000 0.000008
vn -0.764884 0.000000 -0.644168
vn -0.764884 0.000000 -0.644168
vn -0.764884 0.000000 -0.644168
vn -0.764884 0.000000 -0.644168
vn 0.764897 0.000000 0.644153
vn 0.764897 0.000000 0.644153
vn 0.764902 0.000000 0.644147
vn 0.764902 0.000000 0.644147
vn 0.000000 1.000000 0.000004
vn 0.000000 1.000000 0.000004
vn 0.000000 1.000000 0.000004
vn 0.000000 1.000000 0.000004
vn -0.764896 0.000000 -0.644154
vn -0.764896 0.000000 -0.644154
vn -0.764896 0.000000 -0.644153
vn -0.764897 0.000000 -0.644153
vn 0.000000 -1.000000 -0.000000
vn 0.000000 -1.000000 -0.000000
vn 0.000000 -1.000000 -0.000000
vn 0.000000 -1.000000 -0.000000
vn -0.764896 0.000000 -0.644154
vn -0.764896 0.000000 -0.644154
vn -0.764897 0.000000 -0.644153
vn -0.764897 0.000000 -0.644153
vn 0.764897 0.000000 0.644153
vn 0.764897 0.000000 0.644153
vn 0.764902 0.000000 0.644147
vn 0.764902 0.000000 0.644147
vn -0.000000 -1.000000 -0.000000
vn -0.000000 -1.000000 -0.000000
vn -0.000000 -1.000000 -0.000000
vn -0.000000 -1.000000 -0.000000
vn 0.000000 1.000000 -0.000001
vn 0.000000 1.000000 -0.000000
vn 0.000000 1.000000 0.000001
vn 0.000000 1.000000 0.000004
vn 0.000000 1.000000 0.000001
vn 0.000000 1.000000 0.000002
vn 0.000000 1.000000 0.000004
vn 0.000000 1.000000 0.000003
vn 0.000000 -1.000000 -0.000000
vn 0.000000 -1.000000 -0.000000
vn 0.000000 -1.000000 -0.000000
vn 0.000000 -1.000000 -0.000000
vn 0.764902 0.000000 0.644147
vn 0.764897 0.000000 0.644153
vn -0.764896 0.000000 -0.644154
vn -0.764896 0.000000 -0.644153
vn 0.000000 -1.000000 -0.000000
vn 0.000000 -1.000000 -0.000000
vn 0.000000 1.000000 0.000001
vn 0.000000 1.000000 -0.000001
vn 0.000000 -1.000000 0.000000
vn 0.000000 -1.000000 0.000000
vn 0.000000 1.000000 0.000001
vn 0.000000 1.000000 -0.000000
vn 0.000000 1.000000 -0.000000
vn 0.000000 1.000000 -0.000001
vn 0.000000 -1.000000 -0.000000
vn 0.000000 -1.000000 -0.000000
vn 0.000000 1.000000 0.000000
vn 0.000000 1.000000 -0.000001
vn 0.000000 1.000000 -0.000001
vn 0.000000 1.000000 0.000000
vn 0.000000 -1.000000 -0.000000
vn 0.000000 -1.000000 0.000000
vn 0.000000 -1.000000 0.000000
vn 0.000000 -1.000000 -0.000000
vn -0.764896 0.000000 -0.644154
vn -0.764897 0.000000 -0.644153
vn 0.764897 0.000000 0.644153
vn 0.764902 0.000000 0.644147
vn -0.764896 0.000000 -0.644154
vn -0.764897 0.000000 -0.644153
vn 0.764897 0.000000 0.644152
vn 0.764902 0.000000 0.644146
vn 0.764897 0.000000 0.644152
vn 0.764897 0.000000 0.644153
vn 0.764902 0.000000 0.644147
vn 0.764902 0.000000 0.644146
vn -0.764896 0.000000 -0.644154
vn -0.764896 0.000000 -0.644154
vn -0.764897 0.000000 -0.644153
vn -0.764896 0.000000 -0.644154
vn -0.644145 0.000000 0.764903
vn -0.644145 0.000000 0.764903
vn -0.644148 0.000000 0.764901
vn -0.644144 0.000000 0.764904
vn -0.644146 0.000001 0.764902
vn -0.644148 0.000002 0.764901
vn -0.644149 0.000002 0.764900
vn -0.644149 0.000001 0.764900
vn -0.644154 0.000000 0.764896
vn -0.644155 0.000000 0.764895
vn -0.644155 0.000000 0.764895
vn -0.644154 0.000000 0.764896
vn -0.644154 0.000000 0.764896
vn -0.644154 0.000000 0.764896
vn -0.644154 0.000000 0.764896
vn -0.644154 0.000000 0.764896
vn -0.644154 0.000002 0.764896
vn -0.644153 0.000001 0.764897
vn -0.644152 0.000001 0.764898
vn -0.644153 0.000001 0.764897
vn -0.644155 0.000000 0.764895
vn -0.644155 -0.000000 0.764895
vn -0.644154 0.000000 0.764896
vn -0.644154 0.000000 0.764895
vn -0.644145 0.000000 0.764903
vn -0.644149 0.000000 0.764900
vn -0.644153 -0.000000 0.764897
vn -0.644153 -0.000000 0.764897
vn -0.644153 -0.000000 0.764897
vn -0.644153 -0.000000 0.764897
vn -0.644155 0.000000 0.764895
vn -0.644155 0.000000 0.764895
vn -0.644155 0.000000 0.764895
vn -0.644154 0.000000 0.764896
vn -0.644154 0.000000 0.764896
vn -0.644154 0.000000 0.764896
vn -0.644154 0.000000 0.764896
vn -0.644154 0.000000 0.764896
vn -0.644153 0.000000 0.764897
vn -0.644153 0.000000 0.764897
vn -0.644154 0.000000 0.764895
vn -0.644154 0.000000 0.764896
vn -0.644155 0.000000 0.764895
vn -0.644155 0.000000 0.764895
vn -0.644154 0.000000 0.764896
vn -0.644154 0.000000 0.764896
vn -0.644154 0.000000 0.764896
vn -0.644152 0.000000 0.764897
vn -0.644155 -0.000000 0.764895
vn -0.644155 -0.000000 0.764895
vn -0.644155 -0.000000 0.764895
vn -0.644154 0.000000 0.764896
vn -0.644155 0.000000 0.764895
vn -0.644154 0.000000 0.764896
vn -0.644154 0.000000 0.764896
vn -0.644155 0.000000 0.764895
vn -0.644155 0.000000 0.764895
vn -0.644155 0.000000 0.764895
vn -0.644156 0.000000 0.764894
vn -0.644156 0.000000 0.764894
vn -0.644154 0.000000 0.764896
vn -0.644153 0.000000 0.764897
vn -0.644153 0.000000 0.764897
vn -0.644153 0.000000 0.764897
vn -0.644153 0.000000 0.764897
vn -0.644153 0.000000 0.764897
vn -0.644154 -0.000000 0.764896
vn -0.644154 -0.000000 0.764896
vn -0.644154 -0.000000 0.764896
vn -0.644154 -0.000000 0.764896
vn 0.764897 0.000000 0.644153
vn 0.764897 0.000000 0.644153
vn 0.764897 0.000000 0.644153
vn 0.764897 0.000000 0.644153
vn 0.000000 -1.000000 0.000000
vn 0.000000 -1.000000 0.000000
vn 0.000000 -1.000000 0.000000
vn 0.000000 -1.000000 0.000000
vn -0.764891 0.000000 -0.644160
vn -0.764891 0.000000 -0.644160
vn -0.764891 0.000000 -0.644160
vn -0.764891 0.000000 -0.644160
vn 0.000000 1.000000 0.000000
vn 0.000000 1.000000 0.000000
vn 0.000000 1.000000 0.000000
vn 0.000000 1.000000 0.000000
vn 0.000000 -1.000000 0.000007
vn 0.000000 -1.000000 0.000007
vn 0.000000 -1.000000 0.000007
vn 0.000000 -1.000000 0.000007
vn -0.764896 -0.000000 -0.644154
vn -0.764896 -0.000000 -0.644154
vn -0.764896 -0.000000 -0.644154
vn -0.764896 -0.000000 -0.644154
vn 0.000000 1.000000 0.000000
vn 0.000000 1.000000 0.000000
vn 0.000000 1.000000 0.000000
vn 0.000000 1.000000 0.000000
vn 0.764897 -0.000000 0.644153
vn 0.764897 -0.000000 0.644153
vn 0.764897 -0.000000 0.644153
vn 0.764897 -0.000000 0.644153
vn -0.644154 0.000000 0.764896
vn -0.644154 0.000000 0.764896
vn 0.764897 -0.000000 0.644153
vn 0.764897 0.000000 0.644153
vn 0.764897 0.000000 0.644153
vn 0.764897 -0.000000 0.644153
vn -0.644154 0.000000 0.764896
vn -0.644154 0.000000 0.764896
vn -0.644154 0.000000 0.764896
vn -0.644154 0.000000 0.764896
vn -0.764897 0.000000 -0.644153
vn -0.764897 0.000000 -0.644153
vn -0.764897 0.000000 -0.644153
vn -0.764897 0.000000 -0.644153
vn -0.644153 0.000000 0.764896
vn -0.644153 0.000000 0.764897
vn -0.644153 -0.000000 0.764896
vn -0.644153 -0.000000 0.764896
vn -0.644154 0.000000 0.764896
vn -0.644154 0.000000 0.764896
vn -0.644154 -0.000001 0.764896
vn -0.644153 -0.000001 0.764896
vn -0.644154 -0.000001 0.764896
vn -0.644154 -0.000001 0.764896
vn -0.644150 0.000000 0.764899
vn -0.644152 0.000000 0.764898
vn 0.764897 0.000000 0.644153
vn 0.764897 0.000000 0.644153
vn 0.764897 0.000000 0.644153
vn 0.764897 0.000000 0.644153
vn -0.644156 0.000000 0.764894
vn -0.644156 0.000000 0.764894
vn -0.644156 0.000000 0.764894
vn -0.644156 0.000000 0.764894
vn -0.764897 0.000000 -0.644153
vn -0.764897 0.000000 -0.644153
vn -0.764897 0.000000 -0.644153
vn -0.764897 0.000000 -0.644153
vn -0.644145 0.000000 0.764903
vn -0.644149 0.000000 0.764900
vn -0.644154 0.000000 0.764896
vn -0.644154 0.000000 0.764895
vn 0.764896 -0.000000 0.644154
vn 0.764896 -0.000000 0.644154
vn -0.644154 0.000000 0.764896
vn -0.644154 0.000000 0.764896
vn -0.764897 0.000000 -0.644152
vn -0.764897 0.000000 -0.644152
vn -0.644154 0.000000 0.764896
vn -0.644153 0.000000 0.764897
vn -0.644154 0.000000 0.764896
vn -0.644154 0.000000 0.764896
vn -0.644154 0.000000 0.764896
vn -0.644154 0.000000 0.764896
vn -0.644152 0.000000 0.764897
vn -0.644152 0.000000 0.764898
vn 0.764897 -0.000001 0.644153
vn 0.764897 -0.000001 0.644153
vn -0.644155 0.000000 0.764895
vn -0.644155 0.000000 0.764895
vn -0.764891 0.000000 -0.644159
vn -0.764891 0.000000 -0.644159
vn -0.644145 0.000000 0.764903
vn -0.644149 0.000000 0.764900
vn -0.644145 0.000000 0.764903
vn -0.644145 0.000000 0.764903
vn -0.644149 0.000000 0.764900
vn -0.644151 -0.000000 0.764898
vn -0.764890 0.000000 -0.644161
vn -0.764886 0.000000 -0.644166
vn -0.764886 0.000000 -0.644166
vn -0.764890 0.000000 -0.644161
vn -0.644154 0.000000 0.764896
vn -0.644155 0.000000 0.764895
vn -0.644155 0.000000 0.764895
vn -0.644154 0.000000 0.764896
vn 0.764897 0.000000 0.644153
vn 0.764897 -0.000001 0.644153
vn 0.764897 -0.000001 0.644153
vn 0.764897 0.000000 0.644153
vn -0.644154 0.000000 0.764896
vn -0.644152 0.000000 0.764898
vn -0.644152 0.000000 0.764897
vn -0.644154 0.000000 0.764896
vn -0.644155 0.000000 0.764895
vn -0.644155 0.000001 0.764895
vn -0.644153 0.000000 0.764897
vn -0.644155 0.000001 0.764895
vn -0.644153 0.000000 0.764896
vn -0.644154 -0.000000 0.764896
vn -0.644153 0.000000 0.764896
vn -0.644155 -0.000000 0.764895
vn -0.764897 0.000000 -0.644152
vn -0.764896 0.000000 -0.644154
vn -0.764896 0.000000 -0.644154
vn -0.764897 0.000000 -0.644152
vn -0.644154 0.000000 0.764896
vn -0.644154 0.000000 0.764896
vn -0.644154 0.000000 0.764896
vn -0.644154 0.000000 0.764896
vn 0.764896 -0.000000 0.644154
vn 0.764896 0.000000 0.644154
vn 0.764896 0.000000 0.644154
vn 0.764896 -0.000000 0.644154
vn -0.644155 0.000000 0.764895
vn -0.644154 0.000000 0.764896
vn -0.644154 0.000000 0.764896
vn -0.644155 0.000000 0.764895
vn -0.644154 0.000000 0.764896
vn -0.644154 0.000000 0.764896
vn -0.644155 0.000000 0.764895
vn -0.644155 0.000000 0.764895
vn -0.644153 -0.000000 0.764896
vn -0.644153 -0.000000 0.764896
vn -0.644154 -0.000000 0.764896
vn -0.644154 -0.000000 0.764896
vn 0.000007 1.000000 0.000004
vn 0.000007 1.000000 0.000004
vn 0.000000 1.000000 0.000000
vn 0.000000 1.000000 0.000000
vn 0.764905 0.000000 0.644144
vn 0.764905 0.000000 0.644144
vn 0.764905 0.000000 0.644144
vn 0.764905 0.000000 0.644144
vn 0.000000 -1.000000 0.000000
vn 0.000000 -1.000000 0.000000
vn 0.000000 -1.000000 0.000000
vn 0.000000 -1.000000 0.000000
vn 0.000008 1.000000 0.000005
vn 0.000008 1.000000 0.000005
vn 0.000000 -1.000000 0.000000
vn 0.000000 -1.000000 0.000000
vn 0.000000 1.000000 0.000000
vn 0.000000 1.000000 0.000000
vn 0.000000 -1.000000 0.000000
vn 0.000000 -1.000000 0.000000
vn -0.764903 0.000000 -0.644145
vn -0.764903 0.000000 -0.644145
vn -0.764903 0.000000 -0.644145
vn -0.764903 0.000000 -0.644145
vn 0.764898 0.000000 0.644152
vn 0.764898 0.000000 0.644152
vn 0.764898 0.000000 0.644152
vn 0.764898 0.000000 0.644152
vn 0.000000 -1.000000 0.000000
vn 0.000000 -1.000000 0.000000
vn 0.000000 -1.000000 0.000000
vn 0.000000 -1.000000 0.000000
vn -0.764898 0.000000 -0.644152
vn -0.764898 0.000000 -0.644152
vn -0.764898 0.000000 -0.644152
vn -0.764898 0.000000 -0.644152
vn 0.000000 1.000000 0.000000
vn 0.000000 1.000000 0.000000
vn 0.000000 1.000000 0.000000
vn 0.000000 1.000000 0.000000
vn 0.764894 -0.000000 0.644156
vn 0.764894 -0.000000 0.644156
vn 0.764894 -0.000000 0.644157
vn 0.764894 -0.000000 0.644156
vn 0.000000 -1.000000 0.000000
vn 0.000000 -1.000000 0.000000
vn 0.000000 -1.000000 0.000000
vn 0.000000 -1.000000 0.000000
vn -0.764897 0.000001 -0.644152
vn -0.764897 0.000001 -0.644152
vn -0.764898 0.000001 -0.644152
vn -0.764898 0.000001 -0.644152
vn 0.000000 1.000000 0.000000
vn 0.000000 1.000000 0.000000
vn 0.000000 1.000000 0.000000
vn 0.000000 1.000000 0.000000
vn 0.000000 1.000000 0.000000
vn 0.000000 1.000000 0.000000
vn 0.000000 1.000000 0.000000
vn 0.000000 1.000000 0.000000
vn 0.764901 -0.000001 0.644148
vn 0.764901 -0.000001 0.644148
vn 0.764901 -0.000001 0.644148
vn 0.764901 -0.000001 0.644148
vn 0.000000 -1.000000 0.000000
vn 0.000000 -1.000000 0.000000
vn 0.000000 -1.000000 0.000000
vn 0.000000 -1.000000 0.000000
vn 0.000000 1.000000 0.000000
vn 0.000000 1.000000 0.000000
vn 0.000000 -1.000000 0.000000
vn 0.000000 -1.000000 0.000000
vn 0.000000 1.000000 0.000000
vn 0.000000 1.000000 0.000000
vn 0.000000 -1.000000 0.000000
vn 0.000000 -1.000000 0.000000
vn -0.764917 0.000000 -0.644129
vn -0.764917 0.000000 -0.644129
vn -0.764917 0.000000 -0.644129
vn -0.764917 0.000000 -0.644129
vn 0.764892 0.000000 0.644158
vn 0.764892 0.000000 0.644158
vn 0.000000 1.000000 0.000004
vn 0.000000 1.000000 0.000004
vn -0.764895 0.000000 -0.644154
vn -0.764895 0.000000 -0.644155
vn 0.000000 -1.000000 0.000000
vn 0.000000 -1.000000 -0.000000
vn -0.764895 0.000000 -0.644155
vn -0.764895 0.000000 -0.644155
vn 0.764892 0.000000 0.644159
vn 0.764892 0.000000 0.644158
vn -0.000000 -1.000000 -0.000000
vn -0.000000 -1.000000 -0.000000
vn 0.000000 1.000000 -0.000005
vn 0.000000 1.000000 -0.000002
vn 0.000000 1.000000 0.000000
vn 0.000000 1.000000 0.000000
vn 0.000000 -1.000000 -0.000000
vn 0.000000 -1.000000 -0.000000
vn 0.764892 0.000000 0.644158
vn -0.764895 0.000000 -0.644155
vn 0.000000 -1.000000 0.000000
vn 0.000000 1.000000 0.000002
vn 0.000000 -1.000000 0.000000
vn 0.000000 1.000000 0.000002
vn 0.000000 1.000000 0.000000
vn 0.000000 -1.000000 0.000000
vn 0.000000 1.000000 0.000000
vn 0.000000 1.000000 0.000000
vn 0.000000 -1.000000 0.000000
vn 0.000000 -1.000000 0.000000
vn -0.764895 0.000000 -0.644155
vn 0.764892 0.000000 0.644158
vn -0.764895 0.000000 -0.644155
vn 0.764892 0.000000 0.644159
vn 0.764892 0.000000 0.644159
vn 0.764893 0.000000 0.644158
vn -0.764896 0.000000 -0.644154
vn -0.764895 0.000000 -0.644155
vn 0.764897 0.000000 0.644153
vn 0.764902 0.000000 0.644147
vn 0.764893 0.000000 0.644158
vn -0.644152 -0.000000 0.764898
vn -0.644146 0.000000 0.764903
vn -0.764885 0.000000 -0.644166
vn -0.764885 0.000000 -0.644166
vn -0.644154 0.000000 0.764896
vn -0.644154 0.000000 0.764896
vn 0.764897 0.000000 0.644153
vn 0.764897 0.000000 0.644153
vn -0.644154 0.000000 0.764896
vn -0.644154 0.000000 0.764896
vn -0.764891 0.000000 -0.644160
vn -0.764891 0.000000 -0.644160
vn -0.764891 0.000000 -0.644160
vn -0.764891 0.000000 -0.644160
vn -0.644154 0.000000 0.764896
vn -0.644154 0.000000 0.764896
vn -0.644154 0.000000 0.764896
vn -0.644154 0.000000 0.764896
vn 0.764897 -0.000001 0.644152
vn 0.764897 -0.000001 0.644152
vn 0.764898 -0.000001 0.644152
vn 0.764898 -0.000001 0.644152
vn -0.644156 0.000001 0.764895
vn -0.644156 0.000001 0.764895
vn -0.764898 0.000000 -0.644152
vn -0.764898 0.000000 -0.644152
vn -0.764898 0.000000 -0.644152
vn -0.764898 0.000000 -0.644152
vn -0.644153 0.000000 0.764897
vn -0.644153 0.000000 0.764897
vn -0.644153 0.000000 0.764897
vn -0.644153 0.000000 0.764897
vn 0.764898 0.000000 0.644152
vn 0.764898 0.000000 0.644152
vn 0.764898 0.000000 0.644152
vn 0.764898 0.000000 0.644152
vn -0.644155 -0.000000 0.764895
vn -0.644155 -0.000000 0.764895
vn -0.764896 0.000000 -0.644154
vn -0.764896 0.000000 -0.644154
vn -0.644154 0.000000 0.764896
vn -0.644154 0.000000 0.764896
vn 0.764896 -0.000000 0.644154
vn 0.764896 -0.000000 0.644154
vn -0.644154 0.000000 0.764896
vn -0.644154 0.000000 0.764896
vn -0.764896 0.000000 -0.644154
vn -0.764896 0.000000 -0.644154
vn -0.764896 0.000000 -0.644154
vn 0.644153 0.000000 -0.764896
vn 0.644153 0.000000 -0.764896
vn 0.764895 0.000000 0.644155
vn 0.764895 0.000000 0.644155
vn 0.644154 0.000000 -0.764896
vn 0.644154 0.000000 -0.764896
vn -0.764896 0.000000 -0.644154
vn -0.764896 0.000000 -0.644154
vn 0.644154 0.000000 -0.764896
vn 0.644154 0.000000 -0.764896
vn 0.764891 0.000000 0.644160
vn 0.764891 0.000000 0.644160
vn 0.764891 0.000000 0.644160
vn 0.764891 0.000000 0.644160
vn 0.644153 -0.000000 -0.764897
vn 0.644153 -0.000000 -0.764897
vn 0.644153 -0.000001 -0.764897
vn 0.644153 -0.000001 -0.764897
vn -0.764894 0.000001 -0.644156
vn -0.764894 0.000001 -0.644156
vn -0.764894 0.000001 -0.644156
vn -0.764894 0.000001 -0.644156
vn 0.644156 0.000000 -0.764895
vn 0.644156 0.000000 -0.764895
vn 0.764905 0.000000 0.644143
vn 0.764905 0.000000 0.644143
vn 0.764905 0.000000 0.644143
vn 0.764905 0.000000 0.644143
vn 0.644155 0.000000 -0.764895
vn 0.644155 0.000000 -0.764895
vn 0.644155 0.000000 -0.764895
vn 0.644155 0.000000 -0.764895
vn -0.764891 0.000000 -0.644160
vn -0.764891 0.000000 -0.644160
vn -0.764891 0.000000 -0.644160
vn -0.764891 0.000000 -0.644160
vn 0.644154 0.000000 -0.764896
vn 0.644154 0.000000 -0.764896
vn 0.764897 0.000000 0.644153
vn 0.764897 0.000000 0.644153
vn 0.644154 0.000000 -0.764896
vn 0.644154 0.000000 -0.764896
vn -0.764897 0.000000 -0.644153
vn -0.764897 0.000000 -0.644153
vn 0.644155 0.000001 -0.764895
vn 0.644155 0.000001 -0.764895
vn 0.000000 1.000000 0.000002
vn 0.000000 1.000000 0.000004
vn 0.000000 1.000000 0.000000
vn -0.644153 0.000001 0.764897
vn -0.644153 0.000002 0.764897
vn -0.644153 0.000000 0.764897
vn -0.644149 0.000000 0.764900
vn -0.644156 -0.000000 0.764895
vn -0.644153 -0.000001 0.764897
vn -0.644156 -0.000000 0.764894
vn -0.644154 -0.000001 0.764896
vn -0.644159 -0.000001 0.764892
vn -0.644154 -0.000001 0.764896
vn -0.644153 -0.000001 0.764897
vn -0.644158 -0.000001 0.764892
vn -0.644156 0.000000 0.764894
vn -0.644159 0.000000 0.764892
vn -0.644159 0.000000 0.764892
vn -0.644159 0.000000 0.764892
vn 0.000000 -1.000000 -0.000000
vn 0.000000 -1.000000 0.000000
vn 0.000000 -1.000000 -0.000000
vn 0.644149 -0.000000 -0.764900
vn 0.644147 0.000000 -0.764902
vn 0.644150 -0.000000 -0.764899
vn 0.644152 -0.000000 -0.764897
vn 0.644156 0.000000 -0.764894
vn 0.644156 0.000000 -0.764894
vn 0.644156 0.000000 -0.764894
vn 0.644156 0.000000 -0.764894
vn 0.644159 0.000000 -0.764892
vn 0.644156 0.000000 -0.764894
vn 0.644159 0.000000 -0.764892
vn 0.644156 0.000000 -0.764894
vn 0.644159 0.000000 -0.764892
vn 0.644156 0.000000 -0.764894
vn 0.644159 0.000000 -0.764892
vn 0.644159 0.000000 -0.764892
vn -0.644137 0.000000 0.764910
vn -0.644137 0.000000 0.764910
vn -0.644137 0.000000 0.764910
vn -0.644137 0.000000 0.764910
vn 0.764892 0.000000 0.644158
vn 0.764892 0.000000 0.644158
vn 0.764892 0.000000 0.644158
vn 0.764892 0.000000 0.644158
vn 0.000000 1.000000 0.000000
vn 0.000000 1.000000 0.000000
vn 0.000000 1.000000 0.000000
vn 0.000000 1.000000 0.000000
vn -0.764889 0.000000 -0.644162
vn -0.764889 0.000000 -0.644162
vn -0.764889 0.000000 -0.644162
vn -0.764889 0.000000 -0.644162
vn 0.000000 -1.000000 0.000000
vn 0.000000 -1.000000 0.000000
vn 0.000000 -1.000000 0.000000
vn 0.000000 -1.000000 0.000000
vn 0.766576 0.000000 0.642154
vn 0.766576 0.000000 0.642154
vn 0.766575 0.000000 0.642155
vn 0.766575 0.000000 0.642155
vn 0.000000 1.000000 0.000014
vn 0.000000 1.000000 0.000014
vn 0.000000 1.000000 0.000014
vn 0.000000 1.000000 0.000014
vn -0.766537 0.000000 -0.642200
vn -0.766537 0.000000 -0.642200
vn -0.766537 0.000000 -0.642200
vn -0.766537 0.000000 -0.642200
vn 0.000000 -1.000000 0.000014
vn 0.000000 -1.000000 0.000014
vn 0.000000 -1.000000 0.000014
vn 0.000000 -1.000000 0.000014
vn 0.642205 0.000000 -0.766533
vn 0.642190 0.000000 -0.766545
vn 0.642191 0.000000 -0.766545
vn 0.642205 0.000000 -0.766533
vn 0.000000 -1.000000 0.000008
vn 0.000000 -1.000000 0.000008
vn 0.000000 -1.000000 0.000008
vn 0.000000 -1.000000 0.000008
vn 0.642189 0.000000 -0.766547
vn 0.642191 0.000000 -0.766545
vn 0.642190 0.000000 -0.766545
vn 0.642188 0.000000 -0.766547
vn 0.000000 1.000000 0.000000
vn 0.000000 1.000000 0.000000
vn 0.000000 1.000000 0.000000
vn 0.000000 1.000000 0.000000
vn 0.000000 1.000000 0.000000
vn 0.000000 1.000000 0.000000
vn 0.000000 1.000000 0.000003
vn 0.000000 1.000000 0.000003
vn 0.642184 -0.000000 -0.766551
vn 0.642185 0.000000 -0.766550
vn 0.000000 -1.000000 -0.000004
vn 0.000000 -1.000000 -0.000004
vn 0.000000 -1.000000 -0.000006
vn 0.000000 -1.000000 -0.000006
vn 0.766542 0.000000 0.642195
vn 0.766542 0.000000 0.642195
vn 0.766542 0.000000 0.642195
vn 0.766542 0.000000 0.642195
vn 0.642186 0.000000 -0.766549
vn 0.642186 0.000000 -0.766549
vn 0.642186 0.000000 -0.766549
vn 0.642186 0.000000 -0.766549
vn -0.766543 0.000000 -0.642193
vn -0.766543 0.000000 -0.642193
vn -0.766543 0.000000 -0.642193
vn -0.766543 0.000000 -0.642193
vn 0.736138 0.278824 0.616732
vn 0.736138 0.278824 0.616732
vn 0.736138 0.278824 0.616732
vn 0.736138 0.278824 0.616732
vn 0.642179 -0.000007 -0.766555
vn 0.642180 -0.000007 -0.766554
vn 0.642180 -0.000007 -0.766554
vn 0.642179 -0.000007 -0.766555
vn -0.736149 0.278862 -0.616701
vn -0.736149 0.278862 -0.616701
vn -0.736149 0.278862 -0.616701
vn -0.736149 0.278862 -0.616701
vn 0.586262 0.644247 0.491165
vn 0.586262 0.644247 0.491165
vn 0.586262 0.644247 0.491165
vn 0.586262 0.644247 0.491165
vn 0.642193 0.000022 -0.766543
vn 0.642196 0.000015 -0.766540
vn 0.642197 0.000013 -0.766540
vn 0.642193 0.000022 -0.766543
vn -0.586265 0.644264 -0.491139
vn -0.586265 0.644264 -0.491139
vn -0.586265 0.644264 -0.491139
vn -0.586265 0.644264 -0.491139
vn 0.368893 0.876593 0.309036
vn 0.368893 0.876593 0.309036
vn 0.368893 0.876593 0.309036
vn 0.368893 0.876593 0.309036
vn 0.642196 0.000076 -0.766540
vn 0.642201 0.000075 -0.766537
vn 0.642202 0.000074 -0.766535
vn 0.642196 0.000076 -0.766540
vn -0.368871 0.876602 -0.309038
vn -0.368871 0.876602 -0.309038
vn -0.368871 0.876602 -0.309038
vn -0.368871 0.876602 -0.309038
vn 0.230297 0.953802 0.192936
vn 0.230297 0.953802 0.192936
vn 0.230297 0.953802 0.192936
vn 0.230297 0.953802 0.192936
vn 0.642187 -0.000020 -0.766548
vn 0.642190 -0.000032 -0.766546
vn 0.642192 -0.000042 -0.766544
vn 0.642187 -0.000020 -0.766548
vn -0.230300 0.953801 -0.192937
vn -0.230300 0.953801 -0.192937
vn -0.230300 0.953801 -0.192937
vn -0.230300 0.953801 -0.192937
vn 0.083071 0.994110 0.069604
vn 0.083071 0.994110 0.069604
vn 0.083071 0.994110 0.069604
vn 0.083071 0.994110 0.069604
vn 0.642217 0.000095 -0.766523
vn 0.642216 0.000083 -0.766524
vn 0.642212 0.000038 -0.766527
vn 0.642217 0.000095 -0.766523
vn -0.083066 0.994111 -0.069600
vn -0.083066 0.994111 -0.069600
vn -0.083066 0.994111 -0.069600
vn -0.083066 0.994111 -0.069600
vn -0.766539 0.000000 -0.642197
vn -0.766539 0.000000 -0.642197
vn -0.766539 0.000000 -0.642197
vn -0.766539 0.000000 -0.642197
vn 0.642183 0.000000 -0.766552
vn 0.642183 0.000000 -0.766552
vn 0.642182 0.000000 -0.766552
vn 0.642182 0.000000 -0.766552
vn 0.766539 0.000000 0.642197
vn 0.766539 0.000000 0.642197
vn 0.766539 0.000000 0.642197
vn 0.766539 0.000000 0.642197
vn -0.721375 -0.338165 -0.604369
vn -0.721375 -0.338165 -0.604369
vn -0.721375 -0.338165 -0.604369
vn -0.721375 -0.338165 -0.604369
vn 0.642187 -0.000028 -0.766548
vn 0.642187 -0.000028 -0.766548
vn 0.642182 -0.000032 -0.766552
vn 0.642182 -0.000032 -0.766552
vn 0.721387 -0.338124 0.604379
vn 0.721387 -0.338124 0.604378
vn 0.721387 -0.338124 0.604379
vn 0.721387 -0.338124 0.604378
vn -0.519079 -0.735829 -0.434872
vn -0.519079 -0.735829 -0.434872
vn -0.519079 -0.735829 -0.434872
vn -0.519079 -0.735829 -0.434872
vn 0.642186 0.000046 -0.766549
vn 0.642185 0.000046 -0.766550
vn 0.642178 0.000045 -0.766555
vn 0.642178 0.000045 -0.766555
vn 0.519084 -0.735837 0.434851
vn 0.519084 -0.735837 0.434851
vn 0.519084 -0.735837 0.434851
vn 0.519084 -0.735837 0.434851
vn -0.352940 -0.887695 -0.295688
vn -0.352940 -0.887695 -0.295688
vn -0.352940 -0.887695 -0.295688
vn -0.352940 -0.887695 -0.295688
vn 0.642190 -0.000030 -0.766545
vn 0.642190 -0.000031 -0.766545
vn 0.642190 -0.000032 -0.766546
vn 0.642190 -0.000032 -0.766546
vn 0.352978 -0.887676 0.295699
vn 0.352978 -0.887676 0.295699
vn 0.352978 -0.887676 0.295699
vn 0.352978 -0.887676 0.295699
vn -0.225481 -0.955755 -0.188917
vn -0.225481 -0.955755 -0.188917
vn -0.225481 -0.955755 -0.188917
vn -0.225481 -0.955755 -0.188917
vn 0.642212 0.000069 -0.766527
vn 0.642218 0.000065 -0.766522
vn 0.642225 0.000060 -0.766516
vn 0.642225 0.000060 -0.766516
vn 0.225462 -0.955765 0.188892
vn 0.225462 -0.955765 0.188892
vn 0.225462 -0.955765 0.188892
vn 0.225462 -0.955765 0.188892
vn -0.175734 -0.973367 -0.147224
vn -0.175734 -0.973367 -0.147224
vn -0.175734 -0.973367 -0.147224
vn -0.175734 -0.973367 -0.147224
vn 0.642183 -0.000038 -0.766552
vn 0.642192 -0.000030 -0.766544
vn 0.642199 -0.000024 -0.766538
vn 0.642199 -0.000024 -0.766538
vn 0.175728 -0.973369 0.147219
vn 0.175728 -0.973369 0.147219
vn 0.175728 -0.973369 0.147219
vn 0.175728 -0.973369 0.147219
vn 0.766576 0.000000 0.642154
vn 0.766576 0.000000 0.642154
vn 0.642205 0.000000 -0.766533
vn 0.642190 0.000000 -0.766545
vn 0.642183 -0.000000 -0.766551
vn 0.642190 0.000000 -0.766545
vn 0.642188 0.000000 -0.766548
vn -0.766537 0.000000 -0.642200
vn -0.766537 0.000000 -0.642200
vn -0.766537 0.000000 -0.642200
vn -0.766537 0.000000 -0.642200
vn 0.642190 0.000000 -0.766546
vn 0.642188 0.000000 -0.766547
vn 0.642191 0.000000 -0.766545
vn 0.642184 0.000000 -0.766550
vn 0.642204 0.000000 -0.766534
vn 0.766575 0.000000 0.642154
vn 0.766575 0.000000 0.642154
vn 0.000000 -1.000000 0.000006
vn 0.000000 -1.000000 0.000006
vn 0.000000 -1.000000 0.000006
vn 0.000000 -1.000000 0.000006
vn 0.642208 0.000025 -0.766531
vn 0.642200 0.000013 -0.766537
vn 0.642187 -0.000007 -0.766548
vn 0.642208 0.000025 -0.766531
vn 0.642179 -0.000039 -0.766555
vn 0.642179 -0.000022 -0.766555
vn 0.642178 -0.000000 -0.766555
vn 0.642179 -0.000039 -0.766555
vn 0.642200 0.000000 -0.766537
vn 0.642199 -0.000003 -0.766538
vn 0.642198 -0.000006 -0.766539
vn 0.642200 0.000000 -0.766537
vn 0.642188 0.000048 -0.766547
vn 0.642193 0.000048 -0.766543
vn 0.642194 0.000048 -0.766542
vn 0.642188 0.000048 -0.766547
vn 0.642187 -0.000014 -0.766548
vn 0.642190 -0.000014 -0.766545
vn 0.642191 -0.000014 -0.766545
vn 0.642187 -0.000014 -0.766548
vn 0.642189 0.000000 -0.766546
vn 0.642189 0.000000 -0.766547
vn 0.642189 0.000000 -0.766547
vn 0.642189 0.000000 -0.766546
vn 0.642190 -0.000000 -0.766546
vn 0.642189 -0.000000 -0.766546
vn 0.642191 0.000000 -0.766545
vn 0.642189 0.000000 -0.766547
vn 0.642188 0.000000 -0.766547
vn 0.642188 0.000000 -0.766547
vn 0.642188 0.000000 -0.766547
vn 0.642188 0.000000 -0.766547
vn 0.642192 -0.000002 -0.766544
vn 0.642193 -0.000001 -0.766543
vn 0.642194 0.000000 -0.766542
vn 0.642194 0.000000 -0.766542
vn 0.642187 -0.000022 -0.766548
vn 0.642185 -0.000022 -0.766550
vn 0.642180 -0.000022 -0.766554
vn 0.642180 -0.000022 -0.766554
vn 0.642192 0.000025 -0.766544
vn 0.642188 0.000019 -0.766547
vn 0.642182 0.000010 -0.766553
vn 0.642182 0.000010 -0.766553
vn 0.642181 -0.000073 -0.766553
vn 0.642175 -0.000067 -0.766558
vn 0.642170 -0.000062 -0.766562
vn 0.642170 -0.000062 -0.766562
vn 0.642228 0.000031 -0.766514
vn 0.642244 0.000088 -0.766500
vn 0.642247 0.000099 -0.766498
vn 0.642247 0.000099 -0.766498
vn 0.000000 1.000000 0.000003
vn 0.000000 1.000000 0.000003
vn 0.000000 1.000000 0.000000
vn 0.000000 1.000000 0.000000
vn 0.000000 -1.000000 0.000000
vn 0.000000 -1.000000 0.000000
vn 0.000000 -1.000000 0.000000
vn 0.000000 -1.000000 0.000000
vn 0.541996 0.707149 0.454071
vn 0.541996 0.707149 0.454071
vn 0.542002 0.707143 0.454074
vn 0.542002 0.707143 0.454074
vn 0.542014 0.707131 0.454079
vn 0.542014 0.707131 0.454079
vn 0.542014 0.707131 0.454079
vn -0.541943 0.707218 -0.454027
vn -0.541943 0.707218 -0.454027
vn -0.541943 0.707220 -0.454023
vn -0.541943 0.707220 -0.454023
vn -0.541943 0.707225 -0.454016
vn -0.541943 0.707225 -0.454016
vn -0.541943 0.707225 -0.454016
vn 0.766540 0.000000 0.642196
vn 0.766545 0.000002 0.642190
vn 0.766543 0.000000 0.642193
vn 0.766540 0.000000 0.642196
vn 0.000000 1.000000 0.000000
vn 0.000000 1.000000 0.000000
vn 0.000000 1.000000 0.000000
vn 0.000000 1.000000 0.000000
vn -0.766540 0.000000 -0.642196
vn -0.766543 0.000000 -0.642193
vn -0.766545 0.000000 -0.642191
vn -0.766540 0.000000 -0.642196
vn 0.000000 1.000000 0.000000
vn 0.000000 1.000000 0.000000
vn -0.642199 0.000002 0.766538
vn -0.642199 0.000002 0.766538
vn -0.642199 0.000002 0.766538
vn -0.713228 0.000940 0.700931
vn -0.706187 0.000843 0.708025
vn -0.642199 0.000002 0.766538
vn 0.139482 0.023501 -0.989946
vn 0.139482 0.023501 -0.989946
vn 0.139482 0.023501 -0.989946
vn 0.139482 0.023501 -0.989946
vn 0.655986 0.039586 -0.753735
vn 0.655986 0.039586 -0.753735
vn 0.655986 0.039586 -0.753735
vn 0.655986 0.039586 -0.753735
vn 0.996827 0.044908 -0.065724
vn 0.996827 0.044908 -0.065724
vn 0.996827 0.044908 -0.065724
vn 0.996827 0.044908 -0.065724
vn 0.825660 0.035459 0.563052
vn 0.825660 0.035459 0.563052
vn 0.825660 0.035459 0.563052
vn 0.825660 0.035459 0.563052
vn 0.415483 0.016833 0.909445
vn 0.415483 0.016833 0.909445
vn 0.415483 0.016833 0.909445
vn 0.415483 0.016833 0.909445
vn -0.059705 -0.715879 -0.695668
vn -0.059705 -0.715879 -0.695667
vn -0.059705 -0.715879 -0.695667
vn -0.059705 -0.715879 -0.695667
vn -0.989681 -0.022957 -0.141434
vn -0.989681 -0.022957 -0.141434
vn -0.989681 -0.022957 -0.141434
vn -0.989681 -0.022957 -0.141434
vn -0.755084 -0.039983 -0.654407
vn -0.755084 -0.039983 -0.654407
vn -0.755084 -0.039983 -0.654407
vn -0.755084 -0.039983 -0.654407
vn -0.068818 -0.043619 -0.996675
vn -0.068817 -0.043619 -0.996675
vn -0.068817 -0.043619 -0.996675
vn -0.068817 -0.043619 -0.996675
vn 0.565009 -0.041562 -0.824037
vn 0.565009 -0.041562 -0.824037
vn 0.565009 -0.041562 -0.824037
vn 0.565009 -0.041562 -0.824037
vn 0.904695 -0.095818 -0.415145
vn 0.904695 -0.095818 -0.415145
vn 0.904695 -0.095818 -0.415145
vn 0.904695 -0.095818 -0.415145
vn -0.603106 0.000432 -0.797661
vn -0.709368 0.000164 -0.704839
vn -0.700764 0.000188 -0.713393
vn -0.603106 0.000432 -0.797661
vn -0.072993 0.000745 -0.997332
vn -0.072993 0.000745 -0.997332
vn -0.072993 0.000745 -0.997332
vn -0.072993 0.000745 -0.997332
vn 0.653521 0.000752 -0.756908
vn 0.653521 0.000752 -0.756908
vn 0.653521 0.000752 -0.756908
vn 0.653521 0.000752 -0.756908
vn 0.982836 -0.001274 -0.184477
vn 0.982836 -0.001274 -0.184477
vn 0.982836 -0.001274 -0.184477
vn 0.982836 -0.001274 -0.184477
vn 0.927319 -0.020489 0.373711
vn 0.927319 -0.020489 0.373711
vn 0.927319 -0.020489 0.373711
vn 0.927319 -0.020489 0.373711
vn -0.696665 -0.715194 0.056174
vn -0.696665 -0.715194 0.056174
vn -0.696665 -0.715194 0.056174
vn -0.239047 -0.962204 0.130463
vn -0.239047 -0.962204 0.130463
vn -0.239047 -0.962204 0.130463
vn -0.239047 -0.962204 0.130463
vn -0.239047 -0.962204 0.130463
vn -0.239047 -0.962204 0.130463
vn -0.239047 -0.962204 0.130463
vn -0.239047 -0.962204 0.130463
vn -0.139662 0.023610 0.989918
vn -0.139662 0.023610 0.989918
vn -0.139662 0.023610 0.989918
vn -0.139662 0.023610 0.989918
vn -0.655559 0.039628 0.754103
vn -0.655559 0.039628 0.754103
vn -0.655559 0.039628 0.754103
vn -0.655559 0.039628 0.754103
vn -0.996713 0.044665 0.067586
vn -0.996713 0.044665 0.067586
vn -0.996713 0.044665 0.067586
vn -0.996713 0.044665 0.067586
vn -0.812909 0.033741 -0.581413
vn -0.812909 0.033741 -0.581413
vn -0.589820 0.014200 -0.807410
vn -0.708539 0.024116 -0.705259
vn -0.440819 0.002768 -0.897592
vn -0.440819 0.002768 -0.897592
vn -0.797637 0.002178 0.603134
vn -0.797637 0.002178 0.603134
vn -0.997346 0.003773 0.072716
vn -0.997346 0.003773 0.072716
vn -0.997346 0.003773 0.072716
vn -0.997346 0.003773 0.072716
vn -0.756467 0.004197 -0.654019
vn -0.756467 0.004197 -0.654019
vn -0.756467 0.004197 -0.654019
vn -0.756467 0.004197 -0.654019
vn -0.181848 -0.000089 -0.983327
vn -0.181848 -0.000089 -0.983327
vn -0.181848 -0.000089 -0.983327
vn -0.181848 -0.000089 -0.983327
vn 0.377348 -0.008487 -0.926033
vn 0.377348 -0.008487 -0.926033
vn 0.377348 -0.008487 -0.926033
vn 0.377348 -0.008487 -0.926033
vn 0.059114 -0.715917 0.695679
vn 0.059114 -0.715917 0.695679
vn 0.059114 -0.715917 0.695679
vn 0.989616 -0.022808 0.141915
vn 0.989616 -0.022808 0.141915
vn 0.989616 -0.022808 0.141915
vn 0.989616 -0.022808 0.141915
vn 0.754495 -0.039576 0.655112
vn 0.754495 -0.039576 0.655112
vn 0.754495 -0.039576 0.655112
vn 0.754495 -0.039576 0.655112
vn 0.063850 -0.042276 0.997064
vn 0.063850 -0.042276 0.997064
vn 0.063850 -0.042276 0.997064
vn 0.063850 -0.042276 0.997064
vn -0.569193 -0.050073 0.820678
vn -0.569193 -0.050073 0.820678
vn -0.569193 -0.050073 0.820678
vn -0.569193 -0.050073 0.820678
vn -0.915508 -0.084263 0.393376
vn -0.915508 -0.084263 0.393376
vn -0.915508 -0.084263 0.393376
vn -0.915508 -0.084263 0.393376
vn 0.797625 -0.001934 -0.603151
vn 0.708092 -0.000773 -0.706120
vn 0.715132 -0.000859 -0.698989
vn 0.797625 -0.001934 -0.603151
vn 0.997342 -0.003303 -0.072788
vn 0.997342 -0.003303 -0.072788
vn 0.997342 -0.003303 -0.072788
vn 0.997342 -0.003303 -0.072788
vn 0.756890 -0.003813 0.653531
vn 0.756890 -0.003813 0.653531
vn 0.756890 -0.003813 0.653531
vn 0.756890 -0.003813 0.653531
vn 0.180787 -0.004981 0.983510
vn 0.180787 -0.004981 0.983510
vn 0.180787 -0.004981 0.983510
vn 0.180787 -0.004981 0.983510
vn -0.379530 -0.014077 0.925072
vn -0.379530 -0.014077 0.925072
vn -0.379530 -0.014077 0.925072
vn -0.379530 -0.014077 0.925072
vn 0.603104 -0.000949 0.797662
vn 0.708145 -0.000361 0.706067
vn 0.699508 -0.000413 0.714624
vn 0.603104 -0.000949 0.797662
vn 0.072839 -0.001623 0.997342
vn 0.072839 -0.001623 0.997342
vn 0.072839 -0.001623 0.997342
vn 0.072839 -0.001623 0.997342
vn -0.653553 -0.002288 0.756878
vn -0.653553 -0.002288 0.756878
vn -0.653553 -0.002288 0.756878
vn -0.653553 -0.002288 0.756878
vn -0.982334 -0.004191 0.187090
vn -0.982334 -0.004191 0.187090
vn -0.982334 -0.004191 0.187090
vn -0.982334 -0.004191 0.187090
vn -0.930302 -0.024610 -0.365967
vn -0.930302 -0.024610 -0.365967
vn -0.930302 -0.024610 -0.365967
vn -0.930302 -0.024610 -0.365967
vn 0.696929 -0.714972 -0.055720
vn 0.696929 -0.714972 -0.055720
vn 0.696929 -0.714972 -0.055720
vn 0.696929 -0.714972 -0.055720
vn -0.181297 0.052278 -0.982038
vn -0.181297 0.052278 -0.982038
vn -0.181297 0.052278 -0.982038
vn -0.181297 0.052278 -0.982038
vn 0.668575 0.035429 -0.742800
vn 0.668575 0.035429 -0.742800
vn 0.668575 0.035429 -0.742800
vn 0.668575 0.035429 -0.742800
vn 0.988090 0.050054 -0.145507
vn 0.988090 0.050054 -0.145507
vn 0.988090 0.050054 -0.145507
vn 0.988090 0.050054 -0.145507
vn 0.751846 0.043820 0.657881
vn 0.751846 0.043820 0.657881
vn 0.751846 0.043820 0.657881
vn 0.751846 0.043820 0.657881
vn 0.123719 0.051999 0.990954
vn 0.123719 0.051999 0.990954
vn 0.123719 0.051999 0.990954
vn 0.123719 0.051999 0.990954
vn -0.665537 0.035671 0.745512
vn -0.665537 0.035671 0.745512
vn -0.665537 0.035671 0.745512
vn -0.665537 0.035671 0.745512
vn -0.995737 0.051621 0.076444
vn -0.995737 0.051621 0.076444
vn -0.995737 0.051621 0.076444
vn -0.995737 0.051621 0.076444
vn -0.744937 0.044057 -0.665678
vn -0.744937 0.044057 -0.665678
vn -0.744937 0.044057 -0.665678
vn -0.744937 0.044057 -0.665678
vn -0.212731 -0.317588 -0.924058
vn -0.212731 -0.317588 -0.924058
vn -0.271642 -0.394311 -0.877912
vn -0.259158 -0.378091 -0.888754
vn 0.574250 -0.498077 -0.649736
vn 0.574250 -0.498077 -0.649736
vn 0.522643 -0.618462 -0.586813
vn 0.524891 -0.613954 -0.589534
vn 0.913424 -0.394906 -0.098520
vn 0.913424 -0.394906 -0.098520
vn 0.872615 -0.487862 -0.023112
vn 0.865191 -0.501309 -0.011617
vn 0.750644 0.014920 0.660539
vn 0.750644 0.014920 0.660539
vn 0.729667 -0.012079 0.683696
vn 0.724362 -0.018661 0.689167
vn 0.160426 0.380566 0.910732
vn 0.160426 0.380566 0.910732
vn 0.190642 0.415110 0.889573
vn 0.195642 0.420778 0.885816
vn -0.565508 0.518421 0.641437
vn -0.565508 0.518420 0.641437
vn -0.516236 0.633373 0.576488
vn -0.514512 0.636801 0.574249
vn -0.932181 0.359514 0.042296
vn -0.932181 0.359514 0.042296
vn -0.891029 0.452430 -0.037063
vn -0.896497 0.442164 -0.028000
vn -0.750280 -0.013890 -0.660974
vn -0.750280 -0.013890 -0.660974
vn -0.749641 -0.012920 -0.661718
vn -0.749783 -0.013135 -0.661554
vn -0.360707 -0.507739 -0.782363
vn -0.360736 -0.507773 -0.782327
vn 0.400769 -0.801717 -0.443434
vn 0.400812 -0.801671 -0.443478
vn 0.746721 -0.652659 0.128233
vn 0.746147 -0.653216 0.128738
vn 0.678210 -0.072174 0.731315
vn 0.678228 -0.072155 0.731301
vn 0.200415 0.423485 0.883456
vn 0.200571 0.423680 0.883327
vn -0.471137 0.716154 0.514931
vn -0.471131 0.716163 0.514925
vn -0.864674 0.495904 -0.080112
vn -0.864973 0.495442 -0.079748
vn -0.765051 -0.033385 -0.643103
vn -0.765036 -0.033364 -0.643123
vn -0.382937 -0.536034 -0.752347
vn -0.385743 -0.543096 -0.745821
vn 0.373522 -0.829153 -0.415916
vn 0.370649 -0.831861 -0.413070
vn 0.713476 -0.683696 0.153335
vn 0.714765 -0.682460 0.152838
vn 0.662680 -0.090233 0.743447
vn 0.661986 -0.090825 0.743992
vn 0.176781 0.393775 0.902048
vn 0.176781 0.393775 0.902048
vn -0.486317 0.694480 0.530276
vn -0.486317 0.694480 0.530276
vn -0.883142 0.465681 -0.056586
vn -0.883142 0.465681 -0.056586
vn -0.779460 -0.052648 -0.624236
vn -0.777853 -0.049759 -0.626473
vn -0.470216 -0.803795 -0.364431
vn -0.470216 -0.803795 -0.364431
vn -0.210937 -0.960902 0.179369
vn -0.210937 -0.960902 0.179369
vn 0.415988 -0.877296 0.239388
vn 0.415988 -0.877296 0.239388
vn 0.729199 -0.029584 0.683662
vn 0.729199 -0.029584 0.683662
vn -0.729833 0.028461 -0.683033
vn -0.729833 0.028461 -0.683033
vn -0.006808 -0.180762 -0.983503
vn -0.006808 -0.180762 -0.983503
vn -0.006808 -0.180762 -0.983503
vn -0.006808 -0.180762 -0.983503
vn 0.630643 -0.235615 -0.739442
vn 0.630643 -0.235615 -0.739442
vn 0.630643 -0.235615 -0.739442
vn 0.630643 -0.235615 -0.739442
vn 0.930540 -0.149856 -0.334123
vn 0.930540 -0.149856 -0.334123
vn 0.930540 -0.149856 -0.334123
vn 0.930540 -0.149856 -0.334123
vn 0.743519 0.000160 0.668715
vn 0.743519 0.000160 0.668715
vn 0.743519 0.000160 0.668715
vn 0.743519 0.000160 0.668715
vn -0.743978 -0.002176 -0.668201
vn -0.743978 -0.002176 -0.668201
vn -0.743978 -0.002176 -0.668201
vn -0.743978 -0.002176 -0.668201
vn 0.127758 -0.214145 -0.968411
vn 0.127758 -0.214145 -0.968411
vn 0.127758 -0.214145 -0.968411
vn 0.127758 -0.214145 -0.968411
vn 0.622709 -0.116040 -0.773801
vn 0.622709 -0.116040 -0.773801
vn 0.622709 -0.116040 -0.773801
vn 0.622709 -0.116040 -0.773801
vn 0.858292 -0.187383 -0.477726
vn 0.858292 -0.187383 -0.477726
vn 0.858292 -0.187383 -0.477726
vn 0.858292 -0.187383 -0.477726
vn 0.688304 -0.233804 0.686712
vn 0.688304 -0.233804 0.686712
vn 0.688304 -0.233804 0.686712
vn 0.688304 -0.233804 0.686712
vn -0.747367 -0.237673 -0.620447
vn -0.747367 -0.237673 -0.620447
vn -0.747367 -0.237673 -0.620447
vn -0.747367 -0.237673 -0.620447
vn 0.454009 0.707225 -0.541948
vn 0.454009 0.707225 -0.541948
vn 0.454009 0.707225 -0.541948
vn 0.454009 0.707225 -0.541948
vn 0.454009 0.707225 -0.541948
vn 0.454009 0.707225 -0.541948
vn -0.088123 0.000000 -0.996110
vn -0.088123 0.000000 -0.996110
vn -0.088130 0.000000 -0.996109
vn -0.088130 0.000000 -0.996109
vn -0.088115 -0.000803 -0.996110
vn -0.088115 -0.000803 -0.996110
vn 0.996181 0.000000 -0.087311
vn 0.996181 0.000000 -0.087311
vn 0.996181 0.000000 -0.087311
vn 0.996181 0.000000 -0.087311
vn 0.996181 -0.000807 -0.087311
vn 0.996181 -0.000807 -0.087311
vn 0.642192 -0.000002 -0.766543
vn 0.642192 -0.000002 -0.766543
vn 0.642193 0.000000 -0.766543
vn 0.642193 0.000000 -0.766543
vn -0.766549 0.000000 -0.642186
vn -0.766549 0.000001 -0.642186
vn 0.766550 0.000004 0.642185
vn 0.766549 0.000000 0.642186
vn -0.766549 0.000001 -0.642186
vn -0.766549 0.000001 -0.642186
vn 0.642192 -0.000004 -0.766544
vn 0.642192 -0.000004 -0.766544
vn 0.766550 0.000008 0.642185
vn 0.766550 0.000008 0.642185
vn -0.083913 -0.304020 -0.948963
vn 0.948631 -0.305249 -0.083197
vn 0.766545 0.000000 0.642191
vn 0.766545 0.000000 0.642191
vn 0.766545 0.000000 0.642191
vn 0.766545 0.000000 0.642191
vn 0.000000 1.000000 0.000000
vn 0.000000 1.000000 0.000000
vn 0.000000 1.000000 0.000000
vn 0.000000 1.000000 0.000000
vn -0.766545 0.000000 -0.642191
vn -0.766545 0.000000 -0.642191
vn -0.766545 0.000000 -0.642191
vn -0.766545 0.000000 -0.642191
vn 0.000000 -1.000000 0.000000
vn 0.000000 -1.000000 0.000000
vn 0.000000 -1.000000 0.000000
vn 0.000000 -1.000000 0.000000
vn 0.642180 0.000000 -0.766554
vn 0.642189 0.000000 -0.766547
vn 0.642188 0.000000 -0.766547
vn 0.642179 0.000000 -0.766554
vn 0.000000 -1.000000 0.000000
vn 0.000000 -1.000000 0.000000
vn 0.000000 -1.000000 0.000000
vn 0.000000 -1.000000 0.000000
vn 0.642196 0.000000 -0.766540
vn 0.642209 0.000000 -0.766530
vn 0.642208 0.000000 -0.766531
vn 0.642195 0.000000 -0.766541
vn 0.000000 1.000000 0.000000
vn 0.000000 1.000000 0.000000
vn 0.000000 1.000000 0.000000
vn 0.000000 1.000000 0.000000
vn 0.000000 1.000000 0.000025
vn 0.000000 1.000000 0.000025
vn 0.000000 1.000000 0.000025
vn 0.000000 1.000000 0.000025
vn 0.642180 0.000000 -0.766554
vn 0.642180 0.000000 -0.766554
vn 0.000000 -1.000000 0.000014
vn 0.000000 -1.000000 0.000014
vn 0.000000 -1.000000 0.000014
vn 0.000000 -1.000000 0.000014
vn 0.000000 1.000000 0.000000
vn 0.000000 1.000000 0.000000
vn 0.000000 1.000000 0.000000
vn 0.000000 1.000000 0.000000
vn 0.642164 0.000000 -0.766568
vn 0.642164 0.000000 -0.766567
vn 0.000000 -1.000000 -0.000000
vn 0.000000 -1.000000 0.000000
vn 0.000000 -1.000000 0.000014
vn 0.000000 -1.000000 0.000014
vn 0.000000 -1.000000 -0.000098
vn 0.000000 -1.000000 -0.000098
vn 0.000000 -1.000000 -0.000098
vn 0.000000 -1.000000 -0.000098
vn 0.642201 0.000000 -0.766536
vn 0.642202 0.000000 -0.766536
vn 0.000000 1.000000 0.000000
vn 0.000000 1.000000 0.000000
vn 0.000000 1.000000 0.000000
vn 0.000000 1.000000 0.000000
vn -0.766536 0.000000 -0.642201
vn -0.766536 0.000000 -0.642201
vn -0.766536 0.000000 -0.642201
vn -0.766536 0.000000 -0.642201
vn 0.642210 0.000000 -0.766529
vn 0.642209 0.000000 -0.766529
vn 0.642196 0.000000 -0.766541
vn 0.642195 0.000000 -0.766541
vn 0.642201 0.000000 -0.766536
vn 0.642201 0.000000 -0.766536
vn 0.642181 0.000000 -0.766553
vn 0.642181 0.000000 -0.766553
vn 0.642165 0.000000 -0.766567
vn 0.642163 0.000000 -0.766568
vn 0.642187 0.000000 -0.766548
vn 0.642188 0.000000 -0.766548
vn 0.642176 0.000000 -0.766557
vn 0.642175 0.000000 -0.766558
vn 0.766594 0.000000 0.642132
vn 0.766594 0.000000 0.642132
vn 0.766594 0.000000 0.642132
vn 0.766594 0.000000 0.642132
vn 0.766599 0.000000 0.642126
vn 0.766599 0.000000 0.642126
vn 0.766599 0.000000 0.642126
vn 0.766599 0.000000 0.642126
vn 0.642187 0.000000 -0.766548
vn 0.642177 0.000000 -0.766556
vn 0.642180 0.000000 -0.766554
vn 0.642164 0.000000 -0.766567
vn 0.642208 0.000000 -0.766530
vn 0.642201 0.000000 -0.766536
vn 0.642196 0.000000 -0.766540
vn -0.766582 0.000000 -0.642146
vn -0.766582 0.000000 -0.642146
vn -0.766582 0.000000 -0.642146
vn -0.766582 0.000000 -0.642146
vn 0.766595 0.000000 0.642131
vn 0.766595 0.000000 0.642131
vn 0.766596 0.000000 0.642130
vn 0.766596 0.000000 0.642130
vn 0.642187 0.000000 -0.766548
vn 0.642177 0.000000 -0.766556
vn 0.642180 0.000000 -0.766554
vn 0.642162 0.000000 -0.766569
vn 0.642208 0.000000 -0.766530
vn 0.642202 0.000000 -0.766535
vn 0.642196 0.000000 -0.766540
vn -0.766481 0.000000 -0.642267
vn -0.766481 0.000000 -0.642267
vn -0.766481 0.000000 -0.642267
vn -0.766481 0.000000 -0.642267
vn -0.766608 0.000000 -0.642115
vn -0.766608 0.000000 -0.642115
vn -0.766608 0.000000 -0.642115
vn -0.766608 0.000000 -0.642115
vn 0.642209 0.000000 -0.766530
vn 0.642196 0.000000 -0.766540
vn 0.642203 0.000000 -0.766534
vn 0.642160 0.000000 -0.766570
vn 0.642181 0.000000 -0.766553
vn 0.642188 0.000000 -0.766547
vn 0.642178 0.000000 -0.766556
vn 0.766622 0.000000 0.642098
vn 0.766622 0.000000 0.642098
vn 0.766622 0.000000 0.642098
vn 0.766622 0.000000 0.642098
vn 0.642190 0.000147 -0.766545
vn 0.642190 0.000147 -0.766545
vn 0.642190 0.000147 -0.766545
vn 0.642190 0.000147 -0.766545
vn 0.642190 0.000147 -0.766545
vn -0.482477 0.777083 -0.404177
vn -0.482477 0.777083 -0.404177
vn -0.482477 0.777083 -0.404177
vn -0.482477 0.777083 -0.404177
vn 0.482475 -0.777109 0.404128
vn 0.482475 -0.777109 0.404128
vn 0.482475 -0.777109 0.404128
vn 0.482475 -0.777109 0.404128
vn 0.642260 0.000011 -0.766486
vn 0.642260 0.000011 -0.766486
vn 0.642261 0.000011 -0.766487
vn 0.642260 0.000011 -0.766487
vn 0.642261 0.000011 -0.766487
vn 0.542522 0.706513 0.454433
vn 0.542522 0.706513 0.454433
vn 0.542522 0.706513 0.454433
vn 0.542522 0.706513 0.454433
vn 0.642199 0.000054 -0.766538
vn 0.642199 0.000054 -0.766538
vn 0.642199 0.000054 -0.766538
vn 0.642199 0.000054 -0.766538
vn 0.642199 0.000054 -0.766538
vn 0.642073 -0.000012 -0.766643
vn 0.642073 -0.000012 -0.766643
vn 0.642073 -0.000012 -0.766643
vn 0.642073 -0.000012 -0.766643
vn 0.642073 -0.000012 -0.766643
vn -0.542432 -0.706550 -0.454483
vn -0.542432 -0.706550 -0.454483
vn -0.542432 -0.706550 -0.454483
vn -0.542432 -0.706550 -0.454483
vn 0.642333 -0.000012 -0.766426
vn 0.642333 -0.000012 -0.766426
vn 0.642333 -0.000012 -0.766426
vn 0.642333 -0.000012 -0.766426
vn 0.642333 -0.000012 -0.766426
vn 0.512884 0.743206 0.429645
vn 0.512884 0.743206 0.429645
vn 0.512884 0.743206 0.429645
vn 0.512884 0.743206 0.429645
vn -0.512922 -0.743188 -0.429630
vn -0.512922 -0.743189 -0.429630
vn -0.512922 -0.743188 -0.429630
vn -0.512922 -0.743189 -0.429630
vn 0.642197 -0.000031 -0.766540
vn 0.642197 -0.000031 -0.766540
vn 0.642197 -0.000031 -0.766540
vn 0.642197 -0.000031 -0.766540
vn 0.642197 -0.000031 -0.766540
vn -0.512765 0.743290 -0.429642
vn -0.512765 0.743290 -0.429642
vn -0.512765 0.743290 -0.429642
vn -0.512765 0.743290 -0.429642
vn 0.642160 -0.000004 -0.766571
vn 0.642160 -0.000004 -0.766571
vn 0.642160 -0.000004 -0.766571
vn 0.642160 -0.000004 -0.766571
vn 0.642160 -0.000004 -0.766571
vn 0.642172 0.000069 -0.766560
vn 0.642172 0.000069 -0.766560
vn 0.642172 0.000069 -0.766560
vn 0.642172 0.000069 -0.766560
vn 0.642172 0.000069 -0.766560
vn 0.512802 -0.743288 0.429600
vn 0.512802 -0.743288 0.429600
vn 0.512802 -0.743288 0.429600
vn 0.512802 -0.743288 0.429600
vn 0.541999 0.707185 0.454012
vn 0.541999 0.707185 0.454012
vn 0.541999 0.707185 0.454012
vn 0.541999 0.707185 0.454012
vn -0.541997 0.707160 -0.454053
vn -0.541997 0.707160 -0.454053
vn -0.541997 0.707160 -0.454053
vn -0.541997 0.707160 -0.454053
vn 0.541988 -0.707180 0.454033
vn 0.541988 -0.707179 0.454033
vn 0.541988 -0.707180 0.454033
vn 0.541988 -0.707180 0.454033
vn -0.541983 -0.707186 -0.454029
vn -0.541983 -0.707186 -0.454029
vn -0.541983 -0.707186 -0.454029
vn -0.541983 -0.707186 -0.454029
vn 0.631271 -0.022150 -0.775246
vn 0.631271 -0.022150 -0.775246
vn 0.631271 -0.022150 -0.775246
vn -0.647231 0.000000 0.762294
vn -0.647231 0.000000 0.762294
vn -0.647231 0.000000 0.762294
vn 0.000000 0.000000 -0.000000
vn 0.000000 0.000000 -0.000000
vn 0.202808 0.354914 -0.912636
vn -0.000000 0.000000 0.000000
vn -0.707107 0.000000 0.707107
vn -0.000000 0.000000 0.000000
vn 0.642891 0.030614 -0.765346
vn 0.642891 0.030614 -0.765346
vn 0.642891 0.030614 -0.765346
vn -0.692046 0.055364 0.719727
vn -0.692046 0.055364 0.719728
vn -0.692046 0.055364 0.719728
vn -0.609290 0.014682 0.792811
vn -0.609290 0.014682 0.792811
vn -0.609290 0.014682 0.792811
vn 0.544715 -0.096126 -0.833094
vn 0.544715 -0.096126 -0.833094
vn 0.544715 -0.096126 -0.833094
vn 0.754364 -0.177743 0.631936
vn 0.754364 -0.177743 0.631936
vn 0.754364 -0.177743 0.631936
vn 0.754364 -0.177743 0.631936
vn 0.642235 -0.000010 -0.766508
vn 0.642235 -0.000010 -0.766508
vn 0.642235 -0.000010 -0.766508
vn 0.642235 -0.000010 -0.766508
vn -0.377876 0.870046 -0.316592
vn -0.377876 0.870046 -0.316592
vn -0.377876 0.870046 -0.316592
vn -0.377876 0.870046 -0.316592
vn 0.442149 0.816865 0.370453
vn 0.442149 0.816866 0.370453
vn 0.442149 0.816865 0.370453
vn 0.442149 0.816865 0.370453
vn 0.642229 0.000048 -0.766513
vn 0.642229 0.000048 -0.766513
vn 0.642229 0.000048 -0.766513
vn 0.642229 0.000048 -0.766513
vn -0.742043 -0.250899 -0.621628
vn -0.742043 -0.250899 -0.621628
vn -0.742043 -0.250899 -0.621628
vn -0.742043 -0.250899 -0.621628
vn -0.486829 -0.772433 -0.407855
vn -0.486829 -0.772433 -0.407855
vn -0.486828 -0.772433 -0.407855
vn -0.486828 -0.772433 -0.407855
vn 0.642168 -0.000066 -0.766564
vn 0.642168 -0.000066 -0.766564
vn 0.642168 -0.000066 -0.766564
vn 0.642168 -0.000066 -0.766564
vn 0.751329 0.198580 0.629341
vn 0.751329 0.198580 0.629341
vn 0.751329 0.198580 0.629341
vn 0.751329 0.198580 0.629341
vn -0.751327 0.198596 -0.629339
vn -0.751327 0.198596 -0.629339
vn -0.751327 0.198596 -0.629339
vn -0.751327 0.198596 -0.629339
vn 0.642227 -0.000004 -0.766515
vn 0.642227 -0.000004 -0.766515
vn 0.642227 -0.000004 -0.766515
vn 0.642227 -0.000004 -0.766515
vn 0.550498 -0.695845 0.461251
vn 0.550498 -0.695845 0.461251
vn 0.550498 -0.695845 0.461251
vn 0.550498 -0.695845 0.461251
vn -0.476681 0.783126 -0.399360
vn -0.476681 0.783126 -0.399360
vn -0.476681 0.783126 -0.399360
vn -0.476681 0.783126 -0.399360
vn 0.642169 0.000000 -0.766563
vn 0.642169 0.000000 -0.766563
vn 0.642169 0.000000 -0.766563
vn 0.642169 0.000000 -0.766563
vn 0.088320 -0.993339 0.074005
vn 0.088320 -0.993339 0.074005
vn 0.088320 -0.993339 0.074005
vn 0.088320 -0.993339 0.074005
vn 0.088320 0.993339 0.074005
vn 0.088320 0.993339 0.074005
vn 0.088320 0.993339 0.074005
vn 0.088320 0.993339 0.074005
vn 0.642155 0.000000 -0.766575
vn 0.642155 0.000000 -0.766575
vn 0.642155 0.000000 -0.766575
vn 0.642155 0.000000 -0.766575
vn -0.378220 -0.869799 -0.316860
vn -0.378220 -0.869799 -0.316860
vn -0.378220 -0.869798 -0.316860
vn -0.378220 -0.869798 -0.316860
vn -0.123890 -0.986853 -0.103792
vn -0.123890 -0.986853 -0.103792
vn -0.123890 -0.986853 -0.103792
vn -0.123890 -0.986853 -0.103792
vn 0.642229 0.000000 -0.766513
vn 0.642229 0.000000 -0.766513
vn 0.642229 0.000000 -0.766513
vn 0.642229 0.000000 -0.766513
vn 0.495082 0.763493 0.414695
vn 0.495082 0.763493 0.414695
vn 0.495082 0.763493 0.414695
vn 0.495082 0.763493 0.414695
vn 0.416664 -0.839389 0.349024
vn 0.416665 -0.839389 0.349024
vn 0.416664 -0.839389 0.349024
vn 0.416665 -0.839389 0.349024
vn 0.642228 0.000000 -0.766513
vn 0.642228 0.000000 -0.766513
vn 0.642228 0.000000 -0.766513
vn 0.642228 0.000000 -0.766513
vn -0.123889 0.986855 -0.103773
vn -0.123889 0.986855 -0.103773
vn -0.123889 0.986855 -0.103773
vn -0.123889 0.986855 -0.103773
vn 0.000000 -1.000000 0.000000
vn 0.000000 -1.000000 0.000000
vn 0.000000 -1.000000 -0.000006
vn 0.000000 -1.000000 -0.000006
vn 0.642180 0.000000 -0.766554
vn 0.642180 0.000000 -0.766554
vn 0.642180 0.000000 -0.766554
vn 0.642182 0.000000 -0.766552
vn 0.642180 0.000000 -0.766554
vn 0.642187 0.000000 -0.766548
vn 0.642178 0.000000 -0.766556
vn 0.000000 1.000000 0.000000
vn 0.000000 1.000000 0.000000
vn 0.000000 1.000000 0.000000
vn 0.000000 1.000000 0.000000
vn -0.766480 0.000000 -0.642268
vn -0.766480 0.000000 -0.642268
vn 0.642169 0.000000 -0.766563
vn 0.642169 0.000000 -0.766563
vn 0.642169 0.000000 -0.766563
vn 0.642169 0.000000 -0.766563
vn 0.766597 0.000000 0.642129
vn 0.766597 0.000000 0.642129
vn 0.000000 1.000000 0.000024
vn 0.000000 1.000000 0.000024
vn 0.000000 1.000000 0.000024
vn 0.000000 1.000000 0.000024
vn 0.766512 0.000000 0.642230
vn 0.766512 0.000000 0.642230
vn 0.766512 0.000000 0.642230
vn 0.766512 0.000000 0.642230
vn 0.000000 -1.000000 0.000000
vn 0.000000 -1.000000 0.000000
vn 0.000000 -1.000000 0.000000
vn 0.000000 -1.000000 0.000000
vn -0.766509 0.000000 -0.642233
vn -0.766509 0.000000 -0.642233
vn -0.766509 0.000000 -0.642233
vn -0.766509 0.000000 -0.642233
vn 0.766538 0.000000 0.642199
vn 0.766538 0.000000 0.642199
vn 0.766538 0.000000 0.642199
vn 0.766538 0.000000 0.642199
vn 0.000000 1.000000 0.000000
vn 0.000000 1.000000 0.000000
vn 0.000000 1.000000 0.000000
vn 0.000000 1.000000 0.000000
vn -0.766538 0.000000 -0.642199
vn -0.766538 0.000000 -0.642199
vn -0.766538 0.000000 -0.642199
vn -0.766538 0.000000 -0.642199
vn 0.000000 -1.000000 -0.000008
vn 0.000000 -1.000000 -0.000008
vn 0.000000 -1.000000 -0.000008
vn 0.000000 -1.000000 -0.000008
vn 0.019808 0.999525 -0.023607
vn 0.019808 0.999525 -0.023607
vn 0.019808 0.999525 -0.023607
vn 0.019808 0.999525 -0.023607
vn 0.143361 -0.974766 -0.171111
vn 0.143361 -0.974766 -0.171111
vn 0.143361 -0.974766 -0.171111
vn 0.143361 -0.974766 -0.171111
vn -0.872897 -0.017949 -0.487575
vn -0.872897 -0.017949 -0.487575
vn -0.872897 -0.017949 -0.487575
vn -0.872897 -0.017949 -0.487575
vn -0.175472 0.961954 0.209414
vn -0.175472 0.961954 0.209414
vn -0.175472 0.961954 0.209414
vn -0.175472 0.961954 0.209414
vn 0.633028 -0.017816 0.773924
vn 0.633028 -0.017816 0.773924
vn 0.633028 -0.017816 0.773924
vn 0.633028 -0.017816 0.773924
vn 0.376327 -0.810274 -0.449260
vn 0.376327 -0.810274 -0.449260
vn 0.376327 -0.810274 -0.449260
vn 0.376327 -0.810274 -0.449260
vn -0.766557 -0.000034 -0.642176
vn -0.766557 -0.000034 -0.642176
vn -0.766557 -0.000034 -0.642176
vn -0.766557 -0.000034 -0.642176
vn -0.447736 0.716812 0.534521
vn -0.447736 0.716812 0.534521
vn -0.447736 0.716812 0.534521
vn -0.447736 0.716812 0.534521
vn 0.766548 0.000034 0.642187
vn 0.766548 0.000034 0.642187
vn 0.766548 0.000034 0.642187
vn 0.766548 0.000034 0.642187
vn 0.564803 -0.475980 -0.674122
vn 0.564803 -0.475980 -0.674122
vn 0.564803 -0.475980 -0.674122
vn 0.564803 -0.475980 -0.674122
vn -0.766654 0.000000 -0.642061
vn -0.766654 0.000000 -0.642061
vn -0.766654 0.000000 -0.642061
vn -0.766654 0.000000 -0.642061
vn -0.605480 0.333366 0.722677
vn -0.605480 0.333366 0.722677
vn -0.605480 0.333366 0.722677
vn -0.605480 0.333366 0.722677
vn 0.766576 -0.000021 0.642154
vn 0.766576 -0.000021 0.642154
vn 0.766576 -0.000021 0.642154
vn 0.766576 -0.000021 0.642154
vn 0.642210 0.000000 -0.766529
vn 0.642152 0.000000 -0.766578
vn 0.642155 0.000000 -0.766575
vn 0.642226 0.000000 -0.766516
vn -0.766660 0.000000 -0.642053
vn -0.766660 0.000000 -0.642053
vn -0.766660 0.000000 -0.642053
vn -0.766660 0.000000 -0.642053
vn -0.642168 0.000000 0.766564
vn -0.642168 0.000000 0.766564
vn -0.642168 0.000000 0.766564
vn -0.642168 0.000000 0.766564
vn 0.766578 0.000000 0.642152
vn 0.766578 0.000000 0.642152
vn 0.766578 0.000000 0.642152
vn 0.766578 0.000000 0.642152
vn 0.145645 -0.981784 0.122018
vn -0.146646 -0.981530 -0.122855
vn -0.146645 -0.981530 -0.122855
vn 0.145643 -0.981784 0.122015
vn -0.766520 0.000000 -0.642221
vn -0.766520 0.000000 -0.642221
vn -0.766520 0.000000 -0.642221
vn -0.766520 0.000000 -0.642221
vn 0.146646 0.981530 0.122858
vn -0.145645 0.981784 -0.122016
vn -0.145642 0.981785 -0.122014
vn 0.146646 0.981530 0.122858
vn 0.766551 0.000000 0.642184
vn 0.766551 0.000000 0.642184
vn 0.766551 0.000000 0.642184
vn 0.766551 0.000000 0.642184
vn -0.642241 0.000000 0.766503
vn -0.642241 0.000000 0.766503
vn -0.642241 0.000000 0.766503
vn -0.642241 0.000000 0.766503
vn 0.224172 0.956282 0.187808
vn 0.224172 0.956282 0.187808
vn 0.224172 0.956282 0.187808
vn 0.224172 0.956282 0.187808
vn 0.642173 0.000000 -0.766560
vn 0.642173 0.000000 -0.766560
vn -0.224171 -0.956283 -0.187803
vn -0.224171 -0.956283 -0.187803
vn -0.224171 -0.956283 -0.187803
vn -0.224171 -0.956283 -0.187803
vn -0.642149 0.000000 0.766580
vn -0.642149 0.000000 0.766580
vn -0.642149 0.000000 0.766580
vn -0.642149 0.000000 0.766580
vn 0.221794 -0.957226 0.185813
vn 0.221794 -0.957226 0.185813
vn 0.221794 -0.957226 0.185813
vn 0.221794 -0.957226 0.185813
vn 0.642304 0.000000 -0.766450
vn 0.642304 0.000000 -0.766450
vn -0.221794 0.957226 -0.185811
vn -0.221794 0.957226 -0.185811
vn -0.221794 0.957226 -0.185811
vn -0.221794 0.957226 -0.185811
vn -0.989771 0.000000 0.142668
vn -0.989771 0.000000 0.142668
vn -0.989771 0.000000 0.142668
vn -0.989771 0.000000 0.142668
vn -0.033023 0.000000 -0.999455
vn -0.033023 0.000000 -0.999455
vn -0.033023 0.000000 -0.999455
vn -0.033023 0.000000 -0.999455
vn 0.033026 0.000000 0.999454
vn 0.033026 0.000000 0.999455
vn 0.033026 0.000000 0.999454
vn 0.033026 0.000000 0.999455
vn 0.989771 0.000000 -0.142668
vn 0.989771 0.000000 -0.142668
vn 0.989771 0.000000 -0.142668
vn 0.989771 0.000000 -0.142668
vn -0.246568 0.947466 -0.203748
vn -0.464440 0.798127 -0.383783
vn -0.464440 0.798127 -0.383783
vn -0.246568 0.947466 -0.203748
vn -0.464440 0.798127 -0.383783
vn -0.631736 0.573061 -0.522025
vn -0.631736 0.573061 -0.522025
vn -0.464440 0.798127 -0.383783
vn -0.631736 0.573061 -0.522025
vn -0.735731 0.298471 -0.607960
vn -0.735731 0.298471 -0.607960
vn -0.631736 0.573061 -0.522025
vn -0.735731 0.298471 -0.607960
vn -0.770868 0.000000 -0.636995
vn -0.770868 0.000000 -0.636995
vn -0.735731 0.298471 -0.607960
vn -0.770868 0.000000 -0.636995
vn -0.735731 -0.298471 -0.607960
vn -0.735731 -0.298471 -0.607960
vn -0.770868 0.000000 -0.636995
vn -0.735731 -0.298471 -0.607960
vn -0.631736 -0.573061 -0.522025
vn -0.631736 -0.573061 -0.522025
vn -0.735731 -0.298471 -0.607960
vn -0.631736 -0.573061 -0.522025
vn -0.464438 -0.798128 -0.383781
vn -0.464438 -0.798128 -0.383781
vn -0.631736 -0.573061 -0.522025
vn -0.464438 -0.798128 -0.383781
vn -0.246568 -0.947466 -0.203748
vn -0.246568 -0.947466 -0.203748
vn -0.464438 -0.798128 -0.383781
vn -0.246568 -0.947466 -0.203748
vn 0.000000 -1.000000 0.000000
vn 0.000000 -1.000000 0.000000
vn -0.246568 -0.947466 -0.203748
vn 0.000000 -1.000000 0.000000
vn 0.246567 -0.947466 0.203747
vn 0.246567 -0.947466 0.203747
vn 0.000000 -1.000000 0.000000
vn 0.246567 -0.947466 0.203747
vn 0.464438 -0.798128 0.383781
vn 0.464438 -0.798128 0.383781
vn 0.246567 -0.947466 0.203747
vn 0.464438 -0.798128 0.383781
vn 0.631736 -0.573062 0.522025
vn 0.631736 -0.573062 0.522025
vn 0.464438 -0.798128 0.383781
vn 0.631736 -0.573062 0.522025
vn 0.735731 -0.298470 0.607960
vn 0.735731 -0.298470 0.607960
vn 0.631736 -0.573062 0.522025
vn 0.735731 -0.298470 0.607960
vn 0.770868 0.000000 0.636995
vn 0.770868 0.000000 0.636995
vn 0.735731 -0.298470 0.607960
vn 0.770868 0.000000 0.636995
vn 0.735731 0.298470 0.607960
vn 0.735731 0.298470 0.607960
vn 0.770868 0.000000 0.636995
vn 0.735731 0.298470 0.607960
vn 0.631736 0.573062 0.522025
vn 0.631736 0.573062 0.522025
vn 0.735731 0.298470 0.607960
vn 0.631736 0.573062 0.522025
vn 0.464440 0.798127 0.383783
vn 0.464440 0.798127 0.383783
vn 0.631736 0.573062 0.522025
vn 0.464440 0.798127 0.383783
vn 0.246567 0.947466 0.203747
vn 0.246567 0.947466 0.203747
vn 0.464440 0.798127 0.383783
vn 0.246567 0.947466 0.203747
vn 0.000000 1.000000 0.000000
vn 0.000000 1.000000 0.000000
vn 0.246567 0.947466 0.203747
vn 0.000000 1.000000 0.000000
vn -0.246568 0.947466 -0.203748
vn -0.246568 0.947466 -0.203748
vn 0.000000 1.000000 0.000000
vn 0.636995 0.000000 -0.770868
vn 0.636995 0.000000 -0.770868
vn 0.636995 0.000000 -0.770868
vn 0.636995 -0.000011 -0.770868
vn 0.636995 0.000000 -0.770868
vn 0.636995 0.000000 -0.770868
vn 0.636995 -0.000009 -0.770868
vn 0.636995 -0.000011 -0.770868
vn 0.636995 0.000000 -0.770868
vn 0.636995 0.000000 -0.770868
vn 0.636995 -0.000009 -0.770868
vn 0.636995 0.000000 -0.770868
vn 0.636995 0.000009 -0.770868
vn 0.636995 0.000000 -0.770868
vn 0.636995 0.000000 -0.770868
vn 0.636995 0.000007 -0.770868
vn 0.636995 0.000009 -0.770868
vn 0.636995 0.000000 -0.770868
vn 0.636995 -0.000005 -0.770868
vn 0.636995 0.000007 -0.770868
vn 0.636995 0.000000 -0.770868
vn 0.636995 0.000000 -0.770868
vn 0.636995 -0.000005 -0.770868
vn 0.636995 0.000000 -0.770868
vn 0.636995 0.000000 -0.770868
vn 0.636995 0.000000 -0.770868
vn 0.636995 0.000000 -0.770868
vn 0.636995 0.000005 -0.770868
vn 0.636995 0.000000 -0.770868
vn 0.636995 0.000000 -0.770868
vn 0.636995 0.000004 -0.770868
vn 0.636995 0.000005 -0.770868
vn 0.636995 0.000000 -0.770868
vn 0.636995 0.000000 -0.770868
vn 0.636995 0.000004 -0.770868
vn 0.636995 0.000000 -0.770868
vn 0.636995 0.000000 -0.770868
vn 0.636995 0.000000 -0.770868
vn 0.636995 0.000000 -0.770868
vn 0.636995 0.000000 -0.770868
vn 0.636995 0.000000 -0.770868
vn 0.636995 0.000000 -0.770868
vn 0.636995 0.000000 -0.770868
vn 0.636995 0.000000 -0.770868
vn 0.636995 0.000000 -0.770868
vn 0.636995 0.000000 -0.770868
vn 0.636995 0.000000 -0.770868
vn 0.636995 0.000000 -0.770868
vn 0.636995 -0.000004 -0.770868
vn 0.636995 0.000000 -0.770868
vn 0.636995 0.000000 -0.770868
vn 0.636995 -0.000005 -0.770868
vn 0.636995 -0.000004 -0.770868
vn 0.636995 0.000000 -0.770868
vn 0.636995 0.000000 -0.770868
vn 0.636995 -0.000005 -0.770868
vn 0.636995 0.000000 -0.770868
vn 0.636995 0.000000 -0.770868
vn 0.636995 0.000000 -0.770868
vn 0.636995 0.000000 -0.770868
vn 0.588293 0.383492 -0.711931
vn 0.588293 0.383492 -0.711931
vn 0.588293 0.383492 -0.711931
vn 0.588293 0.383492 -0.711931
vn 0.505026 -0.609448 -0.611164
vn 0.505026 -0.609448 -0.611164
vn 0.505026 -0.609448 -0.611164
vn 0.505026 -0.609448 -0.611164
vn 0.632777 0.114883 -0.765764
vn 0.632777 0.114883 -0.765764
vn 0.632777 0.114883 -0.765764
vn 0.632777 0.114883 -0.765764
vn 0.000000 0.000000 0.000000
vn 0.000000 0.000000 0.000000
vn 0.000000 0.000000 0.000000
vn 0.000000 0.000000 0.000000
vn 0.000000 0.000000 0.000000
vn 0.000000 0.000000 0.000000
vn 0.000000 0.000000 0.000000
vn 0.000000 0.000000 0.000000
vn 0.632777 0.114883 -0.765764
vn 0.632777 0.114883 -0.765764
vn 0.632777 0.114883 -0.765764
vn 0.632777 0.114883 -0.765764
vn 0.000000 0.000000 0.000000
vn 0.000000 0.000000 0.000000
vn 0.000000 0.000000 0.000000
vn 0.000000 0.000000 0.000000
vn 0.000000 0.000000 0.000000
vn -0.636995 0.000000 0.770868
vn -0.636995 0.000000 0.770868
vn 0.000000 0.000000 0.000000
vn 0.636995 0.000000 -0.770868
vn 0.000000 0.000000 0.000000
vn 0.000000 0.000000 0.000000
vn 0.636995 0.000000 -0.770868
vn 0.000000 0.000000 0.000000
vn 0.636995 0.000000 -0.770868
vn 0.636995 0.000000 -0.770868
vn 0.000000 0.000000 0.000000
vn 0.000000 0.000000 0.000000
vn 0.000000 0.000000 0.000000
vn 0.000000 0.000000 0.000000
vn 0.000000 0.000000 0.000000
vn 0.636995 0.000000 -0.770868
vn 0.636995 0.000000 -0.770868
vn 0.636995 0.000000 -0.770868
vn 0.636995 0.000000 -0.770868
vn 0.620610 -0.225347 -0.751040
vn 0.620610 -0.225347 -0.751040
vn 0.620610 -0.225347 -0.751040
vn 0.620610 -0.225347 -0.751040
vn 0.636967 0.009351 -0.770834
vn 0.636967 0.009351 -0.770834
vn 0.636967 0.009351 -0.770834
vn 0.636967 0.009351 -0.770834
vn 0.636967 0.009351 -0.770834
vn 0.636967 0.009351 -0.770834
vn 0.636967 0.009351 -0.770834
vn 0.636967 0.009351 -0.770834
vn 0.635369 -0.071395 -0.768901
vn 0.635369 -0.071395 -0.768901
vn 0.635369 -0.071395 -0.768901
vn 0.635369 -0.071395 -0.768901
vn 0.631534 0.130662 -0.764259
vn 0.631534 0.130662 -0.764259
vn 0.631534 0.130662 -0.764259
vn 0.631534 0.130662 -0.764259
vn 0.000000 0.000000 0.000000
vn 0.636995 0.000000 -0.770868
vn 0.636995 0.000000 -0.770868
vn 0.000000 0.000000 0.000000
vn 0.636995 0.000000 -0.770868
vn 0.000000 0.000000 0.000000
vn 0.000000 0.000000 0.000000
vn 0.636995 0.000000 -0.770868
vn 0.636995 0.000000 -0.770868
vn 0.636995 0.000000 -0.770868
vn 0.636995 0.000000 -0.770868
vn 0.636995 0.000000 -0.770868
vn 0.000000 0.000000 0.000000
vn -0.636995 0.000000 0.770868
vn -0.636995 0.000000 0.770868
vn 0.000000 0.000000 0.000000
vn -0.636995 0.000000 0.770868
vn 0.000000 0.000000 0.000000
vn 0.000000 0.000000 0.000000
vn -0.636995 0.000000 0.770868
vn 0.000000 0.000000 0.000000
vn 0.000000 0.000000 0.000000
vn 0.000000 0.000000 0.000000
vn 0.000000 0.000000 0.000000
vn -0.636995 0.000000 0.770868
vn -0.636995 0.000000 0.770868
vn -0.636995 0.000000 0.770868
vn -0.636995 0.000000 0.770868
vn -0.636185 -0.050423 0.769888
vn -0.636185 -0.050423 0.769888
vn -0.636185 -0.050423 0.769888
vn -0.636185 -0.050423 0.769888
vn 0.636995 -0.000003 -0.770868
vn 0.636995 -0.000003 -0.770868
vn 0.636995 -0.000003 -0.770868
vn 0.636995 -0.000003 -0.770868
vn 0.636995 -0.000003 -0.770868
vn 0.636995 -0.000003 -0.770868
vn 0.636995 -0.000003 -0.770868
vn 0.636995 -0.000003 -0.770868
vn 0.636995 -0.000003 -0.770868
vn 0.636995 -0.000003 -0.770868
vn 0.636995 -0.000003 -0.770868
vn 0.636995 -0.000003 -0.770868
vn 0.636995 0.000000 -0.770868
vn 0.636995 0.000000 -0.770868
vn 0.636995 0.000000 -0.770868
vn 0.636995 0.000000 -0.770868
vn 0.636995 0.000000 -0.770868
vn 0.636995 0.000000 -0.770868
vn 0.636995 0.000000 -0.770868
vn 0.636995 0.000000 -0.770868
vn 0.636995 0.000003 -0.770868
vn 0.636995 0.000003 -0.770868
vn 0.636995 0.000003 -0.770868
vn 0.636995 0.000003 -0.770868
vn 0.636995 0.000000 -0.770868
vn 0.636995 0.000000 -0.770868
vn 0.636995 0.000000 -0.770868
vn 0.636995 0.000000 -0.770868
vn 0.636995 0.000001 -0.770868
vn 0.636995 0.000001 -0.770868
vn 0.636995 0.000001 -0.770868
vn 0.636995 0.000001 -0.770868
vn 0.636995 0.000000 -0.770868
vn 0.636995 0.000000 -0.770868
vn 0.636995 0.000000 -0.770868
vn 0.636995 0.000000 -0.770868
vn 0.636995 0.000000 -0.770868
vn 0.636995 0.000000 -0.770868
vn 0.636995 0.000000 -0.770868
vn 0.636995 0.000000 -0.770868
vn 0.636995 0.000003 -0.770868
vn 0.636995 0.000003 -0.770868
vn 0.636995 0.000003 -0.770868
vn 0.636995 0.000003 -0.770868
vn 0.636995 0.000000 -0.770868
vn 0.636995 0.000000 -0.770868
vn 0.636995 0.000000 -0.770868
vn 0.636995 0.000000 -0.770868
vn 0.636995 0.000000 -0.770868
vn 0.636995 0.000000 -0.770868
vn 0.636995 0.000000 -0.770868
vn 0.636995 0.000000 -0.770868
vn 0.636995 0.000000 -0.770868
vn 0.636995 0.000000 -0.770868
vn 0.636995 0.000000 -0.770868
vn 0.636995 0.000000 -0.770868
vn 0.636995 0.000000 -0.770868
vn 0.636995 0.000000 -0.770868
vn 0.636995 0.000000 -0.770868
vn 0.636995 0.000000 -0.770868
vn 0.636995 -0.000003 -0.770868
vn 0.636995 -0.000003 -0.770868
vn 0.636995 -0.000003 -0.770868
vn 0.636995 -0.000003 -0.770868
vn 0.636995 0.000000 -0.770868
vn 0.636995 0.000000 -0.770868
vn 0.636995 0.000000 -0.770868
vn 0.636995 0.000000 -0.770868
vn 0.636995 0.000000 -0.770868
vn 0.636995 0.000000 -0.770868
vn 0.636995 0.000000 -0.770868
vn 0.636995 0.000000 -0.770868
vn 0.636995 0.000000 -0.770868
vn 0.636995 0.000000 -0.770868
vn 0.636995 0.000000 -0.770868
vn 0.636995 0.000000 -0.770868
vn 0.636995 0.000000 -0.770868
vn 0.636995 0.000000 -0.770868
vn 0.636995 0.000000 -0.770868
vn 0.636995 0.000000 -0.770868
vn 0.636995 -0.000015 -0.770868
vn 0.636995 -0.000015 -0.770868
vn 0.636995 -0.000015 -0.770868
vn 0.636995 -0.000015 -0.770868
vn 0.636995 0.000016 -0.770868
vn 0.636995 0.000016 -0.770868
vn 0.636995 0.000016 -0.770868
vn 0.636995 0.000016 -0.770868
vn 0.636995 0.000000 -0.770868
vn 0.636995 0.000000 -0.770868
vn 0.636995 0.000000 -0.770868
vn 0.636995 0.000000 -0.770868
vn 0.636995 0.000000 -0.770868
vn 0.636995 0.000000 -0.770868
vn 0.636995 0.000000 -0.770868
vn 0.636995 0.000000 -0.770868
vn 0.636995 0.000000 -0.770868
vn 0.636995 0.000000 -0.770868
vn 0.636995 0.000000 -0.770868
vn 0.636995 0.000000 -0.770868
vn 0.636995 0.000004 -0.770868
vn 0.636995 0.000004 -0.770868
vn 0.636995 0.000004 -0.770868
vn 0.636995 0.000004 -0.770868
vn 0.636995 -0.000002 -0.770868
vn 0.636995 -0.000002 -0.770868
vn 0.636995 -0.000002 -0.770868
vn 0.636995 -0.000002 -0.770868
vn 0.636995 -0.000001 -0.770868
vn 0.636995 -0.000001 -0.770868
vn 0.636995 -0.000001 -0.770868
vn 0.636995 -0.000001 -0.770868
vn 0.636995 0.000001 -0.770868
vn 0.636995 0.000001 -0.770868
vn 0.636995 0.000001 -0.770868
vn 0.636995 0.000001 -0.770868
vn 0.636995 0.000001 -0.770868
vn 0.636995 0.000001 -0.770868
vn 0.636995 0.000001 -0.770868
vn 0.636995 0.000001 -0.770868
vn 0.636995 0.000002 -0.770868
vn 0.636995 0.000002 -0.770868
vn 0.636995 0.000002 -0.770868
vn 0.636995 0.000002 -0.770868
vn 0.636995 -0.000003 -0.770868
vn 0.636995 -0.000003 -0.770868
vn 0.636995 -0.000003 -0.770868
vn 0.636995 -0.000003 -0.770868
vn 0.636995 0.000000 -0.770868
vn 0.636995 0.000000 -0.770868
vn 0.636995 0.000000 -0.770868
vn 0.636995 0.000000 -0.770868
vn 0.636995 0.000000 -0.770868
vn 0.636995 0.000000 -0.770868
vn 0.636995 0.000000 -0.770868
vn 0.636995 0.000000 -0.770868
vn 0.636995 0.000000 -0.770868
vn 0.636995 0.000000 -0.770868
vn 0.636995 0.000000 -0.770868
vn 0.636995 0.000000 -0.770868
vn 0.636995 -0.000010 -0.770868
vn 0.636995 -0.000010 -0.770868
vn 0.636995 -0.000010 -0.770868
vn 0.636995 -0.000010 -0.770868
vn 0.636995 0.000008 -0.770868
vn 0.636995 0.000008 -0.770868
vn 0.636995 0.000008 -0.770868
vn 0.636995 0.000008 -0.770868
vn 0.636995 -0.000008 -0.770868
vn 0.636995 -0.000008 -0.770868
vn 0.636995 -0.000008 -0.770868
vn 0.636995 -0.000008 -0.770868
vn 0.636995 0.000000 -0.770868
vn 0.636995 0.000000 -0.770868
vn 0.636995 0.000000 -0.770868
vn 0.636995 0.000000 -0.770868
vn 0.636995 0.000000 -0.770868
vn 0.636995 0.000000 -0.770868
vn 0.636995 0.000000 -0.770868
vn 0.636995 0.000000 -0.770868
vn 0.360672 -0.883794 0.298035
vn 0.360672 -0.883794 0.298035
vn 0.360672 -0.883794 0.298035
vn 0.360672 -0.883794 0.298035
vn 0.555413 -0.693452 0.458957
vn 0.555413 -0.693452 0.458957
vn 0.555413 -0.693452 0.458957
vn 0.555413 -0.693452 0.458957
vn 0.692124 -0.440301 0.571926
vn 0.692124 -0.440301 0.571926
vn 0.692124 -0.440301 0.571926
vn 0.692124 -0.440301 0.571926
vn 0.762066 -0.150690 0.629721
vn 0.762066 -0.150690 0.629721
vn 0.762066 -0.150690 0.629721
vn 0.762066 -0.150690 0.629721
vn 0.762065 0.150693 0.629721
vn 0.762065 0.150693 0.629721
vn 0.762065 0.150693 0.629721
vn 0.762065 0.150693 0.629721
vn 0.692124 0.440301 0.571926
vn 0.692124 0.440301 0.571926
vn 0.692124 0.440301 0.571926
vn 0.692124 0.440301 0.571926
vn 0.555413 0.693452 0.458957
vn 0.555413 0.693452 0.458957
vn 0.555413 0.693452 0.458957
vn 0.555413 0.693452 0.458957
vn 0.360656 0.883804 0.298023
vn 0.360656 0.883804 0.298023
vn 0.360656 0.883804 0.298023
vn 0.360656 0.883804 0.298023
vn -0.360662 0.883800 -0.298028
vn -0.360662 0.883800 -0.298028
vn -0.360662 0.883800 -0.298028
vn -0.360662 0.883800 -0.298028
vn -0.555413 0.693452 -0.458957
vn -0.555413 0.693452 -0.458957
vn -0.555413 0.693452 -0.458957
vn -0.555413 0.693452 -0.458957
vn -0.692124 0.440301 -0.571926
vn -0.692124 0.440301 -0.571926
vn -0.692124 0.440301 -0.571926
vn -0.692124 0.440301 -0.571926
vn -0.762065 0.150693 -0.629721
vn -0.762065 0.150693 -0.629721
vn -0.762065 0.150693 -0.629721
vn -0.762065 0.150693 -0.629721
vn -0.762066 -0.150690 -0.629721
vn -0.762066 -0.150690 -0.629721
vn -0.762066 -0.150690 -0.629721
vn -0.762066 -0.150690 -0.629721
vn -0.692124 -0.440301 -0.571926
vn -0.692124 -0.440301 -0.571926
vn -0.692124 -0.440301 -0.571926
vn -0.692124 -0.440301 -0.571926
vn -0.555413 -0.693452 -0.458957
vn -0.555413 -0.693452 -0.458957
vn -0.555413 -0.693452 -0.458957
vn -0.555413 -0.693452 -0.458957
vn -0.360672 -0.883794 -0.298035
vn -0.360672 -0.883794 -0.298035
vn -0.360672 -0.883794 -0.298035
vn -0.360672 -0.883794 -0.298035
vn -0.125161 -0.986731 -0.103425
vn -0.125161 -0.986731 -0.103425
vn -0.125161 -0.986731 -0.103425
vn -0.125161 -0.986731 -0.103425
vn 0.125161 -0.986731 0.103425
vn 0.125161 -0.986731 0.103425
vn 0.125161 -0.986731 0.103425
vn 0.125161 -0.986731 0.103425
vn 0.125171 0.986729 0.103433
vn 0.125171 0.986729 0.103433
vn 0.125171 0.986729 0.103433
vn 0.125171 0.986729 0.103433
vn 0.761165 -0.158165 0.628977
vn 0.761165 -0.158165 0.628977
vn 0.761165 -0.158165 0.628977
vn 0.761165 -0.158165 0.628977
vn -0.125169 0.986729 -0.103432
vn -0.125169 0.986729 -0.103432
vn -0.125169 0.986729 -0.103432
vn -0.125169 0.986729 -0.103432
vn -0.761165 -0.158167 -0.628977
vn -0.761165 -0.158167 -0.628977
vn -0.761165 -0.158167 -0.628977
vn -0.761165 -0.158167 -0.628977
vn -0.766538 0.000000 -0.642199
vn -0.766538 0.000000 -0.642199
vn -0.766537 0.000000 -0.642200
vn -0.766537 0.000000 -0.642200
vn 0.000000 1.000000 0.000014
vn 0.000000 1.000000 0.000014
vn 0.000000 1.000000 0.000014
vn 0.000000 1.000000 0.000014
vn 0.766537 0.000000 0.642200
vn 0.766537 0.000000 0.642200
vn 0.766538 0.000000 0.642199
vn 0.766538 0.000000 0.642199
vn 0.000000 -1.000000 0.000007
vn 0.000000 -1.000000 0.000007
vn 0.000000 -1.000000 0.000007
vn 0.000000 -1.000000 0.000007
vn -0.642158 0.000000 0.766572
vn -0.642184 -0.000000 0.766551
vn -0.642185 0.000001 0.766550
vn -0.642158 0.000000 0.766572
vn 0.000000 -1.000000 -0.000008
vn 0.000000 -1.000000 -0.000008
vn 0.000000 -1.000000 -0.000008
vn 0.000000 -1.000000 -0.000008
vn -0.642188 0.000000 0.766547
vn -0.642197 0.000000 0.766539
vn -0.642198 0.000000 0.766539
vn -0.642189 0.000000 0.766547
vn 0.000000 1.000000 0.000000
vn 0.000000 1.000000 0.000000
vn 0.000000 1.000000 0.000000
vn 0.000000 1.000000 0.000000
vn 0.000000 1.000000 0.000000
vn 0.000000 1.000000 0.000000
vn 0.000000 1.000000 -0.000003
vn 0.000000 1.000000 -0.000003
vn -0.642193 -0.000000 0.766543
vn -0.642195 0.000001 0.766541
vn 0.000000 -1.000000 0.000005
vn 0.000000 -1.000000 0.000005
vn 0.000000 -1.000000 0.000006
vn 0.000000 -1.000000 0.000006
vn -0.766577 0.000000 -0.642152
vn -0.766577 0.000000 -0.642152
vn -0.766577 0.000000 -0.642152
vn -0.766577 0.000000 -0.642152
vn -0.642198 0.000000 0.766539
vn -0.642196 0.000000 0.766541
vn -0.642196 0.000000 0.766541
vn -0.642198 0.000000 0.766539
vn 0.766543 0.000000 0.642193
vn 0.766543 0.000000 0.642193
vn 0.766543 0.000000 0.642193
vn 0.766543 0.000000 0.642193
vn -0.736149 0.278862 -0.616701
vn -0.736149 0.278862 -0.616701
vn -0.736149 0.278862 -0.616701
vn -0.736149 0.278862 -0.616701
vn -0.642190 -0.000010 0.766545
vn -0.642193 -0.000015 0.766543
vn -0.642193 -0.000015 0.766543
vn -0.642190 -0.000010 0.766546
vn 0.736137 0.278830 0.616730
vn 0.736137 0.278830 0.616730
vn 0.736137 0.278830 0.616730
vn 0.736137 0.278830 0.616730
vn -0.586265 0.644240 -0.491171
vn -0.586265 0.644240 -0.491171
vn -0.586265 0.644240 -0.491171
vn -0.586265 0.644240 -0.491171
vn -0.642192 -0.000052 0.766544
vn -0.642195 -0.000032 0.766542
vn -0.642195 -0.000029 0.766541
vn -0.642192 -0.000052 0.766544
vn 0.586238 0.644284 0.491145
vn 0.586238 0.644284 0.491145
vn 0.586238 0.644284 0.491145
vn 0.586238 0.644284 0.491145
vn -0.368868 0.876604 -0.309034
vn -0.368868 0.876604 -0.309034
vn -0.368868 0.876604 -0.309034
vn -0.368868 0.876604 -0.309034
vn -0.642196 0.000005 0.766540
vn -0.642189 -0.000006 0.766546
vn -0.642186 -0.000010 0.766549
vn -0.642196 0.000005 0.766540
vn 0.368891 0.876587 0.309054
vn 0.368891 0.876587 0.309054
vn 0.368891 0.876587 0.309054
vn 0.368891 0.876587 0.309054
vn -0.230303 0.953800 -0.192941
vn -0.230303 0.953800 -0.192941
vn -0.230303 0.953800 -0.192941
vn -0.230303 0.953800 -0.192941
vn -0.642185 0.000050 0.766550
vn -0.642182 0.000046 0.766552
vn -0.642180 0.000042 0.766554
vn -0.642185 0.000050 0.766550
vn 0.230303 0.953800 0.192941
vn 0.230303 0.953800 0.192941
vn 0.230303 0.953800 0.192941
vn 0.230303 0.953800 0.192941
vn -0.083066 0.994111 -0.069600
vn -0.083066 0.994111 -0.069600
vn -0.083066 0.994111 -0.069600
vn -0.083066 0.994111 -0.069600
vn -0.642123 -0.000095 0.766602
vn -0.642127 -0.000100 0.766598
vn -0.642143 -0.000116 0.766585
vn -0.642123 -0.000095 0.766602
vn 0.083066 0.994111 0.069599
vn 0.083066 0.994111 0.069599
vn 0.083066 0.994111 0.069599
vn 0.083066 0.994111 0.069599
vn 0.766539 0.000000 0.642197
vn 0.766539 0.000000 0.642197
vn 0.766539 0.000000 0.642197
vn 0.766539 0.000000 0.642197
vn -0.642192 0.000000 0.766544
vn -0.642192 0.000000 0.766544
vn -0.642193 0.000000 0.766543
vn -0.642193 0.000000 0.766543
vn -0.766574 0.000000 -0.642157
vn -0.766574 0.000000 -0.642157
vn -0.766574 0.000000 -0.642157
vn -0.766574 0.000000 -0.642157
vn 0.721376 -0.338163 0.604369
vn 0.721376 -0.338163 0.604369
vn 0.721376 -0.338163 0.604369
vn 0.721376 -0.338163 0.604369
vn -0.642187 0.000045 0.766548
vn -0.642187 0.000045 0.766548
vn -0.642188 0.000051 0.766547
vn -0.642188 0.000051 0.766547
vn -0.721407 -0.338138 -0.604347
vn -0.721407 -0.338139 -0.604347
vn -0.721407 -0.338138 -0.604347
vn -0.721407 -0.338139 -0.604347
vn 0.519107 -0.735795 0.434895
vn 0.519107 -0.735795 0.434895
vn 0.519107 -0.735795 0.434895
vn 0.519107 -0.735795 0.434895
vn -0.642181 -0.000041 0.766553
vn -0.642181 -0.000043 0.766553
vn -0.642178 -0.000051 0.766556
vn -0.642178 -0.000051 0.766556
vn -0.519082 -0.735826 -0.434872
vn -0.519082 -0.735826 -0.434872
vn -0.519082 -0.735826 -0.434872
vn -0.519082 -0.735826 -0.434872
vn 0.352938 -0.887696 0.295686
vn 0.352938 -0.887696 0.295686
vn 0.352938 -0.887696 0.295686
vn 0.352938 -0.887696 0.295686
vn -0.642202 0.000064 0.766536
vn -0.642201 0.000061 0.766536
vn -0.642200 0.000054 0.766537
vn -0.642200 0.000054 0.766537
vn -0.352940 -0.887695 -0.295688
vn -0.352940 -0.887695 -0.295688
vn -0.352940 -0.887695 -0.295688
vn -0.352940 -0.887695 -0.295688
vn 0.225478 -0.955760 0.188897
vn 0.225478 -0.955760 0.188897
vn 0.225478 -0.955760 0.188897
vn 0.225478 -0.955760 0.188897
vn -0.642216 -0.000141 0.766524
vn -0.642214 -0.000117 0.766525
vn -0.642213 -0.000091 0.766527
vn -0.642213 -0.000091 0.766527
vn -0.225481 -0.955755 -0.188917
vn -0.225481 -0.955755 -0.188917
vn -0.225481 -0.955755 -0.188917
vn -0.225481 -0.955755 -0.188917
vn 0.175724 -0.973372 0.147201
vn 0.175724 -0.973372 0.147201
vn 0.175724 -0.973372 0.147201
vn 0.175724 -0.973372 0.147201
vn -0.642193 0.000159 0.766543
vn -0.642174 0.000150 0.766559
vn -0.642159 0.000144 0.766571
vn -0.642159 0.000144 0.766571
vn -0.175713 -0.973373 -0.147206
vn -0.175713 -0.973373 -0.147206
vn -0.175713 -0.973373 -0.147206
vn -0.175713 -0.973373 -0.147206
vn -0.766538 0.000000 -0.642199
vn -0.766538 0.000000 -0.642199
vn -0.642158 0.000000 0.766572
vn -0.642184 -0.000000 0.766551
vn -0.642192 -0.000000 0.766544
vn -0.642197 0.000000 0.766539
vn -0.642189 0.000000 0.766547
vn 0.766538 0.000000 0.642199
vn 0.766538 0.000000 0.642199
vn 0.766537 0.000000 0.642200
vn 0.766537 0.000000 0.642200
vn -0.642196 0.000000 0.766540
vn -0.642188 0.000000 0.766547
vn -0.642184 0.000002 0.766550
vn -0.642194 0.000002 0.766542
vn -0.642158 0.000000 0.766573
vn -0.766537 0.000000 -0.642200
vn -0.766537 0.000000 -0.642200
vn 0.000000 -1.000000 0.000000
vn 0.000000 -1.000000 0.000000
vn 0.000000 -1.000000 0.000000
vn 0.000000 -1.000000 0.000000
vn -0.642165 0.000049 0.766566
vn -0.642178 0.000067 0.766555
vn -0.642201 0.000097 0.766536
vn -0.642165 0.000049 0.766566
vn -0.642179 -0.000195 0.766554
vn -0.642186 -0.000206 0.766549
vn -0.642193 -0.000220 0.766543
vn -0.642179 -0.000195 0.766554
vn -0.642184 0.000039 0.766550
vn -0.642188 0.000048 0.766547
vn -0.642190 0.000054 0.766546
vn -0.642184 0.000039 0.766550
vn -0.642194 0.000026 0.766542
vn -0.642194 0.000021 0.766542
vn -0.642194 0.000019 0.766542
vn -0.642194 0.000026 0.766542
vn -0.642197 -0.000011 0.766540
vn -0.642193 -0.000005 0.766543
vn -0.642193 -0.000005 0.766543
vn -0.642197 -0.000011 0.766540
vn -0.642199 0.000000 0.766538
vn -0.642196 0.000000 0.766540
vn -0.642196 0.000000 0.766540
vn -0.642199 0.000000 0.766538
vn -0.642197 -0.000000 0.766540
vn -0.642197 -0.000000 0.766540
vn -0.642199 0.000000 0.766538
vn -0.642196 0.000000 0.766541
vn -0.642198 0.000000 0.766539
vn -0.642198 0.000000 0.766539
vn -0.642201 0.000000 0.766537
vn -0.642201 0.000000 0.766537
vn -0.642202 -0.000025 0.766535
vn -0.642202 -0.000025 0.766535
vn -0.642201 -0.000022 0.766536
vn -0.642201 -0.000022 0.766536
vn -0.642191 0.000054 0.766544
vn -0.642190 0.000055 0.766545
vn -0.642186 0.000055 0.766549
vn -0.642186 0.000055 0.766549
vn -0.642188 -0.000037 0.766547
vn -0.642192 -0.000034 0.766544
vn -0.642200 -0.000030 0.766537
vn -0.642200 -0.000030 0.766537
vn -0.642184 -0.000009 0.766551
vn -0.642187 -0.000015 0.766548
vn -0.642191 -0.000021 0.766545
vn -0.642191 -0.000021 0.766545
vn -0.642172 -0.000067 0.766561
vn -0.642170 -0.000010 0.766562
vn -0.642170 0.000000 0.766563
vn -0.642170 0.000000 0.766563
vn 0.000000 1.000000 -0.000003
vn 0.000000 1.000000 -0.000003
vn 0.000000 1.000000 0.000000
vn 0.000000 1.000000 0.000000
vn 0.000000 -1.000000 0.000000
vn 0.000000 -1.000000 0.000000
vn 0.000000 -1.000000 0.000000
vn 0.000000 -1.000000 0.000000
vn -0.541984 0.707169 -0.454055
vn -0.541984 0.707169 -0.454055
vn -0.541985 0.707173 -0.454047
vn -0.541985 0.707173 -0.454047
vn -0.541986 0.707182 -0.454032
vn -0.541986 0.707182 -0.454032
vn -0.541986 0.707182 -0.454032
vn 0.542028 0.707121 0.454075
vn 0.542028 0.707121 0.454075
vn 0.542008 0.707137 0.454077
vn 0.542008 0.707137 0.454077
vn 0.541967 0.707166 0.454080
vn 0.541967 0.707166 0.454080
vn 0.541967 0.707166 0.454080
vn -0.766540 0.000000 -0.642197
vn -0.766555 0.000001 -0.642179
vn -0.766550 0.000000 -0.642185
vn -0.766540 0.000000 -0.642197
vn 0.000000 1.000000 0.000000
vn 0.000000 1.000000 -0.000001
vn 0.000000 1.000000 -0.000001
vn 0.000000 1.000000 0.000000
vn 0.766550 0.000000 0.642185
vn 0.766549 0.000000 0.642186
vn 0.766547 -0.000003 0.642188
vn 0.766550 0.000000 0.642185
vn 0.000000 1.000000 -0.000004
vn 0.000000 1.000000 -0.000004
vn 0.642184 -0.000010 -0.766551
vn 0.642184 -0.000010 -0.766551
vn 0.642184 -0.000010 -0.766551
vn 0.713207 0.000926 -0.700953
vn 0.706163 0.000830 -0.708049
vn 0.642184 -0.000010 -0.766551
vn -0.139632 0.023519 0.989924
vn -0.139632 0.023519 0.989924
vn -0.139632 0.023519 0.989924
vn -0.139632 0.023519 0.989924
vn -0.655810 0.039508 0.753891
vn -0.655810 0.039508 0.753892
vn -0.655810 0.039508 0.753892
vn -0.655810 0.039508 0.753891
vn -0.996826 0.044928 0.065724
vn -0.996826 0.044928 0.065724
vn -0.996826 0.044928 0.065724
vn -0.996826 0.044928 0.065724
vn -0.825716 0.035441 -0.562971
vn -0.825716 0.035441 -0.562971
vn -0.825716 0.035441 -0.562971
vn -0.825716 0.035441 -0.562971
vn -0.415611 0.016782 -0.909387
vn -0.415611 0.016782 -0.909387
vn -0.415611 0.016782 -0.909387
vn -0.415611 0.016782 -0.909388
vn 0.059377 -0.715767 0.695811
vn 0.059377 -0.715767 0.695811
vn 0.059377 -0.715767 0.695811
vn 0.059377 -0.715767 0.695811
vn 0.989631 -0.022883 0.141799
vn 0.989631 -0.022883 0.141799
vn 0.989631 -0.022883 0.141799
vn 0.989631 -0.022883 0.141799
vn 0.754915 -0.039879 0.654610
vn 0.754915 -0.039879 0.654610
vn 0.754915 -0.039879 0.654610
vn 0.754915 -0.039879 0.654610
vn 0.068663 -0.043561 0.996688
vn 0.068663 -0.043561 0.996688
vn 0.068663 -0.043561 0.996688
vn 0.068663 -0.043561 0.996688
vn -0.565063 -0.041525 0.824002
vn -0.565063 -0.041525 0.824002
vn -0.565063 -0.041525 0.824002
vn -0.565063 -0.041525 0.824002
vn -0.904631 -0.095889 0.415268
vn -0.904631 -0.095889 0.415268
vn -0.904631 -0.095889 0.415268
vn -0.904631 -0.095890 0.415268
vn 0.603117 0.000439 0.797653
vn 0.709374 0.000159 0.704833
vn 0.700769 0.000183 0.713388
vn 0.603117 0.000439 0.797653
vn 0.072969 0.000737 0.997334
vn 0.072969 0.000737 0.997334
vn 0.072969 0.000737 0.997334
vn 0.072969 0.000737 0.997334
vn -0.653493 0.000755 0.756932
vn -0.653493 0.000755 0.756932
vn -0.653493 0.000755 0.756932
vn -0.653493 0.000755 0.756932
vn -0.982831 -0.001295 0.184506
vn -0.982831 -0.001295 0.184506
vn -0.982831 -0.001295 0.184506
vn -0.982831 -0.001295 0.184506
vn -0.927315 -0.020453 -0.373723
vn -0.927315 -0.020453 -0.373723
vn -0.927315 -0.020453 -0.373723
vn -0.927315 -0.020453 -0.373723
vn 0.696579 -0.715302 -0.055862
vn 0.696579 -0.715302 -0.055862
vn 0.696579 -0.715302 -0.055862
vn 0.239050 -0.962204 -0.130459
vn 0.239050 -0.962204 -0.130459
vn 0.239050 -0.962204 -0.130459
vn 0.239050 -0.962204 -0.130459
vn 0.239050 -0.962204 -0.130459
vn 0.239050 -0.962204 -0.130459
vn 0.239050 -0.962204 -0.130459
vn 0.239050 -0.962204 -0.130459
vn 0.139637 0.023611 -0.989921
vn 0.139637 0.023611 -0.989921
vn 0.139637 0.023611 -0.989921
vn 0.139637 0.023611 -0.989921
vn 0.655671 0.039707 -0.754002
vn 0.655671 0.039707 -0.754002
vn 0.655671 0.039707 -0.754002
vn 0.655671 0.039707 -0.754002
vn 0.996738 0.044864 -0.067086
vn 0.996738 0.044864 -0.067086
vn 0.996738 0.044864 -0.067086
vn 0.996738 0.044864 -0.067086
vn 0.812813 0.033754 0.581546
vn 0.812813 0.033754 0.581546
vn 0.589697 0.014286 0.807499
vn 0.708442 0.024168 0.705355
vn 0.440652 0.002889 0.897674
vn 0.440652 0.002889 0.897674
vn 0.797611 0.002163 -0.603169
vn 0.797611 0.002163 -0.603169
vn 0.997343 0.003763 -0.072758
vn 0.997343 0.003763 -0.072758
vn 0.997343 0.003763 -0.072758
vn 0.997343 0.003763 -0.072758
vn 0.756468 0.004181 0.654017
vn 0.756468 0.004181 0.654017
vn 0.756468 0.004181 0.654017
vn 0.756468 0.004181 0.654017
vn 0.181832 -0.000103 0.983330
vn 0.181832 -0.000103 0.983330
vn 0.181832 -0.000103 0.983330
vn 0.181832 -0.000103 0.983330
vn -0.377365 -0.008477 0.926026
vn -0.377365 -0.008477 0.926026
vn -0.377365 -0.008477 0.926026
vn -0.377365 -0.008477 0.926026
vn -0.059123 -0.716241 -0.695344
vn -0.059123 -0.716241 -0.695344
vn -0.059123 -0.716241 -0.695344
vn -0.989649 -0.022862 -0.141679
vn -0.989649 -0.022862 -0.141679
vn -0.989649 -0.022862 -0.141679
vn -0.989649 -0.022862 -0.141679
vn -0.754392 -0.039518 -0.655234
vn -0.754392 -0.039518 -0.655234
vn -0.754392 -0.039518 -0.655234
vn -0.754392 -0.039518 -0.655234
vn -0.063624 -0.042171 -0.997083
vn -0.063624 -0.042171 -0.997083
vn -0.063624 -0.042171 -0.997083
vn -0.063624 -0.042171 -0.997083
vn 0.569320 -0.050051 -0.820591
vn 0.569320 -0.050051 -0.820591
vn 0.569320 -0.050051 -0.820591
vn 0.569320 -0.050051 -0.820591
vn 0.915551 -0.084189 -0.393292
vn 0.915551 -0.084189 -0.393292
vn 0.915551 -0.084189 -0.393292
vn 0.915551 -0.084189 -0.393292
vn -0.797637 -0.001938 0.603135
vn -0.708080 -0.000767 0.706132
vn -0.715126 -0.000854 0.698995
vn -0.797637 -0.001938 0.603135
vn -0.997344 -0.003281 0.072768
vn -0.997344 -0.003281 0.072768
vn -0.997344 -0.003281 0.072768
vn -0.997344 -0.003281 0.072768
vn -0.756900 -0.003825 -0.653520
vn -0.756900 -0.003825 -0.653520
vn -0.756900 -0.003825 -0.653520
vn -0.756900 -0.003825 -0.653520
vn -0.180790 -0.004978 -0.983509
vn -0.180790 -0.004978 -0.983509
vn -0.180790 -0.004978 -0.983509
vn -0.180790 -0.004978 -0.983509
vn 0.379544 -0.014086 -0.925066
vn 0.379544 -0.014086 -0.925066
vn 0.379544 -0.014086 -0.925066
vn 0.379545 -0.014086 -0.925066
vn -0.603084 -0.000950 -0.797677
vn -0.708160 -0.000364 -0.706052
vn -0.699518 -0.000415 -0.714615
vn -0.603084 -0.000950 -0.797677
vn -0.072813 -0.001634 -0.997344
vn -0.072813 -0.001634 -0.997344
vn -0.072813 -0.001634 -0.997344
vn -0.072813 -0.001634 -0.997344
vn 0.653524 -0.002298 -0.756903
vn 0.653524 -0.002298 -0.756903
vn 0.653524 -0.002298 -0.756903
vn 0.653524 -0.002298 -0.756903
vn 0.982328 -0.004225 -0.187122
vn 0.982328 -0.004225 -0.187122
vn 0.982328 -0.004225 -0.187122
vn 0.982328 -0.004225 -0.187122
vn 0.930313 -0.024617 0.365940
vn 0.930313 -0.024617 0.365940
vn 0.930313 -0.024617 0.365940
vn 0.930313 -0.024617 0.365940
vn -0.696753 -0.715117 0.056061
vn -0.696753 -0.715117 0.056061
vn -0.696753 -0.715117 0.056061
vn -0.696753 -0.715117 0.056061
vn 0.181152 0.052212 0.982068
vn 0.181152 0.052212 0.982068
vn 0.181152 0.052212 0.982068
vn 0.181152 0.052212 0.982068
vn -0.668596 0.035420 0.742782
vn -0.668596 0.035420 0.742782
vn -0.668596 0.035420 0.742782
vn -0.668596 0.035420 0.742782
vn -0.988043 0.050050 0.145828
vn -0.988043 0.050050 0.145828
vn -0.988043 0.050050 0.145828
vn -0.988043 0.050050 0.145828
vn -0.751823 0.043840 -0.657906
vn -0.751823 0.043840 -0.657906
vn -0.751823 0.043840 -0.657906
vn -0.751823 0.043840 -0.657906
vn -0.123737 0.051995 -0.990952
vn -0.123737 0.051995 -0.990952
vn -0.123737 0.051995 -0.990952
vn -0.123737 0.051995 -0.990952
vn 0.665530 0.035746 -0.745515
vn 0.665530 0.035746 -0.745515
vn 0.665530 0.035746 -0.745515
vn 0.665530 0.035746 -0.745515
vn 0.995737 0.051611 -0.076454
vn 0.995737 0.051611 -0.076454
vn 0.995736 0.051611 -0.076454
vn 0.995736 0.051611 -0.076454
vn 0.744970 0.044065 0.665641
vn 0.744970 0.044065 0.665641
vn 0.744970 0.044065 0.665641
vn 0.744970 0.044065 0.665641
vn 0.212539 -0.317686 0.924069
vn 0.212539 -0.317686 0.924069
vn 0.271507 -0.394363 0.877930
vn 0.259023 -0.378171 0.888760
vn -0.574253 -0.498066 0.649742
vn -0.574253 -0.498066 0.649742
vn -0.522640 -0.618461 0.586817
vn -0.524887 -0.613954 0.589537
vn -0.913389 -0.394955 0.098650
vn -0.913389 -0.394955 0.098650
vn -0.872587 -0.487907 0.023192
vn -0.865179 -0.501327 0.011712
vn -0.750617 0.014957 -0.660568
vn -0.750617 0.014957 -0.660568
vn -0.729652 -0.012044 -0.683713
vn -0.724348 -0.018629 -0.689183
vn -0.160696 0.380458 -0.910730
vn -0.160696 0.380458 -0.910730
vn -0.190778 0.415056 -0.889568
vn -0.195751 0.420727 -0.885816
vn 0.565506 0.518420 -0.641439
vn 0.565506 0.518420 -0.641439
vn 0.516230 0.633368 -0.576499
vn 0.514508 0.636792 -0.574263
vn 0.932178 0.359522 -0.042281
vn 0.932178 0.359522 -0.042281
vn 0.891073 0.452333 0.037201
vn 0.896530 0.442088 0.028133
vn 0.750293 -0.013887 0.660960
vn 0.750293 -0.013887 0.660960
vn 0.749656 -0.012915 0.661702
vn 0.749797 -0.013130 0.661538
vn 0.360771 -0.507666 0.782381
vn 0.360800 -0.507700 0.782345
vn -0.400760 -0.801719 0.443439
vn -0.400803 -0.801673 0.443483
vn -0.746719 -0.652665 -0.128214
vn -0.746145 -0.653222 -0.128719
vn -0.678211 -0.072160 -0.731316
vn -0.678229 -0.072141 -0.731301
vn -0.200260 0.423605 -0.883434
vn -0.200412 0.423793 -0.883309
vn 0.471134 0.716142 -0.514950
vn 0.471127 0.716151 -0.514943
vn 0.864720 0.495791 0.080322
vn 0.865016 0.495332 0.079959
vn 0.765054 -0.033385 0.643100
vn 0.765039 -0.033364 0.643119
vn 0.383119 -0.535861 0.752378
vn 0.385922 -0.542911 0.745863
vn -0.373521 -0.829148 0.415928
vn -0.370646 -0.831857 0.413080
vn -0.713476 -0.683701 -0.153314
vn -0.714765 -0.682465 -0.152816
vn -0.662677 -0.090243 -0.743448
vn -0.661985 -0.090834 -0.743993
vn -0.176472 0.394014 -0.902003
vn -0.176472 0.394014 -0.902003
vn 0.486315 0.694473 -0.530288
vn 0.486315 0.694473 -0.530288
vn 0.883167 0.465615 0.056739
vn 0.883167 0.465615 0.056738
vn 0.779446 -0.052654 0.624253
vn 0.777839 -0.049763 0.626491
vn 0.470382 -0.803367 0.365160
vn 0.470383 -0.803367 0.365160
vn 0.210944 -0.960899 -0.179374
vn 0.210944 -0.960899 -0.179374
vn -0.415873 -0.877347 -0.239401
vn -0.415873 -0.877347 -0.239401
vn -0.729173 -0.029655 -0.683686
vn -0.729173 -0.029655 -0.683686
vn 0.729789 0.028513 0.683077
vn 0.729789 0.028513 0.683077
vn 0.007090 -0.180761 0.983501
vn 0.007090 -0.180761 0.983501
vn 0.007090 -0.180761 0.983501
vn 0.007090 -0.180761 0.983501
vn -0.630645 -0.235618 0.739440
vn -0.630645 -0.235618 0.739440
vn -0.630645 -0.235618 0.739440
vn -0.630645 -0.235618 0.739440
vn -0.930538 -0.149873 0.334122
vn -0.930538 -0.149873 0.334123
vn -0.930538 -0.149873 0.334122
vn -0.930538 -0.149873 0.334122
vn -0.743519 0.000164 -0.668715
vn -0.743519 0.000164 -0.668715
vn -0.743519 0.000164 -0.668715
vn -0.743519 0.000164 -0.668715
vn 0.743976 -0.002173 0.668203
vn 0.743976 -0.002173 0.668203
vn 0.743976 -0.002173 0.668203
vn 0.743976 -0.002173 0.668203
vn -0.127185 -0.214163 0.968482
vn -0.127185 -0.214164 0.968482
vn -0.127185 -0.214163 0.968482
vn -0.127185 -0.214163 0.968482
vn -0.622735 -0.116025 0.773783
vn -0.622735 -0.116024 0.773783
vn -0.622735 -0.116024 0.773783
vn -0.622735 -0.116025 0.773783
vn -0.858380 -0.187401 0.477560
vn -0.858380 -0.187401 0.477560
vn -0.858380 -0.187401 0.477560
vn -0.858380 -0.187401 0.477560
vn -0.688227 -0.233799 -0.686791
vn -0.688227 -0.233799 -0.686791
vn -0.688227 -0.233799 -0.686791
vn -0.688227 -0.233799 -0.686791
vn 0.747372 -0.237681 0.620437
vn 0.747372 -0.237681 0.620437
vn 0.747373 -0.237681 0.620437
vn 0.747372 -0.237681 0.620437
vn -0.454093 0.707093 0.542050
vn -0.454093 0.707093 0.542050
vn -0.454093 0.707093 0.542050
vn -0.454093 0.707093 0.542051
vn -0.454093 0.707093 0.542050
vn -0.454093 0.707093 0.542050
vn 0.087382 0.000000 0.996175
vn 0.087382 0.000000 0.996175
vn 0.087394 0.000000 0.996174
vn 0.087394 0.000000 0.996174
vn 0.087368 -0.000799 0.996176
vn 0.087368 -0.000800 0.996176
vn -0.996109 0.000000 0.088135
vn -0.996109 0.000000 0.088135
vn -0.996109 0.000000 0.088133
vn -0.996109 0.000000 0.088133
vn -0.996108 -0.000802 0.088137
vn -0.996108 -0.000804 0.088137
vn -0.642170 0.000005 0.766562
vn -0.642170 0.000005 0.766562
vn -0.642172 0.000000 0.766561
vn -0.642172 0.000000 0.766561
vn 0.766547 0.000000 0.642188
vn 0.766545 -0.000006 0.642190
vn -0.766568 0.000002 -0.642163
vn -0.766568 0.000000 -0.642163
vn 0.766544 -0.000012 0.642192
vn 0.766544 -0.000012 0.642192
vn -0.642169 0.000009 0.766563
vn -0.642169 0.000009 0.766563
vn -0.766568 0.000004 -0.642164
vn -0.766568 0.000004 -0.642164
vn 0.083252 -0.302714 0.949438
vn -0.948913 -0.304145 0.084021
vn -0.766532 0.000000 -0.642206
vn -0.766532 0.000000 -0.642206
vn -0.766532 0.000000 -0.642206
vn -0.766532 0.000000 -0.642206
vn 0.000000 1.000000 0.000000
vn 0.000000 1.000000 0.000000
vn 0.000000 1.000000 0.000000
vn 0.000000 1.000000 0.000000
vn 0.766596 0.000000 0.642129
vn 0.766596 0.000000 0.642129
vn 0.766596 0.000000 0.642129
vn 0.766596 0.000000 0.642129
vn 0.000000 -1.000000 0.000000
vn 0.000000 -1.000000 0.000000
vn 0.000000 -1.000000 0.000000
vn 0.000000 -1.000000 0.000000
vn -0.642209 0.000000 0.766530
vn -0.642187 0.000000 0.766548
vn -0.642186 0.000000 0.766549
vn -0.642208 0.000000 0.766531
vn 0.000000 -1.000000 -0.000013
vn 0.000000 -1.000000 -0.000013
vn 0.000000 -1.000000 -0.000013
vn 0.000000 -1.000000 -0.000013
vn -0.642204 0.000000 0.766533
vn -0.642186 0.000000 0.766549
vn -0.642184 0.000000 0.766551
vn -0.642202 0.000000 0.766535
vn 0.000000 1.000000 0.000000
vn 0.000000 1.000000 0.000000
vn 0.000000 1.000000 0.000000
vn 0.000000 1.000000 0.000000
vn 0.000000 1.000000 -0.000012
vn 0.000000 1.000000 -0.000012
vn 0.000000 1.000000 -0.000012
vn 0.000000 1.000000 -0.000012
vn -0.642185 0.000000 0.766549
vn -0.642186 0.000000 0.766549
vn 0.000000 -1.000000 0.000041
vn 0.000000 -1.000000 0.000041
vn 0.000000 -1.000000 0.000041
vn 0.000000 -1.000000 0.000041
vn 0.000000 1.000000 0.000000
vn 0.000000 1.000000 0.000000
vn 0.000000 1.000000 0.000000
vn 0.000000 1.000000 0.000000
vn -0.642226 0.000000 0.766515
vn -0.642228 0.000000 0.766513
vn 0.000000 -1.000000 0.000008
vn 0.000000 -1.000000 0.000008
vn 0.000000 -1.000000 0.000000
vn 0.000000 -1.000000 0.000000
vn 0.000000 -1.000000 -0.000098
vn 0.000000 -1.000000 -0.000098
vn 0.000000 -1.000000 -0.000098
vn 0.000000 -1.000000 -0.000098
vn -0.642172 0.000000 0.766560
vn -0.642173 0.000000 0.766560
vn 0.000000 1.000000 0.000000
vn 0.000000 1.000000 0.000000
vn 0.000000 1.000000 0.000000
vn 0.000000 1.000000 0.000000
vn 0.766590 0.000000 0.642137
vn 0.766590 0.000000 0.642137
vn 0.766590 0.000000 0.642137
vn 0.766590 0.000000 0.642137
vn -0.642185 0.000000 0.766550
vn -0.642184 0.000000 0.766551
vn -0.642201 0.000000 0.766537
vn -0.642201 0.000000 0.766537
vn -0.642172 0.000000 0.766560
vn -0.642172 0.000000 0.766561
vn -0.642186 0.000000 0.766549
vn -0.642186 0.000000 0.766549
vn -0.642228 0.000000 0.766513
vn -0.642227 0.000000 0.766515
vn -0.642187 0.000000 0.766548
vn -0.642188 0.000000 0.766548
vn -0.642210 0.000000 0.766529
vn -0.642208 0.000000 0.766530
vn -0.766483 0.000000 -0.642264
vn -0.766483 0.000000 -0.642264
vn -0.766483 0.000000 -0.642264
vn -0.766483 0.000000 -0.642264
vn -0.766547 0.000000 -0.642188
vn -0.766547 0.000000 -0.642188
vn -0.766547 0.000000 -0.642188
vn -0.766547 0.000000 -0.642188
vn -0.642187 0.000000 0.766548
vn -0.642210 0.000000 0.766529
vn -0.642185 0.000000 0.766550
vn -0.642228 0.000000 0.766513
vn -0.642185 0.000000 0.766549
vn -0.642173 0.000000 0.766560
vn -0.642204 0.000000 0.766534
vn 0.766528 0.000000 0.642211
vn 0.766528 0.000000 0.642211
vn 0.766528 0.000000 0.642211
vn 0.766528 0.000000 0.642211
vn -0.766543 0.000000 -0.642193
vn -0.766543 0.000000 -0.642193
vn -0.766543 0.000000 -0.642193
vn -0.766543 0.000000 -0.642193
vn -0.642188 0.000000 0.766547
vn -0.642211 0.000000 0.766528
vn -0.642185 0.000000 0.766550
vn -0.642225 0.000000 0.766517
vn -0.642185 0.000000 0.766550
vn -0.642174 0.000000 0.766559
vn -0.642202 0.000000 0.766536
vn 0.766596 0.000000 0.642130
vn 0.766596 0.000000 0.642130
vn 0.766595 0.000000 0.642131
vn 0.766595 0.000000 0.642131
vn 0.766556 0.000000 0.642178
vn 0.766556 0.000000 0.642178
vn 0.766556 0.000000 0.642178
vn 0.766556 0.000000 0.642178
vn -0.642184 0.000000 0.766550
vn -0.642200 0.000000 0.766537
vn -0.642174 0.000000 0.766559
vn -0.642220 0.000000 0.766520
vn -0.642185 0.000000 0.766550
vn -0.642189 0.000000 0.766546
vn -0.642213 0.000000 0.766527
vn -0.766567 0.000000 -0.642165
vn -0.766567 0.000000 -0.642165
vn -0.766567 0.000000 -0.642165
vn -0.766567 0.000000 -0.642165
vn -0.642207 0.000006 0.766531
vn -0.642207 0.000006 0.766531
vn -0.642207 0.000006 0.766531
vn -0.642207 0.000006 0.766531
vn -0.642207 0.000006 0.766531
vn 0.482491 0.777043 0.404236
vn 0.482491 0.777043 0.404236
vn 0.482491 0.777043 0.404236
vn 0.482491 0.777043 0.404236
vn -0.482393 -0.777135 -0.404176
vn -0.482393 -0.777135 -0.404176
vn -0.482393 -0.777135 -0.404176
vn -0.482393 -0.777135 -0.404176
vn -0.642139 -0.000011 0.766588
vn -0.642139 -0.000011 0.766588
vn -0.642139 -0.000011 0.766588
vn -0.642139 -0.000011 0.766588
vn -0.642139 -0.000011 0.766588
vn -0.542434 0.706581 -0.454433
vn -0.542434 0.706581 -0.454433
vn -0.542434 0.706581 -0.454433
vn -0.542434 0.706581 -0.454433
vn -0.642245 0.000070 0.766500
vn -0.642245 0.000070 0.766500
vn -0.642245 0.000070 0.766500
vn -0.642245 0.000070 0.766500
vn -0.642245 0.000070 0.766500
vn -0.642211 0.000003 0.766528
vn -0.642211 0.000003 0.766528
vn -0.642211 0.000003 0.766528
vn -0.642211 0.000003 0.766528
vn -0.642211 0.000003 0.766528
vn 0.542520 -0.706516 0.454431
vn 0.542520 -0.706516 0.454431
vn 0.542520 -0.706516 0.454431
vn 0.542520 -0.706516 0.454431
vn -0.642052 0.000012 0.766661
vn -0.642052 0.000012 0.766661
vn -0.642052 0.000012 0.766661
vn -0.642052 0.000012 0.766661
vn -0.642052 0.000012 0.766661
vn -0.512825 0.743243 -0.429651
vn -0.512825 0.743243 -0.429651
vn -0.512825 0.743243 -0.429651
vn -0.512825 0.743243 -0.429651
vn 0.512894 -0.743151 0.429728
vn 0.512894 -0.743151 0.429728
vn 0.512894 -0.743151 0.429728
vn 0.512894 -0.743151 0.429728
vn -0.642177 -0.000084 0.766557
vn -0.642177 -0.000084 0.766557
vn -0.642177 -0.000084 0.766557
vn -0.642177 -0.000084 0.766557
vn -0.642177 -0.000084 0.766557
vn 0.512795 0.743328 0.429540
vn 0.512795 0.743328 0.429540
vn 0.512795 0.743328 0.429540
vn 0.512795 0.743328 0.429540
vn -0.642167 -0.000008 0.766564
vn -0.642168 -0.000008 0.766564
vn -0.642167 -0.000008 0.766564
vn -0.642167 -0.000008 0.766564
vn -0.642167 -0.000008 0.766564
vn -0.642187 -0.000118 0.766548
vn -0.642187 -0.000118 0.766548
vn -0.642187 -0.000118 0.766548
vn -0.642187 -0.000118 0.766548
vn -0.642187 -0.000118 0.766548
vn -0.512765 -0.743322 -0.429587
vn -0.512765 -0.743322 -0.429587
vn -0.512765 -0.743322 -0.429587
vn -0.512765 -0.743322 -0.429587
vn -0.541999 0.707125 -0.454105
vn -0.541999 0.707125 -0.454105
vn -0.541999 0.707125 -0.454105
vn -0.541999 0.707125 -0.454105
vn 0.542042 0.707120 0.454061
vn 0.542042 0.707120 0.454061
vn 0.542042 0.707120 0.454061
vn 0.542042 0.707120 0.454061
vn -0.541943 -0.707222 -0.454021
vn -0.541943 -0.707222 -0.454021
vn -0.541943 -0.707222 -0.454021
vn -0.541943 -0.707222 -0.454021
vn 0.541983 -0.707186 0.454029
vn 0.541983 -0.707186 0.454029
vn 0.541983 -0.707186 0.454029
vn 0.541983 -0.707186 0.454029
vn -0.661016 0.018568 0.750142
vn -0.661016 0.018568 0.750142
vn -0.661016 0.018568 0.750142
vn 0.641723 0.000000 -0.766937
vn 0.641723 0.000000 -0.766937
vn 0.641723 0.000000 -0.766937
vn -0.000000 -0.000000 0.000000
vn -0.000000 -0.000000 0.000000
vn -0.707107 -0.424264 0.565685
vn 0.000000 -0.000000 -0.000000
vn 0.235702 -0.235702 -0.942809
vn 0.000000 -0.000000 -0.000000
vn -0.698789 -0.057044 0.713050
vn -0.698789 -0.057044 0.713050
vn -0.698789 -0.057044 0.713050
vn 0.571548 -0.081650 -0.816497
vn 0.571548 -0.081650 -0.816497
vn 0.571548 -0.081650 -0.816497
vn 0.000000 -0.000000 -0.000000
vn 0.000000 -0.000000 -0.000000
vn 0.686618 -0.057218 -0.724763
vn -0.645664 -0.029348 0.763058
vn -0.645664 -0.029348 0.763058
vn -0.645664 -0.029348 0.763057
vn -0.754338 -0.177656 -0.631992
vn -0.754338 -0.177655 -0.631992
vn -0.754338 -0.177656 -0.631992
vn -0.754338 -0.177656 -0.631992
vn -0.642129 0.000113 0.766596
vn -0.642129 0.000113 0.766597
vn -0.642129 0.000113 0.766596
vn -0.642129 0.000113 0.766597
vn 0.377883 0.870044 0.316588
vn 0.377883 0.870044 0.316588
vn 0.377883 0.870044 0.316588
vn 0.377883 0.870044 0.316588
vn -0.442170 0.816886 -0.370382
vn -0.442170 0.816886 -0.370382
vn -0.442170 0.816886 -0.370382
vn -0.442170 0.816886 -0.370382
vn -0.642166 0.000000 0.766566
vn -0.642166 0.000000 0.766566
vn -0.642165 0.000000 0.766566
vn -0.642165 0.000000 0.766566
vn 0.742020 -0.251038 0.621600
vn 0.742020 -0.251038 0.621600
vn 0.742020 -0.251038 0.621600
vn 0.742020 -0.251038 0.621600
vn 0.486800 -0.772458 0.407840
vn 0.486800 -0.772458 0.407840
vn 0.486800 -0.772458 0.407840
vn 0.486800 -0.772458 0.407840
vn -0.642129 -0.000040 0.766596
vn -0.642129 -0.000040 0.766596
vn -0.642129 -0.000040 0.766596
vn -0.642129 -0.000040 0.766596
vn -0.751213 0.198574 -0.629482
vn -0.751213 0.198574 -0.629482
vn -0.751213 0.198574 -0.629482
vn -0.751213 0.198574 -0.629482
vn 0.751230 0.198636 0.629441
vn 0.751230 0.198636 0.629441
vn 0.751231 0.198636 0.629441
vn 0.751231 0.198637 0.629441
vn -0.642170 -0.000004 0.766562
vn -0.642170 -0.000004 0.766562
vn -0.642170 -0.000004 0.766562
vn -0.642170 -0.000004 0.766562
vn -0.550550 -0.695870 -0.461151
vn -0.550550 -0.695870 -0.461151
vn -0.550550 -0.695870 -0.461151
vn -0.550550 -0.695870 -0.461151
vn 0.476711 0.783120 0.399338
vn 0.476711 0.783120 0.399338
vn 0.476711 0.783120 0.399338
vn 0.476711 0.783120 0.399338
vn -0.642160 0.000000 0.766571
vn -0.642160 0.000000 0.766571
vn -0.642160 0.000000 0.766571
vn -0.642160 0.000000 0.766571
vn -0.088327 -0.993339 -0.073995
vn -0.088327 -0.993339 -0.073995
vn -0.088327 -0.993339 -0.073995
vn -0.088327 -0.993339 -0.073995
vn -0.088327 0.993339 -0.073995
vn -0.088327 0.993339 -0.073995
vn -0.088327 0.993339 -0.073995
vn -0.088327 0.993339 -0.073995
vn -0.642165 0.000000 0.766567
vn -0.642165 0.000000 0.766567
vn -0.642165 0.000000 0.766567
vn -0.642165 0.000000 0.766566
vn 0.378248 -0.869789 0.316853
vn 0.378248 -0.869789 0.316853
vn 0.378248 -0.869789 0.316853
vn 0.378248 -0.869789 0.316853
vn 0.123869 -0.986857 0.103774
vn 0.123869 -0.986857 0.103774
vn 0.123869 -0.986857 0.103774
vn 0.123869 -0.986857 0.103774
vn -0.642165 0.000000 0.766567
vn -0.642165 0.000000 0.766567
vn -0.642165 0.000000 0.766567
vn -0.642165 0.000000 0.766567
vn -0.495019 0.763525 -0.414712
vn -0.495019 0.763525 -0.414712
vn -0.495019 0.763525 -0.414712
vn -0.495019 0.763525 -0.414712
vn -0.416604 -0.839421 -0.349019
vn -0.416604 -0.839421 -0.349019
vn -0.416604 -0.839421 -0.349019
vn -0.416604 -0.839421 -0.349019
vn -0.642162 0.000000 0.766569
vn -0.642162 0.000000 0.766569
vn -0.642162 0.000000 0.766569
vn -0.642162 0.000000 0.766569
vn 0.123869 0.986857 0.103774
vn 0.123869 0.986857 0.103774
vn 0.123869 0.986857 0.103774
vn 0.123869 0.986857 0.103774
vn 0.000000 -1.000000 0.000020
vn 0.000000 -1.000000 0.000020
vn 0.000000 -1.000000 0.000019
vn 0.000000 -1.000000 0.000019
vn -0.642205 0.000000 0.766533
vn -0.642204 0.000000 0.766534
vn -0.642205 0.000000 0.766533
vn -0.642200 0.000000 0.766538
vn -0.642203 0.000000 0.766535
vn -0.642191 0.000000 0.766545
vn -0.642202 0.000000 0.766536
vn 0.000000 1.000000 0.000000
vn 0.000000 1.000000 0.000000
vn 0.000000 1.000000 0.000000
vn 0.000000 1.000000 0.000000
vn 0.766597 0.000000 0.642129
vn 0.766597 0.000000 0.642129
vn -0.642243 0.000000 0.766501
vn -0.642243 0.000000 0.766501
vn -0.642243 0.000000 0.766501
vn -0.642243 0.000000 0.766501
vn -0.766542 0.000000 -0.642194
vn -0.766542 0.000000 -0.642194
vn 0.000000 1.000000 -0.000024
vn 0.000000 1.000000 -0.000024
vn 0.000000 1.000000 -0.000024
vn 0.000000 1.000000 -0.000024
vn -0.766583 0.000000 -0.642145
vn -0.766583 0.000000 -0.642145
vn -0.766583 0.000000 -0.642145
vn -0.766583 0.000000 -0.642145
vn 0.000000 -1.000000 0.000000
vn 0.000000 -1.000000 0.000000
vn 0.000000 -1.000000 0.000000
vn 0.000000 -1.000000 0.000000
vn 0.766583 0.000000 0.642145
vn 0.766583 0.000000 0.642145
vn 0.766583 0.000000 0.642145
vn 0.766583 0.000000 0.642145
vn -0.766536 0.000000 -0.642201
vn -0.766536 0.000000 -0.642201
vn -0.766536 0.000000 -0.642201
vn -0.766536 0.000000 -0.642201
vn 0.000000 1.000000 0.000000
vn 0.000000 1.000000 0.000000
vn 0.000000 1.000000 0.000000
vn 0.000000 1.000000 0.000000
vn 0.766536 0.000000 0.642201
vn 0.766536 0.000000 0.642201
vn 0.766536 0.000000 0.642201
vn 0.766536 0.000000 0.642201
vn 0.000000 -1.000000 0.000008
vn 0.000000 -1.000000 0.000008
vn 0.000000 -1.000000 0.000008
vn 0.000000 -1.000000 0.000008
vn -0.019808 0.999525 0.023609
vn -0.019808 0.999525 0.023609
vn -0.019808 0.999525 0.023609
vn -0.019808 0.999525 0.023609
vn -0.143356 -0.974768 0.171105
vn -0.143356 -0.974768 0.171105
vn -0.143356 -0.974768 0.171105
vn -0.143356 -0.974768 0.171105
vn 0.872901 -0.017934 0.487568
vn 0.872901 -0.017934 0.487568
vn 0.872901 -0.017934 0.487568
vn 0.872901 -0.017934 0.487568
vn 0.175467 0.961956 -0.209411
vn 0.175467 0.961956 -0.209411
vn 0.175467 0.961956 -0.209411
vn 0.175467 0.961956 -0.209411
vn -0.633035 -0.017808 -0.773918
vn -0.633035 -0.017808 -0.773918
vn -0.633035 -0.017808 -0.773918
vn -0.633035 -0.017808 -0.773918
vn -0.376322 -0.810275 0.449261
vn -0.376322 -0.810275 0.449261
vn -0.376322 -0.810275 0.449261
vn -0.376322 -0.810275 0.449261
vn 0.766544 -0.000017 0.642192
vn 0.766544 -0.000017 0.642192
vn 0.766544 -0.000017 0.642192
vn 0.766544 -0.000017 0.642192
vn 0.447733 0.716816 -0.534518
vn 0.447733 0.716816 -0.534518
vn 0.447733 0.716816 -0.534518
vn 0.447733 0.716816 -0.534518
vn -0.766553 0.000034 -0.642181
vn -0.766553 0.000034 -0.642181
vn -0.766553 0.000034 -0.642181
vn -0.766553 0.000034 -0.642181
vn -0.564782 -0.475931 0.674175
vn -0.564782 -0.475930 0.674175
vn -0.564782 -0.475931 0.674175
vn -0.564782 -0.475930 0.674175
vn 0.766590 0.000000 0.642137
vn 0.766590 0.000000 0.642137
vn 0.766590 0.000000 0.642137
vn 0.766590 0.000000 0.642137
vn 0.605485 0.333364 -0.722673
vn 0.605485 0.333364 -0.722673
vn 0.605485 0.333364 -0.722673
vn 0.605485 0.333364 -0.722673
vn -0.766576 -0.000021 -0.642154
vn -0.766576 -0.000021 -0.642154
vn -0.766576 -0.000021 -0.642154
vn -0.766576 -0.000021 -0.642154
vn -0.642213 0.000000 0.766527
vn -0.642154 0.000000 0.766576
vn -0.642157 0.000000 0.766573
vn -0.642228 0.000000 0.766514
vn 0.766578 0.000000 0.642152
vn 0.766578 0.000000 0.642152
vn 0.766578 0.000000 0.642152
vn 0.766578 0.000000 0.642152
vn 0.642172 0.000000 -0.766560
vn 0.642172 0.000000 -0.766560
vn 0.642172 0.000000 -0.766560
vn 0.642172 0.000000 -0.766560
vn -0.766582 0.000000 -0.642146
vn -0.766582 0.000000 -0.642146
vn -0.766582 0.000000 -0.642146
vn -0.766582 0.000000 -0.642146
vn -0.145640 -0.981785 -0.122013
vn 0.146652 -0.981529 0.122857
vn 0.146650 -0.981530 0.122855
vn -0.145641 -0.981785 -0.122014
vn 0.766520 0.000000 0.642220
vn 0.766520 0.000000 0.642220
vn 0.766520 0.000000 0.642220
vn 0.766520 0.000000 0.642220
vn -0.146651 0.981529 -0.122859
vn 0.145640 0.981785 0.122012
vn 0.145641 0.981785 0.122013
vn -0.146649 0.981530 -0.122857
vn -0.766550 0.000000 -0.642185
vn -0.766550 0.000000 -0.642185
vn -0.766550 0.000000 -0.642185
vn -0.766550 0.000000 -0.642185
vn 0.642246 0.000000 -0.766499
vn 0.642246 0.000000 -0.766499
vn 0.642246 0.000000 -0.766499
vn 0.642246 0.000000 -0.766499
vn -0.224168 0.956285 -0.187800
vn -0.224168 0.956284 -0.187800
vn -0.224168 0.956284 -0.187800
vn -0.224168 0.956284 -0.187800
vn -0.642173 0.000000 0.766560
vn -0.642173 0.000000 0.766560
vn 0.224171 -0.956284 0.187798
vn 0.224171 -0.956284 0.187798
vn 0.224171 -0.956284 0.187798
vn 0.224171 -0.956284 0.187798
vn 0.642149 0.000000 -0.766580
vn 0.642149 0.000000 -0.766580
vn 0.642149 0.000000 -0.766580
vn 0.642149 0.000000 -0.766580
vn -0.221784 -0.957230 -0.185804
vn -0.221784 -0.957230 -0.185804
vn -0.221784 -0.957230 -0.185804
vn -0.221784 -0.957230 -0.185804
vn -0.642304 0.000000 0.766450
vn -0.642304 0.000000 0.766450
vn 0.221784 0.957230 0.185802
vn 0.221784 0.957230 0.185802
vn 0.221784 0.957230 0.185803
vn 0.221784 0.957230 0.185802
vn 0.989773 0.000000 -0.142651
vn 0.989773 0.000000 -0.142651
vn 0.989773 0.000000 -0.142651
vn 0.989773 0.000000 -0.142651
vn 0.033023 0.000000 0.999455
vn 0.033023 0.000000 0.999455
vn 0.033023 0.000000 0.999455
vn 0.033023 0.000000 0.999455
vn -0.032917 0.000000 -0.999458
vn -0.032917 0.000000 -0.999458
vn -0.032917 0.000000 -0.999458
vn -0.032917 0.000000 -0.999458
vn -0.989773 0.000000 0.142651
vn -0.989773 0.000000 0.142651
vn -0.989773 0.000000 0.142651
vn -0.989773 0.000000 0.142651
vn 0.246568 0.947466 0.203748
vn 0.464440 0.798127 0.383783
vn 0.464440 0.798127 0.383783
vn 0.246568 0.947466 0.203748
vn 0.464440 0.798127 0.383783
vn 0.631736 0.573061 0.522025
vn 0.631736 0.573061 0.522025
vn 0.464440 0.798127 0.383783
vn 0.631736 0.573061 0.522025
vn 0.735731 0.298471 0.607960
vn 0.735731 0.298471 0.607960
vn 0.631736 0.573061 0.522025
vn 0.735731 0.298471 0.607960
vn 0.770868 0.000000 0.636995
vn 0.770868 0.000000 0.636995
vn 0.735731 0.298471 0.607960
vn 0.770868 0.000000 0.636995
vn 0.735731 -0.298471 0.607960
vn 0.735731 -0.298471 0.607960
vn 0.770868 0.000000 0.636995
vn 0.735731 -0.298471 0.607960
vn 0.631736 -0.573061 0.522025
vn 0.631736 -0.573061 0.522025
vn 0.735731 -0.298471 0.607960
vn 0.631736 -0.573061 0.522025
vn 0.464438 -0.798128 0.383781
vn 0.464438 -0.798128 0.383781
vn 0.631736 -0.573061 0.522025
vn 0.464438 -0.798128 0.383781
vn 0.246568 -0.947466 0.203748
vn 0.246568 -0.947466 0.203748
vn 0.464438 -0.798128 0.383781
vn 0.246568 -0.947466 0.203748
vn 0.000000 -1.000000 0.000000
vn 0.000000 -1.000000 0.000000
vn 0.246568 -0.947466 0.203748
vn 0.000000 -1.000000 0.000000
vn -0.246567 -0.947466 -0.203747
vn -0.246567 -0.947466 -0.203747
vn 0.000000 -1.000000 0.000000
vn -0.246567 -0.947466 -0.203747
vn -0.464438 -0.798128 -0.383781
vn -0.464438 -0.798128 -0.383781
vn -0.246567 -0.947466 -0.203747
vn -0.464438 -0.798128 -0.383781
vn -0.631736 -0.573062 -0.522025
vn -0.631736 -0.573062 -0.522025
vn -0.464438 -0.798128 -0.383781
vn -0.631736 -0.573062 -0.522025
vn -0.735731 -0.298470 -0.607960
vn -0.735731 -0.298470 -0.607960
vn -0.631736 -0.573062 -0.522025
vn -0.735731 -0.298470 -0.607960
vn -0.770868 0.000000 -0.636995
vn -0.770868 0.000000 -0.636995
vn -0.735731 -0.298470 -0.607960
vn -0.770868 0.000000 -0.636995
vn -0.735731 0.298470 -0.607960
vn -0.735731 0.298470 -0.607960
vn -0.770868 0.000000 -0.636995
vn -0.735731 0.298470 -0.607960
vn -0.631736 0.573062 -0.522025
vn -0.631736 0.573062 -0.522025
vn -0.735731 0.298470 -0.607960
vn -0.631736 0.573062 -0.522025
vn -0.464440 0.798127 -0.383783
vn -0.464440 0.798127 -0.383783
vn -0.631736 0.573062 -0.522025
vn -0.464440 0.798127 -0.383783
vn -0.246567 0.947466 -0.203747
vn -0.246567 0.947466 -0.203747
vn -0.464440 0.798127 -0.383783
vn -0.246567 0.947466 -0.203747
vn 0.000000 1.000000 0.000000
vn 0.000000 1.000000 0.000000
vn -0.246567 0.947466 -0.203747
vn 0.000000 1.000000 0.000000
vn 0.246568 0.947466 0.203748
vn 0.246568 0.947466 0.203748
vn 0.000000 1.000000 0.000000
vn -0.636995 0.000000 0.770868
vn -0.636995 0.000000 0.770868
vn -0.636995 0.000000 0.770868
vn -0.636995 -0.000011 0.770868
vn -0.636995 0.000000 0.770868
vn -0.636995 0.000000 0.770868
vn -0.636995 -0.000009 0.770868
vn -0.636995 -0.000011 0.770868
vn -0.636995 0.000000 0.770868
vn -0.636995 0.000000 0.770868
vn -0.636995 -0.000009 0.770868
vn -0.636995 0.000000 0.770868
vn -0.636995 0.000009 0.770868
vn -0.636995 0.000000 0.770868
vn -0.636995 0.000000 0.770868
vn -0.636995 0.000007 0.770868
vn -0.636995 0.000009 0.770868
vn -0.636995 0.000000 0.770868
vn -0.636995 -0.000005 0.770868
vn -0.636995 0.000007 0.770868
vn -0.636995 0.000000 0.770868
vn -0.636995 0.000000 0.770868
vn -0.636995 -0.000005 0.770868
vn -0.636995 0.000000 0.770868
vn -0.636995 0.000000 0.770868
vn -0.636995 0.000000 0.770868
vn -0.636995 0.000000 0.770868
vn -0.636995 0.000005 0.770868
vn -0.636995 0.000000 0.770868
vn -0.636995 0.000000 0.770868
vn -0.636995 0.000004 0.770868
vn -0.636995 0.000005 0.770868
vn -0.636995 0.000000 0.770868
vn -0.636995 0.000000 0.770868
vn -0.636995 0.000004 0.770868
vn -0.636995 0.000000 0.770868
vn -0.636995 0.000000 0.770868
vn -0.636995 0.000000 0.770868
vn -0.636995 0.000000 0.770868
vn -0.636995 0.000000 0.770868
vn -0.636995 0.000000 0.770868
vn -0.636995 0.000000 0.770868
vn -0.636995 0.000000 0.770868
vn -0.636995 0.000000 0.770868
vn -0.636995 0.000000 0.770868
vn -0.636995 0.000000 0.770868
vn -0.636995 0.000000 0.770868
vn -0.636995 0.000000 0.770868
vn -0.636995 -0.000004 0.770868
vn -0.636995 0.000000 0.770868
vn -0.636995 0.000000 0.770868
vn -0.636995 -0.000005 0.770868
vn -0.636995 -0.000004 0.770868
vn -0.636995 0.000000 0.770868
vn -0.636995 0.000000 0.770868
vn -0.636995 -0.000005 0.770868
vn -0.636995 0.000000 0.770868
vn -0.636995 0.000000 0.770868
vn -0.636995 0.000000 0.770868
vn -0.636995 0.000000 0.770868
vn -0.588293 0.383492 0.711931
vn -0.588293 0.383492 0.711931
vn -0.588293 0.383492 0.711931
vn -0.588293 0.383492 0.711931
vn -0.505026 -0.609448 0.611164
vn -0.505026 -0.609448 0.611164
vn -0.505026 -0.609448 0.611164
vn -0.505026 -0.609448 0.611164
vn -0.632777 0.114883 0.765764
vn -0.632777 0.114883 0.765764
vn -0.632777 0.114883 0.765764
vn -0.632777 0.114883 0.765764
vn 0.000000 0.000000 0.000000
vn 0.000000 0.000000 0.000000
vn 0.000000 0.000000 0.000000
vn 0.000000 0.000000 0.000000
vn 0.000000 0.000000 0.000000
vn 0.000000 0.000000 0.000000
vn 0.000000 0.000000 0.000000
vn 0.000000 0.000000 0.000000
vn -0.632777 0.114883 0.765764
vn -0.632777 0.114883 0.765764
vn -0.632777 0.114883 0.765764
vn -0.632777 0.114883 0.765764
vn 0.000000 0.000000 0.000000
vn 0.000000 0.000000 0.000000
vn 0.000000 0.000000 0.000000
vn 0.000000 0.000000 0.000000
vn 0.000000 0.000000 0.000000
vn 0.636995 0.000000 -0.770868
vn 0.636995 0.000000 -0.770868
vn 0.000000 0.000000 0.000000
vn -0.636995 0.000000 0.770868
vn 0.000000 0.000000 0.000000
vn 0.000000 0.000000 0.000000
vn -0.636995 0.000000 0.770868
vn 0.000000 0.000000 0.000000
vn -0.636995 0.000000 0.770868
vn -0.636995 0.000000 0.770868
vn 0.000000 0.000000 0.000000
vn 0.000000 0.000000 0.000000
vn 0.000000 0.000000 0.000000
vn 0.000000 0.000000 0.000000
vn 0.000000 0.000000 0.000000
vn -0.636995 0.000000 0.770868
vn -0.636995 0.000000 0.770868
vn -0.636995 0.000000 0.770868
vn -0.636995 0.000000 0.770868
vn -0.620610 -0.225347 0.751040
vn -0.620610 -0.225347 0.751040
vn -0.620610 -0.225347 0.751040
vn -0.620610 -0.225347 0.751040
vn -0.636967 0.009351 0.770834
vn -0.636967 0.009351 0.770834
vn -0.636967 0.009351 0.770834
vn -0.636967 0.009351 0.770834
vn -0.636967 0.009351 0.770834
vn -0.636967 0.009351 0.770834
vn -0.636967 0.009351 0.770834
vn -0.636967 0.009351 0.770834
vn -0.635369 -0.071395 0.768901
vn -0.635369 -0.071395 0.768901
vn -0.635369 -0.071395 0.768901
vn -0.635369 -0.071395 0.768901
vn -0.631534 0.130662 0.764259
vn -0.631534 0.130662 0.764259
vn -0.631534 0.130662 0.764259
vn -0.631534 0.130662 0.764259
vn 0.000000 0.000000 0.000000
vn -0.636995 0.000000 0.770868
vn -0.636995 0.000000 0.770868
vn 0.000000 0.000000 0.000000
vn -0.636995 0.000000 0.770868
vn 0.000000 0.000000 0.000000
vn 0.000000 0.000000 0.000000
vn -0.636995 0.000000 0.770868
vn -0.636995 0.000000 0.770868
vn -0.636995 0.000000 0.770868
vn -0.636995 0.000000 0.770868
vn -0.636995 0.000000 0.770868
vn 0.000000 0.000000 0.000000
vn 0.636995 0.000000 -0.770868
vn 0.636995 0.000000 -0.770868
vn 0.000000 0.000000 0.000000
vn 0.636995 0.000000 -0.770868
vn 0.000000 0.000000 0.000000
vn 0.000000 0.000000 0.000000
vn 0.636995 0.000000 -0.770868
vn 0.000000 0.000000 0.000000
vn 0.000000 0.000000 0.000000
vn 0.000000 0.000000 0.000000
vn 0.000000 0.000000 0.000000
vn 0.636995 0.000000 -0.770868
vn 0.636995 0.000000 -0.770868
vn 0.636995 0.000000 -0.770868
vn 0.636995 0.000000 -0.770868
vn 0.636185 -0.050423 -0.769888
vn 0.636185 -0.050423 -0.769888
vn 0.636185 -0.050423 -0.769888
vn 0.636185 -0.050423 -0.769888
vn -0.636995 -0.000003 0.770868
vn -0.636995 -0.000003 0.770868
vn -0.636995 -0.000003 0.770868
vn -0.636995 -0.000003 0.770868
vn -0.636995 -0.000003 0.770868
vn -0.636995 -0.000003 0.770868
vn -0.636995 -0.000003 0.770868
vn -0.636995 -0.000003 0.770868
vn -0.636995 -0.000003 0.770868
vn -0.636995 -0.000003 0.770868
vn -0.636995 -0.000003 0.770868
vn -0.636995 -0.000003 0.770868
vn -0.636995 0.000000 0.770868
vn -0.636995 0.000000 0.770868
vn -0.636995 0.000000 0.770868
vn -0.636995 0.000000 0.770868
vn -0.636995 0.000000 0.770868
vn -0.636995 0.000000 0.770868
vn -0.636995 0.000000 0.770868
vn -0.636995 0.000000 0.770868
vn -0.636995 0.000003 0.770868
vn -0.636995 0.000003 0.770868
vn -0.636995 0.000003 0.770868
vn -0.636995 0.000003 0.770868
vn -0.636995 0.000000 0.770868
vn -0.636995 0.000000 0.770868
vn -0.636995 0.000000 0.770868
vn -0.636995 0.000000 0.770868
vn -0.636995 0.000001 0.770868
vn -0.636995 0.000001 0.770868
vn -0.636995 0.000001 0.770868
vn -0.636995 0.000001 0.770868
vn -0.636995 0.000000 0.770868
vn -0.636995 0.000000 0.770868
vn -0.636995 0.000000 0.770868
vn -0.636995 0.000000 0.770868
vn -0.636995 0.000000 0.770868
vn -0.636995 0.000000 0.770868
vn -0.636995 0.000000 0.770868
vn -0.636995 0.000000 0.770868
vn -0.636995 0.000003 0.770868
vn -0.636995 0.000003 0.770868
vn -0.636995 0.000003 0.770868
vn -0.636995 0.000003 0.770868
vn -0.636995 0.000000 0.770868
vn -0.636995 0.000000 0.770868
vn -0.636995 0.000000 0.770868
vn -0.636995 0.000000 0.770868
vn -0.636995 0.000000 0.770868
vn -0.636995 0.000000 0.770868
vn -0.636995 0.000000 0.770868
vn -0.636995 0.000000 0.770868
vn -0.636995 0.000000 0.770868
vn -0.636995 0.000000 0.770868
vn -0.636995 0.000000 0.770868
vn -0.636995 0.000000 0.770868
vn -0.636995 0.000000 0.770868
vn -0.636995 0.000000 0.770868
vn -0.636995 0.000000 0.770868
vn -0.636995 0.000000 0.770868
vn -0.636995 -0.000003 0.770868
vn -0.636995 -0.000003 0.770868
vn -0.636995 -0.000003 0.770868
vn -0.636995 -0.000003 0.770868
vn -0.636995 0.000000 0.770868
vn -0.636995 0.000000 0.770868
vn -0.636995 0.000000 0.770868
vn -0.636995 0.000000 0.770868
vn -0.636995 0.000000 0.770868
vn -0.636995 0.000000 0.770868
vn -0.636995 0.000000 0.770868
vn -0.636995 0.000000 0.770868
vn -0.636995 0.000000 0.770868
vn -0.636995 0.000000 0.770868
vn -0.636995 0.000000 0.770868
vn -0.636995 0.000000 0.770868
vn -0.636995 0.000000 0.770868
vn -0.636995 0.000000 0.770868
vn -0.636995 0.000000 0.770868
vn -0.636995 0.000000 0.770868
vn -0.636995 -0.000015 0.770868
vn -0.636995 -0.000015 0.770868
vn -0.636995 -0.000015 0.770868
vn -0.636995 -0.000015 0.770868
vn -0.636995 0.000016 0.770868
vn -0.636995 0.000016 0.770868
vn -0.636995 0.000016 0.770868
vn -0.636995 0.000016 0.770868
vn -0.636995 0.000000 0.770868
vn -0.636995 0.000000 0.770868
vn -0.636995 0.000000 0.770868
vn -0.636995 0.000000 0.770868
vn -0.636995 0.000000 0.770868
vn -0.636995 0.000000 0.770868
vn -0.636995 0.000000 0.770868
vn -0.636995 0.000000 0.770868
vn -0.636995 0.000000 0.770868
vn -0.636995 0.000000 0.770868
vn -0.636995 0.000000 0.770868
vn -0.636995 0.000000 0.770868
vn -0.636995 0.000004 0.770868
vn -0.636995 0.000004 0.770868
vn -0.636995 0.000004 0.770868
vn -0.636995 0.000004 0.770868
vn -0.636995 -0.000002 0.770868
vn -0.636995 -0.000002 0.770868
vn -0.636995 -0.000002 0.770868
vn -0.636995 -0.000002 0.770868
vn -0.636995 -0.000001 0.770868
vn -0.636995 -0.000001 0.770868
vn -0.636995 -0.000001 0.770868
vn -0.636995 -0.000001 0.770868
vn -0.636995 0.000001 0.770868
vn -0.636995 0.000001 0.770868
vn -0.636995 0.000001 0.770868
vn -0.636995 0.000001 0.770868
vn -0.636995 0.000001 0.770868
vn -0.636995 0.000001 0.770868
vn -0.636995 0.000001 0.770868
vn -0.636995 0.000001 0.770868
vn -0.636995 0.000002 0.770868
vn -0.636995 0.000002 0.770868
vn -0.636995 0.000002 0.770868
vn -0.636995 0.000002 0.770868
vn -0.636995 -0.000003 0.770868
vn -0.636995 -0.000003 0.770868
vn -0.636995 -0.000003 0.770868
vn -0.636995 -0.000003 0.770868
vn -0.636995 0.000000 0.770868
vn -0.636995 0.000000 0.770868
vn -0.636995 0.000000 0.770868
vn -0.636995 0.000000 0.770868
vn -0.636995 0.000000 0.770868
vn -0.636995 0.000000 0.770868
vn -0.636995 0.000000 0.770868
vn -0.636995 0.000000 0.770868
vn -0.636995 0.000000 0.770868
vn -0.636995 0.000000 0.770868
vn -0.636995 0.000000 0.770868
vn -0.636995 0.000000 0.770868
vn -0.636995 -0.000010 0.770868
vn -0.636995 -0.000010 0.770868
vn -0.636995 -0.000010 0.770868
vn -0.636995 -0.000010 0.770868
vn -0.636995 0.000008 0.770868
vn -0.636995 0.000008 0.770868
vn -0.636995 0.000008 0.770868
vn -0.636995 0.000008 0.770868
vn -0.636995 -0.000008 0.770868
vn -0.636995 -0.000008 0.770868
vn -0.636995 -0.000008 0.770868
vn -0.636995 -0.000008 0.770868
vn -0.636995 0.000000 0.770868
vn -0.636995 0.000000 0.770868
vn -0.636995 0.000000 0.770868
vn -0.636995 0.000000 0.770868
vn -0.636995 0.000000 0.770868
vn -0.636995 0.000000 0.770868
vn -0.636995 0.000000 0.770868
vn -0.636995 0.000000 0.770868
vn -0.360672 -0.883794 -0.298035
vn -0.360672 -0.883794 -0.298035
vn -0.360672 -0.883794 -0.298035
vn -0.360672 -0.883794 -0.298035
vn -0.555413 -0.693452 -0.458957
vn -0.555413 -0.693452 -0.458957
vn -0.555413 -0.693452 -0.458957
vn -0.555413 -0.693452 -0.458957
vn -0.692124 -0.440301 -0.571926
vn -0.692124 -0.440301 -0.571926
vn -0.692124 -0.440301 -0.571926
vn -0.692124 -0.440301 -0.571926
vn -0.762066 -0.150690 -0.629721
vn -0.762066 -0.150690 -0.629721
vn -0.762066 -0.150690 -0.629721
vn -0.762066 -0.150690 -0.629721
vn -0.762065 0.150693 -0.629721
vn -0.762065 0.150693 -0.629721
vn -0.762065 0.150693 -0.629721
vn -0.762065 0.150693 -0.629721
vn -0.692124 0.440301 -0.571926
vn -0.692124 0.440301 -0.571926
vn -0.692124 0.440301 -0.571926
vn -0.692124 0.440301 -0.571926
vn -0.555413 0.693452 -0.458957
vn -0.555413 0.693452 -0.458957
vn -0.555413 0.693452 -0.458957
vn -0.555413 0.693452 -0.458957
vn -0.360656 0.883804 -0.298023
vn -0.360656 0.883804 -0.298023
vn -0.360656 0.883804 -0.298023
vn -0.360656 0.883804 -0.298023
vn 0.360662 0.883800 0.298028
vn 0.360662 0.883800 0.298028
vn 0.360662 0.883800 0.298028
vn 0.360662 0.883800 0.298028
vn 0.555413 0.693452 0.458957
vn 0.555413 0.693452 0.458957
vn 0.555413 0.693452 0.458957
vn 0.555413 0.693452 0.458957
vn 0.692124 0.440301 0.571926
vn 0.692124 0.440301 0.571926
vn 0.692124 0.440301 0.571926
vn 0.692124 0.440301 0.571926
vn 0.762065 0.150693 0.629721
vn 0.762065 0.150693 0.629721
vn 0.762065 0.150693 0.629721
vn 0.762065 0.150693 0.629721
vn 0.762066 -0.150690 0.629721
vn 0.762066 -0.150690 0.629721
vn 0.762066 -0.150690 0.629721
vn 0.762066 -0.150690 0.629721
vn 0.692124 -0.440301 0.571926
vn 0.692124 -0.440301 0.571926
vn 0.692124 -0.440301 0.571926
vn 0.692124 -0.440301 0.571926
vn 0.555413 -0.693452 0.458957
vn 0.555413 -0.693452 0.458957
vn 0.555413 -0.693452 0.458957
vn 0.555413 -0.693452 0.458957
vn 0.360672 -0.883794 0.298035
vn 0.360672 -0.883794 0.298035
vn 0.360672 -0.883794 0.298035
vn 0.360672 -0.883794 0.298035
vn 0.125161 -0.986731 0.103425
vn 0.125161 -0.986731 0.103425
vn 0.125161 -0.986731 0.103425
vn 0.125161 -0.986731 0.103425
vn -0.125161 -0.986731 -0.103425
vn -0.125161 -0.986731 -0.103425
vn -0.125161 -0.986731 -0.103425
vn -0.125161 -0.986731 -0.103425
vn -0.125171 0.986729 -0.103433
vn -0.125171 0.986729 -0.103433
vn -0.125171 0.986729 -0.103433
vn -0.125171 0.986729 -0.103433
vn -0.761165 -0.158165 -0.628977
vn -0.761165 -0.158165 -0.628977
vn -0.761165 -0.158165 -0.628977
vn -0.761165 -0.158165 -0.628977
vn 0.125169 0.986729 0.103432
vn 0.125169 0.986729 0.103432
vn 0.125169 0.986729 0.103432
vn 0.125169 0.986729 0.103432
vn 0.761165 -0.158167 0.628977
vn 0.761165 -0.158167 0.628977
vn 0.761165 -0.158167 0.628977
vn 0.761165 -0.158167 0.628977
s 1
g Door
f 1/1/1 378/2/2 379/3/3 6/4/4
f 13/5/5 386/6/6 365/7/7 2/8/8
f 11/9/9 12/10/10 4/11/11 5/12/12
f 10/13/13 15/14/14 16/15/15 3/16/16
f 9/17/17 14/18/18 23/19/19 24/20/20
f 8/21/21 7/22/22 21/23/23 22/24/24
f 6/4/4 379/3/3 380/25/25 327/26/26
s 7
f 41/27/27 362/28/28 363/29/29 44/30/30
s 1
f 348/31/31 349/32/32 11/9/9 5/12/12
f 18/33/33 17/34/34 12/10/10 11/9/9
s 8
f 350/35/35 351/36/36 47/37/37 48/38/38
s 1
f 20/39/39 19/40/40 15/14/14 10/13/13
f 35/41/41 36/42/42 17/34/34 18/33/33
f 18/33/33 352/43/43 353/44/44 35/41/41
f 33/45/45 34/46/46 19/40/40 20/39/39
f 24/20/20 23/19/19 39/47/47 40/48/48
f 38/49/49 360/50/50 361/51/51 22/24/24
f 22/24/24 21/23/23 37/52/52 38/49/49
f 25/53/53 26/54/54 30/55/55 29/56/56
f 31/57/57 356/58/58 357/59/59 27/60/60
f 27/60/60 28/61/61 32/62/62 31/57/57
f 29/56/56 30/55/55 34/46/46 33/45/45
s 11
f 114/63/63 354/64/64 355/65/65 116/66/66
s 1
f 31/57/57 32/62/62 36/42/42 35/41/41
f 38/49/49 37/52/52 28/61/61 27/60/60
s 12
f 118/67/67 358/68/68 359/69/69 120/70/70
s 1
f 40/48/48 39/47/47 26/54/54 25/53/53
s 13
f 22/24/71 361/51/72 362/28/73 41/27/74
s off
f 23/19/75 14/18/76 43/71/77 42/72/78
s 14
f 363/29/79 364/73/80 8/21/81 44/30/82
s off
f 8/21/83 22/24/84 41/27/85 44/30/86
f 15/14/87 19/40/88 45/74/89 46/75/90
s 15
f 351/36/91 352/43/92 18/33/93 47/37/94
s off
f 18/33/95 11/9/96 48/38/97 47/37/98
s 16
f 11/9/99 349/32/100 350/35/101 48/38/102
s 1
f 16/15/15 15/14/14 50/76/103 49/77/104
s 16
f 51/78/105 50/76/106 15/14/107 46/75/108
s 8
f 46/75/109 45/74/110 52/79/111 51/78/112
s 15
f 19/40/113 53/80/114 52/79/115 45/74/116
s 1
f 54/81/117 53/80/118 19/40/40 34/46/46
s 20
f 106/82/119 105/83/120 107/84/121 108/85/122
f 109/86/123 106/82/119 108/85/122 110/87/124
f 111/88/125 109/86/123 110/87/124 112/89/126
s 1
f 58/90/127 57/91/128 39/47/47 23/19/19
s 13
f 59/92/129 58/90/130 23/19/131 42/72/132
s 7
f 60/93/133 59/92/134 42/72/135 43/71/136
s 14
f 14/18/137 61/94/138 60/93/139 43/71/140
s 1
f 62/95/141 385/96/142 386/6/6 13/5/5
f 49/77/104 50/76/103 89/97/143 90/98/144
s 16
f 88/99/145 89/97/146 50/76/106 51/78/105
s 8
f 51/78/112 52/79/111 87/100/147 88/99/148
s 15
f 52/79/115 53/80/114 86/101/149 87/100/150
s 1
f 85/102/151 86/101/152 53/80/118 54/81/117
f 84/103/153 85/102/151 54/81/117 55/104/154
f 83/105/155 84/103/153 55/104/154 56/106/156
f 82/107/157 83/105/155 56/106/156 57/91/128
f 81/108/158 82/107/157 57/91/128 58/90/127
s 13
f 80/109/159 81/108/160 58/90/130 59/92/129
s 7
f 79/110/161 80/109/162 59/92/134 60/93/133
s 14
f 60/93/139 61/94/138 78/111/163 79/110/164
s 1
f 77/112/165 384/113/166 385/96/142 62/95/141
f 76/114/167 382/115/168 383/116/169 104/117/170
s 14
f 102/118/171 103/119/172 75/120/173 74/121/174
s 7
f 74/121/175 73/122/176 101/123/177 102/118/178
s 13
f 73/122/179 72/124/180 100/125/181 101/123/182
s 1
f 72/124/183 71/126/184 99/127/185 100/125/186
f 71/126/184 70/128/187 98/129/188 99/127/185
f 70/128/187 69/130/189 97/131/190 98/129/188
f 69/130/189 68/132/191 96/133/192 97/131/190
f 68/132/191 67/134/193 95/135/194 96/133/192
s 15
f 94/136/195 95/135/196 67/134/197 66/137/198
s 8
f 93/138/199 94/136/200 66/137/201 65/139/202
s 16
f 65/139/203 64/140/204 92/141/205 93/138/206
s 1
f 91/142/207 92/141/208 64/140/209 63/143/210
f 90/98/144 89/97/143 92/141/208 91/142/207
s 16
f 93/138/206 92/141/205 89/97/146 88/99/145
s 8
f 88/99/148 87/100/147 94/136/200 93/138/199
s 15
f 87/100/150 86/101/149 95/135/196 94/136/195
s 1
f 96/133/192 95/135/194 86/101/152 85/102/151
s 29
f 122/144/211 121/145/212 123/146/213 124/147/214
f 125/148/215 122/144/211 124/147/214 126/149/216
f 127/150/217 125/148/215 126/149/216 128/151/218
s 1
f 100/125/186 99/127/185 82/107/157 81/108/158
s 13
f 101/123/182 100/125/181 81/108/160 80/109/159
s 7
f 102/118/178 101/123/177 80/109/162 79/110/161
s 14
f 79/110/164 78/111/163 103/119/172 102/118/171
s 1
f 104/117/170 383/116/169 384/113/166 77/112/165
s 30
f 55/104/219 54/81/220 105/83/221 106/82/222
s off
f 54/81/223 34/46/224 107/84/225 105/83/226
s 31
f 34/46/227 30/55/228 108/85/229 107/84/230
s 30
f 56/106/231 55/104/219 106/82/222 109/86/232
s 31
f 30/55/228 26/54/233 110/87/234 108/85/229
s 30
f 57/91/235 56/106/231 109/86/232 111/88/236
s 31
f 26/54/233 39/47/237 112/89/238 110/87/234
s off
f 39/47/239 57/91/240 111/88/241 112/89/242
s 32
f 35/41/243 353/44/244 354/64/245 114/63/246
s off
f 68/132/247 69/130/248 115/152/249 113/153/250
s 33
f 355/65/251 356/58/252 31/57/253 116/66/254
s off
f 31/57/255 35/41/256 114/63/257 116/66/258
s 34
f 27/60/259 357/59/260 358/68/261 118/67/262
s off
f 70/128/263 71/126/264 119/154/265 117/155/266
s 35
f 359/69/267 360/50/268 38/49/269 120/70/270
s off
f 38/49/271 27/60/272 118/67/273 120/70/274
s 36
f 97/131/275 96/133/276 121/145/277 122/144/278
s off
f 96/133/279 85/102/280 123/146/281 121/145/282
s 37
f 85/102/283 84/103/284 124/147/285 123/146/286
s 36
f 98/129/287 97/131/275 122/144/278 125/148/288
s 37
f 84/103/284 83/105/289 126/149/290 124/147/285
s 36
f 99/127/291 98/129/287 125/148/288 127/150/292
s 37
f 83/105/289 82/107/293 128/151/294 126/149/290
s off
f 82/107/295 99/127/296 127/150/297 128/151/298
s 38
f 134/156/299 129/157/300 1/1/301 6/4/302
s 39
f 365/158/303 366/159/304 130/160/305 2/8/306
s 40
f 132/161/307 133/162/308 5/163/309 4/164/310
s 41
f 129/165/311 377/166/312 378/167/313 1/168/314
s 40
f 140/169/315 131/170/316 3/171/317 16/172/318
s 38
f 130/160/319 139/173/320 13/5/321 2/8/322
s 41
f 138/174/323 132/161/324 4/164/325 12/175/326
s 39
f 131/170/327 137/176/328 10/177/329 3/171/330
f 144/178/331 136/179/332 9/180/333 24/181/334
s 41
f 135/182/335 143/183/336 21/184/337 7/185/338
s 38
f 327/26/339 328/186/340 134/156/299 6/4/302
s 40
f 133/162/308 347/187/341 348/188/342 5/163/309
s 41
f 141/189/343 138/174/323 12/175/326 17/190/344
s 39
f 137/176/328 142/191/345 20/192/346 10/177/329
s 41
f 150/193/347 141/189/343 17/190/344 36/194/348
s 39
f 142/191/345 149/195/349 33/196/350 20/192/346
f 152/197/351 144/178/331 24/181/334 40/198/352
s 41
f 143/183/336 151/199/353 37/200/354 21/184/337
s 39
f 147/201/355 145/202/356 25/203/357 29/204/358
s 41
f 146/205/359 148/206/360 32/207/361 28/208/362
s 39
f 149/195/349 147/201/355 29/204/358 33/196/350
s 41
f 148/206/360 150/193/347 36/194/348 32/207/361
f 151/199/353 146/205/359 28/208/362 37/200/354
s 39
f 145/202/356 152/197/351 40/198/352 25/203/357
s 40
f 153/209/363 140/169/315 16/172/318 49/210/364
s 38
f 139/173/320 154/211/365 62/95/366 13/5/321
s 40
f 158/212/367 153/209/363 49/210/364 90/213/368
s 38
f 154/211/365 157/214/369 77/112/370 62/95/366
f 160/215/371 156/216/372 76/114/373 104/117/374
s 40
f 155/217/375 159/218/376 91/219/377 63/220/378
f 159/218/376 158/212/367 90/213/368 91/219/377
s 38
f 157/214/369 160/215/371 104/117/374 77/112/370
s 52
f 161/221/379 166/222/380 375/223/381 376/224/382
f 173/225/383 162/226/384 367/227/385 368/228/386
f 171/229/387 165/230/388 164/231/389 172/232/390
f 170/233/391 163/234/392 176/235/393 175/236/394
f 169/237/395 184/238/396 183/239/397 174/240/398
f 168/241/399 182/242/400 181/243/401 167/244/402
f 166/222/380 329/245/403 374/246/404 375/223/381
s 58
f 201/247/405 204/248/406 331/249/407 332/250/408
s 52
f 345/251/409 346/252/410 165/230/388 171/229/387
f 178/253/411 171/229/387 172/232/390 177/254/412
s 59
f 343/255/413 344/256/414 208/257/415 207/258/416
s 52
f 180/259/417 170/233/391 175/236/394 179/260/418
f 195/261/419 178/253/411 177/254/412 196/262/420
f 178/253/411 195/261/419 341/263/421 342/264/422
f 193/265/423 180/259/417 179/260/418 194/266/424
f 184/238/396 200/267/425 199/268/426 183/239/397
f 198/269/427 182/242/400 333/270/428 334/271/429
f 182/242/400 198/269/427 197/272/430 181/243/401
f 185/273/431 189/274/432 190/275/433 186/276/434
f 191/277/435 187/278/436 337/279/437 338/280/438
f 187/278/436 191/277/435 192/281/439 188/282/440
f 189/274/432 193/265/423 194/266/424 190/275/433
s 61
f 274/283/441 276/284/442 339/285/443 340/286/444
s 52
f 191/277/435 195/261/419 196/262/420 192/281/439
f 198/269/427 187/278/436 188/282/440 197/272/430
s 62
f 278/287/445 280/288/446 335/289/447 336/290/448
s 52
f 200/267/425 185/273/431 186/276/434 199/268/426
s 63
f 182/242/449 201/247/450 332/250/451 333/270/452
s off
f 183/239/453 202/291/454 203/292/455 174/240/456
s 64
f 330/293/457 331/249/458 204/248/459 168/241/460
s off
f 168/241/461 204/248/462 201/247/463 182/242/464
f 175/236/465 206/294/466 205/295/467 179/260/468
s 65
f 342/264/469 343/255/470 207/258/471 178/253/472
s off
f 178/253/473 207/258/474 208/257/475 171/229/476
s 66
f 171/229/477 208/257/478 344/256/479 345/251/480
s 52
f 176/235/393 209/296/481 210/297/482 175/236/394
s 66
f 211/298/483 206/294/484 175/236/485 210/297/486
s 59
f 206/294/487 211/298/488 212/299/489 205/295/490
s 65
f 179/260/491 205/295/492 212/299/493 213/300/494
s 52
f 214/301/495 194/266/424 179/260/418 213/300/496
s 70
f 266/302/497 268/303/498 267/304/499 265/305/500
f 269/306/501 270/307/502 268/303/498 266/302/497
f 271/308/503 272/309/504 270/307/502 269/306/501
s 52
f 218/310/505 183/239/397 199/268/426 217/311/506
s 63
f 219/312/507 202/291/508 183/239/509 218/310/510
s 58
f 220/313/511 203/292/512 202/291/513 219/312/514
s 64
f 174/240/515 203/292/516 220/313/517 221/314/518
s 52
f 222/315/519 173/225/383 368/228/386 369/316/520
f 209/296/481 250/317/521 249/318/522 210/297/482
s 66
f 248/319/523 211/298/483 210/297/486 249/318/524
s 59
f 211/298/488 248/319/525 247/320/526 212/299/489
s 65
f 212/299/493 247/320/527 246/321/528 213/300/494
s 52
f 245/322/529 214/301/495 213/300/496 246/321/530
f 244/323/531 215/324/532 214/301/495 245/322/529
f 243/325/533 216/326/534 215/324/532 244/323/531
f 242/327/535 217/311/506 216/326/534 243/325/533
f 241/328/536 218/310/505 217/311/506 242/327/535
s 63
f 240/329/537 219/312/507 218/310/510 241/328/538
s 58
f 239/330/539 220/313/511 219/312/514 240/329/540
s 64
f 220/313/517 239/330/541 238/331/542 221/314/518
s 52
f 237/332/543 222/315/519 369/316/520 370/333/544
f 236/334/545 264/335/546 371/336/547 372/337/548
s 64
f 262/338/549 234/339/550 235/340/551 263/341/552
s 58
f 234/339/553 262/338/554 261/342/555 233/343/556
s 63
f 233/343/557 261/342/558 260/344/559 232/345/560
s 52
f 232/345/561 260/344/562 259/346/563 231/347/564
f 231/347/564 259/346/563 258/348/565 230/349/566
f 230/349/566 258/348/565 257/350/567 229/351/568
f 229/351/568 257/350/567 256/352/569 228/353/570
f 228/353/570 256/352/569 255/354/571 227/355/572
s 65
f 254/356/573 226/357/574 227/355/575 255/354/576
s 59
f 253/358/577 225/359/578 226/357/579 254/356/580
s 66
f 225/359/581 253/358/582 252/360/583 224/361/584
s 52
f 251/362/585 223/363/586 224/361/587 252/360/588
f 250/317/521 251/362/585 252/360/588 249/318/522
s 66
f 253/358/582 248/319/523 249/318/524 252/360/583
s 59
f 248/319/525 253/358/577 254/356/580 247/320/526
s 65
f 247/320/527 254/356/573 255/354/576 246/321/528
s 52
f 256/352/569 245/322/529 246/321/530 255/354/571
s 78
f 282/364/589 284/365/590 283/366/591 281/367/592
f 285/368/593 286/369/594 284/365/590 282/364/589
f 287/370/595 288/371/596 286/369/594 285/368/593
s 52
f 260/344/562 241/328/536 242/327/535 259/346/563
s 63
f 261/342/558 240/329/537 241/328/538 260/344/559
s 58
f 262/338/554 239/330/539 240/329/540 261/342/555
s 64
f 239/330/541 262/338/549 263/341/552 238/331/542
s 52
f 264/335/546 237/332/543 370/333/544 371/336/547
s 79
f 215/324/597 266/302/598 265/305/599 214/301/600
s off
f 214/301/601 265/305/602 267/304/603 194/266/604
s 80
f 194/266/605 267/304/606 268/303/607 190/275/608
s 79
f 216/326/609 269/306/610 266/302/598 215/324/597
s 80
f 190/275/608 268/303/607 270/307/611 186/276/612
s 79
f 217/311/613 271/308/614 269/306/610 216/326/609
s 80
f 186/276/612 270/307/611 272/309/615 199/268/616
s off
f 199/268/617 272/309/618 271/308/619 217/311/620
s 81
f 195/261/621 274/283/622 340/286/623 341/263/624
s off
f 228/353/625 273/372/626 275/373/627 229/351/628
s 82
f 338/280/629 339/285/630 276/284/631 191/277/632
s off
f 191/277/633 276/284/634 274/283/635 195/261/636
s 83
f 187/278/637 278/287/638 336/290/639 337/279/640
s off
f 230/349/641 277/374/642 279/375/643 231/347/644
s 84
f 334/271/645 335/289/646 280/288/647 198/269/648
s off
f 198/269/649 280/288/650 278/287/651 187/278/652
s 85
f 257/350/653 282/364/654 281/367/655 256/352/656
s off
f 256/352/657 281/367/658 283/366/659 245/322/660
s 86
f 245/322/661 283/366/662 284/365/663 244/323/664
s 85
f 258/348/665 285/368/666 282/364/654 257/350/653
s 86
f 244/323/664 284/365/663 286/369/667 243/325/668
s 85
f 259/346/669 287/370/670 285/368/666 258/348/665
s 86
f 243/325/668 286/369/667 288/371/671 242/327/672
s off
f 242/327/673 288/371/674 287/370/675 259/346/676
s 38
f 134/376/299 166/222/677 161/221/678 129/377/300
s 39
f 366/378/304 367/379/679 162/226/680 130/380/305
s 40
f 132/381/307 164/382/681 165/383/682 133/384/308
s 41
f 129/385/311 161/386/683 376/387/684 377/388/312
s 40
f 140/389/315 176/390/685 163/391/686 131/392/316
s 38
f 130/380/319 162/226/687 173/225/688 139/393/320
s 41
f 138/394/323 172/395/689 164/382/690 132/381/324
s 39
f 131/392/327 163/391/691 170/396/692 137/397/328
f 144/398/331 184/399/693 169/400/694 136/401/332
s 41
f 135/402/335 167/403/695 181/404/696 143/405/336
s 38
f 328/406/340 329/245/697 166/222/677 134/376/299
s 40
f 133/384/308 165/383/682 346/407/698 347/408/341
s 41
f 141/409/343 177/410/699 172/395/689 138/394/323
s 39
f 137/397/328 170/396/692 180/411/700 142/412/345
s 41
f 150/413/347 196/414/701 177/410/699 141/409/343
s 39
f 142/412/345 180/411/700 193/415/702 149/416/349
f 152/417/351 200/418/703 184/399/693 144/398/331
s 41
f 143/405/336 181/404/696 197/419/704 151/420/353
s 39
f 147/421/355 189/422/705 185/423/706 145/424/356
s 41
f 146/425/359 188/426/707 192/427/708 148/428/360
s 39
f 149/416/349 193/415/702 189/422/705 147/421/355
s 41
f 148/428/360 192/427/708 196/414/701 150/413/347
f 151/420/353 197/419/704 188/426/707 146/425/359
s 39
f 145/424/356 185/423/706 200/418/703 152/417/351
s 40
f 153/429/363 209/430/709 176/390/685 140/389/315
s 38
f 139/393/320 173/225/688 222/315/710 154/431/365
s 40
f 158/432/367 250/433/711 209/430/709 153/429/363
s 38
f 154/431/365 222/315/710 237/332/712 157/434/369
f 160/435/371 264/335/713 236/334/714 156/436/372
s 40
f 155/437/375 223/438/715 251/439/716 159/440/376
f 159/440/376 251/439/716 250/433/711 158/432/367
s 38
f 157/434/369 237/332/712 264/335/713 160/435/371
f 156/216/372 290/441/717 289/442/718 76/114/373
f 156/436/372 236/334/714 291/443/719 290/444/717
s 52
f 372/337/548 373/445/720 291/443/721 236/334/545
s 64
f 234/339/550 293/446/722 292/447/723 235/340/551
s 58
f 294/448/724 293/446/725 234/339/553 233/343/556
s 63
f 295/449/726 294/448/727 233/343/557 232/345/560
s 52
f 296/450/728 295/449/729 232/345/561 231/347/564
s 84
f 231/347/730 279/375/731 297/451/732 296/450/733
s 62
f 298/452/734 297/451/735 279/375/736 277/374/737
s 83
f 299/453/738 298/452/739 277/374/740 230/349/741
s 52
f 300/454/742 299/453/743 230/349/566 229/351/568
s 82
f 229/351/744 275/373/745 301/455/746 300/454/747
s 61
f 302/456/748 301/455/749 275/373/750 273/372/751
s 81
f 303/457/752 302/456/753 273/372/754 228/353/755
s 52
f 304/458/756 303/457/757 228/353/570 227/355/572
s 65
f 226/357/574 305/459/758 304/458/759 227/355/575
s 59
f 225/359/578 306/460/760 305/459/761 226/357/579
s 66
f 307/461/762 306/460/763 225/359/581 224/361/584
s 52
f 223/363/586 308/462/764 307/461/765 224/361/587
s 40
f 309/463/766 308/464/767 223/438/715 155/437/375
f 310/465/768 309/466/766 155/217/375 63/220/378
s 1
f 63/143/210 64/140/209 311/467/769 310/468/770
s 16
f 312/469/771 311/467/772 64/140/204 65/139/203
s 8
f 65/139/202 66/137/201 313/470/773 312/469/774
s 15
f 66/137/198 67/134/197 314/471/775 313/470/776
s 1
f 315/472/777 314/471/778 67/134/193 68/132/191
s 32
f 316/473/779 315/472/780 68/132/781 113/153/782
s 11
f 317/474/783 316/473/784 113/153/785 115/152/786
s 33
f 69/130/787 318/475/788 317/474/789 115/152/790
s 1
f 319/476/791 318/475/792 69/130/189 70/128/187
s 34
f 320/477/793 319/476/794 70/128/795 117/155/796
s 12
f 321/478/797 320/477/798 117/155/799 119/154/800
s 35
f 71/126/801 322/479/802 321/478/803 119/154/804
s 1
f 323/480/805 322/479/806 71/126/184 72/124/183
s 13
f 324/481/807 323/480/808 72/124/180 73/122/179
s 7
f 325/482/809 324/481/810 73/122/176 74/121/175
s 14
f 74/121/174 75/120/173 326/483/811 325/482/812
s 1
f 289/442/813 381/484/814 382/115/168 76/114/167
s 38
f 289/442/718 290/441/717 328/186/340 327/26/339
f 290/444/717 291/443/719 329/245/697 328/406/340
s 52
f 373/445/720 374/246/404 329/245/403 291/443/721
s 64
f 292/447/723 293/446/722 331/249/458 330/293/457
s 58
f 332/250/408 331/249/407 293/446/725 294/448/724
s 63
f 333/270/452 332/250/451 294/448/727 295/449/726
s 52
f 334/271/429 333/270/428 295/449/729 296/450/728
s 84
f 296/450/733 297/451/732 335/289/646 334/271/645
s 62
f 336/290/448 335/289/447 297/451/735 298/452/734
s 83
f 337/279/640 336/290/639 298/452/739 299/453/738
s 52
f 338/280/438 337/279/437 299/453/743 300/454/742
s 82
f 300/454/747 301/455/746 339/285/630 338/280/629
s 61
f 340/286/444 339/285/443 301/455/749 302/456/748
s 81
f 341/263/624 340/286/623 302/456/753 303/457/752
s 52
f 342/264/422 341/263/421 303/457/757 304/458/756
s 65
f 304/458/759 305/459/758 343/255/470 342/264/469
s 59
f 305/459/761 306/460/760 344/256/414 343/255/413
s 66
f 345/251/480 344/256/479 306/460/763 307/461/762
s 52
f 307/461/765 308/462/764 346/252/410 345/251/409
s 40
f 347/408/341 346/407/698 308/464/767 309/463/766
f 348/188/342 347/187/341 309/466/766 310/465/768
s 1
f 310/468/770 311/467/769 349/32/32 348/31/31
s 16
f 350/35/101 349/32/100 311/467/772 312/469/771
s 8
f 312/469/774 313/470/773 351/36/36 350/35/35
s 15
f 313/470/776 314/471/775 352/43/92 351/36/91
s 1
f 353/44/44 352/43/43 314/471/778 315/472/777
s 32
f 354/64/245 353/44/244 315/472/780 316/473/779
s 11
f 355/65/65 354/64/64 316/473/784 317/474/783
s 33
f 317/474/789 318/475/788 356/58/252 355/65/251
s 1
f 357/59/59 356/58/58 318/475/792 319/476/791
s 34
f 358/68/261 357/59/260 319/476/794 320/477/793
s 12
f 359/69/69 358/68/68 320/477/798 321/478/797
s 35
f 321/478/803 322/479/802 360/50/268 359/69/267
s 1
f 361/51/51 360/50/50 322/479/806 323/480/805
s 13
f 362/28/73 361/51/72 323/480/808 324/481/807
s 7
f 363/29/29 362/28/28 324/481/810 325/482/809
s 14
f 325/482/812 326/483/811 364/73/80 363/29/79
s 1
f 327/26/26 380/25/25 381/484/814 289/442/813
s 39
f 136/179/332 399/485/815 400/486/816 9/180/333
f 136/401/332 169/400/694 398/487/817 399/488/815
s 52
f 397/489/818 398/490/819 169/237/395 174/240/398
f 396/491/820 397/489/818 174/240/398 221/314/821
f 395/492/822 396/491/820 221/314/821 238/331/823
f 394/493/824 395/492/822 238/331/823 263/341/825
f 393/494/826 394/493/824 263/341/825 235/340/827
f 292/447/828 392/495/829 393/494/826 235/340/827
f 330/293/830 391/496/831 392/495/829 292/447/828
f 390/497/832 391/496/831 330/293/830 168/241/399
f 389/498/833 390/497/832 168/241/399 167/244/402
s 41
f 388/499/834 389/500/835 167/403/695 135/402/335
f 387/501/836 388/502/834 135/182/335 7/185/338
s 1
f 408/503/837 387/504/838 7/22/22 8/21/21
f 407/505/839 408/503/837 8/21/21 364/73/840
f 406/506/841 407/505/839 364/73/840 326/483/842
f 405/507/843 406/506/841 326/483/842 75/120/844
f 404/508/845 405/507/843 75/120/844 103/119/846
f 403/509/847 404/508/845 103/119/846 78/111/848
f 402/510/849 403/509/847 78/111/848 61/94/850
f 401/511/851 402/510/849 61/94/850 14/18/18
f 400/512/852 401/511/851 14/18/18 9/17/17
s 41
f 378/167/313 377/166/312 388/502/834 387/501/836
f 377/388/312 376/387/684 389/500/835 388/499/834
s 52
f 376/224/382 375/223/381 390/497/832 389/498/833
f 375/223/381 374/246/404 391/496/831 390/497/832
s off
f 410/513/853 409/514/854 411/515/855 412/516/856
s 52
f 393/494/826 392/495/829 373/445/720 372/337/548
f 372/337/548 371/336/547 394/493/824 393/494/826
f 371/336/547 370/333/544 395/492/822 394/493/824
f 370/333/544 369/316/520 396/491/820 395/492/822
f 369/316/520 368/228/386 397/489/818 396/491/820
f 368/228/386 367/227/385 398/490/819 397/489/818
s 39
f 399/488/815 398/487/817 367/379/679 366/378/304
f 400/486/816 399/485/815 366/159/304 365/158/303
s 1
f 365/7/7 386/6/6 401/511/851 400/512/852
f 386/6/6 385/96/142 402/510/849 401/511/851
f 385/96/142 384/113/166 403/509/847 402/510/849
f 384/113/166 383/116/169 404/508/845 403/509/847
f 383/116/169 382/115/168 405/507/843 404/508/845
f 382/115/168 381/484/814 406/506/841 405/507/843
f 380/25/25 379/3/3 408/503/837 407/505/839
f 379/3/3 378/2/2 387/504/838 408/503/837
s off
f 392/495/857 391/496/858 409/514/859 410/513/860
f 391/496/861 374/246/862 411/515/863 409/514/864
f 374/246/865 373/445/866 412/516/867 411/515/868
f 373/445/869 392/495/870 410/513/871 412/516/872
s 87
f 477/517/873 478/518/874 487/519/875 488/520/876
s off
f 415/521/877 416/522/878 424/523/879 421/524/880
s 88
f 483/525/881 484/526/882 481/527/883 482/528/884
s off
f 422/529/885 423/530/886 414/531/887 413/532/888
s 89
f 478/518/889 479/533/890 486/534/891 487/519/892
s off
f 419/535/893 420/536/894 428/537/895 425/538/896
s 89
f 484/539/897 485/540/898 480/541/899 481/542/900
s off
f 426/543/901 427/544/902 418/545/903 417/546/904
s 91
f 450/547/905 449/548/906 505/549/907 506/550/908
s 89
f 497/551/909 498/552/910 486/534/891 479/533/890
s 92
f 489/553/911 490/554/912 475/555/913 476/556/914
s off
f 421/524/915 424/523/916 429/557/917 430/558/918
s 93
f 424/523/919 499/559/920 500/560/921 429/557/922
s off
f 427/544/923 426/543/924 432/561/925 431/562/926
f 430/558/927 429/557/928 433/563/929 434/564/930
s 94
f 429/557/931 500/560/932 501/565/933 433/563/934
s off
f 431/562/935 432/561/936 436/566/937 435/567/938
f 434/564/939 433/563/940 437/568/941 438/569/942
s 95
f 433/563/943 501/565/944 502/570/945 437/568/946
s off
f 435/567/947 436/566/948 440/571/949 439/572/950
f 438/569/951 437/568/952 441/573/953 442/574/954
s 96
f 437/568/955 502/570/956 503/575/957 441/573/958
s off
f 439/572/959 440/571/960 444/576/961 443/577/962
f 442/574/963 441/573/964 445/578/965 446/579/966
s 97
f 441/573/967 503/575/968 504/580/969 445/578/970
s off
f 443/577/971 444/576/972 448/581/973 447/582/974
f 446/579/975 445/578/976 449/548/977 450/547/978
s 98
f 445/578/979 504/580/980 505/549/981 449/548/982
s off
f 447/582/983 448/581/984 452/583/985 451/584/986
f 425/538/987 428/537/988 453/585/989 454/586/990
s 99
f 495/587/991 496/588/992 423/530/993 455/589/994
s off
f 423/530/995 422/529/996 456/590/997 455/589/998
f 454/586/999 453/585/1000 457/591/1001 458/592/1002
s 100
f 494/593/1003 495/587/1004 455/589/1005 459/594/1006
s off
f 455/589/1007 456/590/1008 460/595/1009 459/594/1010
f 458/592/1011 457/591/1012 461/596/1013 462/597/1014
s 101
f 493/598/1015 494/593/1016 459/594/1017 463/599/1018
s off
f 459/594/1019 460/595/1020 464/600/1021 463/599/1022
f 462/597/1023 461/596/1024 465/601/1025 466/602/1026
s 102
f 492/603/1027 493/598/1028 463/599/1029 467/604/1030
s off
f 463/599/1031 464/600/1032 468/605/1033 467/604/1034
f 466/602/1035 465/601/1036 469/606/1037 470/607/1038
s 103
f 491/608/1039 492/603/1040 467/604/1041 471/609/1042
s off
f 467/604/1043 468/605/1044 472/610/1045 471/609/1046
f 470/607/1047 469/606/1048 473/611/1049 474/612/1050
s 104
f 490/554/1051 491/608/1052 471/609/1053 475/555/1054
s off
f 471/609/1055 472/610/1056 476/556/1057 475/555/1058
s 87
f 413/613/1059 414/614/1060 478/518/874 477/517/873
s 89
f 414/614/1061 423/615/1062 479/533/890 478/518/889
f 496/616/1063 497/551/909 479/533/890 423/615/1062
f 481/542/900 480/541/899 428/617/1064 420/618/1065
s 88
f 482/528/884 481/527/883 420/536/1066 419/535/1067
f 417/546/1068 418/545/1069 484/526/882 483/525/881
s 89
f 427/619/1070 485/540/898 484/539/897 418/620/1071
f 424/621/1072 486/534/891 498/552/910 499/622/1073
f 487/519/892 486/534/891 424/621/1072 416/522/1074
s 87
f 488/520/876 487/519/875 416/522/1075 415/521/1076
s 92
f 474/612/1077 473/611/1078 523/623/1079 524/624/1080
s 104
f 469/606/1081 522/625/1082 523/623/1083 473/611/1084
s 103
f 465/601/1085 521/626/1086 522/625/1087 469/606/1088
s 102
f 461/596/1089 520/627/1090 521/626/1091 465/601/1092
s 101
f 457/591/1093 519/628/1094 520/627/1095 461/596/1096
s 100
f 453/585/1097 518/629/1098 519/628/1099 457/591/1100
s 99
f 428/537/1101 517/630/1102 518/629/1103 453/585/1104
s 89
f 480/541/899 516/631/1105 517/632/1106 428/617/1064
f 485/540/898 515/633/1107 516/631/1105 480/541/899
f 514/634/1108 515/633/1107 485/540/898 427/619/1070
s 93
f 513/635/1109 514/636/1110 427/544/1111 431/562/1112
s 94
f 512/637/1113 513/635/1114 431/562/1115 435/567/1116
s 95
f 511/638/1117 512/637/1118 435/567/1119 439/572/1120
s 96
f 510/639/1121 511/638/1122 439/572/1123 443/577/1124
s 97
f 509/640/1125 510/639/1126 443/577/1127 447/582/1128
s 98
f 508/641/1129 509/640/1130 447/582/1131 451/584/1132
s 91
f 507/642/1133 508/641/1134 451/584/1135 452/583/1136
f 506/550/908 505/549/907 508/641/1134 507/642/1133
s 98
f 505/549/981 504/580/980 509/640/1130 508/641/1129
s 97
f 504/580/969 503/575/968 510/639/1126 509/640/1125
s 96
f 503/575/957 502/570/956 511/638/1122 510/639/1121
s 95
f 502/570/945 501/565/944 512/637/1118 511/638/1117
s 94
f 501/565/933 500/560/932 513/635/1114 512/637/1113
s 93
f 500/560/921 499/559/920 514/636/1110 513/635/1109
s 89
f 499/622/1073 498/552/910 515/633/1107 514/634/1108
f 517/632/1106 516/631/1105 497/551/909 496/616/1063
s 99
f 518/629/1103 517/630/1102 496/588/992 495/587/991
s 100
f 519/628/1099 518/629/1098 495/587/1004 494/593/1003
s 101
f 520/627/1095 519/628/1094 494/593/1016 493/598/1015
s 102
f 521/626/1091 520/627/1090 493/598/1028 492/603/1027
s 103
f 522/625/1087 521/626/1086 492/603/1040 491/608/1039
s 104
f 523/623/1083 522/625/1082 491/608/1052 490/554/1051
s 92
f 524/624/1080 523/623/1079 490/554/912 489/553/911
s off
f 527/643/1137 528/644/1138 526/645/1139 525/646/1140
s 105
f 529/647/1141 530/648/1142 532/649/1143 531/650/1144
f 531/650/1144 532/649/1143 650/651/1145 649/652/1146 538/653/1147
s 106
f 533/654/1148 534/655/1149 536/656/1150 535/657/1151
f 535/658/1151 536/659/1150 537/660/1152 644/661/1153 643/662/1154
s 107
f 525/663/1155 526/664/1156 532/649/1157 530/648/1158
s 108
f 529/647/1159 531/665/1160 536/656/1161 534/655/1162
s 109
f 533/654/1163 535/657/1164 528/644/1165 527/643/1166
s 108
f 536/659/1161 531/650/1160 538/653/1167 537/660/1168
s 110
f 526/664/1169 528/666/1170 552/667/1171 551/668/1172 564/669/1173 566/670/1174
s off
f 539/671/1175 540/672/1176 542/673/1177 541/674/1178
f 541/674/1179 542/673/1180 544/675/1181 543/676/1182
f 543/676/1183 544/675/1184 546/677/1185 545/678/1186
f 545/678/1187 546/677/1188 548/679/1189 547/680/1190
f 547/680/1191 548/679/1192 549/681/1193 550/682/1194
f 539/671/1195 652/683/1196 651/684/1197 540/672/1198
f 551/668/1199 553/685/1200 555/686/1201 554/687/1202
f 554/687/1203 555/686/1204 557/688/1205 556/689/1206
f 556/689/1207 557/688/1208 559/690/1209 558/691/1210
f 558/691/1211 559/690/1212 561/692/1213 560/693/1214
f 560/693/1215 561/692/1216 562/694/1217 563/695/1218
s 109
f 555/686/1219 553/685/1220 539/671/1221 541/674/1222
s off
f 555/686/1223 541/674/1224 543/676/1225 557/688/1226
f 557/688/1227 543/676/1228 545/678/1229 559/690/1230
f 559/690/1231 545/678/1232 547/680/1233 561/692/1234
f 561/692/1235 547/680/1236 550/682/1237 562/694/1238
f 551/668/1239 552/667/1240 553/685/1241
f 634/696/1242 633/697/1243 635/698/1244 636/699/1245 637/700/1246 638/701/1247 639/702/1248 640/703/1249
f 565/704/1250 564/669/1251 568/705/1252 567/706/1253
f 567/706/1254 568/705/1255 570/707/1256 569/708/1257
f 569/708/1258 570/707/1259 572/709/1260 571/710/1261
s 112
f 571/710/1262 572/709/1263 574/711/1264 573/712/1265
f 573/712/1265 574/711/1264 575/713/1266 576/714/1267
s 110
f 568/705/1268 564/669/1173 551/668/1172 554/687/1269
s off
f 568/705/1270 554/687/1271 556/689/1272 570/707/1273
f 570/707/1274 556/689/1275 558/691/1276 572/709/1277
f 572/709/1278 558/691/1279 560/693/1280 574/711/1281
f 574/711/1282 560/693/1283 563/695/1284 575/713/1285
f 564/669/1286 565/704/1287 566/670/1288
f 578/715/1289 577/716/1290 580/717/1291 579/718/1292
f 579/718/1293 580/717/1294 582/719/1295 581/720/1296
f 581/720/1297 582/719/1298 584/721/1299 583/722/1300
f 583/722/1301 584/721/1302 586/723/1303 585/724/1304
f 585/724/1305 586/723/1306 587/725/1307 588/726/1308
s 113
f 542/673/1309 540/672/1310 578/715/1311 579/718/1312
s off
f 542/673/1313 579/718/1314 581/720/1315 544/675/1316
f 544/675/1317 581/720/1318 583/722/1319 546/677/1320
f 546/677/1321 583/722/1322 585/724/1323 548/679/1324
f 548/679/1325 585/724/1326 588/726/1327 549/681/1328
s 107
f 580/717/1329 577/716/1330 565/704/1331 567/706/1332
s off
f 580/717/1333 567/706/1334 569/708/1335 582/719/1336
f 582/719/1337 569/708/1338 571/710/1339 584/721/1340
f 584/721/1341 571/710/1342 573/712/1343 586/723/1344
f 586/723/1345 573/712/1346 576/714/1347 587/725/1348
f 577/716/1349 578/715/1350 653/727/1351 654/728/1352
f 576/714/1353 575/713/1354 589/729/1355 590/730/1356
f 575/713/1357 563/695/1358 591/731/1359 589/729/1360
f 563/695/1361 562/694/1362 592/732/1363 591/731/1364
f 562/694/1365 550/682/1366 593/733/1367 592/732/1368
f 550/682/1369 549/681/1370 594/734/1371 593/733/1372
f 549/681/1373 588/726/1374 595/735/1375 594/734/1376
f 588/726/1377 587/725/1378 596/736/1379 595/735/1380
f 587/725/1381 576/714/1382 590/730/1383 596/736/1384
s 115
f 590/730/1385 589/729/1386 597/737/1387 598/738/1388
s 116
f 589/729/1389 591/731/1390 599/739/1391 597/737/1392
s 117
f 591/731/1393 592/732/1394 600/740/1395 599/739/1396
s 118
f 592/732/1397 593/733/1398 601/741/1399 600/740/1400
s 119
f 593/733/1401 594/734/1402 602/742/1403 601/741/1404
s 120
f 594/734/1405 595/735/1406 603/743/1407 602/742/1408
s 121
f 595/735/1409 596/736/1410 604/744/1411 603/743/1412
s 122
f 596/736/1413 590/730/1414 598/738/1415 604/744/1416
s 115
f 598/738/1388 597/737/1387 605/745/1417 606/746/1418
s 116
f 597/737/1392 599/739/1391 607/747/1419 605/745/1420
s 117
f 599/739/1396 600/740/1395 608/748/1421 607/747/1422
s 118
f 600/740/1400 601/741/1399 609/749/1423 608/748/1424
s 119
f 601/741/1404 602/742/1403 610/750/1425 609/749/1426
s 120
f 602/742/1408 603/743/1407 611/751/1427 610/750/1428
s 121
f 603/743/1412 604/744/1411 612/752/1429 611/751/1430
s 122
f 604/744/1416 598/738/1415 606/746/1431 612/752/1432
s 115
f 606/746/1418 605/745/1417 613/753/1433 614/754/1434
s 116
f 605/745/1420 607/747/1419 615/755/1435 613/753/1436
s 117
f 607/747/1422 608/748/1421 616/756/1437 615/755/1438
s 118
f 608/748/1424 609/749/1423 617/757/1439 616/756/1440
s 119
f 609/749/1426 610/750/1425 618/758/1441 617/757/1442
s 120
f 610/750/1428 611/751/1427 619/759/1443 618/758/1444
s 121
f 611/751/1430 612/752/1429 620/760/1445 619/759/1446
s 122
f 612/752/1432 606/746/1431 614/754/1447 620/760/1448
s 115
f 614/754/1434 613/753/1433 621/761/1449 622/762/1450
s 116
f 613/753/1436 615/755/1435 623/763/1451 621/761/1452
s 117
f 615/755/1438 616/756/1437 624/764/1453 623/763/1454
s 118
f 616/756/1440 617/757/1439 625/765/1455 624/764/1456
s 122
f 620/760/1448 614/754/1447 622/762/1457 626/766/1458
s off
f 622/762/1459 621/761/1460 627/767/1461 628/768/1462
f 621/761/1463 623/763/1464 629/769/1465 627/767/1466
f 623/763/1467 624/764/1468 630/770/1469 629/769/1470
f 624/764/1471 625/765/1472 631/771/1473 630/770/1474
f 626/766/1475 622/762/1476 628/768/1477 632/772/1478
f 628/768/1479 627/767/1480 633/697/1481 634/696/1482
f 627/767/1483 629/769/1484 635/698/1485 633/697/1486
f 629/769/1487 630/770/1488 636/699/1489 635/698/1490
f 630/770/1491 631/771/1492 637/700/1493 636/699/1494
f 632/772/1495 628/768/1496 634/696/1497 640/703/1498
f 645/773/1499 644/661/1500 537/660/1501 538/653/1502 649/652/1503 648/774/1504
s 123
f 641/775/1505 642/776/1506 651/684/1507 652/683/1508
f 642/776/1506 641/775/1505 643/662/1509 645/773/1510
s 124
f 646/777/1511 647/778/1512 654/728/1513 653/727/1514
f 647/778/1512 646/777/1511 648/774/1515 650/651/1516
s 113
f 646/777/1517 642/776/1518 645/773/1519 648/774/1520
s 109
f 528/666/1165 535/658/1164 643/662/1521 641/775/1522
s 107
f 532/649/1157 526/664/1156 647/778/1523 650/651/1524
s 109
f 528/666/1165 641/775/1522 652/683/1525 539/671/1221 553/685/1220 552/667/1526
s 113
f 642/776/1518 646/777/1517 653/727/1527 578/715/1311 540/672/1310 651/684/1528
s 107
f 647/778/1523 526/664/1156 566/670/1529 565/704/1331 577/716/1330 654/728/1530
s 123
f 643/662/1509 644/661/1531 645/773/1510
s 124
f 648/774/1515 649/652/1532 650/651/1516
s off
f 736/779/1533 740/780/1534 715/781/1535 716/782/1536
f 724/783/1537 728/784/1538 707/785/1539 708/786/1540
f 719/787/1541 720/788/1542 742/789/1543 746/790/1544
f 717/791/1545 718/792/1546 738/793/1547 735/794/1548
s 125
f 655/795/1549 661/796/1550 681/797/1551 682/798/1552
s off
f 744/799/1553 741/800/1554 721/801/1555 722/802/1556
s 125
f 677/803/1557 678/804/1558 670/805/1559 658/806/1560
s off
f 711/807/1561 712/808/1562 730/809/1563 734/810/1564
f 748/811/1565 747/812/1566 749/813/1567 750/814/1568
s 125
f 680/815/1569 681/797/1551 661/796/1550 666/816/1570
s off
f 756/817/1571 755/818/1572 757/819/1573 758/820/1574
s 127
f 664/821/1575 665/822/1576 786/823/1577 779/824/1578
s 125
f 781/825/1579 782/826/1580 680/815/1569 666/816/1570
s 128
f 780/827/1581 781/828/1582 666/829/1583 663/830/1584
s off
f 760/831/1585 759/832/1586 761/833/1587 762/834/1588
s 125
f 678/804/1558 679/835/1589 673/836/1590 670/805/1559
s off
f 752/837/1591 751/838/1592 753/839/1593 754/840/1594
f 732/841/1595 729/842/1596 713/843/1597 714/844/1598
s 125
f 669/845/1599 697/846/1600 698/847/1601 657/848/1602
f 674/849/1603 696/850/1604 697/846/1600 669/845/1599
f 665/851/1605 695/852/1606 785/853/1607 786/854/1608
f 662/855/1609 694/856/1610 695/852/1606 665/851/1605
f 693/857/1611 694/856/1610 662/855/1609 656/858/1612
s off
f 709/859/1613 710/860/1614 726/861/1615 723/862/1616
f 772/863/1617 771/864/1618 773/865/1619 774/866/1620
s 125
f 682/798/1552 681/797/1551 686/867/1621 685/868/1622
f 687/869/1623 686/867/1621 681/797/1551 680/815/1569
f 782/826/1580 783/870/1624 687/869/1623 680/815/1569
f 689/871/1625 688/872/1626 679/835/1589 678/804/1558
f 690/873/1627 689/871/1625 678/804/1558 677/803/1557
s off
f 764/874/1628 763/875/1629 765/876/1630 766/877/1631
s 131
f 684/878/1632 685/868/1633 803/879/1634 804/880/1635
s 125
f 685/868/1622 686/867/1621 802/881/1636 803/879/1637
f 801/882/1638 802/881/1636 686/867/1621 687/869/1623
f 783/870/1624 800/883/1639 801/882/1638 687/869/1623
f 797/884/1640 798/885/1641 688/872/1626 689/871/1625
f 796/886/1642 797/884/1640 689/871/1625 690/873/1627
s 132
f 795/887/1643 796/888/1644 690/889/1645 683/890/1646
s off
f 768/891/1647 767/892/1648 769/893/1649 770/894/1650
s 125
f 698/847/1601 697/846/1600 701/895/1651 700/896/1652
f 697/846/1600 696/850/1604 702/897/1653 701/895/1651
f 784/898/1654 785/853/1607 695/852/1606 703/899/1655
f 695/852/1606 694/856/1610 704/900/1656 703/899/1655
f 705/901/1657 704/900/1656 694/856/1610 693/857/1611
s off
f 776/902/1658 775/903/1659 777/904/1660 778/905/1661
f 656/858/1662 662/906/1663 707/785/1664 728/784/1665 727/907/1666
f 662/906/1667 659/908/1668 708/786/1669 707/785/1670
f 692/909/1671 693/857/1672 710/860/1673 709/859/1674
f 693/857/1675 656/858/1676 727/907/1677 726/861/1678 710/860/1679
f 668/910/1680 669/911/1681 712/808/1682 711/807/1683
f 669/911/1684 657/912/1685 731/913/1686 730/809/1687 712/808/1688
f 657/912/1689 698/914/1690 713/843/1691 729/842/1692 731/913/1693
f 698/914/1694 691/915/1695 714/844/1696 713/843/1697
f 655/795/1698 682/798/1699 715/781/1700 740/780/1701 739/916/1702
f 682/798/1703 675/917/1704 716/782/1705 715/781/1706
f 660/918/1707 661/919/1708 718/792/1709 717/791/1710
f 661/919/1711 655/920/1712 739/921/1713 738/793/1714 718/792/1715
f 676/922/1716 677/923/1717 720/788/1718 719/787/1719
f 677/923/1720 658/924/1721 743/925/1722 742/789/1723 720/788/1724
f 658/924/1725 670/926/1726 721/801/1727 741/800/1728 743/925/1729
f 670/926/1730 667/927/1731 722/802/1732 721/801/1733
f 724/783/1734 723/862/1735 726/861/1736 728/784/1737
f 730/809/1738 729/842/1739 732/841/1740 734/810/1741
f 736/779/1742 735/928/1743 738/929/1744 740/780/1745
f 742/789/1746 741/800/1747 744/799/1748 746/790/1749
f 723/862/1750 724/783/1751 725/930/1752
f 726/861/1753 727/907/1754 728/784/1755
f 729/842/1756 730/809/1757 731/913/1758
f 732/841/1759 733/931/1760 734/810/1761
f 735/928/1762 736/779/1763 737/932/1764
f 738/929/1765 739/916/1766 740/780/1767
f 741/800/1768 742/789/1769 743/925/1770
f 744/799/1771 745/933/1772 746/790/1773
f 659/908/1774 662/906/1775 747/812/1776 748/811/1777
f 662/906/1778 665/822/1779 749/813/1780 747/812/1781
f 665/822/1782 664/821/1783 750/814/1784 749/813/1785
f 671/934/1786 674/935/1787 751/838/1788 752/837/1789
f 674/935/1790 669/911/1791 753/839/1792 751/838/1793
f 669/911/1794 668/910/1795 754/840/1796 753/839/1797
f 663/830/1798 666/829/1799 755/818/1800 756/817/1801
f 666/829/1802 661/919/1803 757/819/1804 755/818/1805
f 661/919/1806 660/918/1807 758/820/1808 757/819/1809
f 667/927/1810 670/926/1811 759/832/1812 760/831/1813
f 670/926/1814 673/936/1815 761/833/1816 759/832/1817
f 673/936/1818 672/937/1819 762/834/1820 761/833/1821
f 683/890/1822 690/889/1823 763/875/1824 764/874/1825
f 690/889/1826 677/923/1827 765/876/1828 763/875/1829
f 677/923/1830 676/922/1831 766/877/1832 765/876/1833
f 691/915/1834 698/914/1835 767/892/1836 768/891/1837
f 698/914/1838 700/938/1839 769/893/1840 767/892/1841
f 700/938/1842 699/939/1843 770/894/1844 769/893/1845
f 675/917/1846 682/798/1847 771/864/1848 772/863/1849
f 682/798/1850 685/868/1851 773/865/1852 771/864/1853
f 685/868/1854 684/878/1855 774/866/1856 773/865/1857
f 706/940/1858 705/901/1859 775/903/1860 776/902/1861
f 705/901/1862 693/857/1863 777/904/1864 775/903/1865
f 693/857/1866 692/909/1867 778/905/1868 777/904/1869
s 128
f 672/937/1870 673/936/1871 794/941/1872 787/942/1873
s 125
f 679/835/1589 793/943/1874 794/944/1875 673/836/1590
f 688/872/1626 792/945/1876 793/943/1874 679/835/1589
f 798/885/1641 799/946/1877 792/945/1876 688/872/1626
f 696/850/1604 790/947/1878 791/948/1879 702/897/1653
f 789/949/1880 790/947/1878 696/850/1604 674/849/1603
s 127
f 788/950/1881 789/951/1882 674/935/1883 671/934/1884
f 779/824/1578 786/823/1577 789/951/1882 788/950/1881
s 125
f 786/854/1608 785/853/1607 790/947/1878 789/949/1880
f 791/948/1879 790/947/1878 785/853/1607 784/898/1654
f 792/945/1876 799/946/1877 800/883/1639 783/870/1624
f 793/943/1874 792/945/1876 783/870/1624 782/826/1580
f 794/944/1875 793/943/1874 782/826/1580 781/825/1579
s 128
f 787/942/1873 794/941/1872 781/828/1582 780/827/1581
s 132
f 699/939/1885 700/938/1886 796/888/1644 795/887/1643
s 125
f 700/896/1652 701/895/1651 797/884/1640 796/886/1642
f 701/895/1651 702/897/1653 798/885/1641 797/884/1640
f 702/897/1653 791/948/1879 799/946/1877 798/885/1641
s off
f 806/952/1887 805/953/1888 807/954/1889 808/955/1890
s 125
f 801/882/1638 800/883/1639 784/898/1654 703/899/1655
f 703/899/1655 704/900/1656 802/881/1636 801/882/1638
f 803/879/1637 802/881/1636 704/900/1656 705/901/1657
s 131
f 804/880/1635 803/879/1634 705/901/1891 706/940/1892
s off
f 800/883/1893 799/946/1894 805/953/1895 806/952/1896
f 799/946/1897 791/948/1898 807/954/1899 805/953/1900
f 791/948/1901 784/898/1902 808/955/1903 807/954/1904
f 784/898/1905 800/883/1906 806/952/1907 808/955/1908
f 809/956/1909 810/957/1910 812/958/1911 811/959/1912
f 811/959/1913 812/958/1914 814/960/1915 813/961/1916
f 813/961/1917 814/960/1918 816/962/1919 815/963/1920
f 815/963/1921 816/962/1922 810/964/1923 809/965/1924
f 830/966/1925 829/967/1926 831/968/1927 832/969/1928
f 810/957/1929 816/970/1930 817/971/1931 818/972/1932
f 816/970/1933 814/973/1934 819/974/1935 817/971/1936
f 814/973/1937 812/958/1938 820/975/1939 819/974/1940
f 812/958/1941 810/957/1942 818/972/1943 820/975/1944
f 818/972/1945 817/971/1946 821/976/1947 822/977/1948
f 817/971/1949 819/974/1950 823/978/1951 821/976/1952
f 819/974/1953 820/975/1954 824/979/1955 823/978/1956
f 820/975/1957 818/972/1958 822/977/1959 824/979/1960
f 822/977/1961 821/976/1962 825/980/1963 826/981/1964
f 821/976/1965 823/978/1966 827/982/1967 825/980/1968
f 823/978/1969 824/979/1970 828/983/1971 827/982/1972
f 824/979/1973 822/977/1974 826/981/1975 828/983/1976
s 133
f 834/984/1977 833/985/1978 835/986/1979 836/987/1980
s off
f 825/980/1981 827/982/1982 831/968/1983 829/967/1984
f 827/982/1985 828/983/1986 832/969/1987 831/968/1988
f 828/983/1989 826/981/1990 830/966/1991 832/969/1992
s 134
f 826/981/1993 825/980/1994 833/985/1995 834/984/1996
s off
f 837/988/1997 839/989/1998 841/990/1999 843/991/2000
s 135
f 829/967/2001 830/966/2002 836/987/2003 835/986/2004
s off
f 847/992/2005 845/993/2006 849/994/2007 851/995/2008
f 825/980/2009 829/967/2010 840/996/2011 838/997/2012
s 135
f 829/967/2001 835/986/2004 842/998/2013 841/990/2014 839/989/2015 840/996/2016
s 133
f 835/986/1979 833/985/1978 844/999/2017 842/998/2018
s 134
f 833/985/1995 825/980/1994 838/997/2019 837/988/2020 843/991/2021 844/999/2022
s off
f 830/966/2023 826/981/2024 846/1000/2025 848/1001/2026
s 134
f 826/981/1993 834/984/1996 850/1002/2027 849/994/2028 845/993/2029 846/1000/2030
s 133
f 834/984/1977 836/987/1980 852/1003/2031 850/1002/2032
s 135
f 836/987/2003 830/966/2002 848/1001/2033 847/992/2034 851/995/2035 852/1003/2036
s off
f 837/988/2037 838/997/2038 840/996/2039 839/989/2040
f 841/990/2041 842/998/2042 844/999/2043 843/991/2044
f 846/1000/2045 845/993/2046 847/992/2047 848/1001/2048
f 849/994/2049 850/1002/2050 852/1003/2051 851/995/2052
f 853/1004/2053 854/1005/2054 874/1006/2055 873/1007/2056
f 854/1005/2057 855/1008/2058 875/1009/2059 874/1006/2060
f 855/1008/2061 856/1010/2062 876/1011/2063 875/1009/2064
f 856/1010/2065 857/1012/2066 877/1013/2067 876/1011/2068
f 857/1012/2069 858/1014/2070 878/1015/2071 877/1013/2072
f 858/1014/2073 859/1016/2074 879/1017/2075 878/1015/2076
f 859/1016/2077 860/1018/2078 880/1019/2079 879/1017/2080
f 860/1018/2081 861/1020/2082 881/1021/2083 880/1019/2084
f 861/1020/2085 862/1022/2086 882/1023/2087 881/1021/2088
f 862/1022/2089 863/1024/2090 883/1025/2091 882/1023/2092
f 863/1024/2093 864/1026/2094 884/1027/2095 883/1025/2096
f 864/1026/2097 865/1028/2098 885/1029/2099 884/1027/2100
f 865/1028/2101 866/1030/2102 886/1031/2103 885/1029/2104
f 866/1030/2105 867/1032/2106 887/1033/2107 886/1031/2108
f 867/1032/2109 868/1034/2110 888/1035/2111 887/1033/2112
f 868/1034/2113 869/1036/2114 889/1037/2115 888/1035/2116
f 869/1036/2117 870/1038/2118 890/1039/2119 889/1037/2120
f 870/1038/2121 871/1040/2122 891/1041/2123 890/1039/2124
f 871/1040/2125 872/1042/2126 892/1043/2127 891/1041/2128
f 872/1042/2129 853/1044/2130 873/1045/2131 892/1043/2132
f 960/1046/2133 959/1047/2134 961/1048/2135
f 962/1049/2136 960/1046/2137 961/1048/2138
f 963/1050/2139 962/1049/2140 961/1048/2141
f 964/1051/2142 963/1050/2143 961/1048/2144
f 965/1052/2145 964/1051/2146 961/1048/2147
f 966/1053/2148 965/1052/2149 961/1048/2150
f 967/1054/2151 966/1053/2152 961/1048/2153
f 968/1055/2154 967/1054/2155 961/1048/2156
f 969/1056/2157 968/1055/2158 961/1048/2159
f 970/1057/2160 969/1056/2161 961/1048/2162
f 971/1058/2163 970/1057/2164 961/1048/2165
f 972/1059/2166 971/1058/2167 961/1048/2168
f 973/1060/2169 972/1059/2170 961/1048/2171
f 974/1061/2172 973/1060/2173 961/1048/2174
f 975/1062/2175 974/1061/2176 961/1048/2177
f 976/1063/2178 975/1062/2179 961/1048/2180
f 977/1064/2181 976/1063/2182 961/1048/2183
f 978/1065/2184 977/1064/2185 961/1048/2186
f 979/1066/2187 978/1065/2188 961/1048/2189
f 959/1047/2190 979/1066/2191 961/1048/2192
f 854/1067/2193 853/1068/2194 893/1069/2195 894/1070/2196
f 855/1071/2197 854/1067/2198 894/1070/2199 895/1072/2200
f 856/1073/2201 855/1071/2202 895/1072/2203 896/1074/2204
f 857/1075/2205 856/1073/2206 896/1074/2207 897/1076/2208
f 858/1077/2209 857/1075/2210 897/1076/2211 898/1078/2212
f 859/1079/2213 858/1077/2214 898/1078/2215 899/1080/2216
f 860/1081/2217 859/1079/2218 899/1080/2219 900/1082/2220
f 861/1083/2221 860/1081/2222 900/1082/2223 901/1084/2224
f 862/1085/2225 861/1083/2226 901/1084/2227 902/1086/2228
f 863/1087/2229 862/1085/2230 902/1086/2231 903/1088/2232
f 864/1089/2233 863/1087/2234 903/1088/2235 904/1090/2236
f 865/1091/2237 864/1089/2238 904/1090/2239 905/1092/2240
f 866/1093/2241 865/1091/2242 905/1092/2243 906/1094/2244
f 867/1095/2245 866/1093/2246 906/1094/2247 907/1096/2248
f 868/1097/2249 867/1095/2250 907/1096/2251 908/1098/2252
f 869/1099/2253 868/1097/2254 908/1098/2255 909/1100/2256
f 870/1101/2257 869/1099/2258 909/1100/2259 910/1102/2260
f 871/1103/2261 870/1101/2262 910/1102/2263 911/1104/2264
f 872/1105/2265 871/1103/2266 911/1104/2267 912/1106/2268
f 853/1068/2269 872/1105/2270 912/1106/2271 893/1069/2272
f 881/1107/2273 882/1108/2274 914/1109/2275 913/1110/2276
f 882/1108/2277 883/1111/2278 915/1112/2279 914/1109/2280
f 883/1111/2281 884/1113/2282 916/1114/2283 915/1112/2284
f 885/1115/2285 886/1116/2286 918/1117/2287 917/1118/2288
f 886/1116/2289 887/1119/2290 919/1120/2291 918/1117/2292
f 894/1070/2293 893/1069/2294 920/1121/2295 921/1122/2296
f 895/1072/2297 894/1070/2298 921/1122/2299 922/1123/2300
f 896/1074/2301 895/1072/2302 922/1123/2303 923/1124/2304
f 897/1076/2305 896/1074/2306 923/1124/2307 924/1125/2308
f 898/1078/2309 897/1076/2310 924/1125/2311 925/1126/2312
f 899/1080/2313 898/1078/2314 925/1126/2315 926/1127/2316
f 900/1082/2317 899/1080/2318 926/1127/2319 927/1128/2320
f 901/1084/2321 900/1082/2322 927/1128/2323 928/1129/2324
f 902/1086/2325 901/1084/2326 928/1129/2327 929/1130/2328
f 903/1088/2329 902/1086/2330 929/1130/2331 930/1131/2332
f 904/1090/2333 903/1088/2334 930/1131/2335 931/1132/2336
f 905/1092/2337 904/1090/2338 931/1132/2339 932/1133/2340
f 906/1094/2341 905/1092/2342 932/1133/2343 933/1134/2344
f 907/1096/2345 906/1094/2346 933/1134/2347 934/1135/2348
f 908/1098/2349 907/1096/2350 934/1135/2351 935/1136/2352
f 909/1100/2353 908/1098/2354 935/1136/2355 936/1137/2356
f 910/1102/2357 909/1100/2358 936/1137/2359 937/1138/2360
f 911/1104/2361 910/1102/2362 937/1138/2363 938/1139/2364
f 912/1106/2365 911/1104/2366 938/1139/2367 939/1140/2368
f 893/1069/2369 912/1106/2370 939/1140/2371 920/1121/2372
f 921/1122/2373 920/1121/2374 940/1141/2375 941/1142/2376
f 922/1123/2377 921/1122/2378 941/1142/2379 942/1143/2380
f 923/1124/2381 922/1123/2382 942/1143/2383 943/1144/2384
f 924/1125/2385 923/1124/2386 943/1144/2387 944/1145/2388
f 925/1126/2389 924/1125/2390 944/1145/2391 945/1146/2392
f 926/1127/2393 925/1126/2394 945/1146/2395 946/1147/2396
f 927/1128/2397 926/1127/2398 946/1147/2399 947/1148/2400
f 928/1129/2401 927/1128/2402 947/1148/2403 948/1149/2404
f 981/1150/2405 980/1151/2406 982/1152/2407 983/1153/2408
f 984/1154/2409 981/1150/2410 983/1153/2411 985/1155/2412
f 931/1132/2413 930/1131/2414 949/1156/2415 950/1157/2416
f 932/1133/2417 931/1132/2418 950/1157/2419 951/1158/2420
f 933/1134/2421 932/1133/2422 951/1158/2423 952/1159/2424
f 934/1135/2425 933/1134/2426 952/1159/2427 953/1160/2428
f 935/1136/2429 934/1135/2430 953/1160/2431 954/1161/2432
f 936/1137/2433 935/1136/2434 954/1161/2435 955/1162/2436
f 937/1138/2437 936/1137/2438 955/1162/2439 956/1163/2440
f 938/1139/2441 937/1138/2442 956/1163/2443 957/1164/2444
f 939/1140/2445 938/1139/2446 957/1164/2447 958/1165/2448
f 920/1121/2449 939/1140/2450 958/1165/2451 940/1141/2452
f 941/1142/2453 940/1141/2454 959/1047/2455 960/1046/2456
f 942/1143/2457 941/1142/2458 960/1046/2459 962/1049/2460
f 943/1144/2461 942/1143/2462 962/1049/2463 963/1050/2464
f 944/1145/2465 943/1144/2466 963/1050/2467 964/1051/2468
f 945/1146/2469 944/1145/2470 964/1051/2471 965/1052/2472
f 946/1147/2473 945/1146/2474 965/1052/2475 966/1053/2476
f 947/1148/2477 946/1147/2478 966/1053/2479 967/1054/2480
f 948/1149/2481 947/1148/2482 967/1054/2483 968/1055/2484
f 950/1157/2485 949/1156/2486 970/1057/2487 971/1058/2488
f 951/1158/2489 950/1157/2490 971/1058/2491 972/1059/2492
f 952/1159/2493 951/1158/2494 972/1059/2495 973/1060/2496
f 953/1160/2497 952/1159/2498 973/1060/2499 974/1061/2500
f 954/1161/2501 953/1160/2502 974/1061/2503 975/1062/2504
f 955/1162/2505 954/1161/2506 975/1062/2507 976/1063/2508
f 956/1163/2509 955/1162/2510 976/1063/2511 977/1064/2512
f 957/1164/2513 956/1163/2514 977/1064/2515 978/1065/2516
f 958/1165/2517 957/1164/2518 978/1065/2519 979/1066/2520
f 940/1141/2521 958/1165/2522 979/1066/2523 959/1047/2524
f 929/1130/2525 928/1129/2526 980/1151/2527 981/1150/2528
f 928/1129/2529 948/1149/2530 982/1152/2531 980/1151/2532
f 930/1131/2533 929/1130/2534 981/1150/2535 984/1154/2536
f 949/1156/2537 930/1131/2538 984/1154/2539 985/1155/2540
s 136
f 1050/1166/2541 1051/1167/2542 1060/1168/2543 1061/1169/2544
s off
f 988/1170/2545 989/1171/2546 997/1172/2547 994/1173/2548
s 137
f 1056/1174/2549 1057/1175/2550 1054/1176/2551 1055/1177/2552
s off
f 995/1178/2553 996/1179/2554 987/1180/2555 986/1181/2556
s 138
f 1051/1167/2557 1052/1182/2558 1059/1183/2559 1060/1168/2560
s off
f 992/1184/2561 993/1185/2562 1001/1186/2563 998/1187/2564
s 138
f 1057/1188/2565 1058/1189/2566 1053/1190/2567 1054/1191/2568
s off
f 999/1192/2569 1000/1193/2570 991/1194/2571 990/1195/2572
s 140
f 1023/1196/2573 1022/1197/2574 1078/1198/2575 1079/1199/2576
s 138
f 1070/1200/2577 1071/1201/2578 1059/1183/2559 1052/1182/2558
s 141
f 1062/1202/2579 1063/1203/2580 1048/1204/2581 1049/1205/2582
s off
f 994/1173/2583 997/1172/2584 1002/1206/2585 1003/1207/2586
s 142
f 997/1172/2587 1072/1208/2588 1073/1209/2589 1002/1206/2590
s off
f 1000/1193/2591 999/1192/2592 1005/1210/2593 1004/1211/2594
f 1003/1207/2595 1002/1206/2596 1006/1212/2597 1007/1213/2598
s 143
f 1002/1206/2599 1073/1209/2600 1074/1214/2601 1006/1212/2602
s off
f 1004/1211/2603 1005/1210/2604 1009/1215/2605 1008/1216/2606
f 1007/1213/2607 1006/1212/2608 1010/1217/2609 1011/1218/2610
s 144
f 1006/1212/2611 1074/1214/2612 1075/1219/2613 1010/1217/2614
s off
f 1008/1216/2615 1009/1215/2616 1013/1220/2617 1012/1221/2618
f 1011/1218/2619 1010/1217/2620 1014/1222/2621 1015/1223/2622
s 145
f 1010/1217/2623 1075/1219/2624 1076/1224/2625 1014/1222/2626
s off
f 1012/1221/2627 1013/1220/2628 1017/1225/2629 1016/1226/2630
f 1015/1223/2631 1014/1222/2632 1018/1227/2633 1019/1228/2634
s 146
f 1014/1222/2635 1076/1224/2636 1077/1229/2637 1018/1227/2638
s off
f 1016/1226/2639 1017/1225/2640 1021/1230/2641 1020/1231/2642
f 1019/1228/2643 1018/1227/2644 1022/1197/2645 1023/1196/2646
s 147
f 1018/1227/2647 1077/1229/2648 1078/1198/2649 1022/1197/2650
s off
f 1020/1231/2651 1021/1230/2652 1025/1232/2653 1024/1233/2654
f 998/1187/2655 1001/1186/2656 1026/1234/2657 1027/1235/2658
s 148
f 1068/1236/2659 1069/1237/2660 996/1179/2661 1028/1238/2662
s off
f 996/1179/2663 995/1178/2664 1029/1239/2665 1028/1238/2666
f 1027/1235/2667 1026/1234/2668 1030/1240/2669 1031/1241/2670
s 149
f 1067/1242/2671 1068/1236/2672 1028/1238/2673 1032/1243/2674
s off
f 1028/1238/2675 1029/1239/2676 1033/1244/2677 1032/1243/2678
f 1031/1241/2679 1030/1240/2680 1034/1245/2681 1035/1246/2682
s 150
f 1066/1247/2683 1067/1242/2684 1032/1243/2685 1036/1248/2686
s off
f 1032/1243/2687 1033/1244/2688 1037/1249/2689 1036/1248/2690
f 1035/1246/2691 1034/1245/2692 1038/1250/2693 1039/1251/2694
s 151
f 1065/1252/2695 1066/1247/2696 1036/1248/2697 1040/1253/2698
s off
f 1036/1248/2699 1037/1249/2700 1041/1254/2701 1040/1253/2702
f 1039/1251/2703 1038/1250/2704 1042/1255/2705 1043/1256/2706
s 152
f 1064/1257/2707 1065/1252/2708 1040/1253/2709 1044/1258/2710
s off
f 1040/1253/2711 1041/1254/2712 1045/1259/2713 1044/1258/2714
f 1043/1256/2715 1042/1255/2716 1046/1260/2717 1047/1261/2718
s 153
f 1063/1203/2719 1064/1257/2720 1044/1258/2721 1048/1204/2722
s off
f 1044/1258/2723 1045/1259/2724 1049/1205/2725 1048/1204/2726
s 136
f 986/1262/2727 987/1263/2728 1051/1167/2542 1050/1166/2541
s 138
f 987/1263/2729 996/1264/2730 1052/1182/2558 1051/1167/2557
f 1069/1265/2731 1070/1200/2577 1052/1182/2558 996/1264/2730
f 1054/1191/2568 1053/1190/2567 1001/1266/2732 993/1267/2733
s 137
f 1055/1177/2552 1054/1176/2551 993/1185/2734 992/1184/2735
f 990/1195/2736 991/1194/2737 1057/1175/2550 1056/1174/2549
s 138
f 1000/1268/2738 1058/1189/2566 1057/1188/2565 991/1269/2739
f 997/1270/2740 1059/1183/2559 1071/1201/2578 1072/1271/2741
f 1060/1168/2560 1059/1183/2559 997/1270/2740 989/1171/2742
s 136
f 1061/1169/2544 1060/1168/2543 989/1171/2743 988/1170/2744
s 141
f 1047/1261/2745 1046/1260/2746 1096/1272/2747 1097/1273/2748
s 153
f 1042/1255/2749 1095/1274/2750 1096/1272/2751 1046/1260/2752
s 152
f 1038/1250/2753 1094/1275/2754 1095/1274/2755 1042/1255/2756
s 151
f 1034/1245/2757 1093/1276/2758 1094/1275/2759 1038/1250/2760
s 150
f 1030/1240/2761 1092/1277/2762 1093/1276/2763 1034/1245/2764
s 149
f 1026/1234/2765 1091/1278/2766 1092/1277/2767 1030/1240/2768
s 148
f 1001/1186/2769 1090/1279/2770 1091/1278/2771 1026/1234/2772
s 138
f 1053/1190/2567 1089/1280/2773 1090/1281/2774 1001/1266/2732
f 1058/1189/2566 1088/1282/2775 1089/1280/2773 1053/1190/2567
f 1087/1283/2776 1088/1282/2775 1058/1189/2566 1000/1268/2738
s 142
f 1086/1284/2777 1087/1285/2778 1000/1193/2779 1004/1211/2780
s 143
f 1085/1286/2781 1086/1284/2782 1004/1211/2783 1008/1216/2784
s 144
f 1084/1287/2785 1085/1286/2786 1008/1216/2787 1012/1221/2788
s 145
f 1083/1288/2789 1084/1287/2790 1012/1221/2791 1016/1226/2792
s 146
f 1082/1289/2793 1083/1288/2794 1016/1226/2795 1020/1231/2796
s 147
f 1081/1290/2797 1082/1289/2798 1020/1231/2799 1024/1233/2800
s 140
f 1080/1291/2801 1081/1290/2802 1024/1233/2803 1025/1232/2804
f 1079/1199/2576 1078/1198/2575 1081/1290/2802 1080/1291/2801
s 147
f 1078/1198/2649 1077/1229/2648 1082/1289/2798 1081/1290/2797
s 146
f 1077/1229/2637 1076/1224/2636 1083/1288/2794 1082/1289/2793
s 145
f 1076/1224/2625 1075/1219/2624 1084/1287/2790 1083/1288/2789
s 144
f 1075/1219/2613 1074/1214/2612 1085/1286/2786 1084/1287/2785
s 143
f 1074/1214/2601 1073/1209/2600 1086/1284/2782 1085/1286/2781
s 142
f 1073/1209/2589 1072/1208/2588 1087/1285/2778 1086/1284/2777
s 138
f 1072/1271/2741 1071/1201/2578 1088/1282/2775 1087/1283/2776
f 1090/1281/2774 1089/1280/2773 1070/1200/2577 1069/1265/2731
s 148
f 1091/1278/2771 1090/1279/2770 1069/1237/2660 1068/1236/2659
s 149
f 1092/1277/2767 1091/1278/2766 1068/1236/2672 1067/1242/2671
s 150
f 1093/1276/2763 1092/1277/2762 1067/1242/2684 1066/1247/2683
s 151
f 1094/1275/2759 1093/1276/2758 1066/1247/2696 1065/1252/2695
s 152
f 1095/1274/2755 1094/1275/2754 1065/1252/2708 1064/1257/2707
s 153
f 1096/1272/2751 1095/1274/2750 1064/1257/2720 1063/1203/2719
s 141
f 1097/1273/2748 1096/1272/2747 1063/1203/2580 1062/1202/2579
s off
f 1100/1292/2805 1101/1293/2806 1099/1294/2807 1098/1295/2808
s 154
f 1102/1296/2809 1103/1297/2810 1105/1298/2811 1104/1299/2812
f 1104/1299/2812 1105/1298/2811 1223/1300/2813 1222/1301/2814 1111/1302/2815
s 155
f 1106/1303/2816 1107/1304/2817 1109/1305/2818 1108/1306/2819
f 1108/1307/2819 1109/1308/2818 1110/1309/2820 1217/1310/2821 1216/1311/2822
s 156
f 1098/1312/2823 1099/1313/2824 1105/1298/2825 1103/1297/2826
s 157
f 1102/1296/2827 1104/1314/2828 1109/1305/2829 1107/1304/2830
s 158
f 1106/1303/2831 1108/1306/2832 1101/1293/2833 1100/1292/2834
s 157
f 1109/1308/2829 1104/1299/2828 1111/1302/2835 1110/1309/2836
s 159
f 1099/1313/2837 1101/1315/2838 1125/1316/2839 1124/1317/2840 1137/1318/2841 1139/1319/2842
s off
f 1112/1320/2843 1113/1321/2844 1115/1322/2845 1114/1323/2846
f 1114/1323/2847 1115/1322/2848 1117/1324/2849 1116/1325/2850
f 1116/1325/2851 1117/1324/2852 1119/1326/2853 1118/1327/2854
f 1118/1327/2855 1119/1326/2856 1121/1328/2857 1120/1329/2858
f 1120/1329/2859 1121/1328/2860 1122/1330/2861 1123/1331/2862
f 1112/1320/2863 1225/1332/2864 1224/1333/2865 1113/1321/2866
f 1124/1317/2867 1126/1334/2868 1128/1335/2869 1127/1336/2870
f 1127/1336/2871 1128/1335/2872 1130/1337/2873 1129/1338/2874
f 1129/1338/2875 1130/1337/2876 1132/1339/2877 1131/1340/2878
f 1131/1340/2879 1132/1339/2880 1134/1341/2881 1133/1342/2882
f 1133/1342/2883 1134/1341/2884 1135/1343/2885 1136/1344/2886
s 158
f 1128/1335/2887 1126/1334/2888 1112/1320/2889 1114/1323/2890
s off
f 1128/1335/2891 1114/1323/2892 1116/1325/2893 1130/1337/2894
f 1130/1337/2895 1116/1325/2896 1118/1327/2897 1132/1339/2898
f 1132/1339/2899 1118/1327/2900 1120/1329/2901 1134/1341/2902
f 1134/1341/2903 1120/1329/2904 1123/1331/2905 1135/1343/2906
f 1124/1317/2907 1125/1316/2908 1126/1334/2909
f 1207/1345/2910 1206/1346/2911 1208/1347/2912 1209/1348/2913 1210/1349/2914 1211/1350/2915 1212/1351/2916 1213/1352/2917
f 1138/1353/2918 1137/1318/2919 1141/1354/2920 1140/1355/2921
f 1140/1355/2922 1141/1354/2923 1143/1356/2924 1142/1357/2925
f 1142/1357/2926 1143/1356/2927 1145/1358/2928 1144/1359/2929
s 161
f 1144/1359/2930 1145/1358/2931 1147/1360/2932 1146/1361/2933
f 1146/1361/2933 1147/1360/2932 1148/1362/2934 1149/1363/2935
s 159
f 1141/1354/2936 1137/1318/2841 1124/1317/2840 1127/1336/2937
s off
f 1141/1354/2938 1127/1336/2939 1129/1338/2940 1143/1356/2941
f 1143/1356/2942 1129/1338/2943 1131/1340/2944 1145/1358/2945
f 1145/1358/2946 1131/1340/2947 1133/1342/2948 1147/1360/2949
f 1147/1360/2950 1133/1342/2951 1136/1344/2952 1148/1362/2953
f 1137/1318/2954 1138/1353/2955 1139/1319/2956
f 1151/1364/2957 1150/1365/2958 1153/1366/2959 1152/1367/2960
f 1152/1367/2961 1153/1366/2962 1155/1368/2963 1154/1369/2964
f 1154/1369/2965 1155/1368/2966 1157/1370/2967 1156/1371/2968
f 1156/1371/2969 1157/1370/2970 1159/1372/2971 1158/1373/2972
f 1158/1373/2973 1159/1372/2974 1160/1374/2975 1161/1375/2976
s 162
f 1115/1322/2977 1113/1321/2978 1151/1364/2979 1152/1367/2980
s off
f 1115/1322/2981 1152/1367/2982 1154/1369/2983 1117/1324/2984
f 1117/1324/2985 1154/1369/2986 1156/1371/2987 1119/1326/2988
f 1119/1326/2989 1156/1371/2990 1158/1373/2991 1121/1328/2992
f 1121/1328/2993 1158/1373/2994 1161/1375/2995 1122/1330/2996
s 156
f 1153/1366/2997 1150/1365/2998 1138/1353/2999 1140/1355/3000
s off
f 1153/1366/3001 1140/1355/3002 1142/1357/3003 1155/1368/3004
f 1155/1368/3005 1142/1357/3006 1144/1359/3007 1157/1370/3008
f 1157/1370/3009 1144/1359/3010 1146/1361/3011 1159/1372/3012
f 1159/1372/3013 1146/1361/3014 1149/1363/3015 1160/1374/3016
f 1150/1365/3017 1151/1364/3018 1226/1376/3019 1227/1377/3020
f 1149/1363/3021 1148/1362/3022 1162/1378/3023 1163/1379/3024
f 1148/1362/3025 1136/1344/3026 1164/1380/3027 1162/1378/3028
f 1136/1344/3029 1135/1343/3030 1165/1381/3031 1164/1380/3032
f 1135/1343/3033 1123/1331/3034 1166/1382/3035 1165/1381/3036
f 1123/1331/3037 1122/1330/3038 1167/1383/3039 1166/1382/3040
f 1122/1330/3041 1161/1375/3042 1168/1384/3043 1167/1383/3044
f 1161/1375/3045 1160/1374/3046 1169/1385/3047 1168/1384/3048
f 1160/1374/3049 1149/1363/3050 1163/1379/3051 1169/1385/3052
s 164
f 1163/1379/3053 1162/1378/3054 1170/1386/3055 1171/1387/3056
s 165
f 1162/1378/3057 1164/1380/3058 1172/1388/3059 1170/1386/3060
s 166
f 1164/1380/3061 1165/1381/3062 1173/1389/3063 1172/1388/3064
s 167
f 1165/1381/3065 1166/1382/3066 1174/1390/3067 1173/1389/3068
s 168
f 1166/1382/3069 1167/1383/3070 1175/1391/3071 1174/1390/3072
s 169
f 1167/1383/3073 1168/1384/3074 1176/1392/3075 1175/1391/3076
s 170
f 1168/1384/3077 1169/1385/3078 1177/1393/3079 1176/1392/3080
s 171
f 1169/1385/3081 1163/1379/3082 1171/1387/3083 1177/1393/3084
s 164
f 1171/1387/3056 1170/1386/3055 1178/1394/3085 1179/1395/3086
s 165
f 1170/1386/3060 1172/1388/3059 1180/1396/3087 1178/1394/3088
s 166
f 1172/1388/3064 1173/1389/3063 1181/1397/3089 1180/1396/3090
s 167
f 1173/1389/3068 1174/1390/3067 1182/1398/3091 1181/1397/3092
s 168
f 1174/1390/3072 1175/1391/3071 1183/1399/3093 1182/1398/3094
s 169
f 1175/1391/3076 1176/1392/3075 1184/1400/3095 1183/1399/3096
s 170
f 1176/1392/3080 1177/1393/3079 1185/1401/3097 1184/1400/3098
s 171
f 1177/1393/3084 1171/1387/3083 1179/1395/3099 1185/1401/3100
s 164
f 1179/1395/3086 1178/1394/3085 1186/1402/3101 1187/1403/3102
s 165
f 1178/1394/3088 1180/1396/3087 1188/1404/3103 1186/1402/3104
s 166
f 1180/1396/3090 1181/1397/3089 1189/1405/3105 1188/1404/3106
s 167
f 1181/1397/3092 1182/1398/3091 1190/1406/3107 1189/1405/3108
s 168
f 1182/1398/3094 1183/1399/3093 1191/1407/3109 1190/1406/3110
s 169
f 1183/1399/3096 1184/1400/3095 1192/1408/3111 1191/1407/3112
s 170
f 1184/1400/3098 1185/1401/3097 1193/1409/3113 1192/1408/3114
s 171
f 1185/1401/3100 1179/1395/3099 1187/1403/3115 1193/1409/3116
s 164
f 1187/1403/3102 1186/1402/3101 1194/1410/3117 1195/1411/3118
s 165
f 1186/1402/3104 1188/1404/3103 1196/1412/3119 1194/1410/3120
s 166
f 1188/1404/3106 1189/1405/3105 1197/1413/3121 1196/1412/3122
s 167
f 1189/1405/3108 1190/1406/3107 1198/1414/3123 1197/1413/3124
s 171
f 1193/1409/3116 1187/1403/3115 1195/1411/3125 1199/1415/3126
s off
f 1195/1411/3127 1194/1410/3128 1200/1416/3129 1201/1417/3130
f 1194/1410/3131 1196/1412/3132 1202/1418/3133 1200/1416/3134
f 1196/1412/3135 1197/1413/3136 1203/1419/3137 1202/1418/3138
f 1197/1413/3139 1198/1414/3140 1204/1420/3141 1203/1419/3142
f 1199/1415/3143 1195/1411/3144 1201/1417/3145 1205/1421/3146
f 1201/1417/3147 1200/1416/3148 1206/1346/3149 1207/1345/3150
f 1200/1416/3151 1202/1418/3152 1208/1347/3153 1206/1346/3154
f 1202/1418/3155 1203/1419/3156 1209/1348/3157 1208/1347/3158
f 1203/1419/3159 1204/1420/3160 1210/1349/3161 1209/1348/3162
f 1205/1421/3163 1201/1417/3164 1207/1345/3165 1213/1352/3166
f 1218/1422/3167 1217/1310/3168 1110/1309/3169 1111/1302/3170 1222/1301/3171 1221/1423/3172
s 172
f 1214/1424/3173 1215/1425/3174 1224/1333/3175 1225/1332/3176
f 1215/1425/3174 1214/1424/3173 1216/1311/3177 1218/1422/3178
s 173
f 1219/1426/3179 1220/1427/3180 1227/1377/3181 1226/1376/3182
f 1220/1427/3180 1219/1426/3179 1221/1423/3183 1223/1300/3184
s 162
f 1219/1426/3185 1215/1425/3186 1218/1422/3187 1221/1423/3188
s 158
f 1101/1315/2833 1108/1307/2832 1216/1311/3189 1214/1424/3190
s 156
f 1105/1298/2825 1099/1313/2824 1220/1427/3191 1223/1300/3192
s 158
f 1101/1315/2833 1214/1424/3190 1225/1332/3193 1112/1320/2889 1126/1334/2888 1125/1316/3194
s 162
f 1215/1425/3186 1219/1426/3185 1226/1376/3195 1151/1364/2979 1113/1321/2978 1224/1333/3196
s 156
f 1220/1427/3191 1099/1313/2824 1139/1319/3197 1138/1353/2999 1150/1365/2998 1227/1377/3198
s 172
f 1216/1311/3177 1217/1310/3199 1218/1422/3178
s 173
f 1221/1423/3183 1222/1301/3200 1223/1300/3184
s off
f 1309/1428/3201 1313/1429/3202 1288/1430/3203 1289/1431/3204
f 1297/1432/3205 1301/1433/3206 1280/1434/3207 1281/1435/3208
f 1292/1436/3209 1293/1437/3210 1315/1438/3211 1319/1439/3212
f 1290/1440/3213 1291/1441/3214 1311/1442/3215 1308/1443/3216
s 174
f 1228/1444/3217 1234/1445/3218 1254/1446/3219 1255/1447/3220
s off
f 1317/1448/3221 1314/1449/3222 1294/1450/3223 1295/1451/3224
s 174
f 1250/1452/3225 1251/1453/3226 1243/1454/3227 1231/1455/3228
s off
f 1284/1456/3229 1285/1457/3230 1303/1458/3231 1307/1459/3232
f 1321/1460/3233 1320/1461/3234 1322/1462/3235 1323/1463/3236
s 174
f 1253/1464/3237 1254/1446/3219 1234/1445/3218 1239/1465/3238
s off
f 1329/1466/3239 1328/1467/3240 1330/1468/3241 1331/1469/3242
s 176
f 1237/1470/3243 1238/1471/3244 1359/1472/3245 1352/1473/3246
s 174
f 1354/1474/3247 1355/1475/3248 1253/1464/3237 1239/1465/3238
s 177
f 1353/1476/3249 1354/1477/3250 1239/1478/3251 1236/1479/3252
s off
f 1333/1480/3253 1332/1481/3254 1334/1482/3255 1335/1483/3256
s 174
f 1251/1453/3226 1252/1484/3257 1246/1485/3258 1243/1454/3227
s off
f 1325/1486/3259 1324/1487/3260 1326/1488/3261 1327/1489/3262
f 1305/1490/3263 1302/1491/3264 1286/1492/3265 1287/1493/3266
s 174
f 1242/1494/3267 1270/1495/3268 1271/1496/3269 1230/1497/3270
f 1247/1498/3271 1269/1499/3272 1270/1495/3268 1242/1494/3267
f 1238/1500/3273 1268/1501/3274 1358/1502/3275 1359/1503/3276
f 1235/1504/3277 1267/1505/3278 1268/1501/3274 1238/1500/3273
f 1266/1506/3279 1267/1505/3278 1235/1504/3277 1229/1507/3280
s off
f 1282/1508/3281 1283/1509/3282 1299/1510/3283 1296/1511/3284
f 1345/1512/3285 1344/1513/3286 1346/1514/3287 1347/1515/3288
s 174
f 1255/1447/3220 1254/1446/3219 1259/1516/3289 1258/1517/3290
f 1260/1518/3291 1259/1516/3289 1254/1446/3219 1253/1464/3237
f 1355/1475/3248 1356/1519/3292 1260/1518/3291 1253/1464/3237
f 1262/1520/3293 1261/1521/3294 1252/1484/3257 1251/1453/3226
f 1263/1522/3295 1262/1520/3293 1251/1453/3226 1250/1452/3225
s off
f 1337/1523/3296 1336/1524/3297 1338/1525/3298 1339/1526/3299
s 180
f 1257/1527/3300 1258/1517/3301 1376/1528/3302 1377/1529/3303
s 174
f 1258/1517/3290 1259/1516/3289 1375/1530/3304 1376/1528/3305
f 1374/1531/3306 1375/1530/3304 1259/1516/3289 1260/1518/3291
f 1356/1519/3292 1373/1532/3307 1374/1531/3306 1260/1518/3291
f 1370/1533/3308 1371/1534/3309 1261/1521/3294 1262/1520/3293
f 1369/1535/3310 1370/1533/3308 1262/1520/3293 1263/1522/3295
s 181
f 1368/1536/3311 1369/1537/3312 1263/1538/3313 1256/1539/3314
s off
f 1341/1540/3315 1340/1541/3316 1342/1542/3317 1343/1543/3318
s 174
f 1271/1496/3269 1270/1495/3268 1274/1544/3319 1273/1545/3320
f 1270/1495/3268 1269/1499/3272 1275/1546/3321 1274/1544/3319
f 1357/1547/3322 1358/1502/3275 1268/1501/3274 1276/1548/3323
f 1268/1501/3274 1267/1505/3278 1277/1549/3324 1276/1548/3323
f 1278/1550/3325 1277/1549/3324 1267/1505/3278 1266/1506/3279
s off
f 1349/1551/3326 1348/1552/3327 1350/1553/3328 1351/1554/3329
f 1229/1507/3330 1235/1555/3331 1280/1434/3332 1301/1433/3333 1300/1556/3334
f 1235/1555/3335 1232/1557/3336 1281/1435/3337 1280/1434/3338
f 1265/1558/3339 1266/1506/3340 1283/1509/3341 1282/1508/3342
f 1266/1506/3343 1229/1507/3344 1300/1556/3345 1299/1510/3346 1283/1509/3347
f 1241/1559/3348 1242/1560/3349 1285/1457/3350 1284/1456/3351
f 1242/1560/3352 1230/1561/3353 1304/1562/3354 1303/1458/3355 1285/1457/3356
f 1230/1561/3357 1271/1563/3358 1286/1492/3359 1302/1491/3360 1304/1562/3361
f 1271/1563/3362 1264/1564/3363 1287/1493/3364 1286/1492/3365
f 1228/1444/3366 1255/1447/3367 1288/1430/3368 1313/1429/3369 1312/1565/3370
f 1255/1447/3371 1248/1566/3372 1289/1431/3373 1288/1430/3374
f 1233/1567/3375 1234/1568/3376 1291/1441/3377 1290/1440/3378
f 1234/1568/3379 1228/1569/3380 1312/1570/3381 1311/1442/3382 1291/1441/3383
f 1249/1571/3384 1250/1572/3385 1293/1437/3386 1292/1436/3387
f 1250/1572/3388 1231/1573/3389 1316/1574/3390 1315/1438/3391 1293/1437/3392
f 1231/1573/3393 1243/1575/3394 1294/1450/3395 1314/1449/3396 1316/1574/3397
f 1243/1575/3398 1240/1576/3399 1295/1451/3400 1294/1450/3401
f 1297/1432/3402 1296/1511/3403 1299/1510/3404 1301/1433/3405
f 1303/1458/3406 1302/1491/3407 1305/1490/3408 1307/1459/3409
f 1309/1428/3410 1308/1577/3411 1311/1578/3412 1313/1429/3413
f 1315/1438/3414 1314/1449/3415 1317/1448/3416 1319/1439/3417
f 1296/1511/3418 1297/1432/3419 1298/1579/3420
f 1299/1510/3421 1300/1556/3422 1301/1433/3423
f 1302/1491/3424 1303/1458/3425 1304/1562/3426
f 1305/1490/3427 1306/1580/3428 1307/1459/3429
f 1308/1577/3430 1309/1428/3431 1310/1581/3432
f 1311/1578/3433 1312/1565/3434 1313/1429/3435
f 1314/1449/3436 1315/1438/3437 1316/1574/3438
f 1317/1448/3439 1318/1582/3440 1319/1439/3441
f 1232/1557/3442 1235/1555/3443 1320/1461/3444 1321/1460/3445
f 1235/1555/3446 1238/1471/3447 1322/1462/3448 1320/1461/3449
f 1238/1471/3450 1237/1470/3451 1323/1463/3452 1322/1462/3453
f 1244/1583/3454 1247/1584/3455 1324/1487/3456 1325/1486/3457
f 1247/1584/3458 1242/1560/3459 1326/1488/3460 1324/1487/3461
f 1242/1560/3462 1241/1559/3463 1327/1489/3464 1326/1488/3465
f 1236/1479/3466 1239/1478/3467 1328/1467/3468 1329/1466/3469
f 1239/1478/3470 1234/1568/3471 1330/1468/3472 1328/1467/3473
f 1234/1568/3474 1233/1567/3475 1331/1469/3476 1330/1468/3477
f 1240/1576/3478 1243/1575/3479 1332/1481/3480 1333/1480/3481
f 1243/1575/3482 1246/1585/3483 1334/1482/3484 1332/1481/3485
f 1246/1585/3486 1245/1586/3487 1335/1483/3488 1334/1482/3489
f 1256/1539/3490 1263/1538/3491 1336/1524/3492 1337/1523/3493
f 1263/1538/3494 1250/1572/3495 1338/1525/3496 1336/1524/3497
f 1250/1572/3498 1249/1571/3499 1339/1526/3500 1338/1525/3501
f 1264/1564/3502 1271/1563/3503 1340/1541/3504 1341/1540/3505
f 1271/1563/3506 1273/1587/3507 1342/1542/3508 1340/1541/3509
f 1273/1587/3510 1272/1588/3511 1343/1543/3512 1342/1542/3513
f 1248/1566/3514 1255/1447/3515 1344/1513/3516 1345/1512/3517
f 1255/1447/3518 1258/1517/3519 1346/1514/3520 1344/1513/3521
f 1258/1517/3522 1257/1527/3523 1347/1515/3524 1346/1514/3525
f 1279/1589/3526 1278/1550/3527 1348/1552/3528 1349/1551/3529
f 1278/1550/3530 1266/1506/3531 1350/1553/3532 1348/1552/3533
f 1266/1506/3534 1265/1558/3535 1351/1554/3536 1350/1553/3537
s 177
f 1245/1586/3538 1246/1585/3539 1367/1590/3540 1360/1591/3541
s 174
f 1252/1484/3257 1366/1592/3542 1367/1593/3543 1246/1485/3258
f 1261/1521/3294 1365/1594/3544 1366/1592/3542 1252/1484/3257
f 1371/1534/3309 1372/1595/3545 1365/1594/3544 1261/1521/3294
f 1269/1499/3272 1363/1596/3546 1364/1597/3547 1275/1546/3321
f 1362/1598/3548 1363/1596/3546 1269/1499/3272 1247/1498/3271
s 176
f 1361/1599/3549 1362/1600/3550 1247/1584/3551 1244/1583/3552
f 1352/1473/3246 1359/1472/3245 1362/1600/3550 1361/1599/3549
s 174
f 1359/1503/3276 1358/1502/3275 1363/1596/3546 1362/1598/3548
f 1364/1597/3547 1363/1596/3546 1358/1502/3275 1357/1547/3322
f 1365/1594/3544 1372/1595/3545 1373/1532/3307 1356/1519/3292
f 1366/1592/3542 1365/1594/3544 1356/1519/3292 1355/1475/3248
f 1367/1593/3543 1366/1592/3542 1355/1475/3248 1354/1474/3247
s 177
f 1360/1591/3541 1367/1590/3540 1354/1477/3250 1353/1476/3249
s 181
f 1272/1588/3553 1273/1587/3554 1369/1537/3312 1368/1536/3311
s 174
f 1273/1545/3320 1274/1544/3319 1370/1533/3308 1369/1535/3310
f 1274/1544/3319 1275/1546/3321 1371/1534/3309 1370/1533/3308
f 1275/1546/3321 1364/1597/3547 1372/1595/3545 1371/1534/3309
s off
f 1379/1601/3555 1378/1602/3556 1380/1603/3557 1381/1604/3558
s 174
f 1374/1531/3306 1373/1532/3307 1357/1547/3322 1276/1548/3323
f 1276/1548/3323 1277/1549/3324 1375/1530/3304 1374/1531/3306
f 1376/1528/3305 1375/1530/3304 1277/1549/3324 1278/1550/3325
s 180
f 1377/1529/3303 1376/1528/3302 1278/1550/3559 1279/1589/3560
s off
f 1373/1532/3561 1372/1595/3562 1378/1602/3563 1379/1601/3564
f 1372/1595/3565 1364/1597/3566 1380/1603/3567 1378/1602/3568
f 1364/1597/3569 1357/1547/3570 1381/1604/3571 1380/1603/3572
f 1357/1547/3573 1373/1532/3574 1379/1601/3575 1381/1604/3576
f 1382/1605/3577 1383/1606/3578 1385/1607/3579 1384/1608/3580
f 1384/1608/3581 1385/1607/3582 1387/1609/3583 1386/1610/3584
f 1386/1610/3585 1387/1609/3586 1389/1611/3587 1388/1612/3588
f 1388/1612/3589 1389/1611/3590 1383/1613/3591 1382/1614/3592
f 1403/1615/3593 1402/1616/3594 1404/1617/3595 1405/1618/3596
f 1383/1606/3597 1389/1619/3598 1390/1620/3599 1391/1621/3600
f 1389/1619/3601 1387/1622/3602 1392/1623/3603 1390/1620/3604
f 1387/1622/3605 1385/1607/3606 1393/1624/3607 1392/1623/3608
f 1385/1607/3609 1383/1606/3610 1391/1621/3611 1393/1624/3612
f 1391/1621/3613 1390/1620/3614 1394/1625/3615 1395/1626/3616
f 1390/1620/3617 1392/1623/3618 1396/1627/3619 1394/1625/3620
f 1392/1623/3621 1393/1624/3622 1397/1628/3623 1396/1627/3624
f 1393/1624/3625 1391/1621/3626 1395/1626/3627 1397/1628/3628
f 1395/1626/3629 1394/1625/3630 1398/1629/3631 1399/1630/3632
f 1394/1625/3633 1396/1627/3634 1400/1631/3635 1398/1629/3636
f 1396/1627/3637 1397/1628/3638 1401/1632/3639 1400/1631/3640
f 1397/1628/3641 1395/1626/3642 1399/1630/3643 1401/1632/3644
s 182
f 1407/1633/3645 1406/1634/3646 1408/1635/3647 1409/1636/3648
s off
f 1398/1629/3649 1400/1631/3650 1404/1617/3651 1402/1616/3652
f 1400/1631/3653 1401/1632/3654 1405/1618/3655 1404/1617/3656
f 1401/1632/3657 1399/1630/3658 1403/1615/3659 1405/1618/3660
s 183
f 1399/1630/3661 1398/1629/3662 1406/1634/3663 1407/1633/3664
s off
f 1410/1637/3665 1412/1638/3666 1414/1639/3667 1416/1640/3668
s 184
f 1402/1616/3669 1403/1615/3670 1409/1636/3671 1408/1635/3672
s off
f 1420/1641/3673 1418/1642/3674 1422/1643/3675 1424/1644/3676
f 1398/1629/3677 1402/1616/3678 1413/1645/3679 1411/1646/3680
s 184
f 1402/1616/3669 1408/1635/3672 1415/1647/3681 1414/1639/3682 1412/1638/3683 1413/1645/3684
s 182
f 1408/1635/3647 1406/1634/3646 1417/1648/3685 1415/1647/3686
s 183
f 1406/1634/3663 1398/1629/3662 1411/1646/3687 1410/1637/3688 1416/1640/3689 1417/1648/3690
s off
f 1403/1615/3691 1399/1630/3692 1419/1649/3693 1421/1650/3694
s 183
f 1399/1630/3661 1407/1633/3664 1423/1651/3695 1422/1643/3696 1418/1642/3697 1419/1649/3698
s 182
f 1407/1633/3645 1409/1636/3648 1425/1652/3699 1423/1651/3700
s 184
f 1409/1636/3671 1403/1615/3670 1421/1650/3701 1420/1641/3702 1424/1644/3703 1425/1652/3704
s off
f 1410/1637/3705 1411/1646/3706 1413/1645/3707 1412/1638/3708
f 1414/1639/3709 1415/1647/3710 1417/1648/3711 1416/1640/3712
f 1419/1649/3713 1418/1642/3714 1420/1641/3715 1421/1650/3716
f 1422/1643/3717 1423/1651/3718 1425/1652/3719 1424/1644/3720
f 1426/1653/3721 1427/1654/3722 1447/1655/3723 1446/1656/3724
f 1427/1654/3725 1428/1657/3726 1448/1658/3727 1447/1655/3728
f 1428/1657/3729 1429/1659/3730 1449/1660/3731 1448/1658/3732
f 1429/1659/3733 1430/1661/3734 1450/1662/3735 1449/1660/3736
f 1430/1661/3737 1431/1663/3738 1451/1664/3739 1450/1662/3740
f 1431/1663/3741 1432/1665/3742 1452/1666/3743 1451/1664/3744
f 1432/1665/3745 1433/1667/3746 1453/1668/3747 1452/1666/3748
f 1433/1667/3749 1434/1669/3750 1454/1670/3751 1453/1668/3752
f 1434/1669/3753 1435/1671/3754 1455/1672/3755 1454/1670/3756
f 1435/1671/3757 1436/1673/3758 1456/1674/3759 1455/1672/3760
f 1436/1673/3761 1437/1675/3762 1457/1676/3763 1456/1674/3764
f 1437/1675/3765 1438/1677/3766 1458/1678/3767 1457/1676/3768
f 1438/1677/3769 1439/1679/3770 1459/1680/3771 1458/1678/3772
f 1439/1679/3773 1440/1681/3774 1460/1682/3775 1459/1680/3776
f 1440/1681/3777 1441/1683/3778 1461/1684/3779 1460/1682/3780
f 1441/1683/3781 1442/1685/3782 1462/1686/3783 1461/1684/3784
f 1442/1685/3785 1443/1687/3786 1463/1688/3787 1462/1686/3788
f 1443/1687/3789 1444/1689/3790 1464/1690/3791 1463/1688/3792
f 1444/1689/3793 1445/1691/3794 1465/1692/3795 1464/1690/3796
f 1445/1691/3797 1426/1693/3798 1446/1694/3799 1465/1692/3800
f 1533/1695/3801 1532/1696/3802 1534/1697/3803
f 1535/1698/3804 1533/1695/3805 1534/1697/3806
f 1536/1699/3807 1535/1698/3808 1534/1697/3809
f 1537/1700/3810 1536/1699/3811 1534/1697/3812
f 1538/1701/3813 1537/1700/3814 1534/1697/3815
f 1539/1702/3816 1538/1701/3817 1534/1697/3818
f 1540/1703/3819 1539/1702/3820 1534/1697/3821
f 1541/1704/3822 1540/1703/3823 1534/1697/3824
f 1542/1705/3825 1541/1704/3826 1534/1697/3827
f 1543/1706/3828 1542/1705/3829 1534/1697/3830
f 1544/1707/3831 1543/1706/3832 1534/1697/3833
f 1545/1708/3834 1544/1707/3835 1534/1697/3836
f 1546/1709/3837 1545/1708/3838 1534/1697/3839
f 1547/1710/3840 1546/1709/3841 1534/1697/3842
f 1548/1711/3843 1547/1710/3844 1534/1697/3845
f 1549/1712/3846 1548/1711/3847 1534/1697/3848
f 1550/1713/3849 1549/1712/3850 1534/1697/3851
f 1551/1714/3852 1550/1713/3853 1534/1697/3854
f 1552/1715/3855 1551/1714/3856 1534/1697/3857
f 1532/1696/3858 1552/1715/3859 1534/1697/3860
f 1427/1716/3861 1426/1717/3862 1466/1718/3863 1467/1719/3864
f 1428/1720/3865 1427/1716/3866 1467/1719/3867 1468/1721/3868
f 1429/1722/3869 1428/1720/3870 1468/1721/3871 1469/1723/3872
f 1430/1724/3873 1429/1722/3874 1469/1723/3875 1470/1725/3876
f 1431/1726/3877 1430/1724/3878 1470/1725/3879 1471/1727/3880
f 1432/1728/3881 1431/1726/3882 1471/1727/3883 1472/1729/3884
f 1433/1730/3885 1432/1728/3886 1472/1729/3887 1473/1731/3888
f 1434/1732/3889 1433/1730/3890 1473/1731/3891 1474/1733/3892
f 1435/1734/3893 1434/1732/3894 1474/1733/3895 1475/1735/3896
f 1436/1736/3897 1435/1734/3898 1475/1735/3899 1476/1737/3900
f 1437/1738/3901 1436/1736/3902 1476/1737/3903 1477/1739/3904
f 1438/1740/3905 1437/1738/3906 1477/1739/3907 1478/1741/3908
f 1439/1742/3909 1438/1740/3910 1478/1741/3911 1479/1743/3912
f 1440/1744/3913 1439/1742/3914 1479/1743/3915 1480/1745/3916
f 1441/1746/3917 1440/1744/3918 1480/1745/3919 1481/1747/3920
f 1442/1748/3921 1441/1746/3922 1481/1747/3923 1482/1749/3924
f 1443/1750/3925 1442/1748/3926 1482/1749/3927 1483/1751/3928
f 1444/1752/3929 1443/1750/3930 1483/1751/3931 1484/1753/3932
f 1445/1754/3933 1444/1752/3934 1484/1753/3935 1485/1755/3936
f 1426/1717/3937 1445/1754/3938 1485/1755/3939 1466/1718/3940
f 1454/1756/3941 1455/1757/3942 1487/1758/3943 1486/1759/3944
f 1455/1757/3945 1456/1760/3946 1488/1761/3947 1487/1758/3948
f 1456/1760/3949 1457/1762/3950 1489/1763/3951 1488/1761/3952
f 1458/1764/3953 1459/1765/3954 1491/1766/3955 1490/1767/3956
f 1459/1765/3957 1460/1768/3958 1492/1769/3959 1491/1766/3960
f 1467/1719/3961 1466/1718/3962 1493/1770/3963 1494/1771/3964
f 1468/1721/3965 1467/1719/3966 1494/1771/3967 1495/1772/3968
f 1469/1723/3969 1468/1721/3970 1495/1772/3971 1496/1773/3972
f 1470/1725/3973 1469/1723/3974 1496/1773/3975 1497/1774/3976
f 1471/1727/3977 1470/1725/3978 1497/1774/3979 1498/1775/3980
f 1472/1729/3981 1471/1727/3982 1498/1775/3983 1499/1776/3984
f 1473/1731/3985 1472/1729/3986 1499/1776/3987 1500/1777/3988
f 1474/1733/3989 1473/1731/3990 1500/1777/3991 1501/1778/3992
f 1475/1735/3993 1474/1733/3994 1501/1778/3995 1502/1779/3996
f 1476/1737/3997 1475/1735/3998 1502/1779/3999 1503/1780/4000
f 1477/1739/4001 1476/1737/4002 1503/1780/4003 1504/1781/4004
f 1478/1741/4005 1477/1739/4006 1504/1781/4007 1505/1782/4008
f 1479/1743/4009 1478/1741/4010 1505/1782/4011 1506/1783/4012
f 1480/1745/4013 1479/1743/4014 1506/1783/4015 1507/1784/4016
f 1481/1747/4017 1480/1745/4018 1507/1784/4019 1508/1785/4020
f 1482/1749/4021 1481/1747/4022 1508/1785/4023 1509/1786/4024
f 1483/1751/4025 1482/1749/4026 1509/1786/4027 1510/1787/4028
f 1484/1753/4029 1483/1751/4030 1510/1787/4031 1511/1788/4032
f 1485/1755/4033 1484/1753/4034 1511/1788/4035 1512/1789/4036
f 1466/1718/4037 1485/1755/4038 1512/1789/4039 1493/1770/4040
f 1494/1771/4041 1493/1770/4042 1513/1790/4043 1514/1791/4044
f 1495/1772/4045 1494/1771/4046 1514/1791/4047 1515/1792/4048
f 1496/1773/4049 1495/1772/4050 1515/1792/4051 1516/1793/4052
f 1497/1774/4053 1496/1773/4054 1516/1793/4055 1517/1794/4056
f 1498/1775/4057 1497/1774/4058 1517/1794/4059 1518/1795/4060
f 1499/1776/4061 1498/1775/4062 1518/1795/4063 1519/1796/4064
f 1500/1777/4065 1499/1776/4066 1519/1796/4067 1520/1797/4068
f 1501/1778/4069 1500/1777/4070 1520/1797/4071 1521/1798/4072
f 1554/1799/4073 1553/1800/4074 1555/1801/4075 1556/1802/4076
f 1557/1803/4077 1554/1799/4078 1556/1802/4079 1558/1804/4080
f 1504/1781/4081 1503/1780/4082 1522/1805/4083 1523/1806/4084
f 1505/1782/4085 1504/1781/4086 1523/1806/4087 1524/1807/4088
f 1506/1783/4089 1505/1782/4090 1524/1807/4091 1525/1808/4092
f 1507/1784/4093 1506/1783/4094 1525/1808/4095 1526/1809/4096
f 1508/1785/4097 1507/1784/4098 1526/1809/4099 1527/1810/4100
f 1509/1786/4101 1508/1785/4102 1527/1810/4103 1528/1811/4104
f 1510/1787/4105 1509/1786/4106 1528/1811/4107 1529/1812/4108
f 1511/1788/4109 1510/1787/4110 1529/1812/4111 1530/1813/4112
f 1512/1789/4113 1511/1788/4114 1530/1813/4115 1531/1814/4116
f 1493/1770/4117 1512/1789/4118 1531/1814/4119 1513/1790/4120
f 1514/1791/4121 1513/1790/4122 1532/1696/4123 1533/1695/4124
f 1515/1792/4125 1514/1791/4126 1533/1695/4127 1535/1698/4128
f 1516/1793/4129 1515/1792/4130 1535/1698/4131 1536/1699/4132
f 1517/1794/4133 1516/1793/4134 1536/1699/4135 1537/1700/4136
f 1518/1795/4137 1517/1794/4138 1537/1700/4139 1538/1701/4140
f 1519/1796/4141 1518/1795/4142 1538/1701/4143 1539/1702/4144
f 1520/1797/4145 1519/1796/4146 1539/1702/4147 1540/1703/4148
f 1521/1798/4149 1520/1797/4150 1540/1703/4151 1541/1704/4152
f 1523/1806/4153 1522/1805/4154 1543/1706/4155 1544/1707/4156
f 1524/1807/4157 1523/1806/4158 1544/1707/4159 1545/1708/4160
f 1525/1808/4161 1524/1807/4162 1545/1708/4163 1546/1709/4164
f 1526/1809/4165 1525/1808/4166 1546/1709/4167 1547/1710/4168
f 1527/1810/4169 1526/1809/4170 1547/1710/4171 1548/1711/4172
f 1528/1811/4173 1527/1810/4174 1548/1711/4175 1549/1712/4176
f 1529/1812/4177 1528/1811/4178 1549/1712/4179 1550/1713/4180
f 1530/1813/4181 1529/1812/4182 1550/1713/4183 1551/1714/4184
f 1531/1814/4185 1530/1813/4186 1551/1714/4187 1552/1715/4188
f 1513/1790/4189 1531/1814/4190 1552/1715/4191 1532/1696/4192
f 1502/1779/4193 1501/1778/4194 1553/1800/4195 1554/1799/4196
f 1501/1778/4197 1521/1798/4198 1555/1801/4199 1553/1800/4200
f 1503/1780/4201 1502/1779/4202 1554/1799/4203 1557/1803/4204
f 1522/1805/4205 1503/1780/4206 1557/1803/4207 1558/1804/4208
