# This file uses meters as units for non-parametric coordinates.

g default
v 69.715195 -0.967968 55.868656
v 69.715195 172.904541 55.868656
v 3.230981 172.904541 -0.120747
v 3.230981 -0.967968 -0.120747
v 3.230981 18.539133 -0.120747
v 69.715195 18.539137 55.868656
v 63.265240 -0.967968 50.436836
v 63.265240 18.539135 50.436836
v 63.265274 172.904541 50.436867
v 9.214060 172.904541 4.917874
v 9.214051 18.539133 4.917867
v 9.214051 -0.967968 4.917867
v 69.715195 164.757141 55.868656
v 63.265263 164.757141 50.436859
v 9.214059 164.757202 4.917874
v 3.230981 164.757202 -0.120747
v 18.384052 -0.967968 12.640342
v 18.384052 18.539133 12.640342
v 18.384060 164.757187 12.640348
v 18.384068 172.904556 12.640355
v 53.163422 -0.967968 41.929638
v 53.163422 18.539135 41.929638
v 53.163448 164.757156 41.929657
v 53.163445 172.904541 41.929665
v 38.950336 172.904556 29.960152
v 38.950336 164.757156 29.960152
v 38.950302 18.539135 29.960129
v 38.950302 -0.967968 29.960129
v 33.464447 172.904556 25.340235
v 33.464447 164.757172 25.340235
v 33.464428 18.539135 25.340218
v 33.464428 -0.967968 25.340218
v 22.890791 172.904556 16.435677
v 22.890783 164.757187 16.435667
v 22.890772 18.539135 16.435658
v 22.890772 -0.967968 16.435658
v 47.723064 -0.967968 37.348064
v 47.723064 18.539135 37.348064
v 47.723095 164.757156 37.348091
v 47.723095 172.904556 37.348091
v 52.029362 18.539135 43.276253
v 52.029396 164.757156 43.276279
v 62.131207 164.757141 51.783478
v 62.131176 18.539135 51.783459
v 17.250011 164.757187 13.986968
v 8.080009 164.757202 6.264495
v 17.250000 18.539133 13.986963
v 8.080000 18.539133 6.264487
v 3.230981 149.009521 -0.120747
v 9.214058 149.009521 4.917873
v 8.080008 149.009521 6.264494
v 17.250010 149.009506 13.986968
v 18.384060 149.009506 12.640348
v 22.890783 149.009506 16.435667
v 33.464447 149.009491 25.340235
v 38.950336 149.009476 29.960152
v 47.723095 149.009476 37.348091
v 53.163448 149.009476 41.929657
v 52.029396 149.009476 43.276279
v 62.131207 149.009460 51.783478
v 63.265263 149.009460 50.436859
v 69.715195 149.009460 55.868656
v 3.230981 107.705208 -0.120747
v 9.214056 107.705208 4.917871
v 8.080006 107.705208 6.264492
v 17.250008 107.705193 13.986969
v 18.384058 107.705193 12.640349
v 22.890779 107.705193 16.435663
v 33.464439 107.705185 25.340227
v 38.950325 107.705177 29.960144
v 47.723095 107.705177 37.348091
v 53.163429 107.705177 41.929642
v 52.029385 107.705177 43.276272
v 62.131203 107.705162 51.783474
v 63.265247 107.705162 50.436859
v 69.715195 107.705162 55.868656
v 69.715195 144.233826 55.868656
v 63.265263 144.233826 50.436859
v 62.131207 144.233826 51.783478
v 52.029396 144.233841 43.276279
v 53.163448 144.233841 41.929657
v 47.723095 144.233841 37.348091
v 38.950336 144.233841 29.960152
v 33.464447 144.233856 25.340235
v 22.890783 144.233856 16.435667
v 18.384060 144.233856 12.640348
v 17.250010 144.233856 13.986968
v 8.080008 144.233871 6.264494
v 9.214058 144.233871 4.917872
v 3.230981 144.233871 -0.120747
v 3.230981 110.723053 -0.120747
v 9.214056 110.723053 4.917871
v 8.080006 110.723053 6.264492
v 17.250008 110.723053 13.986969
v 18.384058 110.723053 12.640349
v 22.890781 110.723038 16.435665
v 33.464439 110.723030 25.340227
v 38.950329 110.723030 29.960144
v 47.723095 110.723038 37.348091
v 53.163429 110.723038 41.929642
v 52.029385 110.723038 43.276272
v 62.131203 110.723022 51.783474
v 63.265247 110.723022 50.436859
v 69.715195 110.723022 55.868656
v 21.894434 149.009506 17.618774
v 32.468102 149.009491 26.523342
v 21.894434 164.757187 17.618774
v 32.468102 164.757172 26.523344
v 37.953979 149.009476 31.143261
v 37.953991 164.757156 31.143263
v 46.726753 149.009476 38.531204
v 46.726753 164.757156 38.531204
v 21.811941 107.705193 17.716719
v 21.811934 18.539135 17.716715
v 32.385605 107.705185 26.621288
v 32.385586 18.539135 26.621273
v 37.871490 107.705177 31.241203
v 37.871464 18.539135 31.241182
v 46.644257 107.705177 38.629150
v 46.644234 18.539135 38.629128
v 22.505379 110.723038 16.893312
v 33.079033 110.723030 25.797873
v 22.505381 144.233856 16.893316
v 33.079041 144.233856 25.797880
v 38.564926 110.723030 30.417789
v 38.564930 144.233841 30.417797
v 47.337688 110.723038 37.805733
v 47.337688 144.233841 37.805733
v 68.434128 -0.967968 57.389847
v 68.434128 172.904556 57.389847
v 1.949911 172.904556 1.400452
v 1.949911 -0.967968 1.400452
v 1.949911 18.539133 1.400452
v 68.434128 18.539137 57.389847
v 61.984169 -0.967968 51.958038
v 61.984177 172.904541 51.958046
v 7.932988 172.904541 6.439075
v 7.932979 -0.967968 6.439067
v 68.434128 164.757141 57.389847
v 1.949911 164.757202 1.400452
v 17.102978 -0.967968 14.161542
v 17.102993 172.904556 14.161555
v 51.882332 -0.967968 43.450821
v 51.882374 172.904541 43.450855
v 37.669270 172.904556 31.481352
v 37.669239 -0.967968 31.481329
v 32.183372 172.904556 26.861433
v 32.183357 -0.967968 26.861416
v 21.609718 172.904556 17.956875
v 21.609705 -0.967968 17.956861
v 46.442017 -0.967968 38.869282
v 46.442039 172.904556 38.869305
v 1.949911 149.009521 1.400452
v 68.434128 149.009460 57.389847
v 1.949911 107.705208 1.400452
v 68.434128 107.705162 57.389847
v 68.434128 144.233826 57.389847
v 1.949911 144.233871 1.400452
v 1.949911 110.723053 1.400452
v 68.434128 110.723022 57.389847
v 67.153061 -0.967968 58.911041
v 67.153061 172.904541 58.911041
v 0.668840 172.904541 2.921650
v 0.668840 -0.967968 2.921650
v 0.668840 18.539133 2.921650
v 67.153061 18.539137 58.911041
v 60.703094 -0.967968 53.479237
v 60.703094 18.539135 53.479237
v 60.703129 172.904541 53.479267
v 6.651916 172.904541 7.960274
v 6.651907 18.539133 7.960267
v 6.651907 -0.967968 7.960267
v 67.153061 164.757141 58.911041
v 60.703117 164.757141 53.479259
v 6.651915 164.757202 7.960274
v 0.668840 164.757202 2.921650
v 15.821907 -0.967968 15.682743
v 15.821907 18.539133 15.682743
v 15.821915 164.757187 15.682749
v 15.821922 172.904556 15.682756
v 50.601276 -0.967968 44.972038
v 50.601276 18.539135 44.972038
v 50.601303 164.757156 44.972057
v 50.601307 172.904541 44.972054
v 36.388191 172.904556 33.002548
v 36.388191 164.757156 33.002548
v 36.388165 18.539135 33.002522
v 36.388165 -0.967968 33.002522
v 30.902306 172.904556 28.382635
v 30.902306 164.757172 28.382635
v 30.902285 18.539135 28.382616
v 30.902285 -0.967968 28.382616
v 20.328650 172.904556 19.478073
v 20.328640 164.757187 19.478067
v 20.328629 18.539135 19.478058
v 20.328629 -0.967968 19.478058
v 45.160919 -0.967968 40.390465
v 45.160919 18.539135 40.390465
v 45.160950 164.757156 40.390491
v 45.160950 172.904556 40.390491
v 51.735321 18.539135 43.625408
v 51.735355 164.757156 43.625435
v 61.837166 164.757141 52.132633
v 61.837143 18.539135 52.132607
v 16.955963 164.757187 14.336132
v 7.785966 164.757202 6.613653
v 16.955959 18.539133 14.336122
v 7.785957 18.539133 6.613646
v 0.668840 149.009521 2.921650
v 6.651915 149.009521 7.960273
v 7.785965 149.009521 6.613652
v 16.955963 149.009506 14.336130
v 15.821915 149.009506 15.682749
v 20.328640 149.009506 19.478067
v 30.902306 149.009491 28.382635
v 36.388191 149.009476 33.002548
v 45.160950 149.009476 40.390491
v 50.601303 149.009476 44.972057
v 51.735355 149.009476 43.625435
v 61.837166 149.009460 52.132633
v 60.703117 149.009460 53.479259
v 67.153061 149.009460 58.911041
v 0.668840 107.705208 2.921650
v 6.651913 107.705208 7.960271
v 7.785963 107.705208 6.613650
v 16.955965 107.705193 14.336129
v 15.821915 107.705193 15.682749
v 20.328636 107.705193 19.478064
v 30.902296 107.705185 28.382626
v 36.388180 107.705177 33.002541
v 45.160950 107.705177 40.390491
v 50.601284 107.705177 44.972042
v 51.735344 107.705177 43.625427
v 61.837162 107.705162 52.132629
v 60.703117 107.705162 53.479244
v 67.153061 107.705162 58.911041
v 67.153061 144.233826 58.911041
v 60.703117 144.233826 53.479259
v 61.837166 144.233826 52.132633
v 51.735355 144.233841 43.625435
v 50.601303 144.233841 44.972057
v 45.160950 144.233841 40.390491
v 36.388191 144.233841 33.002548
v 30.902306 144.233856 28.382635
v 20.328640 144.233856 19.478067
v 15.821915 144.233856 15.682749
v 16.955963 144.233856 14.336130
v 7.785965 144.233871 6.613652
v 6.651914 144.233871 7.960273
v 0.668840 144.233871 2.921650
v 0.668840 110.723053 2.921650
v 6.651913 110.723053 7.960271
v 7.785963 110.723053 6.613650
v 16.955965 110.723053 14.336129
v 15.821915 110.723053 15.682749
v 20.328636 110.723038 19.478067
v 30.902296 110.723030 28.382626
v 36.388184 110.723030 33.002544
v 45.160950 110.723038 40.390491
v 50.601284 110.723038 44.972042
v 51.735344 110.723038 43.625427
v 61.837162 110.723022 52.132629
v 60.703117 110.723022 53.479244
v 67.153061 110.723022 58.911041
v 21.324987 149.009506 18.294960
v 31.898653 149.009491 27.199528
v 21.324987 164.757187 18.294960
v 31.898657 164.757172 27.199530
v 37.384541 149.009476 31.819437
v 37.384548 164.757156 31.819443
v 46.157307 149.009476 39.207386
v 46.157307 164.757156 39.207386
v 21.407469 107.705193 18.197004
v 21.407465 18.539135 18.197001
v 31.981136 107.705185 27.101572
v 31.981117 18.539135 27.101557
v 37.467022 107.705177 31.721487
v 37.466995 18.539135 31.721464
v 46.239788 107.705177 39.109436
v 46.239765 18.539135 39.109409
v 20.714043 110.723038 19.020422
v 31.287701 110.723030 27.924980
v 20.714046 144.233856 19.020422
v 31.287708 144.233856 27.924988
v 36.773590 110.723030 32.544899
v 36.773598 144.233841 32.544903
v 45.546352 110.723038 39.932842
v 45.546352 144.233841 39.932842
v 69.715195 92.200531 55.868656
v 68.434128 92.200531 57.389847
v 67.153061 92.200531 58.911041
v 60.703106 92.200531 53.479240
v 61.837154 92.200531 52.132622
v 51.735340 92.200539 43.625423
v 50.601284 92.200539 44.972042
v 45.160946 92.200539 40.390488
v 46.239784 92.200539 39.109432
v 37.467018 92.200539 31.721483
v 36.388176 92.200539 33.002537
v 30.902296 92.200546 28.382626
v 31.981133 92.200546 27.101568
v 21.407469 92.200554 18.197004
v 20.328636 92.200554 19.478064
v 15.821913 92.200554 15.682748
v 16.955963 92.200554 14.336128
v 7.785962 92.200569 6.613649
v 6.651912 92.200569 7.960270
v 0.668840 92.200569 2.921650
v 1.949911 92.200569 1.400452
v 3.230981 92.200569 -0.120747
v 9.214055 92.200569 4.917871
v 8.080004 92.200569 6.264491
v 17.250008 92.200554 13.986968
v 18.384056 92.200554 12.640348
v 22.890779 92.200554 16.435663
v 21.811939 92.200554 17.716719
v 32.385601 92.200546 26.621284
v 33.464439 92.200546 25.340227
v 38.950321 92.200539 29.960138
v 37.871487 92.200539 31.241199
v 46.644253 92.200539 38.629147
v 47.723091 92.200539 37.348087
v 53.163429 92.200539 41.929642
v 52.029381 92.200539 43.276268
v 62.131195 92.200531 51.783466
v 63.265244 92.200531 50.436852
v 69.715195 90.536446 55.868656
v 68.434128 90.536446 57.389847
v 67.153061 90.536446 58.911041
v 60.703106 90.536446 53.479240
v 61.837154 90.536446 52.132622
v 51.735340 90.536453 43.625423
v 50.601284 90.536453 44.972042
v 45.160946 90.536453 40.390488
v 46.239784 90.536453 39.109432
v 37.467018 90.536469 31.721483
v 36.388176 90.536469 33.002537
v 30.902296 90.536476 28.382626
v 31.981133 90.536476 27.101568
v 21.407469 90.536484 18.197004
v 20.328636 90.536484 19.478064
v 15.821913 90.536469 15.682748
v 16.955963 90.536469 14.336128
v 7.785962 90.536499 6.613649
v 6.651912 90.536499 7.960270
v 0.668840 90.536499 2.921650
v 1.949911 90.536499 1.400452
v 3.230981 90.536499 -0.120747
v 9.214055 90.536499 4.917871
v 8.080004 90.536499 6.264491
v 17.250008 90.536469 13.986968
v 18.384056 90.536469 12.640348
v 22.890779 90.536484 16.435663
v 21.811939 90.536484 17.716719
v 32.385601 90.536476 26.621284
v 33.464439 90.536476 25.340227
v 38.950321 90.536469 29.960138
v 37.871487 90.536469 31.241199
v 46.644253 90.536453 38.629147
v 47.723091 90.536453 37.348087
v 53.163429 90.536453 41.929642
v 52.029381 90.536453 43.276268
v 62.131195 90.536446 51.783466
v 63.265244 90.536446 50.436852
v 66.553741 172.904541 53.206238
v 65.272659 172.904556 54.727425
v 63.991600 172.904541 56.248631
v 63.991592 164.757156 56.248627
v 63.991592 149.009460 56.248627
v 63.991592 144.233826 56.248627
v 63.991592 110.723022 56.248619
v 63.991592 107.705162 56.248619
v 63.991589 92.200531 56.248615
v 63.991589 90.536453 56.248615
v 63.991585 18.539135 56.248619
v 63.991585 -0.967968 56.248619
v 65.272644 -0.967968 54.727421
v 66.553726 -0.967968 53.206226
v 66.553726 18.539135 53.206226
v 66.553726 90.536446 53.206230
v 66.553726 92.200531 53.206230
v 66.553726 107.705162 53.206234
v 66.553726 110.723022 53.206234
v 66.553726 144.233826 53.206234
v 66.553726 149.009460 53.206234
v 66.553726 164.757156 53.206234
v 65.927277 -0.967968 52.678669
v 64.646210 -0.967968 54.199863
v 63.365139 -0.967968 55.721062
v 63.365139 18.539135 55.721062
v 63.365143 90.536453 55.721058
v 63.365143 92.200531 55.721058
v 63.365147 107.705154 55.721062
v 63.365147 110.723022 55.721062
v 63.365154 144.233826 55.721073
v 63.365150 149.009460 55.721069
v 63.365154 164.757156 55.721073
v 63.365154 172.904541 55.721073
v 64.646210 172.904556 54.199867
v 65.927292 172.904541 52.678680
v 65.927292 164.757156 52.678680
v 65.927292 149.009460 52.678677
v 65.927292 144.233826 52.678680
v 65.927277 110.723022 52.678677
v 65.927277 107.705154 52.678677
v 65.927277 92.200531 52.678673
v 65.927277 90.536446 52.678673
v 65.927277 18.539135 52.678669
v 69.253250 69.176010 55.453220
v 69.648926 69.176010 54.980927
v 69.253250 93.947021 55.453220
v 69.648926 93.947021 54.980927
v 63.535889 93.947021 50.663387
v 63.931564 93.947021 50.191093
v 63.535889 69.176010 50.663387
v 63.931564 69.176010 50.191093
v 68.423676 93.947021 54.758224
v 68.423676 69.176010 54.758224
v 68.819351 69.176010 54.285934
v 68.819351 93.947021 54.285934
v 64.283600 69.176010 51.289799
v 64.283600 93.947021 51.289799
v 64.679276 93.947021 50.817505
v 64.679276 69.176010 50.817505
v 68.819351 94.562241 54.285934
v 68.423676 94.562241 54.758224
v 64.679276 94.562241 50.817505
v 64.283600 94.562241 51.289799
v 68.698364 95.105789 54.184570
v 68.302689 95.105789 54.656868
v 64.800262 95.105789 50.918861
v 64.404587 95.105789 51.391155
v 68.439369 95.506897 53.967598
v 68.043694 95.506897 54.439888
v 65.059258 95.506897 51.135841
v 64.663582 95.506897 51.608135
v 68.062424 95.776917 53.651802
v 67.666748 95.776917 54.124092
v 65.436203 95.776917 51.451633
v 65.040527 95.776917 51.923927
v 67.632881 95.953369 53.291946
v 67.237206 95.953369 53.764236
v 65.865738 95.953369 51.811489
v 65.470062 95.953369 52.283783
v 67.209198 96.013657 52.936996
v 66.813522 96.013657 53.409286
v 66.289429 96.013657 52.166447
v 65.893753 96.013657 52.638741
v 64.679276 68.589066 50.817505
v 64.283600 68.589066 51.289799
v 68.819351 68.589066 54.285934
v 68.423676 68.589066 54.758224
v 64.846542 67.981781 50.957634
v 64.450867 67.981781 51.429928
v 68.652084 67.981781 54.145802
v 68.256409 67.981781 54.618095
v 65.171722 67.591370 51.230061
v 64.776047 67.591370 51.702354
v 68.326904 67.591370 53.873375
v 67.931229 67.591370 54.345665
v 65.554153 67.332581 51.550446
v 65.158478 67.332581 52.022739
v 67.944473 67.332581 53.552994
v 67.548798 67.332581 54.025284
v 65.859100 67.210144 51.805923
v 65.463425 67.210144 52.278221
v 67.639526 67.210144 53.297512
v 67.243851 67.210144 53.769806
v 66.231659 67.095688 52.118042
v 65.835983 67.095688 52.590336
v 67.266968 67.095688 52.985397
v 66.871292 67.095688 53.457687
v 67.477219 85.301224 52.736671
v 68.779381 85.301224 51.182354
v 66.422432 85.301224 51.852997
v 67.724594 85.301224 50.298683
v 67.371750 86.557083 52.648312
v 67.477219 86.419510 52.736671
v 68.673912 86.557083 51.093994
v 68.779381 86.419510 51.182354
v 66.422432 86.419510 51.852997
v 66.527901 86.557083 51.941357
v 67.724594 86.419510 50.298683
v 67.830063 86.557083 50.387043
v 68.460297 86.557083 49.634762
v 69.304153 86.557083 50.341713
v 68.382225 83.982391 49.513702
v 68.516411 83.982391 49.502277
v 68.753006 82.242416 49.494301
v 68.879852 82.242416 49.542534
v 69.242599 80.670975 49.775707
v 69.310638 80.670975 49.897053
v 69.426010 78.917725 50.448826
v 69.374840 78.917725 50.583458
v 69.273666 77.772324 50.803967
v 69.166328 77.790314 50.900631
v 68.679062 76.686234 51.095718
v 68.821648 76.668045 51.078880
v 67.794037 83.982391 50.356861
v 67.724594 84.045486 50.298683
v 67.783676 83.982391 50.228149
v 67.857117 82.242416 49.996552
v 67.903305 82.242416 49.874866
v 68.235214 80.670975 49.587872
v 68.351151 80.670975 49.522552
v 68.922928 78.917725 49.559780
v 69.050728 78.917725 49.608295
v 69.224472 77.659134 49.790890
v 69.320526 77.664963 49.895588
v 69.399651 76.565063 50.425205
v 69.377808 76.560272 50.275440
v 68.722473 83.982391 51.134682
v 68.826752 83.982391 51.125805
v 68.779381 84.033417 51.182354
v 68.450035 82.242416 51.137737
v 68.351456 82.242416 51.100266
v 67.958862 80.670975 50.841587
v 67.905945 80.670975 50.747322
v 67.787064 78.917725 50.153194
v 67.826599 78.917725 50.049271
v 67.949417 77.743317 49.809429
v 68.046066 77.727066 49.722069
v 68.533882 76.625504 49.518932
v 68.400932 76.642990 49.544399
v 69.445679 83.982391 50.387035
v 69.436508 83.982391 50.273109
v 69.369797 82.242416 50.636429
v 69.328873 82.242416 50.744114
v 68.984367 80.670975 51.045948
v 68.881668 80.670975 51.103653
v 68.291519 78.917725 51.067139
v 68.175598 78.917725 51.023407
v 67.992996 77.857971 50.832104
v 67.901825 77.852325 50.731823
v 67.822922 76.745956 50.198074
v 67.833969 76.751587 50.338154
v 68.531433 76.146164 49.493881
v 68.394272 76.164200 49.520157
v 69.402039 76.078888 50.274303
v 69.424561 76.083817 50.428799
v 68.828293 76.190048 51.103134
v 68.681206 76.208832 51.120506
v 67.809387 76.276215 50.338997
v 67.798004 76.270432 50.194489
v 67.932678 74.470520 50.208584
v 67.821899 74.557281 50.203365
v 68.780609 74.447739 51.016064
v 68.823074 74.522003 51.146759
v 68.427078 75.211426 51.582039
v 68.306625 75.298431 51.567619
v 67.457520 75.321243 50.759007
v 67.425903 75.246674 50.638641
v 67.297997 73.714417 50.928867
v 67.196747 73.793716 50.924099
v 68.073013 73.693588 51.666912
v 68.111832 73.761475 51.786369
v 67.749886 74.391602 52.184219
v 67.639793 74.471130 52.171043
v 66.863693 74.491989 51.431961
v 66.834808 74.423843 51.321949
v 66.599533 72.908813 51.850605
v 66.525040 72.967163 51.847095
v 67.169792 72.893494 52.393658
v 67.198357 72.943451 52.481560
v 66.932037 73.407089 52.774292
v 66.851028 73.465607 52.764595
v 66.279976 73.480957 52.220779
v 66.258713 73.430817 52.139835
v 66.559036 72.931900 51.880909
v 66.471054 72.964554 51.893509
v 67.136864 72.896194 52.414940
v 67.154556 72.919601 52.515816
v 66.783432 73.163071 52.933640
v 66.099945 73.208038 52.311333
v 66.435257 72.230453 52.028660
v 66.373901 72.239624 52.009468
v 67.042023 72.193436 52.528145
v 67.088539 72.195480 52.594616
v 66.844994 72.247849 52.860161
v 66.130371 72.291992 52.275017
v 66.526337 71.162170 52.267799
v 66.490761 71.171341 52.270203
v 66.791855 71.125168 52.481400
v 66.804352 71.127213 52.519371
v 66.673111 71.179581 52.665115
v 66.634499 71.189163 52.665081
v 66.368607 71.226227 52.451187
v 66.359512 71.223709 52.415955
v 68.417442 85.301224 49.471661
v 68.473915 85.301224 49.466675
v 68.417442 86.419510 49.471661
v 68.445221 86.435867 49.463985
v 68.473915 86.419510 49.466675
v 69.467247 85.301224 50.298859
v 69.472229 85.301224 50.355335
v 69.467247 86.419510 50.298859
v 69.474922 86.435867 50.326637
v 69.472229 86.419510 50.355335
v 68.473915 84.020493 49.466675
v 68.417442 84.020325 49.471661
v 69.467247 84.010315 50.298859
v 69.472229 84.010742 50.355335
v 68.359924 83.509583 53.444920
v 68.359924 88.849213 53.444920
v 65.637321 88.849213 51.164001
v 65.637321 83.509583 51.164001
v 67.579681 88.849213 53.272526
v 67.579681 83.509583 53.272526
v 67.816597 83.509583 52.989731
v 67.816597 88.849213 52.989731
v 67.247437 83.509583 52.994186
v 67.247437 88.849213 52.994186
v 67.484352 88.849213 52.711391
v 67.484352 83.509583 52.711391
v 65.898285 83.509583 51.863903
v 65.898285 88.849213 51.863903
v 66.135201 88.849213 51.581108
v 66.135201 83.509583 51.581108
v 66.156494 88.849213 52.080219
v 66.156494 83.509583 52.080219
v 66.393402 83.509583 51.797428
v 66.393402 88.849213 51.797428
v 68.123016 84.199631 53.727715
v 65.400406 84.199631 51.446796
v 65.637321 84.199631 51.164001
v 66.135201 84.199631 51.581108
v 66.393402 84.199631 51.797428
v 67.484352 84.199631 52.711391
v 67.816597 84.199631 52.989731
v 68.359924 84.199631 53.444920
v 65.400406 84.558060 51.446796
v 68.123016 84.558060 53.727715
v 68.359924 84.558060 53.444920
v 67.816597 84.558060 52.989731
v 67.484352 84.558060 52.711391
v 66.393402 84.558060 51.797428
v 66.135201 84.558060 51.581108
v 65.637321 84.558060 51.164001
v 65.400406 88.274414 51.446796
v 68.123016 88.274414 53.727715
v 68.359924 88.274414 53.444920
v 67.816597 88.274414 52.989731
v 67.484352 88.274414 52.711391
v 66.393402 88.274414 51.797428
v 66.135201 88.274414 51.581108
v 65.637321 88.274414 51.164001
v 65.400406 88.007645 51.446796
v 65.637321 88.007645 51.164001
v 66.135201 88.007645 51.581108
v 66.393402 88.007645 51.797428
v 67.484352 88.007645 52.711391
v 67.816597 88.007645 52.989731
v 68.359924 88.007645 53.444920
v 68.123016 88.007645 53.727715
v 67.962311 89.003128 53.111813
v 67.725403 89.003128 53.394608
v 68.268753 88.428345 53.849808
v 68.505661 88.428345 53.567017
v 65.764572 89.023941 51.751877
v 66.001480 89.023941 51.469086
v 65.503601 88.449158 51.051979
v 65.266693 88.449158 51.334774
v 68.498825 84.036469 53.561287
v 68.261909 84.036469 53.844078
v 67.718559 83.346451 53.388878
v 67.955475 83.346451 53.106083
v 65.238907 84.010040 51.311493
v 65.475815 84.010040 51.028698
v 65.973694 83.320023 51.445805
v 65.736778 83.320023 51.728600
v 68.268753 88.830765 53.849808
v 68.136612 89.003128 53.739105
v 68.196136 88.926453 53.788971
v 68.505661 88.830765 53.567017
v 68.433044 88.926453 53.506180
v 68.373520 89.003128 53.456314
v 65.503601 88.851547 51.051979
v 65.635742 89.023941 51.162682
v 65.569626 88.937668 51.107285
v 65.266693 88.851547 51.334774
v 65.332703 88.937668 51.390079
v 65.398834 89.023941 51.445477
v 68.129761 83.346451 53.733364
v 68.261909 83.518829 53.844078
v 68.192474 83.428009 53.785904
v 68.366669 83.346451 53.450569
v 68.429390 83.428009 53.503113
v 68.498825 83.518829 53.561287
v 65.607956 83.320023 51.139404
v 65.475815 83.492386 51.028698
v 65.545273 83.401550 51.086887
v 65.371048 83.320023 51.422199
v 65.308357 83.401550 51.369682
v 65.238907 83.492386 51.311493
v 67.848969 89.083160 53.016857
v 67.612061 89.083160 53.299652
v 67.800835 89.083160 52.976532
v 67.563919 89.083160 53.259323
v 66.132912 89.089127 51.579193
v 65.895996 89.089127 51.861984
v 66.087517 89.089127 51.541161
v 65.850601 89.089127 51.823956
v 67.778931 83.193604 52.958183
v 67.542023 83.193604 53.240974
v 67.865677 83.193604 53.030853
v 67.628761 83.193604 53.313644
v 66.086121 83.193604 51.539989
v 65.849197 83.193604 51.822781
v 66.158752 83.193604 51.600842
v 65.921829 83.193604 51.883633
v 65.358170 84.268921 50.930138
v 65.121262 84.268921 51.212933
v 65.358170 84.157410 50.930138
v 65.121262 84.157410 51.212933
v 65.358170 88.316650 50.930138
v 65.121262 88.316650 51.212933
v 65.358170 88.214249 50.930138
v 65.121262 88.214249 51.212933
v 68.619003 84.144257 53.661968
v 68.382095 84.144257 53.944763
v 68.619003 84.272217 53.661968
v 68.382095 84.272217 53.944763
v 68.619003 88.226501 53.661968
v 68.382095 88.226501 53.944763
v 68.619003 88.329788 53.661968
v 68.382095 88.329788 53.944763
v 66.898285 88.849213 52.701675
v 66.898285 83.509583 52.701675
v 67.135208 83.509583 52.418884
v 67.135208 84.199631 52.418884
v 67.135208 84.558060 52.418884
v 67.135208 88.007645 52.418884
v 67.135208 88.274414 52.418884
v 67.135208 88.849213 52.418884
v 66.635666 83.509583 52.481667
v 66.635666 88.849213 52.481667
v 66.872589 88.849213 52.198872
v 66.872589 88.274414 52.198872
v 66.872589 88.007645 52.198872
v 66.872589 84.558060 52.198872
v 66.872589 84.199631 52.198872
v 66.872589 83.509583 52.198872
v 65.400406 86.715057 51.446796
v 65.637321 86.715057 51.164001
v 66.135201 86.715057 51.581108
v 66.393402 86.715057 51.797428
v 66.872589 86.715057 52.198872
v 67.135208 86.715057 52.418884
v 67.484352 86.715057 52.711391
v 67.816597 86.715057 52.989731
v 68.359924 86.715057 53.444920
v 68.123016 86.715057 53.727715
v 66.696686 86.715057 52.408829
v 66.959305 86.715057 52.628841
v 66.696686 88.007645 52.408829
v 66.959305 88.007645 52.628841
v 67.032333 86.941559 52.489281
v 67.370071 86.941559 52.086143
v 67.032333 87.218033 52.489281
v 67.370071 87.218033 52.086143
v 66.825882 87.218033 52.316315
v 67.163620 87.218033 51.913177
v 66.825882 86.941559 52.316315
v 67.163620 86.941559 51.913177
v 67.244850 86.977463 51.776581
v 67.490334 86.977463 51.982235
v 67.211273 87.247711 51.816666
v 67.456757 87.247711 52.022320
v 67.329834 87.073181 51.675148
v 67.575317 87.073181 51.880802
v 67.260132 87.321686 51.758339
v 67.505615 87.321686 51.963993
v 67.429459 87.359756 51.556221
v 67.674942 87.359756 51.761875
v 67.270523 87.367447 51.745937
v 67.516006 87.367447 51.951591
v 67.429459 87.468582 51.556221
v 67.674942 87.468582 51.761875
v 67.270523 87.476273 51.745937
v 67.516006 87.476273 51.951591
v 68.649445 87.359756 50.100002
v 68.894928 87.359756 50.305656
v 68.649445 87.468582 50.100002
v 68.894928 87.468582 50.305656
v 67.139091 87.545151 50.958904
v 67.197113 87.452469 51.361561
v 67.139091 87.653961 50.958904
v 67.197113 87.561279 51.361561
v 68.010490 87.653961 49.918758
v 68.417084 87.561279 49.905342
v 68.010490 87.545151 49.918758
v 68.417084 87.452469 49.905342
v 68.319321 87.545151 51.947659
v 67.912720 87.453537 51.961075
v 68.319321 87.653961 51.947659
v 67.912720 87.562347 51.961075
v 69.190720 87.545151 50.907513
v 69.132690 87.453537 50.504856
v 69.190720 87.653961 50.907513
v 69.132690 87.562347 50.504856
v 69.253250 90.757736 55.453220
v 69.648926 90.757736 54.980927
v 68.819351 90.757736 54.285934
v 64.679276 90.757736 50.817505
v 63.931564 90.757736 50.191093
v 63.535889 90.757736 50.663387
v 63.535889 92.335632 50.663387
v 63.931564 92.335632 50.191093
v 64.679276 92.335632 50.817505
v 68.819351 92.335632 54.285934
v 69.648926 92.335632 54.980927
v 69.253250 92.335632 55.453220
v 66.403473 67.095688 53.065765
v 66.799149 67.095688 52.593468
v 66.835022 67.210144 52.623520
v 66.864380 67.332581 52.648117
v 66.901199 67.591370 52.678963
v 66.932510 67.981781 52.705193
v 66.948608 68.589066 52.718681
v 66.948608 69.176010 52.718681
v 66.984299 90.757736 52.748585
v 66.984299 92.335617 52.748585
v 66.948608 93.947021 52.718681
v 66.948608 94.562241 52.718681
v 66.936958 95.105789 52.708923
v 66.912018 95.506912 52.688034
v 66.875732 95.776917 52.657627
v 66.834381 95.953369 52.622982
v 66.793594 96.013672 52.588814
v 66.397919 96.013672 53.061104
v 66.296234 96.013672 52.975922
v 66.691910 96.013672 52.503624
v 66.639023 95.953369 52.459320
v 66.585403 95.776917 52.414398
v 66.538345 95.506912 52.374977
v 66.506027 95.105789 52.347900
v 66.490921 94.562256 52.335243
v 66.490921 93.947021 52.335243
v 66.490921 92.335617 52.335247
v 66.490921 90.757751 52.335243
v 66.490921 69.176010 52.335247
v 66.490921 68.589066 52.335247
v 66.511803 67.981781 52.352741
v 66.552399 67.591370 52.386745
v 66.600128 67.332581 52.426735
v 66.638199 67.210144 52.458626
v 66.684700 67.095688 52.497589
v 66.289024 67.095688 52.969879
v 66.576447 92.641891 52.256947
v 66.344330 92.482498 52.065144
v 66.160126 92.234207 51.912926
v 66.041855 91.921356 51.815197
v 66.001099 91.574562 51.781521
v 66.041855 91.227768 51.815197
v 66.160126 90.914917 51.912926
v 66.344330 90.666641 52.065144
v 66.576447 90.507233 52.256947
v 66.833740 90.452301 52.469563
v 67.091049 90.507233 52.682182
v 67.323166 90.666641 52.873985
v 67.507370 90.914917 53.026203
v 67.625641 91.227768 53.123932
v 67.666389 91.574562 53.157608
v 67.625641 91.921356 53.123932
v 67.507370 92.234207 53.026203
v 67.323166 92.482491 52.873985
v 67.091049 92.641891 52.682182
v 66.833740 92.696823 52.469563
v 66.495537 92.641891 52.354862
v 66.263420 92.482498 52.163055
v 66.079216 92.234207 52.010841
v 65.960945 91.921356 51.913113
v 65.920197 91.574562 51.879436
v 65.960945 91.227768 51.913113
v 66.079216 90.914917 52.010841
v 66.263420 90.666641 52.163055
v 66.495537 90.507233 52.354862
v 66.752838 90.452301 52.567478
v 67.010139 90.507233 52.780094
v 67.242249 90.666641 52.971901
v 67.426460 90.914917 53.124115
v 67.544724 91.227768 53.221848
v 67.585480 91.574562 53.255524
v 67.544724 91.921356 53.221848
v 67.426460 92.234207 53.124115
v 67.242249 92.482491 52.971901
v 67.010139 92.641891 52.780094
v 66.752838 92.696823 52.567478
v 66.576447 92.641891 52.256947
v 66.344330 92.482491 52.065140
v 66.160126 92.234207 51.912926
v 66.041855 91.921356 51.815201
v 66.001106 91.574562 51.781525
v 66.041855 91.227768 51.815201
v 66.160126 90.914917 51.912926
v 66.344330 90.666641 52.065144
v 66.576447 90.507233 52.256947
v 66.833740 90.452309 52.469563
v 67.091049 90.507233 52.682182
v 67.323166 90.666641 52.873985
v 67.507370 90.914917 53.026203
v 67.625641 91.227768 53.123932
v 67.666389 91.574562 53.157608
v 67.625641 91.921356 53.123932
v 67.507370 92.234207 53.026199
v 67.323166 92.482491 52.873985
v 67.091049 92.641891 52.682182
v 66.833740 92.696823 52.469563
v 66.495537 90.507233 52.354862
v 66.752838 90.452309 52.567478
v 67.010139 90.507233 52.780094
v 67.242249 90.666641 52.971901
v 67.426460 90.914917 53.124115
v 67.544724 91.227768 53.221848
v 67.585480 91.574562 53.255520
v 66.646553 92.351059 52.314880
v 66.477692 92.235092 52.175343
v 66.343681 92.054466 52.064606
v 66.257645 91.826859 51.993507
v 66.227997 91.574562 51.969009
v 66.257645 91.322266 51.993507
v 66.343681 91.094666 52.064606
v 66.477692 90.914040 52.175343
v 66.646561 90.798073 52.314884
v 66.833740 90.758118 52.469563
v 67.020935 90.798073 52.624245
v 67.189804 90.914040 52.763786
v 67.323807 91.094666 52.874523
v 67.409851 91.322266 52.945621
v 67.439499 91.574562 52.970119
v 67.409851 91.826859 52.945621
v 67.323807 92.054459 52.874523
v 67.189804 92.235085 52.763786
v 67.020935 92.351059 52.624245
v 66.833740 92.391014 52.469563
v 66.766632 92.327301 52.414108
v 66.706093 92.285721 52.364082
v 66.658051 92.220963 52.324379
v 66.627197 92.139366 52.298889
v 66.616570 92.048912 52.290108
v 66.627197 91.958458 52.298889
v 66.658051 91.876862 52.324379
v 66.706093 91.812103 52.364082
v 66.766632 91.770523 52.414108
v 66.900856 91.770523 52.525021
v 66.961395 91.812103 52.575050
v 67.009445 91.876862 52.614750
v 67.040291 91.958458 52.640240
v 67.050919 92.048912 52.649021
v 67.040291 92.139366 52.640240
v 67.009445 92.220963 52.614750
v 66.961395 92.285721 52.575050
v 66.900856 92.327301 52.525021
v 66.833740 92.341621 52.469563
v 66.035332 92.327301 53.299099
v 65.974792 92.285721 53.249073
v 66.102448 92.048912 53.354557
v 65.926743 92.220963 53.209370
v 65.895905 92.139366 53.183884
v 65.885269 92.048912 53.175098
v 65.895905 91.958458 53.183884
v 65.926743 91.876862 53.209370
v 65.974792 91.812103 53.249073
v 66.035332 91.770523 53.299099
v 66.102448 91.756203 53.354557
v 66.169556 91.770523 53.410011
v 66.230103 91.812103 53.460041
v 66.278145 91.876862 53.499741
v 66.308990 91.958458 53.525234
v 66.319618 92.048912 53.534016
v 66.308990 92.139366 53.525234
v 66.278145 92.220963 53.499741
v 66.230103 92.285721 53.460041
v 66.169556 92.327301 53.410011
v 66.102448 92.341621 53.354557
v 65.918045 90.798073 53.196503
v 66.105232 90.758118 53.351181
v 66.038124 91.770523 53.295723
v 66.105232 91.756203 53.351181
v 66.292427 90.798073 53.505863
v 66.172348 91.770523 53.406639
vt 0.625000 0.000000
vt 0.625000 0.250000
vt 0.625000 0.500000
vt 0.625000 0.750000
vt 0.625000 1.000000
vt 0.875000 0.000000
vt 0.875000 0.250000
vt 0.625000 0.721952
vt 0.875000 0.028048
vt 0.625000 0.028048
vt 0.625000 0.975746
vt 0.649254 0.000000
vt 0.649254 0.028048
vt 0.625000 0.274254
vt 0.649254 0.250000
vt 0.625000 0.477502
vt 0.852502 0.250000
vt 0.852502 0.028048
vt 0.625000 0.772498
vt 0.852502 0.000000
vt 0.625000 0.238285
vt 0.649254 0.238285
vt 0.852502 0.238285
vt 0.625000 0.511715
vt 0.875000 0.238285
vt 0.625000 0.806980
vt 0.818020 0.000000
vt 0.818020 0.028048
vt 0.818020 0.238285
vt 0.625000 0.443020
vt 0.818020 0.250000
vt 0.625000 0.937761
vt 0.687240 0.000000
vt 0.687240 0.028048
vt 0.687239 0.238285
vt 0.625000 0.312239
vt 0.687239 0.250000
vt 0.625000 0.365685
vt 0.740685 0.250000
vt 0.740685 0.238285
vt 0.740685 0.028048
vt 0.625000 0.884315
vt 0.740685 0.000000
vt 0.625000 0.386313
vt 0.761313 0.250000
vt 0.761313 0.238285
vt 0.761313 0.028048
vt 0.625000 0.863687
vt 0.761313 0.000000
vt 0.625000 0.426073
vt 0.801073 0.250000
vt 0.801073 0.238285
vt 0.801073 0.028048
vt 0.625000 0.823927
vt 0.801073 0.000000
vt 0.625000 0.917303
vt 0.707697 0.000000
vt 0.707697 0.028048
vt 0.707697 0.238285
vt 0.625000 0.332697
vt 0.707697 0.250000
vt 0.687240 0.028048
vt 0.687239 0.238285
vt 0.649254 0.238285
vt 0.649254 0.028048
vt 0.852502 0.238285
vt 0.818020 0.238285
vt 0.818020 0.028048
vt 0.852502 0.028048
vt 0.625000 0.534357
vt 0.875000 0.215643
vt 0.852502 0.215643
vt 0.852502 0.215643
vt 0.818020 0.215643
vt 0.818020 0.215643
vt 0.801073 0.215643
vt 0.761313 0.215643
vt 0.740685 0.215643
vt 0.707697 0.215643
vt 0.687239 0.215643
vt 0.687239 0.215643
vt 0.649254 0.215643
vt 0.649254 0.215643
vt 0.625000 0.215643
vt 0.625000 0.593746
vt 0.875000 0.156254
vt 0.852502 0.156254
vt 0.852502 0.156254
vt 0.818020 0.156254
vt 0.818020 0.156254
vt 0.801073 0.156254
vt 0.761313 0.156254
vt 0.740685 0.156254
vt 0.707697 0.156254
vt 0.687239 0.156254
vt 0.687239 0.156254
vt 0.649254 0.156254
vt 0.649254 0.156254
vt 0.625000 0.156254
vt 0.625000 0.208776
vt 0.649254 0.208776
vt 0.649254 0.208776
vt 0.687239 0.208776
vt 0.687239 0.208776
vt 0.707697 0.208776
vt 0.740685 0.208776
vt 0.761313 0.208776
vt 0.801073 0.208776
vt 0.818020 0.208776
vt 0.818020 0.208776
vt 0.852502 0.208776
vt 0.852502 0.208776
vt 0.625000 0.541224
vt 0.875000 0.208776
vt 0.625000 0.589407
vt 0.875000 0.160593
vt 0.852502 0.160593
vt 0.852502 0.160593
vt 0.818020 0.160593
vt 0.818020 0.160593
vt 0.801073 0.160593
vt 0.761313 0.160593
vt 0.740685 0.160593
vt 0.707697 0.160593
vt 0.687239 0.160593
vt 0.687239 0.160593
vt 0.649254 0.160593
vt 0.649254 0.160593
vt 0.625000 0.160593
vt 0.761313 0.215643
vt 0.801073 0.215643
vt 0.801073 0.238285
vt 0.761313 0.238285
vt 0.740685 0.215643
vt 0.740685 0.238285
vt 0.707697 0.215643
vt 0.707697 0.238285
vt 0.801073 0.028048
vt 0.801073 0.156254
vt 0.761313 0.156254
vt 0.761313 0.028048
vt 0.740685 0.028048
vt 0.740685 0.156254
vt 0.707697 0.156254
vt 0.707697 0.028048
vt 0.761313 0.160593
vt 0.801073 0.160593
vt 0.801073 0.208776
vt 0.761313 0.208776
vt 0.740685 0.160593
vt 0.740685 0.208776
vt 0.707697 0.160593
vt 0.707697 0.208776
vt 0.381183 0.000000
vt 0.381183 1.000000
vt 0.381183 0.250000
vt 0.381183 0.500000
vt 0.381183 0.750000
vt 0.381183 0.721952
vt 0.381183 0.028048
vt 0.381182 0.975746
vt 0.381183 0.274254
vt 0.381183 0.477502
vt 0.381183 0.772498
vt 0.381183 0.238285
vt 0.381183 0.511715
vt 0.381183 0.806980
vt 0.381183 0.443020
vt 0.381183 0.937761
vt 0.381184 0.312239
vt 0.381184 0.365685
vt 0.381183 0.884315
vt 0.381183 0.386313
vt 0.381183 0.863687
vt 0.381183 0.426073
vt 0.381183 0.823927
vt 0.381183 0.917303
vt 0.381183 0.332697
vt 0.381183 0.534357
vt 0.381183 0.215643
vt 0.381183 0.593746
vt 0.381183 0.156254
vt 0.381183 0.208776
vt 0.381183 0.541224
vt 0.381183 0.589407
vt 0.381183 0.160593
vt 0.625000 0.000000
vt 0.649254 0.000000
vt 0.649254 0.028048
vt 0.625000 0.028048
vt 0.625000 0.238285
vt 0.649254 0.238285
vt 0.649254 0.250000
vt 0.625000 0.250000
vt 0.852502 0.028048
vt 0.852502 0.000000
vt 0.875000 0.000000
vt 0.875000 0.028048
vt 0.852502 0.250000
vt 0.852502 0.238285
vt 0.875000 0.238285
vt 0.875000 0.250000
vt 0.687239 0.238285
vt 0.687239 0.250000
vt 0.687240 0.000000
vt 0.687240 0.028048
vt 0.649254 0.156254
vt 0.625000 0.156254
vt 0.687240 0.028048
vt 0.687239 0.156254
vt 0.649254 0.156254
vt 0.649254 0.028048
vt 0.875000 0.156254
vt 0.852502 0.156254
vt 0.818020 0.028048
vt 0.818020 0.000000
vt 0.852502 0.156254
vt 0.818020 0.156254
vt 0.818020 0.028048
vt 0.852502 0.028048
vt 0.818020 0.250000
vt 0.818020 0.238285
vt 0.801073 0.028048
vt 0.801073 0.000000
vt 0.818020 0.156254
vt 0.801073 0.156254
vt 0.801073 0.250000
vt 0.801073 0.238285
vt 0.707697 0.238285
vt 0.707697 0.250000
vt 0.707697 0.028048
vt 0.707697 0.156254
vt 0.687239 0.156254
vt 0.707697 0.000000
vt 0.740685 0.250000
vt 0.740685 0.238285
vt 0.761313 0.238285
vt 0.761313 0.250000
vt 0.761313 0.028048
vt 0.761313 0.156254
vt 0.740685 0.156254
vt 0.740685 0.028048
vt 0.740685 0.000000
vt 0.761313 0.000000
vt 0.801073 0.028048
vt 0.801073 0.156254
vt 0.761313 0.156254
vt 0.761313 0.028048
vt 0.740685 0.028048
vt 0.740685 0.156254
vt 0.707697 0.156254
vt 0.707697 0.028048
vt 0.649254 0.238285
vt 0.687239 0.238285
vt 0.818020 0.238285
vt 0.852502 0.238285
vt 0.852502 0.215643
vt 0.875000 0.215643
vt 0.852502 0.215643
vt 0.818020 0.215643
vt 0.818020 0.215643
vt 0.801073 0.215643
vt 0.761313 0.215643
vt 0.801073 0.215643
vt 0.801073 0.238285
vt 0.761313 0.238285
vt 0.740685 0.215643
vt 0.740685 0.238285
vt 0.707697 0.215643
vt 0.707697 0.238285
vt 0.687239 0.215643
vt 0.707697 0.215643
vt 0.687239 0.215643
vt 0.649254 0.215643
vt 0.649254 0.215643
vt 0.625000 0.215643
vt 0.852502 0.208776
vt 0.875000 0.208776
vt 0.852502 0.208776
vt 0.818020 0.208776
vt 0.818020 0.208776
vt 0.801073 0.208776
vt 0.761313 0.208776
vt 0.761313 0.215643
vt 0.740685 0.208776
vt 0.740685 0.215643
vt 0.707697 0.208776
vt 0.687239 0.208776
vt 0.687239 0.208776
vt 0.649254 0.208776
vt 0.649254 0.208776
vt 0.625000 0.208776
vt 0.649254 0.160593
vt 0.625000 0.160593
vt 0.649254 0.160593
vt 0.687239 0.160593
vt 0.687239 0.160593
vt 0.707697 0.160593
vt 0.740685 0.160593
vt 0.761313 0.160593
vt 0.801073 0.160593
vt 0.818020 0.160593
vt 0.818020 0.160593
vt 0.852502 0.160593
vt 0.852502 0.160593
vt 0.875000 0.160593
vt 0.761313 0.160593
vt 0.801073 0.160593
vt 0.801073 0.208776
vt 0.761313 0.208776
vt 0.740685 0.160593
vt 0.740685 0.208776
vt 0.707697 0.160593
vt 0.707697 0.208776
vt 0.381183 0.028048
vt 0.381183 0.000000
vt 0.381183 0.274254
vt 0.381183 0.250000
vt 0.625000 0.274254
vt 0.381183 0.750000
vt 0.381183 0.721952
vt 0.625000 0.721952
vt 0.625000 0.750000
vt 0.381183 1.000000
vt 0.381182 0.975746
vt 0.625000 0.975746
vt 0.625000 1.000000
vt 0.381183 0.511715
vt 0.381183 0.500000
vt 0.625000 0.500000
vt 0.625000 0.511715
vt 0.381183 0.238285
vt 0.381183 0.772498
vt 0.625000 0.772498
vt 0.381183 0.477502
vt 0.625000 0.477502
vt 0.381184 0.312239
vt 0.625000 0.312239
vt 0.381183 0.937761
vt 0.625000 0.937761
vt 0.381183 0.156254
vt 0.381183 0.593746
vt 0.625000 0.593746
vt 0.381183 0.806980
vt 0.625000 0.806980
vt 0.381183 0.443020
vt 0.625000 0.443020
vt 0.381183 0.823927
vt 0.625000 0.823927
vt 0.381183 0.426073
vt 0.625000 0.426073
vt 0.381183 0.332697
vt 0.625000 0.332697
vt 0.381183 0.917303
vt 0.625000 0.917303
vt 0.381183 0.386313
vt 0.381184 0.365685
vt 0.625000 0.365685
vt 0.625000 0.386313
vt 0.381183 0.884315
vt 0.381183 0.863687
vt 0.625000 0.863687
vt 0.625000 0.884315
vt 0.381183 0.534357
vt 0.625000 0.534357
vt 0.381183 0.215643
vt 0.381183 0.541224
vt 0.625000 0.541224
vt 0.381183 0.208776
vt 0.381183 0.160593
vt 0.381183 0.589407
vt 0.625000 0.589407
vt 0.625000 0.133961
vt 0.381183 0.133961
vt 0.381183 0.133961
vt 0.625000 0.133961
vt 0.649254 0.133961
vt 0.649254 0.133961
vt 0.687239 0.133961
vt 0.687239 0.133961
vt 0.707697 0.133961
vt 0.707697 0.133961
vt 0.740685 0.133961
vt 0.740685 0.133961
vt 0.761313 0.133961
vt 0.761313 0.133961
vt 0.801073 0.133961
vt 0.801073 0.133961
vt 0.818020 0.133961
vt 0.818020 0.133961
vt 0.852502 0.133961
vt 0.852502 0.133961
vt 0.875000 0.133961
vt 0.625000 0.616039
vt 0.381183 0.616039
vt 0.381183 0.616039
vt 0.625000 0.616039
vt 0.875000 0.133961
vt 0.852502 0.133961
vt 0.852502 0.133961
vt 0.818020 0.133961
vt 0.818020 0.133961
vt 0.801073 0.133961
vt 0.801073 0.133961
vt 0.761313 0.133961
vt 0.761313 0.133961
vt 0.740685 0.133961
vt 0.740685 0.133961
vt 0.707697 0.133961
vt 0.707697 0.133961
vt 0.687239 0.133961
vt 0.687239 0.133961
vt 0.649254 0.133961
vt 0.649254 0.133961
vt 0.625000 0.131568
vt 0.381183 0.131568
vt 0.381183 0.131568
vt 0.625000 0.131568
vt 0.649254 0.131568
vt 0.649254 0.131568
vt 0.687239 0.131568
vt 0.687239 0.131568
vt 0.707697 0.131568
vt 0.707697 0.131568
vt 0.740685 0.131568
vt 0.740685 0.131568
vt 0.761313 0.131568
vt 0.761313 0.131568
vt 0.801073 0.131568
vt 0.801073 0.131568
vt 0.818020 0.131568
vt 0.818020 0.131568
vt 0.852502 0.131568
vt 0.852502 0.131568
vt 0.875000 0.131568
vt 0.625000 0.618432
vt 0.381183 0.618432
vt 0.381183 0.618432
vt 0.625000 0.618432
vt 0.875000 0.131568
vt 0.852502 0.131568
vt 0.852502 0.131568
vt 0.818020 0.131568
vt 0.818020 0.131568
vt 0.801073 0.131568
vt 0.801073 0.131568
vt 0.761313 0.131568
vt 0.761313 0.131568
vt 0.740685 0.131568
vt 0.740685 0.131568
vt 0.707697 0.131568
vt 0.707697 0.131568
vt 0.687239 0.131568
vt 0.687239 0.131568
vt 0.649254 0.131568
vt 0.649254 0.131568
vt 0.625000 0.261888
vt 0.636888 0.250000
vt 0.381183 0.261888
vt 0.381183 0.261888
vt 0.636888 0.250000
vt 0.625000 0.261888
vt 0.636888 0.238285
vt 0.636888 0.215643
vt 0.636888 0.208776
vt 0.636888 0.160593
vt 0.636888 0.156254
vt 0.636888 0.133961
vt 0.636888 0.131568
vt 0.636888 0.028048
vt 0.636888 0.000000
vt 0.625000 0.988112
vt 0.381182 0.988112
vt 0.381182 0.988112
vt 0.625000 0.988112
vt 0.636888 0.000000
vt 0.636888 0.028048
vt 0.636888 0.131568
vt 0.636888 0.133961
vt 0.636888 0.156254
vt 0.636888 0.160593
vt 0.636888 0.208776
vt 0.636888 0.215643
vt 0.636888 0.238285
vt 0.625000 0.985756
vt 0.639244 0.000000
vt 0.381182 0.985756
vt 0.381182 0.985756
vt 0.639244 0.000000
vt 0.625000 0.985756
vt 0.639244 0.028048
vt 0.639244 0.131568
vt 0.639244 0.133961
vt 0.639244 0.156254
vt 0.639244 0.160593
vt 0.639244 0.208776
vt 0.639244 0.215643
vt 0.639244 0.238285
vt 0.639244 0.250000
vt 0.625000 0.264244
vt 0.381183 0.264244
vt 0.381183 0.264244
vt 0.625000 0.264244
vt 0.639244 0.250000
vt 0.639244 0.238285
vt 0.639244 0.215643
vt 0.639244 0.208776
vt 0.639244 0.160593
vt 0.639244 0.156254
vt 0.639244 0.133961
vt 0.639244 0.131568
vt 0.639244 0.028048
vt 0.375000 0.217812
vt 0.625000 0.217812
vt 0.625000 0.233737
vt 0.375000 0.233737
vt 0.375000 0.250000
vt 0.625000 0.250000
vt 0.625000 0.312047
vt 0.375000 0.312047
vt 0.375000 0.516263
vt 0.625000 0.516263
vt 0.625000 0.532188
vt 0.375000 0.532188
vt 0.375000 0.937953
vt 0.625000 0.937953
vt 0.625000 1.000000
vt 0.375000 1.000000
vt 0.687047 0.217812
vt 0.687047 0.233737
vt 0.375000 0.750000
vt 0.625000 0.750000
vt 0.625000 0.809507
vt 0.375000 0.809507
vt 0.875000 0.233737
vt 0.815493 0.233737
vt 0.815493 0.217812
vt 0.875000 0.217812
vt 0.375000 0.440493
vt 0.625000 0.440493
vt 0.625000 0.500000
vt 0.375000 0.500000
vt 0.375000 0.312047
vt 0.625000 0.312047
vt 0.625000 0.370087
vt 0.375000 0.370087
vt 0.745087 0.217812
vt 0.745087 0.233737
vt 0.375000 0.879913
vt 0.625000 0.879913
vt 0.625000 0.937953
vt 0.375000 0.937953
vt 0.625000 0.312047
vt 0.375000 0.312047
vt 0.625000 0.370087
vt 0.625000 0.370087
vt 0.375000 0.440493
vt 0.625000 0.440493
vt 0.625000 0.312047
vt 0.375000 0.312047
vt 0.625000 0.370087
vt 0.375000 0.440493
vt 0.625000 0.440493
vt 0.625000 0.312047
vt 0.375000 0.312047
vt 0.625000 0.370087
vt 0.375000 0.440493
vt 0.625000 0.440493
vt 0.625000 0.312047
vt 0.375000 0.312047
vt 0.625000 0.370087
vt 0.375000 0.440493
vt 0.625000 0.440493
vt 0.625000 0.312047
vt 0.375000 0.312047
vt 0.625000 0.370087
vt 0.375000 0.440493
vt 0.625000 0.440493
vt 0.375000 0.440493
vt 0.625000 0.440493
vt 0.625000 0.809507
vt 0.375000 0.809507
vt 0.625000 0.879913
vt 0.625000 0.879913
vt 0.625000 0.937953
vt 0.375000 0.937953
vt 0.625000 0.809507
vt 0.375000 0.809507
vt 0.625000 0.879913
vt 0.625000 0.937953
vt 0.375000 0.937953
vt 0.625000 0.809507
vt 0.375000 0.809507
vt 0.625000 0.879913
vt 0.625000 0.937953
vt 0.375000 0.937953
vt 0.625000 0.809507
vt 0.375000 0.809507
vt 0.625000 0.879913
vt 0.625000 0.937953
vt 0.375000 0.937953
vt 0.625000 0.809507
vt 0.375000 0.809507
vt 0.625000 0.879913
vt 0.625000 0.937953
vt 0.375000 0.937953
vt 0.625000 0.809507
vt 0.375000 0.809507
vt 0.375000 0.750000
vt 0.625000 0.750000
vt 0.625000 1.000000
vt 0.375000 1.000000
vt 0.375000 0.274998
vt 0.375000 0.222611
vt 0.625000 0.222611
vt 0.649998 0.250000
vt 0.625000 0.222611
vt 0.627974 0.225869
vt 0.649998 0.250000
vt 0.375000 0.527389
vt 0.375000 0.475002
vt 0.625000 0.475002
vt 0.625000 0.527389
vt 0.875000 0.222611
vt 0.850002 0.250000
vt 0.850002 0.250000
vt 0.872027 0.225869
vt 0.875000 0.222611
vt 0.375000 0.000000
vt 0.625000 0.000000
vt 0.625000 0.274998
vt 0.875000 0.000000
vt 0.875000 0.000000
vt 0.858541 0.000000
vt 0.638487 0.000000
vt 0.625000 0.000000
vt 0.875000 0.000000
vt 0.857645 0.000000
vt 0.857581 0.000000
vt 0.875000 0.000000
vt 0.857170 0.000000
vt 0.875000 0.000000
vt 0.856539 0.000000
vt 0.875000 0.000000
vt 0.856399 0.000000
vt 0.875000 0.000000
vt 0.857041 0.000000
vt 0.875000 0.000000
vt 0.875000 0.000000
vt 0.867717 0.000000
vt 0.875000 0.000000
vt 0.875000 0.000000
vt 0.858254 0.000000
vt 0.875000 0.000000
vt 0.857829 0.000000
vt 0.875000 0.000000
vt 0.857391 0.000000
vt 0.875000 0.000000
vt 0.856563 0.000000
vt 0.875000 0.000000
vt 0.853303 0.000000
vt 0.625000 0.000000
vt 0.640531 0.000000
vt 0.853303 0.000000
vt 0.875000 0.000000
vt 0.875000 0.000000
vt 0.857041 0.000000
vt 0.643973 0.000000
vt 0.625000 0.000000
vt 0.625000 0.000000
vt 0.638534 0.000000
vt 0.625000 0.000000
vt 0.638848 0.000000
vt 0.625000 0.000000
vt 0.639256 0.000000
vt 0.625000 0.000000
vt 0.641747 0.000000
vt 0.625000 0.000000
vt 0.640531 0.000000
vt 0.625000 0.000000
vt 0.639568 0.000000
vt 0.625000 0.000000
vt 0.625000 0.000000
vt 0.639817 0.000000
vt 0.625000 0.000000
vt 0.640182 0.000000
vt 0.625000 0.000000
vt 0.640992 0.000000
vt 0.625000 0.000000
vt 0.642508 0.000000
vt 0.625000 0.000000
vt 0.643973 0.000000
vt 0.632290 0.000000
vt 0.625000 0.000000
vt 0.640531 0.000000
vt 0.625000 0.000000
vt 0.853303 0.000000
vt 0.875000 0.000000
vt 0.875000 0.000000
vt 0.857041 0.000000
vt 0.643973 0.000000
vt 0.625000 0.000000
vt 0.640531 0.000000
vt 0.625000 0.000000
vt 0.853303 0.000000
vt 0.875000 0.000000
vt 0.875000 0.000000
vt 0.857041 0.000000
vt 0.643973 0.000000
vt 0.625000 0.000000
vt 0.640531 0.000000
vt 0.625000 0.000000
vt 0.853303 0.000000
vt 0.875000 0.000000
vt 0.875000 0.000000
vt 0.857041 0.000000
vt 0.643973 0.000000
vt 0.625000 0.000000
vt 0.640531 0.000000
vt 0.625000 0.000000
vt 0.853303 0.000000
vt 0.875000 0.000000
vt 0.875000 0.000000
vt 0.857041 0.000000
vt 0.643973 0.000000
vt 0.625000 0.000000
vt 0.640531 0.000000
vt 0.625000 0.000000
vt 0.853303 0.000000
vt 0.875000 0.000000
vt 0.875000 0.000000
vt 0.625000 0.000000
vt 0.640531 0.000000
vt 0.625000 0.000000
vt 0.853303 0.000000
vt 0.875000 0.000000
vt 0.875000 0.000000
vt 0.625000 0.000000
vt 0.867717 0.222611
vt 0.632283 0.222611
vt 0.875000 0.000000
vt 0.867717 0.000000
vt 0.632283 0.000000
vt 0.625000 0.000000
vt 0.375000 0.008071
vt 0.625000 0.008071
vt 0.625000 0.032307
vt 0.375000 0.032307
vt 0.375000 0.262133
vt 0.625000 0.262133
vt 0.625000 0.299892
vt 0.375000 0.299892
vt 0.375000 0.717693
vt 0.625000 0.717693
vt 0.625000 0.741929
vt 0.375000 0.741929
vt 0.375000 0.950108
vt 0.625000 0.950108
vt 0.625000 0.987867
vt 0.375000 0.987867
vt 0.625000 0.000000
vt 0.674892 0.000000
vt 0.674892 0.032307
vt 0.625000 0.032307
vt 0.375000 0.762134
vt 0.625000 0.762134
vt 0.625000 0.795717
vt 0.375000 0.795717
vt 0.875000 0.032307
vt 0.829283 0.032307
vt 0.829283 0.000000
vt 0.875000 0.000000
vt 0.375000 0.454283
vt 0.625000 0.454283
vt 0.625000 0.487866
vt 0.375000 0.487866
vt 0.375000 0.299892
vt 0.625000 0.299892
vt 0.625000 0.330400
vt 0.375000 0.330400
vt 0.705400 0.032307
vt 0.705400 0.000000
vt 0.375000 0.919600
vt 0.625000 0.919600
vt 0.625000 0.950108
vt 0.375000 0.950108
vt 0.375000 0.330400
vt 0.625000 0.330400
vt 0.625000 0.362460
vt 0.375000 0.362460
vt 0.737460 0.000000
vt 0.737460 0.032307
vt 0.375000 0.887540
vt 0.625000 0.887540
vt 0.625000 0.919600
vt 0.375000 0.919600
vt 0.375000 0.795717
vt 0.625000 0.795717
vt 0.625000 0.819426
vt 0.375000 0.819426
vt 0.805574 0.032307
vt 0.805574 0.000000
vt 0.375000 0.430574
vt 0.625000 0.430574
vt 0.625000 0.454283
vt 0.375000 0.454283
vt 0.375000 0.508071
vt 0.625000 0.508071
vt 0.625000 0.526911
vt 0.375000 0.526911
vt 0.829283 0.250000
vt 0.829283 0.223089
vt 0.875000 0.223089
vt 0.875000 0.250000
vt 0.805574 0.250000
vt 0.805574 0.223089
vt 0.705400 0.250000
vt 0.705400 0.223089
vt 0.737460 0.223089
vt 0.737460 0.250000
vt 0.674892 0.250000
vt 0.674892 0.223089
vt 0.625000 0.223089
vt 0.625000 0.250000
vt 0.375000 0.223089
vt 0.625000 0.223089
vt 0.625000 0.241929
vt 0.375000 0.241929
vt 0.375000 0.032307
vt 0.625000 0.032307
vt 0.625000 0.049089
vt 0.375000 0.049089
vt 0.674892 0.049089
vt 0.625000 0.049089
vt 0.705400 0.049089
vt 0.737460 0.049089
vt 0.829283 0.049089
vt 0.805574 0.049089
vt 0.875000 0.049089
vt 0.375000 0.700911
vt 0.625000 0.700911
vt 0.625000 0.717693
vt 0.375000 0.717693
vt 0.375000 0.049089
vt 0.625000 0.150079
vt 0.375000 0.150079
vt 0.674892 0.150079
vt 0.705400 0.150079
vt 0.737460 0.150079
vt 0.829284 0.150079
vt 0.805574 0.150079
vt 0.875000 0.150079
vt 0.375000 0.599921
vt 0.625000 0.599921
vt 0.625000 0.700911
vt 0.375000 0.700911
vt 0.375000 0.526911
vt 0.625000 0.526911
vt 0.625000 0.539402
vt 0.375000 0.539402
vt 0.829284 0.210598
vt 0.875000 0.210598
vt 0.805574 0.210598
vt 0.737460 0.210598
vt 0.705400 0.210598
vt 0.674892 0.210598
vt 0.625000 0.210598
vt 0.375000 0.210598
vt 0.625000 0.210598
vt 0.625000 0.223089
vt 0.375000 0.223089
vt 0.625000 0.299892
vt 0.625000 0.250000
vt 0.375000 0.299892
vt 0.375000 0.223089
vt 0.375000 0.454283
vt 0.625000 0.454283
vt 0.625000 0.500000
vt 0.625000 0.500000
vt 0.625000 0.526911
vt 0.375000 0.526911
vt 0.625000 0.000000
vt 0.375000 0.032307
vt 0.375000 0.950108
vt 0.625000 0.950108
vt 0.625000 1.000000
vt 0.625000 1.000000
vt 0.375000 0.717693
vt 0.625000 0.717693
vt 0.625000 0.750000
vt 0.625000 0.750000
vt 0.625000 0.795717
vt 0.375000 0.795717
vt 0.375000 0.000000
vt 0.625000 0.000000
vt 0.375000 0.250000
vt 0.375000 0.500000
vt 0.375000 0.000000
vt 0.375000 0.750000
vt 0.375000 0.430574
vt 0.625000 0.430574
vt 0.625000 0.819426
vt 0.375000 0.819426
vt 0.625000 0.539402
vt 0.375000 0.539402
vt 0.375000 0.210598
vt 0.625000 0.863426
vt 0.375000 0.863426
vt 0.761574 0.032307
vt 0.761574 0.000000
vt 0.761574 0.049089
vt 0.761574 0.150079
vt 0.761574 0.223089
vt 0.761574 0.210598
vt 0.761574 0.250000
vt 0.375000 0.386574
vt 0.625000 0.386574
vt 0.737460 0.150079
vt 0.761574 0.150079
vt 0.761574 0.210598
vt 0.737460 0.210598
vt 0.375000 0.000000
vt 0.625000 0.000000
vt 0.625000 0.250000
vt 0.375000 0.250000
vt 0.625000 0.500000
vt 0.375000 0.500000
vt 0.625000 0.750000
vt 0.375000 0.750000
vt 0.625000 1.000000
vt 0.375000 1.000000
vt 0.625000 0.000000
vt 0.875000 0.000000
vt 0.875000 0.250000
vt 0.625000 0.250000
vt 0.875000 0.000000
vt 0.875000 0.000000
vt 0.625000 0.000000
vt 0.875000 0.250000
vt 0.875000 0.250000
vt 0.625000 0.250000
vt 0.875000 0.000000
vt 0.625000 0.000000
vt 0.875000 0.250000
vt 0.625000 0.250000
vt 0.875000 0.000000
vt 0.625000 0.000000
vt 0.875000 0.250000
vt 0.625000 0.250000
vt 0.625000 0.000000
vt 0.875000 0.000000
vt 0.875000 0.000000
vt 0.625000 0.000000
vt 0.875000 0.000000
vt 0.875000 0.000000
vt 0.875000 0.000000
vt 0.875000 0.000000
vt 0.625000 0.000000
vt 0.625000 0.000000
vt 0.625000 0.000000
vt 0.625000 0.000000
vt 0.875000 0.000000
vt 0.875000 0.000000
vt 0.875000 0.000000
vt 0.875000 0.000000
vt 0.625000 0.000000
vt 0.625000 0.000000
vt 0.625000 0.000000
vt 0.625000 0.000000
vt 0.375000 0.000000
vt 0.625000 0.000000
vt 0.687047 0.000000
vt 0.745087 0.000000
vt 0.815493 0.000000
vt 0.875000 0.000000
vt 0.815493 0.250000
vt 0.875000 0.250000
vt 0.687047 0.250000
vt 0.745087 0.250000
vt 0.625000 0.865714
vt 0.375000 0.865714
vt 0.625000 0.865714
vt 0.625000 0.865714
vt 0.625000 0.865714
vt 0.625000 0.865714
vt 0.625000 0.865714
vt 0.625000 0.865714
vt 0.759286 0.217812
vt 0.759286 0.000000
vt 0.759286 0.233737
vt 0.759286 0.250000
vt 0.625000 0.384286
vt 0.625000 0.384286
vt 0.625000 0.384286
vt 0.625000 0.384286
vt 0.625000 0.384286
vt 0.625000 0.384286
vt 0.625000 0.384286
vt 0.375000 0.384286
vt 0.375000 0.312500
vt 0.387500 0.312500
vt 0.387500 0.687500
vt 0.375000 0.687500
vt 0.400000 0.312500
vt 0.400000 0.687500
vt 0.412500 0.312500
vt 0.412500 0.687500
vt 0.425000 0.312500
vt 0.425000 0.687500
vt 0.437500 0.312500
vt 0.437500 0.687500
vt 0.450000 0.312500
vt 0.450000 0.687500
vt 0.462500 0.312500
vt 0.462500 0.687500
vt 0.475000 0.312500
vt 0.475000 0.687500
vt 0.487500 0.312500
vt 0.487500 0.687500
vt 0.500000 0.312500
vt 0.500000 0.687500
vt 0.512500 0.312500
vt 0.512500 0.687500
vt 0.525000 0.312500
vt 0.525000 0.687500
vt 0.537500 0.312500
vt 0.537500 0.687500
vt 0.550000 0.312500
vt 0.550000 0.687500
vt 0.562500 0.312500
vt 0.562500 0.687500
vt 0.575000 0.312500
vt 0.575000 0.687500
vt 0.587500 0.312500
vt 0.587500 0.687500
vt 0.600000 0.312500
vt 0.600000 0.687500
vt 0.612500 0.312500
vt 0.612500 0.687500
vt 0.625000 0.312500
vt 0.625000 0.687500
vt 0.626409 0.064408
vt 0.648603 0.107966
vt 0.500000 0.156250
vt 0.591842 0.029841
vt 0.548284 0.007647
vt 0.500000 -0.000000
vt 0.451716 0.007647
vt 0.408159 0.029841
vt 0.373591 0.064409
vt 0.351397 0.107966
vt 0.343750 0.156250
vt 0.351397 0.204534
vt 0.373591 0.248091
vt 0.408159 0.282659
vt 0.451716 0.304853
vt 0.500000 0.312500
vt 0.548284 0.304853
vt 0.591841 0.282659
vt 0.626409 0.248091
vt 0.648603 0.204534
vt 0.656250 0.156250
vt 0.626409 0.064408
vt 0.648603 0.107966
vt 0.648603 0.107966
vt 0.626409 0.064408
vt 0.591842 0.029841
vt 0.591842 0.029841
vt 0.548284 0.007647
vt 0.548284 0.007647
vt 0.500000 -0.000000
vt 0.500000 -0.000000
vt 0.451716 0.007647
vt 0.451716 0.007647
vt 0.408159 0.029841
vt 0.408159 0.029841
vt 0.373591 0.064409
vt 0.373591 0.064409
vt 0.351397 0.107966
vt 0.351397 0.107966
vt 0.343750 0.156250
vt 0.343750 0.156250
vt 0.351397 0.204534
vt 0.351397 0.204534
vt 0.373591 0.248091
vt 0.373591 0.248091
vt 0.408159 0.282659
vt 0.408159 0.282659
vt 0.451716 0.304853
vt 0.451716 0.304853
vt 0.500000 0.312500
vt 0.500000 0.312500
vt 0.548284 0.304853
vt 0.548284 0.304853
vt 0.591841 0.282659
vt 0.591841 0.282659
vt 0.626409 0.248091
vt 0.626409 0.248091
vt 0.648603 0.204534
vt 0.648603 0.204534
vt 0.656250 0.156250
vt 0.656250 0.156250
vt 0.351397 0.892034
vt 0.343750 0.843750
vt 0.343750 0.843750
vt 0.351397 0.892034
vt 0.351397 0.795466
vt 0.351397 0.795466
vt 0.373591 0.751909
vt 0.373591 0.751909
vt 0.408159 0.717341
vt 0.451716 0.695147
vt 0.451716 0.695147
vt 0.408159 0.717341
vt 0.500000 0.687500
vt 0.500000 0.687500
vt 0.648603 0.107966
vt 0.626409 0.064408
vt 0.591842 0.029841
vt 0.548284 0.007647
vt 0.500000 -0.000000
vt 0.451716 0.007647
vt 0.408159 0.029841
vt 0.373591 0.064409
vt 0.351397 0.107966
vt 0.343750 0.156250
vt 0.351397 0.204534
vt 0.373591 0.248091
vt 0.408159 0.282659
vt 0.451716 0.304853
vt 0.500000 0.312500
vt 0.548284 0.304853
vt 0.591841 0.282659
vt 0.626409 0.248091
vt 0.648603 0.204534
vt 0.656250 0.156250
vt 0.648603 0.107966
vt 0.626409 0.064408
vt 0.591842 0.029841
vt 0.548284 0.007647
vt 0.500000 -0.000000
vt 0.451716 0.007647
vt 0.408159 0.029841
vt 0.373591 0.064409
vt 0.351397 0.107966
vt 0.343750 0.156250
vt 0.351397 0.107966
vt 0.351397 0.107966
vt 0.343750 0.156250
vt 0.351397 0.204534
vt 0.351397 0.204534
vt 0.351397 0.204534
vt 0.373591 0.248091
vt 0.408159 0.282659
vt 0.451716 0.304853
vt 0.500000 0.312500
vt 0.548284 0.304853
vt 0.591841 0.282659
vt 0.626409 0.248091
vt 0.648603 0.204534
vt 0.656250 0.156250
vn 0.644156 0.000000 -0.764895
vn 0.644154 0.000000 -0.764896
vn 0.644154 0.000000 -0.764896
vn 0.644155 0.000000 -0.764895
vn 0.644155 -0.000000 -0.764895
vn 0.644155 -0.000000 -0.764895
vn 0.644155 -0.000001 -0.764895
vn 0.644155 -0.000001 -0.764895
vn 0.644154 0.000000 -0.764896
vn 0.644154 0.000000 -0.764896
vn 0.644154 0.000000 -0.764896
vn 0.644154 0.000000 -0.764896
vn 0.644154 -0.000000 -0.764896
vn 0.644154 -0.000000 -0.764896
vn 0.644154 -0.000000 -0.764896
vn 0.644154 -0.000000 -0.764896
vn 0.644154 0.000000 -0.764896
vn 0.644154 0.000000 -0.764896
vn 0.644154 0.000000 -0.764896
vn 0.644154 0.000001 -0.764896
vn 0.644154 0.000000 -0.764895
vn 0.644154 0.000000 -0.764896
vn 0.644154 0.000000 -0.764896
vn 0.644154 0.000000 -0.764896
vn 0.644154 0.000000 -0.764896
vn 0.644155 0.000000 -0.764895
vn 0.644154 -0.000000 -0.764896
vn 0.644154 -0.000000 -0.764896
vn 0.644154 -0.000000 -0.764896
vn 0.644154 -0.000000 -0.764896
vn 0.644154 0.000000 -0.764896
vn 0.644154 0.000000 -0.764896
vn 0.644154 0.000000 -0.764896
vn 0.644154 0.000000 -0.764896
vn 0.644154 -0.000000 -0.764896
vn 0.644154 -0.000000 -0.764896
vn 0.644154 -0.000000 -0.764896
vn 0.644154 -0.000000 -0.764896
vn 0.644155 0.000000 -0.764895
vn 0.644154 -0.000000 -0.764896
vn 0.644154 0.000000 -0.764896
vn 0.644154 0.000000 -0.764896
vn 0.644154 0.000000 -0.764896
vn 0.644154 0.000000 -0.764896
vn 0.644154 0.000000 -0.764896
vn 0.644154 0.000000 -0.764896
vn 0.644154 0.000000 -0.764896
vn 0.644154 0.000000 -0.764896
vn 0.644154 0.000000 -0.764896
vn 0.644154 0.000000 -0.764896
vn 0.644154 0.000000 -0.764896
vn 0.644154 0.000000 -0.764896
vn 0.644154 0.000000 -0.764896
vn 0.644154 0.000000 -0.764896
vn 0.644154 0.000000 -0.764896
vn 0.644154 0.000000 -0.764896
vn 0.644154 -0.000000 -0.764896
vn 0.644154 -0.000000 -0.764896
vn 0.644154 -0.000000 -0.764896
vn 0.644154 -0.000000 -0.764896
vn 0.644154 0.000000 -0.764896
vn 0.644154 0.000000 -0.764896
vn 0.644154 -0.000000 -0.764896
vn 0.644154 -0.000000 -0.764896
vn 0.644154 -0.000000 -0.764896
vn 0.644154 -0.000000 -0.764896
vn 0.644154 0.000000 -0.764896
vn 0.644154 0.000000 -0.764896
vn 0.644154 0.000000 -0.764896
vn 0.644154 0.000000 -0.764896
vn 0.764895 -0.000000 0.644156
vn 0.764894 -0.000000 0.644156
vn 0.764894 -0.000000 0.644156
vn 0.764895 -0.000000 0.644156
vn -0.000001 -1.000000 0.000001
vn -0.000001 -1.000000 0.000001
vn -0.000001 -1.000000 0.000001
vn -0.000001 -1.000000 0.000001
vn -0.764894 0.000000 -0.644156
vn -0.764894 0.000000 -0.644156
vn -0.764894 0.000000 -0.644156
vn -0.764894 0.000000 -0.644156
vn 0.000000 1.000000 0.000000
vn 0.000000 1.000000 0.000000
vn 0.000000 1.000000 0.000000
vn 0.000000 1.000000 0.000000
vn -0.000001 -1.000000 -0.000004
vn -0.000001 -1.000000 -0.000004
vn -0.000001 -1.000000 -0.000004
vn -0.000001 -1.000000 -0.000004
vn -0.764896 0.000000 -0.644154
vn -0.764896 0.000000 -0.644154
vn -0.764896 0.000000 -0.644154
vn -0.764896 0.000000 -0.644154
vn 0.000000 1.000000 0.000000
vn 0.000000 1.000000 0.000000
vn 0.000000 1.000000 0.000000
vn 0.000000 1.000000 0.000000
vn 0.764896 -0.000000 0.644154
vn 0.764896 -0.000000 0.644154
vn 0.764896 -0.000000 0.644154
vn 0.764896 -0.000000 0.644154
vn 0.644154 0.000000 -0.764896
vn 0.644154 0.000000 -0.764896
vn 0.764896 -0.000000 0.644154
vn 0.764896 -0.000000 0.644154
vn 0.764896 -0.000000 0.644154
vn 0.764896 -0.000000 0.644154
vn 0.644154 -0.000000 -0.764896
vn 0.644154 -0.000000 -0.764896
vn 0.644153 -0.000000 -0.764896
vn 0.644153 -0.000000 -0.764896
vn -0.764896 0.000000 -0.644154
vn -0.764896 0.000000 -0.644154
vn -0.764896 0.000000 -0.644154
vn -0.764896 0.000000 -0.644154
vn 0.644154 0.000000 -0.764896
vn 0.644154 0.000000 -0.764896
vn 0.644154 0.000000 -0.764896
vn 0.644154 0.000000 -0.764896
vn 0.644154 0.000000 -0.764896
vn 0.644154 0.000000 -0.764896
vn 0.644154 -0.000000 -0.764896
vn 0.644154 -0.000000 -0.764896
vn 0.644153 0.000000 -0.764896
vn 0.644153 0.000000 -0.764896
vn 0.644154 0.000000 -0.764896
vn 0.644154 0.000000 -0.764896
vn 0.764896 0.000000 0.644154
vn 0.764896 0.000000 0.644154
vn 0.764896 0.000000 0.644154
vn 0.764896 0.000000 0.644154
vn 0.644154 0.000000 -0.764896
vn 0.644154 0.000000 -0.764896
vn 0.644154 0.000000 -0.764896
vn 0.644154 0.000000 -0.764896
vn -0.764894 0.000000 -0.644156
vn -0.764894 0.000000 -0.644156
vn -0.764894 0.000000 -0.644156
vn -0.764894 0.000000 -0.644156
vn 0.644155 0.000000 -0.764895
vn 0.644155 0.000000 -0.764895
vn 0.644154 0.000000 -0.764896
vn 0.644154 0.000000 -0.764896
vn 0.764896 -0.000000 0.644154
vn 0.764896 -0.000000 0.644154
vn 0.644154 -0.000000 -0.764896
vn 0.644154 -0.000000 -0.764896
vn -0.764896 0.000000 -0.644154
vn -0.764896 0.000000 -0.644154
vn 0.644154 0.000000 -0.764896
vn 0.644154 0.000000 -0.764896
vn 0.644154 0.000000 -0.764896
vn 0.644154 0.000000 -0.764896
vn 0.644154 0.000000 -0.764896
vn 0.644154 0.000000 -0.764896
vn 0.644154 -0.000000 -0.764896
vn 0.644153 -0.000000 -0.764896
vn 0.764898 -0.000000 0.644151
vn 0.764898 -0.000000 0.644151
vn 0.644154 -0.000000 -0.764896
vn 0.644154 -0.000000 -0.764896
vn -0.764895 0.000000 -0.644155
vn -0.764895 0.000000 -0.644155
vn 0.644154 0.000000 -0.764895
vn 0.644154 -0.000000 -0.764896
vn 0.644155 0.000000 -0.764895
vn 0.644154 0.000000 -0.764896
vn 0.644154 -0.000000 -0.764896
vn 0.644154 0.000000 -0.764896
vn -0.764895 0.000000 -0.644155
vn -0.764895 0.000000 -0.644154
vn -0.764896 0.000000 -0.644154
vn -0.764896 0.000000 -0.644154
vn 0.644154 0.000000 -0.764896
vn 0.644154 0.000000 -0.764896
vn 0.644154 -0.000000 -0.764896
vn 0.644154 -0.000000 -0.764896
vn 0.764899 -0.000000 0.644150
vn 0.764899 -0.000000 0.644150
vn 0.764899 -0.000000 0.644151
vn 0.764899 -0.000000 0.644151
vn 0.644153 0.000000 -0.764896
vn 0.644153 -0.000000 -0.764896
vn 0.644153 -0.000000 -0.764896
vn 0.644153 -0.000000 -0.764896
vn 0.644154 -0.000000 -0.764896
vn 0.644154 -0.000001 -0.764896
vn 0.644154 0.000000 -0.764896
vn 0.644153 0.000000 -0.764897
vn 0.644153 -0.000000 -0.764896
vn 0.644154 -0.000000 -0.764896
vn 0.644154 -0.000000 -0.764896
vn 0.644154 -0.000000 -0.764896
vn -0.764896 0.000000 -0.644154
vn -0.764896 0.000000 -0.644154
vn -0.764896 0.000000 -0.644154
vn -0.764896 0.000000 -0.644154
vn 0.644154 -0.000000 -0.764896
vn 0.644154 -0.000000 -0.764896
vn 0.644154 -0.000000 -0.764896
vn 0.644154 -0.000000 -0.764896
vn 0.764896 -0.000000 0.644154
vn 0.764896 -0.000000 0.644154
vn 0.764896 -0.000000 0.644154
vn 0.764896 -0.000000 0.644154
vn 0.644154 -0.000000 -0.764896
vn 0.644154 -0.000000 -0.764896
vn 0.644154 0.000000 -0.764896
vn 0.644154 0.000000 -0.764896
vn 0.644154 0.000000 -0.764896
vn 0.644154 0.000000 -0.764896
vn 0.644154 0.000000 -0.764896
vn 0.644154 0.000000 -0.764896
vn 0.644154 0.000000 -0.764896
vn 0.644154 0.000000 -0.764896
vn 0.644154 0.000000 -0.764896
vn 0.644154 0.000000 -0.764896
vn 0.000001 1.000000 0.000002
vn 0.000001 1.000000 0.000001
vn 0.000001 1.000000 0.000001
vn 0.000001 1.000000 0.000002
vn 0.764896 0.000000 0.644154
vn 0.764896 0.000000 0.644154
vn 0.764896 0.000000 0.644154
vn 0.764896 0.000000 0.644154
vn -0.000001 -1.000000 -0.000004
vn -0.000001 -1.000000 -0.000004
vn -0.000001 -1.000000 -0.000004
vn -0.000001 -1.000000 -0.000004
vn 0.000001 1.000000 0.000002
vn 0.000001 1.000000 0.000002
vn -0.000001 -1.000000 -0.000003
vn -0.000001 -1.000000 -0.000003
vn 0.000000 1.000000 0.000000
vn 0.000000 1.000000 0.000000
vn 0.000000 -1.000000 -0.000002
vn 0.000000 -1.000000 -0.000002
vn -0.764900 0.000000 -0.644149
vn -0.764900 0.000000 -0.644149
vn -0.764900 0.000000 -0.644149
vn -0.764900 0.000000 -0.644149
vn 0.764895 -0.000000 0.644155
vn 0.764895 -0.000000 0.644155
vn 0.764895 -0.000000 0.644155
vn 0.764895 -0.000000 0.644155
vn -0.000000 -1.000000 -0.000004
vn -0.000000 -1.000000 -0.000004
vn -0.000000 -1.000000 -0.000004
vn -0.000000 -1.000000 -0.000004
vn -0.764895 0.000000 -0.644155
vn -0.764895 0.000000 -0.644155
vn -0.764895 0.000000 -0.644155
vn -0.764895 0.000000 -0.644155
vn 0.000000 1.000000 0.000000
vn 0.000000 1.000000 0.000000
vn 0.000000 1.000000 0.000000
vn 0.000000 1.000000 0.000000
vn 0.764897 -0.000000 0.644153
vn 0.764897 -0.000000 0.644153
vn 0.764897 -0.000000 0.644153
vn 0.764897 -0.000000 0.644153
vn 0.000000 -1.000000 -0.000001
vn 0.000000 -1.000000 -0.000001
vn 0.000000 -1.000000 -0.000001
vn 0.000000 -1.000000 -0.000001
vn -0.764897 0.000000 -0.644152
vn -0.764897 0.000000 -0.644152
vn -0.764898 0.000000 -0.644152
vn -0.764898 0.000000 -0.644152
vn 0.000000 1.000000 -0.000000
vn 0.000000 1.000000 -0.000000
vn 0.000000 1.000000 -0.000000
vn 0.000000 1.000000 -0.000000
vn 0.000000 1.000000 0.000009
vn 0.000000 1.000000 0.000011
vn 0.000000 1.000000 0.000011
vn 0.000000 1.000000 0.000009
vn 0.764899 -0.000000 0.644150
vn 0.764899 -0.000000 0.644150
vn 0.764899 -0.000000 0.644150
vn 0.764899 -0.000000 0.644150
vn 0.000000 -1.000000 -0.000012
vn -0.000001 -1.000000 -0.000007
vn -0.000001 -1.000000 -0.000007
vn 0.000000 -1.000000 -0.000012
vn -0.000000 1.000000 0.000004
vn -0.000000 1.000000 0.000004
vn -0.000001 -1.000000 -0.000001
vn -0.000001 -1.000000 -0.000001
vn -0.000001 1.000000 0.000003
vn -0.000001 1.000000 0.000003
vn 0.000000 -1.000000 -0.000005
vn 0.000000 -1.000000 -0.000005
vn -0.764891 0.000000 -0.644159
vn -0.764891 0.000000 -0.644159
vn -0.764891 0.000000 -0.644159
vn -0.764891 0.000000 -0.644159
vn 0.764896 0.000000 0.644154
vn 0.764896 0.000000 0.644154
vn 0.764896 0.000000 0.644154
vn 0.764896 0.000000 0.644154
vn 0.000005 1.000000 -0.000001
vn 0.000000 1.000000 0.000007
vn -0.000000 1.000000 0.000007
vn 0.000005 1.000000 0.000000
vn -0.764896 0.000000 -0.644154
vn -0.764896 0.000000 -0.644154
vn -0.764896 0.000000 -0.644154
vn -0.764896 0.000000 -0.644154
vn 0.000000 -1.000000 0.000000
vn 0.000000 -1.000000 -0.000000
vn 0.000000 -1.000000 0.000000
vn 0.000000 -1.000000 0.000000
vn -0.764896 0.000000 -0.644154
vn -0.764896 0.000000 -0.644153
vn -0.764896 0.000000 -0.644153
vn -0.764896 0.000000 -0.644154
vn 0.764896 0.000000 0.644154
vn 0.764896 0.000000 0.644154
vn 0.764895 0.000000 0.644155
vn 0.764896 0.000000 0.644154
vn -0.000000 -1.000000 -0.000000
vn -0.000000 -1.000000 -0.000000
vn -0.000000 -1.000000 0.000000
vn -0.000000 -1.000000 0.000000
vn 0.000001 1.000000 0.000006
vn -0.000000 1.000000 0.000004
vn 0.000001 1.000000 -0.000001
vn 0.000003 1.000000 0.000005
vn 0.000001 1.000000 -0.000001
vn -0.000000 1.000000 0.000000
vn 0.000000 1.000000 -0.000000
vn 0.000001 1.000000 -0.000001
vn 0.000000 -1.000000 -0.000000
vn 0.000000 -1.000000 -0.000000
vn 0.000000 -1.000000 0.000000
vn 0.000000 -1.000000 0.000000
vn 0.764896 0.000000 0.644154
vn 0.764896 0.000000 0.644154
vn -0.764896 0.000000 -0.644154
vn -0.764896 0.000000 -0.644154
vn 0.000000 -1.000000 -0.000000
vn 0.000000 -1.000000 -0.000000
vn -0.000001 1.000000 0.000002
vn -0.000001 1.000000 -0.000003
vn 0.000000 -1.000000 0.000000
vn 0.000000 -1.000000 -0.000000
vn 0.000000 1.000000 0.000002
vn 0.000000 1.000000 0.000000
vn 0.000001 1.000000 -0.000002
vn 0.000001 1.000000 -0.000005
vn 0.000000 -1.000000 0.000000
vn 0.000000 -1.000000 0.000000
vn 0.000000 1.000000 0.000002
vn 0.000000 1.000000 -0.000000
vn 0.000000 1.000000 -0.000005
vn 0.000000 1.000000 -0.000001
vn 0.000000 -1.000000 0.000000
vn 0.000000 -1.000000 0.000000
vn 0.000000 -1.000000 0.000000
vn 0.000000 -1.000000 0.000000
vn -0.764896 -0.000000 -0.644154
vn -0.764896 0.000000 -0.644154
vn 0.764896 0.000000 0.644154
vn 0.764895 0.000000 0.644155
vn -0.764896 0.000000 -0.644154
vn -0.764896 0.000000 -0.644154
vn 0.764896 0.000000 0.644154
vn 0.764895 0.000000 0.644155
vn 0.764896 0.000000 0.644154
vn 0.764896 0.000000 0.644154
vn 0.764896 0.000000 0.644154
vn 0.764895 0.000000 0.644155
vn -0.764896 0.000000 -0.644154
vn -0.764896 0.000000 -0.644154
vn -0.764896 0.000000 -0.644154
vn -0.764896 0.000000 -0.644154
vn -0.644154 0.000000 0.764896
vn -0.644154 0.000000 0.764895
vn -0.644154 0.000000 0.764896
vn -0.644153 0.000000 0.764897
vn -0.644154 -0.000000 0.764896
vn -0.644154 -0.000000 0.764896
vn -0.644154 -0.000000 0.764896
vn -0.644154 -0.000000 0.764896
vn -0.644154 0.000000 0.764896
vn -0.644154 0.000000 0.764896
vn -0.644154 0.000000 0.764896
vn -0.644154 0.000000 0.764896
vn -0.644155 0.000000 0.764895
vn -0.644154 0.000000 0.764896
vn -0.644154 0.000000 0.764896
vn -0.644155 0.000000 0.764895
vn -0.644154 0.000000 0.764896
vn -0.644154 0.000000 0.764896
vn -0.644154 0.000000 0.764896
vn -0.644153 0.000000 0.764897
vn -0.644153 0.000000 0.764897
vn -0.644154 0.000000 0.764896
vn -0.644154 0.000000 0.764896
vn -0.644154 0.000000 0.764896
vn -0.644155 0.000000 0.764895
vn -0.644154 0.000000 0.764896
vn -0.644154 -0.000000 0.764896
vn -0.644154 -0.000000 0.764896
vn -0.644154 -0.000000 0.764896
vn -0.644154 -0.000000 0.764896
vn -0.644154 0.000000 0.764896
vn -0.644154 0.000000 0.764896
vn -0.644154 0.000000 0.764896
vn -0.644154 0.000000 0.764896
vn -0.644154 -0.000000 0.764896
vn -0.644154 -0.000000 0.764896
vn -0.644154 -0.000000 0.764896
vn -0.644154 -0.000000 0.764896
vn -0.644155 0.000000 0.764895
vn -0.644155 0.000000 0.764895
vn -0.644154 0.000000 0.764896
vn -0.644154 0.000000 0.764896
vn -0.644154 0.000000 0.764896
vn -0.644154 0.000000 0.764896
vn -0.644154 0.000000 0.764896
vn -0.644154 0.000000 0.764896
vn -0.644154 0.000000 0.764896
vn -0.644154 0.000000 0.764896
vn -0.644154 0.000000 0.764896
vn -0.644153 0.000000 0.764896
vn -0.644154 0.000000 0.764896
vn -0.644154 0.000000 0.764896
vn -0.644154 0.000000 0.764896
vn -0.644154 0.000000 0.764896
vn -0.644154 0.000000 0.764896
vn -0.644154 0.000000 0.764896
vn -0.644154 -0.000000 0.764896
vn -0.644154 -0.000000 0.764896
vn -0.644153 -0.000000 0.764896
vn -0.644153 -0.000000 0.764896
vn -0.644154 0.000000 0.764896
vn -0.644154 0.000000 0.764896
vn -0.644154 0.000000 0.764896
vn -0.644154 0.000000 0.764896
vn -0.644154 0.000000 0.764896
vn -0.644154 0.000000 0.764896
vn -0.644154 -0.000000 0.764896
vn -0.644154 -0.000000 0.764896
vn -0.644154 -0.000000 0.764896
vn -0.644154 -0.000000 0.764896
vn 0.764896 -0.000000 0.644154
vn 0.764896 -0.000000 0.644154
vn 0.764896 -0.000000 0.644154
vn 0.764896 -0.000000 0.644154
vn -0.000001 -1.000000 -0.000005
vn -0.000001 -1.000000 -0.000005
vn -0.000001 -1.000000 -0.000005
vn -0.000001 -1.000000 -0.000005
vn -0.764898 0.000000 -0.644152
vn -0.764898 0.000000 -0.644152
vn -0.764898 0.000000 -0.644152
vn -0.764898 0.000000 -0.644152
vn 0.000000 1.000000 -0.000001
vn 0.000000 1.000000 -0.000001
vn 0.000000 1.000000 -0.000001
vn 0.000000 1.000000 -0.000001
vn -0.000001 -1.000000 0.000006
vn -0.000001 -1.000000 0.000006
vn -0.000001 -1.000000 0.000006
vn -0.000001 -1.000000 0.000006
vn -0.764895 0.000000 -0.644154
vn -0.764895 0.000000 -0.644154
vn -0.764896 0.000000 -0.644154
vn -0.764895 0.000000 -0.644154
vn 0.000000 1.000000 0.000001
vn 0.000000 1.000000 0.000001
vn 0.000000 1.000000 0.000001
vn 0.000000 1.000000 0.000001
vn 0.764896 -0.000000 0.644154
vn 0.764896 -0.000000 0.644154
vn 0.764896 -0.000000 0.644154
vn 0.764896 -0.000000 0.644154
vn -0.644154 0.000000 0.764896
vn -0.644154 0.000000 0.764896
vn 0.764896 -0.000000 0.644154
vn 0.764896 -0.000000 0.644154
vn 0.764896 -0.000000 0.644154
vn 0.764896 -0.000000 0.644154
vn -0.644154 -0.000000 0.764896
vn -0.644154 -0.000000 0.764896
vn -0.644154 -0.000000 0.764896
vn -0.644154 -0.000000 0.764896
vn -0.764896 0.000000 -0.644154
vn -0.764896 0.000000 -0.644154
vn -0.764896 0.000000 -0.644154
vn -0.764896 0.000000 -0.644154
vn -0.644154 0.000000 0.764896
vn -0.644154 0.000000 0.764896
vn -0.644154 -0.000000 0.764896
vn -0.644154 0.000000 0.764896
vn -0.644154 0.000000 0.764896
vn -0.644154 0.000000 0.764896
vn -0.644154 0.000000 0.764896
vn -0.644154 0.000000 0.764896
vn -0.644154 0.000000 0.764896
vn -0.644154 0.000000 0.764896
vn -0.644154 0.000000 0.764896
vn -0.644154 0.000000 0.764896
vn 0.764897 0.000000 0.644153
vn 0.764897 0.000000 0.644153
vn 0.764897 0.000000 0.644153
vn 0.764897 0.000000 0.644153
vn -0.644154 0.000000 0.764896
vn -0.644154 0.000000 0.764896
vn -0.644154 0.000000 0.764896
vn -0.644154 0.000000 0.764896
vn -0.764898 0.000000 -0.644151
vn -0.764898 0.000000 -0.644151
vn -0.764898 0.000000 -0.644151
vn -0.764898 0.000000 -0.644151
vn -0.644154 0.000000 0.764896
vn -0.644154 0.000000 0.764896
vn -0.644154 -0.000000 0.764896
vn -0.644154 -0.000000 0.764896
vn 0.764896 -0.000000 0.644154
vn 0.764896 -0.000000 0.644154
vn -0.644154 -0.000000 0.764896
vn -0.644154 -0.000000 0.764896
vn -0.764896 0.000000 -0.644154
vn -0.764896 0.000000 -0.644154
vn -0.644154 0.000000 0.764896
vn -0.644154 0.000000 0.764896
vn -0.644154 0.000000 0.764896
vn -0.644154 0.000000 0.764896
vn -0.644154 0.000000 0.764896
vn -0.644154 0.000000 0.764896
vn -0.644154 -0.000000 0.764896
vn -0.644154 -0.000000 0.764896
vn 0.764895 -0.000001 0.644155
vn 0.764895 -0.000001 0.644155
vn -0.644154 0.000000 0.764896
vn -0.644154 0.000000 0.764896
vn -0.764898 0.000000 -0.644151
vn -0.764898 0.000000 -0.644151
vn -0.644154 -0.000000 0.764896
vn -0.644154 -0.000000 0.764896
vn -0.644155 0.000000 0.764895
vn -0.644154 -0.000000 0.764896
vn -0.644154 -0.000000 0.764896
vn -0.644154 -0.000000 0.764896
vn -0.764898 0.000000 -0.644151
vn -0.764896 0.000001 -0.644154
vn -0.764896 0.000001 -0.644154
vn -0.764898 0.000000 -0.644151
vn -0.644154 0.000000 0.764896
vn -0.644154 0.000000 0.764896
vn -0.644154 0.000000 0.764896
vn -0.644154 0.000000 0.764896
vn 0.764893 0.000000 0.644158
vn 0.764894 -0.000001 0.644156
vn 0.764894 -0.000001 0.644156
vn 0.764893 0.000000 0.644158
vn -0.644154 0.000000 0.764896
vn -0.644154 -0.000000 0.764896
vn -0.644154 -0.000000 0.764896
vn -0.644154 -0.000000 0.764896
vn -0.644154 -0.000001 0.764896
vn -0.644154 -0.000000 0.764896
vn -0.644153 -0.000000 0.764897
vn -0.644154 -0.000000 0.764896
vn -0.644154 -0.000000 0.764896
vn -0.644153 -0.000000 0.764896
vn -0.644154 0.000000 0.764896
vn -0.644154 -0.000000 0.764896
vn -0.764896 0.000000 -0.644154
vn -0.764896 0.000000 -0.644154
vn -0.764896 0.000000 -0.644154
vn -0.764896 0.000000 -0.644154
vn -0.644154 -0.000000 0.764896
vn -0.644154 0.000000 0.764896
vn -0.644154 0.000000 0.764896
vn -0.644154 -0.000000 0.764896
vn 0.764896 -0.000000 0.644154
vn 0.764896 -0.000000 0.644154
vn 0.764896 -0.000000 0.644154
vn 0.764896 -0.000000 0.644154
vn -0.644154 -0.000000 0.764896
vn -0.644154 0.000000 0.764896
vn -0.644154 0.000000 0.764896
vn -0.644154 -0.000000 0.764896
vn -0.644154 0.000000 0.764896
vn -0.644154 0.000000 0.764896
vn -0.644154 0.000000 0.764896
vn -0.644154 0.000000 0.764896
vn -0.644154 0.000000 0.764896
vn -0.644154 0.000000 0.764896
vn -0.644154 0.000000 0.764896
vn -0.644154 0.000000 0.764896
vn 0.000001 1.000000 -0.000002
vn 0.000001 1.000000 -0.000002
vn 0.000001 1.000000 0.000000
vn 0.000001 1.000000 0.000000
vn 0.764897 0.000000 0.644153
vn 0.764897 0.000000 0.644153
vn 0.764897 0.000000 0.644153
vn 0.764897 0.000000 0.644153
vn -0.000001 -1.000000 0.000000
vn -0.000001 -1.000000 0.000000
vn -0.000001 -1.000000 -0.000002
vn -0.000001 -1.000000 -0.000002
vn 0.000001 1.000000 -0.000006
vn 0.000001 1.000000 -0.000006
vn -0.000001 -1.000000 -0.000002
vn -0.000001 -1.000000 -0.000002
vn 0.000000 1.000000 -0.000007
vn 0.000000 1.000000 -0.000007
vn 0.000000 -1.000000 0.000000
vn 0.000000 -1.000000 0.000000
vn -0.764893 0.000000 -0.644158
vn -0.764893 0.000000 -0.644158
vn -0.764893 0.000000 -0.644158
vn -0.764893 0.000000 -0.644158
vn 0.764897 -0.000000 0.644152
vn 0.764897 -0.000000 0.644152
vn 0.764897 -0.000000 0.644152
vn 0.764897 -0.000000 0.644152
vn -0.000000 -1.000000 -0.000005
vn -0.000000 -1.000000 -0.000005
vn -0.000000 -1.000000 -0.000005
vn -0.000000 -1.000000 -0.000005
vn -0.764897 0.000000 -0.644153
vn -0.764897 0.000000 -0.644153
vn -0.764897 0.000000 -0.644153
vn -0.764897 0.000000 -0.644153
vn 0.000000 1.000000 -0.000001
vn 0.000000 1.000000 -0.000001
vn 0.000000 1.000000 -0.000001
vn 0.000000 1.000000 -0.000001
vn 0.764896 -0.000000 0.644154
vn 0.764896 -0.000000 0.644154
vn 0.764896 -0.000000 0.644154
vn 0.764896 -0.000000 0.644154
vn 0.000000 -1.000000 0.000000
vn 0.000000 -1.000000 0.000000
vn 0.000000 -1.000000 0.000000
vn 0.000000 -1.000000 0.000000
vn -0.764894 0.000000 -0.644156
vn -0.764894 0.000000 -0.644156
vn -0.764894 0.000000 -0.644156
vn -0.764894 0.000000 -0.644156
vn 0.000000 1.000000 0.000000
vn 0.000000 1.000000 0.000000
vn 0.000000 1.000000 0.000000
vn 0.000000 1.000000 0.000000
vn 0.000000 1.000000 -0.000010
vn 0.000000 1.000000 -0.000010
vn 0.000000 1.000000 -0.000015
vn 0.000000 1.000000 -0.000015
vn 0.764894 -0.000000 0.644157
vn 0.764894 -0.000000 0.644157
vn 0.764894 -0.000000 0.644157
vn 0.764894 -0.000000 0.644157
vn 0.000000 -1.000000 0.000015
vn 0.000000 -1.000000 0.000015
vn -0.000001 -1.000000 0.000010
vn -0.000001 -1.000000 0.000010
vn -0.000000 1.000000 0.000000
vn -0.000000 1.000000 0.000000
vn -0.000001 -1.000000 0.000000
vn -0.000001 -1.000000 0.000000
vn -0.000001 1.000000 0.000000
vn -0.000001 1.000000 0.000000
vn 0.000000 -1.000000 0.000000
vn 0.000000 -1.000000 0.000000
vn -0.764900 0.000000 -0.644150
vn -0.764900 0.000000 -0.644150
vn -0.764900 0.000000 -0.644150
vn -0.764900 0.000000 -0.644150
vn 0.764896 0.000000 0.644154
vn 0.764896 0.000000 0.644154
vn -0.000005 1.000000 0.000014
vn -0.000005 1.000000 0.000015
vn -0.764896 0.000000 -0.644154
vn -0.764896 0.000000 -0.644154
vn 0.000000 -1.000000 -0.000000
vn 0.000000 -1.000000 -0.000000
vn -0.764896 0.000000 -0.644154
vn -0.764896 0.000000 -0.644154
vn 0.764896 0.000000 0.644154
vn 0.764896 0.000000 0.644154
vn -0.000000 -1.000000 -0.000000
vn -0.000000 -1.000000 -0.000000
vn -0.000002 1.000000 0.000008
vn -0.000001 1.000000 0.000009
vn 0.000001 1.000000 -0.000002
vn -0.000001 1.000000 0.000001
vn 0.000000 -1.000000 -0.000000
vn 0.000000 -1.000000 -0.000000
vn 0.764896 0.000000 0.644154
vn -0.764896 0.000000 -0.644154
vn 0.000000 -1.000000 -0.000000
vn -0.000001 1.000000 0.000007
vn 0.000000 -1.000000 0.000000
vn 0.000000 1.000000 0.000003
vn 0.000001 1.000000 0.000002
vn 0.000000 -1.000000 0.000000
vn 0.000000 1.000000 0.000004
vn 0.000000 1.000000 0.000005
vn 0.000000 -1.000000 0.000000
vn 0.000000 -1.000000 0.000000
vn -0.764896 -0.000000 -0.644154
vn 0.764897 0.000000 0.644153
vn -0.764896 0.000000 -0.644154
vn 0.764897 0.000000 0.644153
vn 0.764897 0.000000 0.644153
vn 0.764896 0.000000 0.644154
vn -0.764896 0.000000 -0.644154
vn -0.764896 0.000000 -0.644154
vn 0.764896 0.000000 0.644154
vn 0.764895 0.000000 0.644155
vn 0.764896 0.000000 0.644154
vn -0.644155 -0.000000 0.764895
vn -0.644155 0.000000 0.764895
vn -0.764896 0.000001 -0.644154
vn -0.764896 0.000001 -0.644154
vn -0.644154 0.000000 0.764896
vn -0.644154 0.000000 0.764896
vn 0.764893 0.000000 0.644158
vn 0.764893 0.000000 0.644158
vn -0.644154 0.000000 0.764896
vn -0.644154 0.000000 0.764896
vn -0.764894 0.000000 -0.644156
vn -0.764894 0.000000 -0.644156
vn -0.764894 0.000000 -0.644156
vn -0.764894 0.000000 -0.644156
vn -0.644154 -0.000000 0.764896
vn -0.644154 -0.000000 0.764896
vn -0.644154 -0.000000 0.764896
vn -0.644154 -0.000000 0.764896
vn 0.764894 -0.000000 0.644156
vn 0.764894 -0.000000 0.644156
vn 0.764894 -0.000000 0.644156
vn 0.764894 -0.000000 0.644156
vn -0.644154 0.000000 0.764896
vn -0.644154 0.000000 0.764896
vn -0.764895 0.000000 -0.644155
vn -0.764895 0.000000 -0.644155
vn -0.764895 0.000000 -0.644155
vn -0.764895 0.000000 -0.644155
vn -0.644154 -0.000000 0.764896
vn -0.644154 -0.000000 0.764896
vn -0.644154 -0.000000 0.764896
vn -0.644154 -0.000000 0.764896
vn 0.764898 0.000000 0.644152
vn 0.764898 0.000000 0.644152
vn 0.764898 0.000000 0.644152
vn 0.764898 0.000000 0.644152
vn -0.644154 -0.000000 0.764896
vn -0.644154 -0.000000 0.764896
vn -0.764896 0.000000 -0.644154
vn -0.764896 0.000000 -0.644154
vn -0.644154 0.000000 0.764896
vn -0.644154 0.000000 0.764896
vn 0.764896 -0.000000 0.644154
vn 0.764896 -0.000000 0.644154
vn -0.644154 0.000000 0.764896
vn -0.644154 0.000000 0.764896
vn -0.764896 0.000000 -0.644154
vn -0.764896 0.000000 -0.644154
vn -0.764896 0.000000 -0.644154
vn 0.644154 0.000000 -0.764896
vn 0.644154 0.000000 -0.764896
vn 0.764896 -0.000000 0.644154
vn 0.764896 -0.000000 0.644154
vn 0.644154 -0.000000 -0.764896
vn 0.644154 -0.000000 -0.764896
vn -0.764896 0.000000 -0.644154
vn -0.764896 0.000000 -0.644154
vn 0.644154 0.000000 -0.764896
vn 0.644154 0.000000 -0.764896
vn 0.764894 0.000000 0.644156
vn 0.764895 0.000000 0.644156
vn 0.764895 0.000000 0.644156
vn 0.764895 0.000000 0.644156
vn 0.644154 -0.000000 -0.764896
vn 0.644154 -0.000000 -0.764896
vn 0.644154 -0.000000 -0.764896
vn 0.644154 -0.000000 -0.764896
vn -0.764897 0.000000 -0.644153
vn -0.764897 0.000000 -0.644153
vn -0.764897 0.000000 -0.644153
vn -0.764897 0.000000 -0.644153
vn 0.644154 0.000000 -0.764896
vn 0.644154 0.000000 -0.764896
vn 0.764898 -0.000000 0.644152
vn 0.764898 -0.000000 0.644152
vn 0.764898 -0.000000 0.644152
vn 0.764898 -0.000000 0.644152
vn 0.644154 -0.000000 -0.764896
vn 0.644154 -0.000000 -0.764896
vn 0.644154 -0.000000 -0.764896
vn 0.644154 -0.000000 -0.764896
vn -0.764896 0.000001 -0.644154
vn -0.764896 0.000001 -0.644154
vn -0.764896 0.000001 -0.644154
vn -0.764896 0.000001 -0.644154
vn 0.644154 0.000000 -0.764896
vn 0.644154 0.000000 -0.764896
vn 0.764899 -0.000000 0.644151
vn 0.764899 -0.000000 0.644151
vn 0.644154 0.000000 -0.764896
vn 0.644154 0.000000 -0.764896
vn -0.764896 0.000000 -0.644154
vn -0.764896 0.000000 -0.644154
vn 0.644155 0.000000 -0.764895
vn 0.644154 0.000000 -0.764896
vn -0.000001 1.000000 0.000001
vn 0.000002 1.000000 -0.000003
vn -0.000004 1.000000 0.000005
vn -0.644153 0.000000 0.764897
vn -0.644153 0.000000 0.764897
vn -0.644153 0.000000 0.764897
vn -0.644152 0.000000 0.764898
vn -0.644153 -0.000000 0.764897
vn -0.644153 -0.000000 0.764896
vn -0.644153 -0.000000 0.764897
vn -0.644153 -0.000000 0.764896
vn -0.644154 -0.000000 0.764896
vn -0.644154 0.000000 0.764896
vn -0.644154 0.000000 0.764896
vn -0.644154 -0.000000 0.764896
vn -0.644152 0.000000 0.764897
vn -0.644152 0.000000 0.764897
vn -0.644152 0.000000 0.764897
vn -0.644153 0.000000 0.764897
vn 0.000000 -1.000000 -0.000000
vn 0.000000 -1.000000 0.000000
vn 0.000000 -1.000000 -0.000000
vn 0.644154 0.000000 -0.764896
vn 0.644154 0.000000 -0.764896
vn 0.644154 0.000000 -0.764896
vn 0.644155 0.000000 -0.764895
vn 0.644154 0.000000 -0.764896
vn 0.644154 0.000000 -0.764896
vn 0.644153 0.000000 -0.764896
vn 0.644154 0.000000 -0.764896
vn 0.644154 -0.000000 -0.764896
vn 0.644155 -0.000000 -0.764895
vn 0.644154 -0.000000 -0.764896
vn 0.644155 -0.000000 -0.764895
vn 0.644155 0.000000 -0.764895
vn 0.644155 0.000000 -0.764895
vn 0.644155 -0.000000 -0.764895
vn 0.644155 -0.000000 -0.764895
vn 0.766547 0.000000 0.642189
vn 0.766547 0.000000 0.642189
vn 0.766544 0.000000 0.642192
vn 0.766544 0.000000 0.642192
vn 0.000000 1.000000 0.000000
vn 0.000000 1.000000 0.000000
vn 0.000000 1.000000 0.000000
vn 0.000000 1.000000 0.000000
vn -0.766544 0.000000 -0.642192
vn -0.766544 0.000000 -0.642192
vn -0.766543 0.000000 -0.642193
vn -0.766543 0.000000 -0.642193
vn 0.000000 -1.000000 -0.000006
vn 0.000000 -1.000000 -0.000006
vn 0.000000 -1.000000 -0.000006
vn 0.000000 -1.000000 -0.000006
vn 0.642189 0.000000 -0.766546
vn 0.642188 0.000000 -0.766547
vn 0.642190 -0.000001 -0.766546
vn 0.642190 0.000000 -0.766545
vn 0.000000 -1.000000 -0.000006
vn 0.000000 -1.000000 -0.000006
vn 0.000000 -1.000000 -0.000006
vn 0.000000 -1.000000 -0.000006
vn 0.642191 0.000000 -0.766545
vn 0.642188 0.000000 -0.766547
vn 0.642189 0.000000 -0.766546
vn 0.642190 0.000000 -0.766545
vn 0.000000 1.000000 0.000000
vn 0.000000 1.000000 0.000000
vn 0.000000 1.000000 0.000000
vn 0.000000 1.000000 0.000000
vn 0.000022 1.000000 0.000011
vn 0.000022 1.000000 0.000011
vn 0.000017 1.000000 0.000009
vn 0.000017 1.000000 0.000009
vn 0.642189 0.000000 -0.766546
vn 0.642190 -0.000001 -0.766546
vn 0.000000 -1.000000 -0.000001
vn 0.000000 -1.000000 -0.000001
vn 0.000000 -1.000000 0.000000
vn 0.000000 -1.000000 0.000000
vn 0.766542 0.000000 0.642195
vn 0.766542 0.000000 0.642195
vn 0.766542 0.000000 0.642195
vn 0.766542 0.000000 0.642195
vn 0.642191 0.000000 -0.766544
vn 0.642191 0.000000 -0.766545
vn 0.642191 0.000000 -0.766545
vn 0.642191 0.000000 -0.766544
vn -0.766544 0.000000 -0.642192
vn -0.766544 0.000000 -0.642192
vn -0.766544 0.000000 -0.642192
vn -0.766544 0.000000 -0.642192
vn 0.736140 0.278854 0.616716
vn 0.736140 0.278854 0.616716
vn 0.736140 0.278854 0.616716
vn 0.736140 0.278854 0.616716
vn 0.642190 0.000005 -0.766546
vn 0.642190 0.000004 -0.766545
vn 0.642190 0.000004 -0.766545
vn 0.642190 0.000005 -0.766546
vn -0.736140 0.278852 -0.616716
vn -0.736140 0.278852 -0.616716
vn -0.736140 0.278852 -0.616716
vn -0.736140 0.278852 -0.616716
vn 0.586275 0.644240 0.491158
vn 0.586275 0.644240 0.491158
vn 0.586275 0.644240 0.491158
vn 0.586275 0.644240 0.491158
vn 0.642182 0.000010 -0.766553
vn 0.642185 0.000010 -0.766550
vn 0.642186 0.000010 -0.766549
vn 0.642182 0.000010 -0.766553
vn -0.586265 0.644253 -0.491154
vn -0.586265 0.644253 -0.491154
vn -0.586265 0.644253 -0.491154
vn -0.586265 0.644253 -0.491154
vn 0.368951 0.876545 0.309104
vn 0.368951 0.876544 0.309104
vn 0.368951 0.876545 0.309104
vn 0.368951 0.876544 0.309104
vn 0.642187 -0.000020 -0.766548
vn 0.642187 -0.000017 -0.766548
vn 0.642187 -0.000015 -0.766548
vn 0.642187 -0.000020 -0.766548
vn -0.368947 0.876547 -0.309103
vn -0.368947 0.876547 -0.309103
vn -0.368947 0.876547 -0.309103
vn -0.368947 0.876547 -0.309103
vn 0.230232 0.953829 0.192880
vn 0.230232 0.953829 0.192880
vn 0.230232 0.953829 0.192880
vn 0.230232 0.953829 0.192880
vn 0.642177 0.000000 -0.766556
vn 0.642180 -0.000002 -0.766554
vn 0.642181 -0.000005 -0.766553
vn 0.642177 0.000000 -0.766556
vn -0.230238 0.953828 -0.192883
vn -0.230238 0.953828 -0.192883
vn -0.230238 0.953828 -0.192883
vn -0.230238 0.953828 -0.192883
vn 0.083117 0.994103 0.069642
vn 0.083117 0.994103 0.069642
vn 0.083117 0.994103 0.069642
vn 0.083117 0.994103 0.069642
vn 0.642219 0.000000 -0.766522
vn 0.642216 0.000003 -0.766524
vn 0.642207 0.000016 -0.766531
vn 0.642219 0.000000 -0.766522
vn -0.083115 0.994104 -0.069640
vn -0.083115 0.994104 -0.069640
vn -0.083115 0.994104 -0.069640
vn -0.083115 0.994104 -0.069640
vn -0.766543 0.000000 -0.642193
vn -0.766543 0.000000 -0.642193
vn -0.766543 0.000000 -0.642193
vn -0.766543 0.000000 -0.642193
vn 0.642189 0.000000 -0.766546
vn 0.642189 0.000000 -0.766546
vn 0.642190 0.000000 -0.766546
vn 0.642190 0.000000 -0.766546
vn 0.766539 0.000000 0.642198
vn 0.766539 0.000000 0.642198
vn 0.766539 0.000000 0.642198
vn 0.766539 0.000000 0.642198
vn -0.721394 -0.338147 -0.604357
vn -0.721394 -0.338147 -0.604357
vn -0.721394 -0.338147 -0.604357
vn -0.721394 -0.338147 -0.604357
vn 0.642191 0.000000 -0.766545
vn 0.642191 0.000000 -0.766545
vn 0.642191 0.000000 -0.766545
vn 0.642191 0.000000 -0.766545
vn 0.721392 -0.338148 0.604359
vn 0.721392 -0.338149 0.604359
vn 0.721392 -0.338148 0.604359
vn 0.721392 -0.338149 0.604359
vn -0.519086 -0.735812 -0.434891
vn -0.519086 -0.735812 -0.434891
vn -0.519086 -0.735812 -0.434891
vn -0.519086 -0.735812 -0.434891
vn 0.642190 0.000002 -0.766546
vn 0.642190 0.000002 -0.766546
vn 0.642190 0.000000 -0.766545
vn 0.642190 0.000000 -0.766545
vn 0.519082 -0.735817 0.434888
vn 0.519082 -0.735817 0.434888
vn 0.519082 -0.735817 0.434888
vn 0.519082 -0.735817 0.434888
vn -0.352963 -0.887681 -0.295701
vn -0.352963 -0.887681 -0.295701
vn -0.352963 -0.887681 -0.295701
vn -0.352963 -0.887681 -0.295701
vn 0.642196 -0.000007 -0.766541
vn 0.642195 -0.000008 -0.766541
vn 0.642194 -0.000009 -0.766542
vn 0.642194 -0.000009 -0.766542
vn 0.352962 -0.887681 0.295704
vn 0.352962 -0.887681 0.295704
vn 0.352962 -0.887681 0.295704
vn 0.352962 -0.887681 0.295704
vn -0.225482 -0.955759 -0.188900
vn -0.225482 -0.955759 -0.188900
vn -0.225482 -0.955759 -0.188900
vn -0.225482 -0.955759 -0.188900
vn 0.642203 0.000025 -0.766534
vn 0.642204 0.000025 -0.766534
vn 0.642205 0.000025 -0.766533
vn 0.642205 0.000025 -0.766533
vn 0.225478 -0.955760 0.188900
vn 0.225478 -0.955760 0.188900
vn 0.225478 -0.955760 0.188900
vn 0.225478 -0.955760 0.188900
vn -0.175711 -0.973372 -0.147214
vn -0.175711 -0.973372 -0.147214
vn -0.175711 -0.973372 -0.147214
vn -0.175711 -0.973372 -0.147214
vn 0.642192 -0.000020 -0.766544
vn 0.642191 -0.000020 -0.766544
vn 0.642191 -0.000020 -0.766545
vn 0.642191 -0.000020 -0.766545
vn 0.175712 -0.973372 0.147216
vn 0.175712 -0.973372 0.147216
vn 0.175712 -0.973372 0.147216
vn 0.175712 -0.973372 0.147216
vn 0.000000 -1.000000 -0.000003
vn 0.000000 -1.000000 -0.000003
vn 0.000000 -1.000000 -0.000003
vn 0.000000 -1.000000 -0.000003
vn 0.542005 0.707146 0.454065
vn 0.542005 0.707146 0.454065
vn 0.541996 0.707155 0.454061
vn 0.541996 0.707155 0.454061
vn 0.541980 0.707173 0.454054
vn 0.541980 0.707173 0.454054
vn 0.541980 0.707173 0.454054
vn -0.541997 0.707156 -0.454059
vn -0.541997 0.707156 -0.454059
vn -0.541994 0.707153 -0.454066
vn -0.541994 0.707153 -0.454066
vn -0.541989 0.707148 -0.454081
vn -0.541989 0.707148 -0.454081
vn -0.541989 0.707148 -0.454081
vn 0.766546 0.000000 0.642190
vn 0.766546 -0.000000 0.642190
vn 0.766546 0.000000 0.642189
vn 0.766546 0.000000 0.642190
vn 0.000000 1.000000 0.000000
vn 0.000000 1.000000 0.000001
vn 0.000000 1.000000 0.000001
vn 0.000000 1.000000 0.000000
vn -0.766544 0.000000 -0.642191
vn -0.766546 0.000000 -0.642189
vn -0.766547 0.000000 -0.642188
vn -0.766544 0.000000 -0.642191
vn 0.000000 1.000000 0.000004
vn 0.000000 1.000000 0.000004
vn -0.642188 0.000001 0.766548
vn -0.642188 0.000001 0.766548
vn -0.642188 0.000001 0.766548
vn -0.713220 0.000935 0.700940
vn -0.706178 0.000839 0.708034
vn -0.642188 0.000001 0.766548
vn 0.139581 0.023518 -0.989931
vn 0.139581 0.023518 -0.989931
vn 0.139581 0.023518 -0.989931
vn 0.139581 0.023518 -0.989931
vn 0.655921 0.039566 -0.753792
vn 0.655921 0.039566 -0.753792
vn 0.655921 0.039566 -0.753792
vn 0.655921 0.039566 -0.753792
vn 0.996829 0.044905 -0.065693
vn 0.996829 0.044905 -0.065693
vn 0.996829 0.044905 -0.065693
vn 0.996829 0.044905 -0.065693
vn 0.825642 0.035480 0.563077
vn 0.825642 0.035480 0.563077
vn 0.825642 0.035480 0.563077
vn 0.825642 0.035480 0.563077
vn 0.415478 0.016828 0.909448
vn 0.415478 0.016828 0.909448
vn 0.415478 0.016828 0.909448
vn 0.415478 0.016828 0.909448
vn -0.059273 -0.715953 -0.695628
vn -0.059273 -0.715953 -0.695628
vn -0.059273 -0.715953 -0.695628
vn -0.059273 -0.715953 -0.695628
vn -0.989658 -0.022928 -0.141601
vn -0.989658 -0.022928 -0.141601
vn -0.989658 -0.022928 -0.141601
vn -0.989658 -0.022928 -0.141601
vn -0.754999 -0.039926 -0.654509
vn -0.754999 -0.039926 -0.654509
vn -0.754999 -0.039926 -0.654509
vn -0.754999 -0.039926 -0.654509
vn -0.068722 -0.043575 -0.996684
vn -0.068722 -0.043575 -0.996684
vn -0.068722 -0.043575 -0.996684
vn -0.068722 -0.043575 -0.996684
vn 0.565057 -0.041533 -0.824006
vn 0.565057 -0.041533 -0.824006
vn 0.565057 -0.041533 -0.824006
vn 0.565057 -0.041533 -0.824006
vn 0.904682 -0.095859 -0.415165
vn 0.904682 -0.095859 -0.415165
vn 0.904682 -0.095859 -0.415165
vn 0.904682 -0.095859 -0.415165
vn -0.603104 0.000431 -0.797663
vn -0.709367 0.000163 -0.704839
vn -0.700776 0.000186 -0.713381
vn -0.603104 0.000431 -0.797663
vn -0.072978 0.000733 -0.997333
vn -0.072978 0.000733 -0.997333
vn -0.072978 0.000733 -0.997333
vn -0.072978 0.000733 -0.997333
vn 0.653517 0.000760 -0.756912
vn 0.653517 0.000760 -0.756912
vn 0.653517 0.000760 -0.756912
vn 0.653517 0.000760 -0.756912
vn 0.982834 -0.001289 -0.184486
vn 0.982834 -0.001289 -0.184486
vn 0.982834 -0.001289 -0.184486
vn 0.982834 -0.001289 -0.184486
vn 0.927319 -0.020467 0.373713
vn 0.927319 -0.020467 0.373713
vn 0.927319 -0.020467 0.373713
vn 0.927319 -0.020467 0.373713
vn -0.696770 -0.715098 0.056097
vn -0.696770 -0.715098 0.056097
vn -0.696770 -0.715098 0.056097
vn -0.239057 -0.962200 0.130474
vn -0.239057 -0.962200 0.130474
vn -0.239057 -0.962200 0.130474
vn -0.239057 -0.962200 0.130474
vn -0.239057 -0.962200 0.130474
vn -0.239057 -0.962200 0.130474
vn -0.239057 -0.962200 0.130474
vn -0.239057 -0.962200 0.130474
vn -0.139554 0.023589 0.989933
vn -0.139554 0.023589 0.989933
vn -0.139554 0.023589 0.989933
vn -0.139554 0.023589 0.989933
vn -0.655651 0.039676 0.754021
vn -0.655651 0.039676 0.754021
vn -0.655651 0.039676 0.754021
vn -0.655651 0.039676 0.754021
vn -0.996727 0.044798 0.067302
vn -0.996727 0.044798 0.067302
vn -0.996726 0.044798 0.067302
vn -0.996727 0.044798 0.067302
vn -0.812810 0.033752 -0.581551
vn -0.812810 0.033752 -0.581551
vn -0.589756 0.014279 -0.807455
vn -0.708374 0.024155 -0.705423
vn -0.440714 0.002876 -0.897643
vn -0.440714 0.002876 -0.897643
vn -0.797626 0.002167 0.603148
vn -0.797626 0.002167 0.603148
vn -0.997344 0.003767 0.072742
vn -0.997344 0.003767 0.072742
vn -0.997344 0.003767 0.072742
vn -0.997344 0.003767 0.072742
vn -0.756474 0.004188 -0.654011
vn -0.756474 0.004188 -0.654011
vn -0.756474 0.004188 -0.654011
vn -0.756474 0.004188 -0.654011
vn -0.181849 -0.000103 -0.983326
vn -0.181849 -0.000103 -0.983326
vn -0.181849 -0.000103 -0.983327
vn -0.181849 -0.000103 -0.983326
vn 0.377363 -0.008477 -0.926027
vn 0.377363 -0.008477 -0.926027
vn 0.377363 -0.008477 -0.926027
vn 0.377363 -0.008477 -0.926027
vn 0.059229 -0.716047 0.695535
vn 0.059229 -0.716047 0.695535
vn 0.059229 -0.716047 0.695535
vn 0.989632 -0.022841 0.141799
vn 0.989632 -0.022841 0.141799
vn 0.989632 -0.022841 0.141799
vn 0.989632 -0.022841 0.141799
vn 0.754454 -0.039565 0.655159
vn 0.754454 -0.039565 0.655159
vn 0.754454 -0.039565 0.655159
vn 0.754454 -0.039565 0.655159
vn 0.063747 -0.042215 0.997073
vn 0.063747 -0.042215 0.997073
vn 0.063747 -0.042215 0.997073
vn 0.063747 -0.042215 0.997073
vn -0.569289 -0.050044 0.820613
vn -0.569289 -0.050044 0.820613
vn -0.569289 -0.050044 0.820613
vn -0.569289 -0.050044 0.820613
vn -0.915541 -0.084234 0.393306
vn -0.915541 -0.084234 0.393306
vn -0.915541 -0.084234 0.393306
vn -0.915541 -0.084234 0.393306
vn 0.797633 -0.001936 -0.603140
vn 0.708093 -0.000774 -0.706119
vn 0.715136 -0.000860 -0.698984
vn 0.797633 -0.001936 -0.603140
vn 0.997342 -0.003298 -0.072784
vn 0.997342 -0.003298 -0.072784
vn 0.997342 -0.003298 -0.072784
vn 0.997342 -0.003298 -0.072784
vn 0.756896 -0.003823 0.653525
vn 0.756895 -0.003823 0.653525
vn 0.756895 -0.003823 0.653525
vn 0.756895 -0.003823 0.653525
vn 0.180791 -0.004975 0.983509
vn 0.180791 -0.004975 0.983509
vn 0.180791 -0.004975 0.983509
vn 0.180791 -0.004975 0.983509
vn -0.379539 -0.014105 0.925068
vn -0.379539 -0.014105 0.925068
vn -0.379539 -0.014105 0.925068
vn -0.379539 -0.014105 0.925068
vn 0.603086 -0.000945 0.797676
vn 0.708147 -0.000364 0.706065
vn 0.699498 -0.000416 0.714635
vn 0.603086 -0.000945 0.797676
vn 0.072829 -0.001627 0.997343
vn 0.072829 -0.001627 0.997343
vn 0.072829 -0.001627 0.997343
vn 0.072829 -0.001627 0.997343
vn -0.653539 -0.002294 0.756889
vn -0.653539 -0.002294 0.756889
vn -0.653539 -0.002294 0.756889
vn -0.653539 -0.002294 0.756889
vn -0.982334 -0.004201 0.187088
vn -0.982334 -0.004201 0.187088
vn -0.982334 -0.004201 0.187088
vn -0.982334 -0.004201 0.187088
vn -0.930304 -0.024618 -0.365961
vn -0.930304 -0.024618 -0.365961
vn -0.930304 -0.024618 -0.365961
vn -0.930304 -0.024618 -0.365961
vn 0.696688 -0.715182 -0.056037
vn 0.696688 -0.715182 -0.056037
vn 0.696688 -0.715182 -0.056037
vn 0.696688 -0.715182 -0.056037
vn -0.181237 0.052249 -0.982051
vn -0.181237 0.052249 -0.982051
vn -0.181237 0.052249 -0.982051
vn -0.181237 0.052249 -0.982051
vn 0.668588 0.035410 -0.742789
vn 0.668588 0.035410 -0.742789
vn 0.668588 0.035410 -0.742789
vn 0.668588 0.035410 -0.742789
vn 0.988066 0.050058 -0.145671
vn 0.988066 0.050058 -0.145671
vn 0.988066 0.050058 -0.145671
vn 0.988066 0.050058 -0.145671
vn 0.751834 0.043839 0.657894
vn 0.751834 0.043839 0.657894
vn 0.751834 0.043839 0.657894
vn 0.751834 0.043839 0.657894
vn 0.123679 0.052004 0.990959
vn 0.123679 0.052004 0.990959
vn 0.123679 0.052004 0.990959
vn 0.123679 0.052004 0.990959
vn -0.665528 0.035724 0.745517
vn -0.665528 0.035724 0.745517
vn -0.665528 0.035724 0.745517
vn -0.665528 0.035724 0.745517
vn -0.995740 0.051607 0.076412
vn -0.995740 0.051607 0.076412
vn -0.995740 0.051607 0.076412
vn -0.995740 0.051607 0.076412
vn -0.744954 0.044055 -0.665660
vn -0.744954 0.044055 -0.665660
vn -0.744954 0.044055 -0.665660
vn -0.744954 0.044055 -0.665660
vn -0.212685 -0.317628 -0.924055
vn -0.212685 -0.317628 -0.924055
vn -0.271623 -0.394321 -0.877914
vn -0.259142 -0.378119 -0.888747
vn 0.574249 -0.498070 -0.649742
vn 0.574249 -0.498070 -0.649742
vn 0.522630 -0.618473 -0.586812
vn 0.524883 -0.613957 -0.589538
vn 0.913439 -0.394881 -0.098483
vn 0.913439 -0.394881 -0.098483
vn 0.872642 -0.487815 -0.023077
vn 0.865203 -0.501289 -0.011556
vn 0.750634 0.014925 0.660550
vn 0.750634 0.014925 0.660550
vn 0.729663 -0.012070 0.683700
vn 0.724359 -0.018652 0.689170
vn 0.160526 0.380545 0.910723
vn 0.160526 0.380545 0.910723
vn 0.190621 0.415145 0.889561
vn 0.195597 0.420817 0.885808
vn -0.565515 0.518411 0.641439
vn -0.565515 0.518411 0.641439
vn -0.516236 0.633369 0.576494
vn -0.514513 0.636793 0.574257
vn -0.932190 0.359495 0.042259
vn -0.932190 0.359495 0.042259
vn -0.891044 0.452398 -0.037087
vn -0.896506 0.442145 -0.028035
vn -0.750279 -0.013889 -0.660975
vn -0.750279 -0.013889 -0.660975
vn -0.749641 -0.012920 -0.661718
vn -0.749782 -0.013135 -0.661554
vn -0.360769 -0.507668 -0.782381
vn -0.360795 -0.507699 -0.782348
vn 0.400749 -0.801720 -0.443446
vn 0.400792 -0.801674 -0.443490
vn 0.746731 -0.652647 0.128238
vn 0.746154 -0.653207 0.128745
vn 0.678216 -0.072163 0.731311
vn 0.678233 -0.072144 0.731297
vn 0.200237 0.423602 0.883440
vn 0.200399 0.423805 0.883306
vn -0.471130 0.716156 0.514935
vn -0.471124 0.716164 0.514928
vn -0.864654 0.495935 -0.080135
vn -0.864954 0.495471 -0.079769
vn -0.765047 -0.033393 -0.643109
vn -0.765031 -0.033373 -0.643128
vn -0.383048 -0.535907 -0.752382
vn -0.385855 -0.542960 -0.745862
vn 0.373510 -0.829143 -0.415948
vn 0.370634 -0.831853 -0.413099
vn 0.713458 -0.683729 0.153272
vn 0.714756 -0.682484 0.152773
vn 0.662685 -0.090231 0.743442
vn 0.661992 -0.090822 0.743988
vn 0.176586 0.393930 0.902018
vn 0.176586 0.393930 0.902018
vn -0.486311 0.694488 0.530272
vn -0.486310 0.694488 0.530272
vn -0.883105 0.465751 -0.056584
vn -0.883105 0.465751 -0.056584
vn -0.779448 -0.052663 -0.624250
vn -0.777840 -0.049771 -0.626488
vn -0.470454 -0.803438 -0.364911
vn -0.470454 -0.803438 -0.364911
vn -0.211254 -0.960783 0.179633
vn -0.211254 -0.960783 0.179633
vn 0.415136 -0.877714 0.239334
vn 0.415136 -0.877714 0.239334
vn 0.729194 -0.029664 0.683664
vn 0.729194 -0.029664 0.683664
vn -0.729800 0.028492 -0.683067
vn -0.729800 0.028492 -0.683067
vn -0.007225 -0.180709 -0.983510
vn -0.007225 -0.180709 -0.983510
vn -0.007225 -0.180709 -0.983510
vn -0.007225 -0.180709 -0.983510
vn 0.630661 -0.235603 -0.739431
vn 0.630661 -0.235603 -0.739431
vn 0.630661 -0.235603 -0.739431
vn 0.630661 -0.235603 -0.739431
vn 0.930496 -0.149875 -0.334238
vn 0.930496 -0.149875 -0.334238
vn 0.930496 -0.149875 -0.334238
vn 0.930496 -0.149875 -0.334238
vn 0.743523 0.000145 0.668710
vn 0.743523 0.000145 0.668710
vn 0.743523 0.000145 0.668710
vn 0.743523 0.000145 0.668710
vn -0.743979 -0.002174 -0.668199
vn -0.743979 -0.002174 -0.668199
vn -0.743979 -0.002174 -0.668199
vn -0.743979 -0.002174 -0.668199
vn 0.127214 -0.214229 -0.968464
vn 0.127214 -0.214229 -0.968464
vn 0.127214 -0.214229 -0.968464
vn 0.127214 -0.214229 -0.968464
vn 0.622718 -0.116045 -0.773793
vn 0.622718 -0.116045 -0.773793
vn 0.622718 -0.116045 -0.773793
vn 0.622718 -0.116045 -0.773793
vn 0.858334 -0.187413 -0.477640
vn 0.858334 -0.187413 -0.477640
vn 0.858334 -0.187413 -0.477640
vn 0.858334 -0.187413 -0.477640
vn 0.688281 -0.233800 0.686737
vn 0.688281 -0.233800 0.686737
vn 0.688281 -0.233800 0.686737
vn 0.688281 -0.233800 0.686737
vn -0.747348 -0.237676 -0.620468
vn -0.747348 -0.237676 -0.620468
vn -0.747348 -0.237676 -0.620468
vn -0.747348 -0.237676 -0.620468
vn 0.454061 0.707117 -0.542046
vn 0.454061 0.707117 -0.542046
vn 0.454061 0.707117 -0.542046
vn 0.454061 0.707117 -0.542046
vn 0.454061 0.707117 -0.542046
vn 0.454061 0.707117 -0.542046
vn -0.087900 0.000000 -0.996129
vn -0.087900 0.000000 -0.996129
vn -0.087891 0.000000 -0.996130
vn -0.087891 0.000000 -0.996130
vn -0.087910 -0.000804 -0.996128
vn -0.087910 -0.000804 -0.996128
vn 0.996132 0.000000 -0.087870
vn 0.996132 0.000000 -0.087870
vn 0.996132 0.000000 -0.087866
vn 0.996132 0.000000 -0.087867
vn 0.996131 -0.000804 -0.087873
vn 0.996131 -0.000803 -0.087873
vn 0.642189 -0.000002 -0.766547
vn 0.642189 -0.000002 -0.766547
vn 0.642190 0.000000 -0.766545
vn 0.642190 0.000000 -0.766545
vn -0.766550 0.000000 -0.642185
vn -0.766549 0.000000 -0.642185
vn 0.766546 -0.000000 0.642190
vn 0.766547 0.000000 0.642188
vn -0.766549 0.000000 -0.642186
vn -0.766549 0.000000 -0.642186
vn 0.642187 -0.000004 -0.766548
vn 0.642187 -0.000004 -0.766548
vn 0.766545 -0.000000 0.642191
vn 0.766545 -0.000000 0.642191
vn -0.083764 -0.302911 -0.949330
vn 0.949364 -0.302816 -0.083728
vn 0.766543 0.000000 0.642193
vn 0.766543 0.000000 0.642193
vn 0.766543 0.000000 0.642193
vn 0.766543 0.000000 0.642193
vn 0.000000 1.000000 0.000000
vn 0.000000 1.000000 0.000000
vn 0.000000 1.000000 0.000000
vn 0.000000 1.000000 0.000000
vn -0.766555 0.000000 -0.642178
vn -0.766555 0.000000 -0.642178
vn -0.766555 0.000000 -0.642178
vn -0.766555 0.000000 -0.642178
vn 0.000000 -1.000000 -0.000019
vn 0.000000 -1.000000 -0.000019
vn 0.000000 -1.000000 -0.000019
vn 0.000000 -1.000000 -0.000019
vn 0.642196 0.000000 -0.766541
vn 0.642189 0.000000 -0.766546
vn 0.642188 0.000000 -0.766547
vn 0.642195 0.000000 -0.766541
vn 0.000000 -1.000000 0.000011
vn 0.000000 -1.000000 0.000011
vn 0.000000 -1.000000 0.000011
vn 0.000000 -1.000000 0.000011
vn 0.642188 0.000000 -0.766547
vn 0.642191 0.000000 -0.766545
vn 0.642191 0.000000 -0.766545
vn 0.642188 0.000000 -0.766547
vn 0.000000 1.000000 0.000000
vn 0.000000 1.000000 0.000000
vn 0.000000 1.000000 0.000000
vn 0.000000 1.000000 0.000000
vn 0.000000 1.000000 0.000082
vn 0.000000 1.000000 0.000082
vn 0.000000 1.000000 0.000082
vn 0.000000 1.000000 0.000082
vn 0.642186 0.000000 -0.766549
vn 0.642186 0.000000 -0.766549
vn 0.000000 -1.000000 0.000011
vn 0.000000 -1.000000 0.000011
vn 0.000000 -1.000000 0.000011
vn 0.000000 -1.000000 0.000011
vn 0.000000 1.000000 0.000011
vn 0.000000 1.000000 0.000011
vn 0.000000 1.000000 0.000006
vn 0.000000 1.000000 0.000006
vn 0.642191 0.000000 -0.766545
vn 0.642192 0.000000 -0.766544
vn 0.000000 -1.000000 0.000006
vn 0.000000 -1.000000 0.000006
vn 0.000000 -1.000000 0.000000
vn 0.000000 -1.000000 0.000000
vn 0.000000 -1.000000 -0.000027
vn 0.000000 -1.000000 -0.000027
vn 0.000000 -1.000000 -0.000027
vn 0.000000 -1.000000 -0.000027
vn 0.642189 0.000000 -0.766546
vn 0.642189 0.000000 -0.766546
vn 0.000000 1.000000 -0.000022
vn 0.000000 1.000000 -0.000022
vn 0.000000 1.000000 -0.000022
vn 0.000000 1.000000 -0.000022
vn -0.766560 0.000000 -0.642173
vn -0.766560 0.000000 -0.642173
vn -0.766560 0.000000 -0.642173
vn -0.766560 0.000000 -0.642173
vn 0.642191 0.000000 -0.766545
vn 0.642193 0.000000 -0.766543
vn 0.642189 0.000000 -0.766546
vn 0.642187 0.000000 -0.766548
vn 0.642189 0.000000 -0.766547
vn 0.642188 0.000000 -0.766547
vn 0.642189 0.000000 -0.766547
vn 0.642188 0.000000 -0.766547
vn 0.642192 0.000000 -0.766544
vn 0.642193 0.000000 -0.766543
vn 0.642191 0.000000 -0.766544
vn 0.642191 0.000000 -0.766545
vn 0.642196 0.000000 -0.766540
vn 0.642197 0.000000 -0.766539
vn 0.766556 0.000000 0.642178
vn 0.766556 0.000000 0.642178
vn 0.766556 0.000000 0.642178
vn 0.766556 0.000000 0.642178
vn 0.766554 0.000000 0.642180
vn 0.766554 0.000000 0.642180
vn 0.766554 0.000000 0.642180
vn 0.766554 0.000000 0.642180
vn 0.642189 0.000000 -0.766546
vn 0.642193 0.000000 -0.766543
vn 0.642189 0.000000 -0.766547
vn 0.642193 0.000000 -0.766543
vn 0.642191 0.000000 -0.766544
vn 0.642189 0.000000 -0.766546
vn 0.642188 0.000000 -0.766547
vn -0.766575 0.000000 -0.642155
vn -0.766575 0.000000 -0.642155
vn -0.766575 0.000000 -0.642155
vn -0.766575 0.000000 -0.642155
vn 0.766556 0.000000 0.642177
vn 0.766556 0.000000 0.642177
vn 0.766558 0.000000 0.642176
vn 0.766558 0.000000 0.642176
vn 0.642190 0.000000 -0.766546
vn 0.642194 0.000000 -0.766543
vn 0.642189 0.000000 -0.766546
vn 0.642193 0.000000 -0.766543
vn 0.642192 0.000000 -0.766544
vn 0.642190 0.000000 -0.766545
vn 0.642187 0.000000 -0.766548
vn -0.766548 0.000000 -0.642187
vn -0.766548 0.000000 -0.642187
vn -0.766547 0.000000 -0.642189
vn -0.766547 0.000000 -0.642189
vn -0.766537 0.000000 -0.642200
vn -0.766537 0.000000 -0.642200
vn -0.766537 0.000000 -0.642200
vn -0.766537 0.000000 -0.642200
vn 0.642194 0.000000 -0.766542
vn 0.642188 0.000000 -0.766548
vn 0.642191 0.000000 -0.766544
vn 0.642194 0.000000 -0.766542
vn 0.642189 0.000000 -0.766547
vn 0.642190 0.000000 -0.766546
vn 0.642194 0.000000 -0.766542
vn 0.766556 0.000000 0.642178
vn 0.766556 0.000000 0.642178
vn 0.766556 0.000000 0.642178
vn 0.766556 0.000000 0.642178
vn 0.642188 -0.000005 -0.766547
vn 0.642188 -0.000005 -0.766547
vn 0.642188 -0.000005 -0.766547
vn 0.642188 -0.000005 -0.766547
vn 0.642188 -0.000005 -0.766547
vn -0.482357 0.777187 -0.404119
vn -0.482357 0.777187 -0.404119
vn -0.482357 0.777187 -0.404119
vn -0.482357 0.777187 -0.404119
vn 0.482354 -0.777198 0.404102
vn 0.482354 -0.777198 0.404102
vn 0.482354 -0.777198 0.404102
vn 0.482354 -0.777198 0.404102
vn 0.642198 0.000000 -0.766539
vn 0.642198 0.000000 -0.766539
vn 0.642198 0.000000 -0.766539
vn 0.642198 0.000000 -0.766539
vn 0.642198 0.000000 -0.766539
vn 0.542483 0.706517 0.454472
vn 0.542483 0.706517 0.454472
vn 0.542483 0.706517 0.454472
vn 0.542483 0.706517 0.454472
vn 0.642207 0.000018 -0.766531
vn 0.642207 0.000018 -0.766531
vn 0.642207 0.000018 -0.766531
vn 0.642207 0.000018 -0.766531
vn 0.642207 0.000018 -0.766531
vn 0.642173 0.000003 -0.766560
vn 0.642173 0.000003 -0.766560
vn 0.642173 0.000003 -0.766560
vn 0.642173 0.000003 -0.766560
vn 0.642173 0.000003 -0.766560
vn -0.542509 -0.706486 -0.454490
vn -0.542509 -0.706486 -0.454490
vn -0.542509 -0.706486 -0.454490
vn -0.542509 -0.706486 -0.454490
vn 0.642203 0.000000 -0.766535
vn 0.642203 0.000000 -0.766535
vn 0.642203 0.000000 -0.766535
vn 0.642203 0.000000 -0.766535
vn 0.642203 0.000000 -0.766535
vn 0.512935 0.743126 0.429722
vn 0.512935 0.743126 0.429722
vn 0.512935 0.743126 0.429722
vn 0.512935 0.743126 0.429722
vn -0.512923 -0.743153 -0.429689
vn -0.512923 -0.743153 -0.429689
vn -0.512923 -0.743153 -0.429689
vn -0.512923 -0.743153 -0.429689
vn 0.642196 0.000031 -0.766541
vn 0.642196 0.000031 -0.766541
vn 0.642196 0.000031 -0.766541
vn 0.642196 0.000031 -0.766541
vn 0.642196 0.000031 -0.766541
vn -0.512755 0.743335 -0.429575
vn -0.512755 0.743335 -0.429575
vn -0.512755 0.743335 -0.429575
vn -0.512755 0.743335 -0.429575
vn 0.642196 0.000000 -0.766541
vn 0.642196 0.000000 -0.766541
vn 0.642196 0.000000 -0.766541
vn 0.642196 0.000000 -0.766541
vn 0.642196 0.000000 -0.766541
vn 0.642187 -0.000008 -0.766548
vn 0.642187 -0.000008 -0.766548
vn 0.642187 -0.000008 -0.766548
vn 0.642187 -0.000008 -0.766548
vn 0.642187 -0.000008 -0.766548
vn 0.512710 -0.743397 0.429523
vn 0.512710 -0.743397 0.429523
vn 0.512710 -0.743397 0.429523
vn 0.512710 -0.743397 0.429523
vn 0.542005 0.707148 0.454062
vn 0.542005 0.707148 0.454062
vn 0.542005 0.707148 0.454062
vn 0.542005 0.707148 0.454062
vn -0.542051 0.707084 -0.454106
vn -0.542051 0.707084 -0.454106
vn -0.542051 0.707084 -0.454106
vn -0.542051 0.707084 -0.454106
vn 0.541992 -0.707161 0.454058
vn 0.541992 -0.707161 0.454058
vn 0.541992 -0.707161 0.454058
vn 0.541992 -0.707161 0.454058
vn -0.542005 -0.707148 -0.454062
vn -0.542005 -0.707148 -0.454062
vn -0.542005 -0.707148 -0.454062
vn -0.542005 -0.707148 -0.454062
vn 0.635105 0.000000 -0.772425
vn 0.635105 0.000000 -0.772426
vn 0.635105 0.000000 -0.772426
vn -0.635697 0.005676 0.771918
vn -0.635697 0.005676 0.771918
vn -0.635697 0.005676 0.771918
vn 0.000000 0.316228 -0.948683
vn 0.000000 0.000000 -0.000000
vn 0.000000 0.316228 -0.948683
vn 0.000000 0.000000 0.000000
vn 0.000000 0.000000 0.000000
vn 0.000000 0.000000 0.000000
vn 0.624656 0.011155 -0.780820
vn 0.624656 0.011155 -0.780820
vn 0.624656 0.011155 -0.780820
vn -0.613941 0.000000 0.789352
vn -0.613941 0.000000 0.789352
vn -0.613941 0.000000 0.789352
vn -0.646934 -0.011552 0.762458
vn -0.646934 -0.011552 0.762458
vn -0.646934 -0.011552 0.762458
vn 0.585491 0.000000 -0.810679
vn 0.585491 0.000000 -0.810679
vn 0.585491 0.000000 -0.810679
vn 0.754349 -0.177670 0.631974
vn 0.754349 -0.177670 0.631974
vn 0.754349 -0.177670 0.631974
vn 0.754349 -0.177670 0.631974
vn 0.642195 0.000023 -0.766541
vn 0.642195 0.000023 -0.766541
vn 0.642195 0.000023 -0.766541
vn 0.642195 0.000023 -0.766541
vn -0.377903 0.870028 -0.316608
vn -0.377903 0.870028 -0.316608
vn -0.377903 0.870028 -0.316608
vn -0.377903 0.870028 -0.316608
vn 0.442101 0.816926 0.370375
vn 0.442101 0.816926 0.370375
vn 0.442101 0.816926 0.370375
vn 0.442101 0.816926 0.370375
vn 0.642212 0.000000 -0.766527
vn 0.642212 0.000000 -0.766527
vn 0.642212 0.000000 -0.766527
vn 0.642212 0.000000 -0.766527
vn -0.742004 -0.250987 -0.621639
vn -0.742004 -0.250987 -0.621639
vn -0.742004 -0.250987 -0.621639
vn -0.742004 -0.250987 -0.621639
vn -0.486845 -0.772432 -0.407836
vn -0.486845 -0.772432 -0.407836
vn -0.486845 -0.772432 -0.407836
vn -0.486845 -0.772432 -0.407836
vn 0.642181 -0.000022 -0.766553
vn 0.642181 -0.000022 -0.766553
vn 0.642181 -0.000022 -0.766553
vn 0.642181 -0.000022 -0.766553
vn 0.751272 0.198611 0.629400
vn 0.751272 0.198611 0.629400
vn 0.751272 0.198611 0.629400
vn 0.751272 0.198611 0.629400
vn -0.751277 0.198610 -0.629394
vn -0.751277 0.198610 -0.629394
vn -0.751277 0.198610 -0.629394
vn -0.751277 0.198610 -0.629394
vn 0.642205 0.000007 -0.766533
vn 0.642205 0.000007 -0.766533
vn 0.642205 0.000007 -0.766533
vn 0.642205 0.000007 -0.766533
vn 0.550555 -0.695806 0.461242
vn 0.550555 -0.695806 0.461242
vn 0.550555 -0.695806 0.461242
vn 0.550555 -0.695806 0.461242
vn -0.476663 0.783156 -0.399325
vn -0.476663 0.783156 -0.399325
vn -0.476662 0.783156 -0.399325
vn -0.476662 0.783155 -0.399325
vn 0.642188 0.000000 -0.766547
vn 0.642188 0.000000 -0.766547
vn 0.642188 0.000000 -0.766547
vn 0.642188 0.000000 -0.766547
vn 0.088285 -0.993346 0.073957
vn 0.088286 -0.993346 0.073957
vn 0.088285 -0.993346 0.073957
vn 0.088286 -0.993346 0.073957
vn 0.088317 0.993341 0.073985
vn 0.088317 0.993341 0.073985
vn 0.088317 0.993341 0.073985
vn 0.088317 0.993341 0.073985
vn 0.642192 0.000000 -0.766544
vn 0.642192 0.000000 -0.766544
vn 0.642192 0.000000 -0.766544
vn 0.642192 0.000000 -0.766544
vn -0.378270 -0.869770 -0.316878
vn -0.378270 -0.869770 -0.316878
vn -0.378270 -0.869770 -0.316878
vn -0.378270 -0.869770 -0.316878
vn -0.123938 -0.986841 -0.103845
vn -0.123938 -0.986841 -0.103845
vn -0.123938 -0.986841 -0.103845
vn -0.123938 -0.986841 -0.103845
vn 0.642189 0.000000 -0.766546
vn 0.642189 0.000000 -0.766546
vn 0.642189 0.000000 -0.766546
vn 0.642189 0.000000 -0.766546
vn 0.495012 0.763546 0.414682
vn 0.495012 0.763546 0.414682
vn 0.495012 0.763546 0.414682
vn 0.495012 0.763546 0.414682
vn 0.416656 -0.839386 0.349039
vn 0.416656 -0.839386 0.349039
vn 0.416656 -0.839386 0.349039
vn 0.416656 -0.839386 0.349039
vn 0.642186 0.000000 -0.766549
vn 0.642186 0.000000 -0.766549
vn 0.642186 0.000000 -0.766549
vn 0.642186 0.000000 -0.766549
vn -0.123938 0.986843 -0.103831
vn -0.123938 0.986843 -0.103831
vn -0.123938 0.986843 -0.103831
vn -0.123938 0.986843 -0.103831
vn 0.000000 -1.000000 0.000000
vn 0.000000 -1.000000 0.000000
vn 0.000000 -1.000000 0.000005
vn 0.000000 -1.000000 0.000005
vn 0.642187 0.000000 -0.766548
vn 0.642187 0.000000 -0.766549
vn 0.642186 0.000000 -0.766549
vn 0.642186 0.000000 -0.766549
vn 0.642185 0.000000 -0.766550
vn 0.642184 0.000000 -0.766551
vn 0.642186 0.000000 -0.766549
vn 0.000000 1.000000 0.000011
vn 0.000000 1.000000 0.000011
vn 0.000000 1.000000 0.000017
vn 0.000000 1.000000 0.000017
vn -0.766550 0.000000 -0.642185
vn -0.766550 0.000000 -0.642185
vn 0.642186 0.000000 -0.766549
vn 0.642186 0.000000 -0.766549
vn 0.642186 0.000000 -0.766549
vn 0.642186 0.000000 -0.766549
vn 0.766560 0.000000 0.642173
vn 0.766560 0.000000 0.642173
vn 0.000000 1.000000 -0.000010
vn 0.000000 1.000000 -0.000010
vn 0.000000 1.000000 -0.000010
vn 0.000000 1.000000 -0.000010
vn 0.766539 0.000000 0.642198
vn 0.766539 0.000000 0.642198
vn 0.766539 0.000000 0.642198
vn 0.766539 0.000000 0.642198
vn 0.000000 -1.000000 0.000000
vn 0.000000 -1.000000 0.000000
vn 0.000000 -1.000000 0.000000
vn 0.000000 -1.000000 0.000000
vn -0.766539 0.000000 -0.642198
vn -0.766539 0.000000 -0.642198
vn -0.766539 0.000000 -0.642198
vn -0.766539 0.000000 -0.642198
vn 0.766543 0.000000 0.642193
vn 0.766543 0.000000 0.642193
vn 0.766543 0.000000 0.642193
vn 0.766543 0.000000 0.642193
vn 0.000000 1.000000 0.000000
vn 0.000000 1.000000 0.000000
vn 0.000000 1.000000 0.000000
vn 0.000000 1.000000 0.000000
vn -0.766543 0.000000 -0.642193
vn -0.766543 0.000000 -0.642193
vn -0.766543 0.000000 -0.642193
vn -0.766543 0.000000 -0.642193
vn 0.000000 -1.000000 0.000000
vn 0.000000 -1.000000 0.000000
vn 0.000000 -1.000000 0.000000
vn 0.000000 -1.000000 0.000000
vn 0.019945 0.999517 -0.023825
vn 0.019945 0.999517 -0.023825
vn 0.019945 0.999517 -0.023825
vn 0.019945 0.999517 -0.023825
vn 0.143275 -0.974792 -0.171034
vn 0.143275 -0.974792 -0.171034
vn 0.143275 -0.974792 -0.171034
vn 0.143275 -0.974792 -0.171034
vn -0.872872 -0.017894 -0.487621
vn -0.872872 -0.017894 -0.487621
vn -0.872872 -0.017894 -0.487621
vn -0.872872 -0.017894 -0.487621
vn -0.175309 0.962031 0.209195
vn -0.175309 0.962031 0.209195
vn -0.175309 0.962031 0.209195
vn -0.175309 0.962031 0.209195
vn 0.632972 -0.017867 0.773969
vn 0.632972 -0.017867 0.773968
vn 0.632972 -0.017867 0.773969
vn 0.632972 -0.017867 0.773969
vn 0.376368 -0.810246 -0.449276
vn 0.376368 -0.810246 -0.449276
vn 0.376368 -0.810246 -0.449276
vn 0.376368 -0.810246 -0.449276
vn -0.766539 0.000014 -0.642198
vn -0.766539 0.000014 -0.642198
vn -0.766539 0.000014 -0.642198
vn -0.766539 0.000014 -0.642198
vn -0.447661 0.716984 0.534353
vn -0.447661 0.716984 0.534353
vn -0.447661 0.716984 0.534353
vn -0.447661 0.716984 0.534353
vn 0.766529 -0.000007 0.642210
vn 0.766529 -0.000007 0.642210
vn 0.766529 -0.000007 0.642210
vn 0.766529 -0.000007 0.642210
vn 0.564736 -0.476084 -0.674105
vn 0.564736 -0.476084 -0.674105
vn 0.564736 -0.476084 -0.674105
vn 0.564736 -0.476084 -0.674105
vn -0.766547 -0.000024 -0.642188
vn -0.766548 -0.000024 -0.642188
vn -0.766547 -0.000024 -0.642188
vn -0.766548 -0.000024 -0.642188
vn -0.605420 0.333358 0.722730
vn -0.605420 0.333358 0.722730
vn -0.605420 0.333358 0.722730
vn -0.605420 0.333358 0.722730
vn 0.766553 0.000010 0.642181
vn 0.766553 0.000010 0.642181
vn 0.766553 0.000010 0.642181
vn 0.766553 0.000010 0.642181
vn 0.642194 0.000000 -0.766542
vn 0.642180 0.000000 -0.766554
vn 0.642178 0.000000 -0.766555
vn 0.642196 0.000000 -0.766541
vn -0.766544 0.000000 -0.642192
vn -0.766544 0.000000 -0.642192
vn -0.766544 0.000000 -0.642192
vn -0.766544 0.000000 -0.642192
vn -0.642187 0.000000 0.766548
vn -0.642187 0.000000 0.766548
vn -0.642187 0.000000 0.766548
vn -0.642187 0.000000 0.766548
vn 0.766544 0.000000 0.642192
vn 0.766544 0.000000 0.642192
vn 0.766544 0.000000 0.642192
vn 0.766544 0.000000 0.642192
vn 0.145668 -0.981779 0.122031
vn -0.146669 -0.981524 -0.122875
vn -0.146668 -0.981525 -0.122875
vn 0.145669 -0.981778 0.122032
vn -0.766545 0.000000 -0.642191
vn -0.766545 0.000000 -0.642191
vn -0.766545 0.000000 -0.642191
vn -0.766545 0.000000 -0.642191
vn 0.146656 0.981527 0.122866
vn -0.145655 0.981781 -0.122027
vn -0.145656 0.981781 -0.122028
vn 0.146655 0.981528 0.122865
vn 0.766545 0.000000 0.642191
vn 0.766545 0.000000 0.642191
vn 0.766545 0.000000 0.642191
vn 0.766545 0.000000 0.642191
vn -0.642207 0.000000 0.766531
vn -0.642207 0.000000 0.766531
vn -0.642207 0.000000 0.766531
vn -0.642207 0.000000 0.766531
vn 0.224176 0.956280 0.187811
vn 0.224176 0.956280 0.187811
vn 0.224176 0.956280 0.187811
vn 0.224176 0.956280 0.187811
vn 0.642170 0.000000 -0.766562
vn 0.642170 0.000000 -0.766562
vn -0.224195 -0.956275 -0.187818
vn -0.224195 -0.956275 -0.187818
vn -0.224195 -0.956275 -0.187818
vn -0.224195 -0.956275 -0.187818
vn -0.642183 0.000000 0.766551
vn -0.642183 0.000000 0.766551
vn -0.642183 0.000000 0.766551
vn -0.642183 0.000000 0.766551
vn 0.221825 -0.957214 0.185837
vn 0.221825 -0.957214 0.185837
vn 0.221825 -0.957214 0.185837
vn 0.221825 -0.957214 0.185837
vn 0.642203 0.000000 -0.766535
vn 0.642203 0.000000 -0.766535
vn -0.221805 0.957221 -0.185825
vn -0.221805 0.957221 -0.185825
vn -0.221805 0.957221 -0.185825
vn -0.221805 0.957221 -0.185825
vn -0.989777 0.000000 0.142623
vn -0.989777 0.000000 0.142623
vn -0.989777 0.000000 0.142623
vn -0.989777 0.000000 0.142623
vn -0.032983 0.000000 -0.999456
vn -0.032983 0.000000 -0.999456
vn -0.032983 0.000000 -0.999456
vn -0.032983 0.000000 -0.999456
vn 0.032994 0.000000 0.999456
vn 0.032994 0.000000 0.999456
vn 0.032994 0.000000 0.999456
vn 0.032994 0.000000 0.999456
vn 0.989774 0.000000 -0.142644
vn 0.989774 0.000000 -0.142644
vn 0.989774 0.000000 -0.142644
vn 0.989774 0.000000 -0.142644
vn 0.766547 0.000000 0.642188
vn 0.766547 0.000000 0.642188
vn 0.642189 0.000000 -0.766546
vn 0.642188 0.000000 -0.766547
vn 0.642189 0.000000 -0.766546
vn 0.642190 0.000000 -0.766546
vn 0.642190 0.000000 -0.766545
vn -0.766543 0.000000 -0.642193
vn -0.766543 0.000000 -0.642193
vn -0.766546 0.000000 -0.642189
vn -0.766546 0.000000 -0.642189
vn 0.642189 0.000000 -0.766546
vn 0.642192 0.000000 -0.766544
vn 0.642190 -0.000001 -0.766545
vn 0.642190 -0.000002 -0.766546
vn 0.642191 0.000000 -0.766545
vn 0.766543 0.000000 0.642193
vn 0.766543 0.000000 0.642193
vn 0.000000 -1.000000 0.000000
vn 0.000000 -1.000000 0.000000
vn 0.000000 -1.000000 -0.000001
vn 0.000000 -1.000000 -0.000001
vn 0.642189 -0.000021 -0.766546
vn 0.642190 -0.000021 -0.766546
vn 0.642191 -0.000021 -0.766545
vn 0.642189 -0.000021 -0.766546
vn 0.642193 0.000000 -0.766543
vn 0.642193 0.000003 -0.766543
vn 0.642194 0.000008 -0.766542
vn 0.642193 0.000000 -0.766543
vn 0.642188 0.000009 -0.766547
vn 0.642190 0.000008 -0.766546
vn 0.642191 0.000007 -0.766545
vn 0.642188 0.000009 -0.766547
vn 0.642192 0.000005 -0.766544
vn 0.642191 0.000006 -0.766545
vn 0.642191 0.000006 -0.766545
vn 0.642192 0.000005 -0.766544
vn 0.642190 -0.000003 -0.766546
vn 0.642189 -0.000003 -0.766546
vn 0.642189 -0.000003 -0.766546
vn 0.642190 -0.000003 -0.766546
vn 0.642188 0.000000 -0.766547
vn 0.642188 0.000000 -0.766548
vn 0.642188 0.000000 -0.766548
vn 0.642188 0.000000 -0.766547
vn 0.642190 0.000000 -0.766545
vn 0.642191 0.000000 -0.766545
vn 0.642188 -0.000000 -0.766547
vn 0.642189 -0.000000 -0.766546
vn 0.642187 0.000000 -0.766548
vn 0.642187 0.000000 -0.766548
vn 0.642186 0.000000 -0.766549
vn 0.642186 0.000000 -0.766549
vn 0.642193 -0.000005 -0.766543
vn 0.642193 -0.000005 -0.766543
vn 0.642194 -0.000006 -0.766542
vn 0.642194 -0.000006 -0.766542
vn 0.642191 0.000002 -0.766545
vn 0.642190 0.000002 -0.766545
vn 0.642188 0.000000 -0.766547
vn 0.642188 0.000000 -0.766547
vn 0.642199 -0.000006 -0.766538
vn 0.642200 -0.000007 -0.766537
vn 0.642202 -0.000008 -0.766535
vn 0.642202 -0.000008 -0.766535
vn 0.642184 0.000019 -0.766551
vn 0.642182 0.000028 -0.766552
vn 0.642181 0.000034 -0.766553
vn 0.642181 0.000034 -0.766553
vn 0.642201 0.000019 -0.766536
vn 0.642209 0.000003 -0.766530
vn 0.642211 0.000000 -0.766528
vn 0.642211 0.000000 -0.766528
vn -0.000018 1.000000 -0.000009
vn -0.000018 1.000000 -0.000009
vn -0.000022 1.000000 -0.000012
vn -0.000022 1.000000 -0.000012
vn -0.246568 0.947466 -0.203748
vn -0.464440 0.798127 -0.383783
vn -0.464440 0.798127 -0.383783
vn -0.246568 0.947466 -0.203748
vn -0.464440 0.798127 -0.383783
vn -0.631736 0.573061 -0.522025
vn -0.631736 0.573061 -0.522025
vn -0.464440 0.798127 -0.383783
vn -0.631736 0.573061 -0.522025
vn -0.735731 0.298471 -0.607960
vn -0.735731 0.298471 -0.607960
vn -0.631736 0.573061 -0.522025
vn -0.735731 0.298471 -0.607960
vn -0.770868 0.000000 -0.636995
vn -0.770868 0.000000 -0.636995
vn -0.735731 0.298471 -0.607960
vn -0.770868 0.000000 -0.636995
vn -0.735731 -0.298471 -0.607960
vn -0.735731 -0.298471 -0.607960
vn -0.770868 0.000000 -0.636995
vn -0.735731 -0.298471 -0.607960
vn -0.631736 -0.573061 -0.522025
vn -0.631736 -0.573061 -0.522025
vn -0.735731 -0.298471 -0.607960
vn -0.631736 -0.573061 -0.522025
vn -0.464438 -0.798128 -0.383781
vn -0.464438 -0.798128 -0.383781
vn -0.631736 -0.573061 -0.522025
vn -0.464438 -0.798128 -0.383781
vn -0.246568 -0.947466 -0.203748
vn -0.246568 -0.947466 -0.203748
vn -0.464438 -0.798128 -0.383781
vn -0.246568 -0.947466 -0.203748
vn 0.000000 -1.000000 0.000000
vn 0.000000 -1.000000 0.000000
vn -0.246568 -0.947466 -0.203748
vn 0.000000 -1.000000 0.000000
vn 0.246567 -0.947466 0.203747
vn 0.246567 -0.947466 0.203747
vn 0.000000 -1.000000 0.000000
vn 0.246567 -0.947466 0.203747
vn 0.464438 -0.798128 0.383781
vn 0.464438 -0.798128 0.383781
vn 0.246567 -0.947466 0.203747
vn 0.464438 -0.798128 0.383781
vn 0.631736 -0.573062 0.522025
vn 0.631736 -0.573062 0.522025
vn 0.464438 -0.798128 0.383781
vn 0.631736 -0.573062 0.522025
vn 0.735731 -0.298470 0.607960
vn 0.735731 -0.298470 0.607960
vn 0.631736 -0.573062 0.522025
vn 0.735731 -0.298470 0.607960
vn 0.770868 0.000000 0.636995
vn 0.770868 0.000000 0.636995
vn 0.735731 -0.298470 0.607960
vn 0.770868 0.000000 0.636995
vn 0.735731 0.298470 0.607960
vn 0.735731 0.298470 0.607960
vn 0.770868 0.000000 0.636995
vn 0.735731 0.298470 0.607960
vn 0.631736 0.573062 0.522025
vn 0.631736 0.573062 0.522025
vn 0.735731 0.298470 0.607960
vn 0.631736 0.573062 0.522025
vn 0.464440 0.798127 0.383783
vn 0.464440 0.798127 0.383783
vn 0.631736 0.573062 0.522025
vn 0.464440 0.798127 0.383783
vn 0.246567 0.947466 0.203747
vn 0.246567 0.947466 0.203747
vn 0.464440 0.798127 0.383783
vn 0.246567 0.947466 0.203747
vn 0.000000 1.000000 0.000000
vn 0.000000 1.000000 0.000000
vn 0.246567 0.947466 0.203747
vn 0.000000 1.000000 0.000000
vn -0.246568 0.947466 -0.203748
vn -0.246568 0.947466 -0.203748
vn 0.000000 1.000000 0.000000
vn 0.636995 0.000000 -0.770868
vn 0.636995 0.000000 -0.770868
vn 0.636995 0.000000 -0.770868
vn 0.636995 -0.000011 -0.770868
vn 0.636995 0.000000 -0.770868
vn 0.636995 0.000000 -0.770868
vn 0.636995 -0.000009 -0.770868
vn 0.636995 -0.000011 -0.770868
vn 0.636995 0.000000 -0.770868
vn 0.636995 0.000000 -0.770868
vn 0.636995 -0.000009 -0.770868
vn 0.636995 0.000000 -0.770868
vn 0.636995 0.000009 -0.770868
vn 0.636995 0.000000 -0.770868
vn 0.636995 0.000000 -0.770868
vn 0.636995 0.000007 -0.770868
vn 0.636995 0.000009 -0.770868
vn 0.636995 0.000000 -0.770868
vn 0.636995 -0.000005 -0.770868
vn 0.636995 0.000007 -0.770868
vn 0.636995 0.000000 -0.770868
vn 0.636995 0.000000 -0.770868
vn 0.636995 -0.000005 -0.770868
vn 0.636995 0.000000 -0.770868
vn 0.636995 0.000000 -0.770868
vn 0.636995 0.000000 -0.770868
vn 0.636995 0.000000 -0.770868
vn 0.636995 0.000005 -0.770868
vn 0.636995 0.000000 -0.770868
vn 0.636995 0.000000 -0.770868
vn 0.636995 0.000004 -0.770868
vn 0.636995 0.000005 -0.770868
vn 0.636995 0.000000 -0.770868
vn 0.636995 0.000000 -0.770868
vn 0.636995 0.000004 -0.770868
vn 0.636995 0.000000 -0.770868
vn 0.636995 0.000000 -0.770868
vn 0.636995 0.000000 -0.770868
vn 0.636995 0.000000 -0.770868
vn 0.636995 0.000000 -0.770868
vn 0.636995 0.000000 -0.770868
vn 0.636995 0.000000 -0.770868
vn 0.636995 0.000000 -0.770868
vn 0.636995 0.000000 -0.770868
vn 0.636995 0.000000 -0.770868
vn 0.636995 0.000000 -0.770868
vn 0.636995 0.000000 -0.770868
vn 0.636995 0.000000 -0.770868
vn 0.636995 -0.000004 -0.770868
vn 0.636995 0.000000 -0.770868
vn 0.636995 0.000000 -0.770868
vn 0.636995 -0.000005 -0.770868
vn 0.636995 -0.000004 -0.770868
vn 0.636995 0.000000 -0.770868
vn 0.636995 0.000000 -0.770868
vn 0.636995 -0.000005 -0.770868
vn 0.636995 0.000000 -0.770868
vn 0.636995 0.000000 -0.770868
vn 0.636995 0.000000 -0.770868
vn 0.636995 0.000000 -0.770868
vn 0.588293 0.383492 -0.711931
vn 0.588293 0.383492 -0.711931
vn 0.588293 0.383492 -0.711931
vn 0.588293 0.383492 -0.711931
vn 0.505026 -0.609448 -0.611164
vn 0.505026 -0.609448 -0.611164
vn 0.505026 -0.609448 -0.611164
vn 0.505026 -0.609448 -0.611164
vn 0.632777 0.114883 -0.765764
vn 0.632777 0.114883 -0.765764
vn 0.632777 0.114883 -0.765764
vn 0.632777 0.114883 -0.765764
vn 0.000000 0.000000 0.000000
vn 0.000000 0.000000 0.000000
vn 0.000000 0.000000 0.000000
vn 0.000000 0.000000 0.000000
vn 0.000000 0.000000 0.000000
vn 0.000000 0.000000 0.000000
vn 0.000000 0.000000 0.000000
vn 0.000000 0.000000 0.000000
vn 0.632777 0.114883 -0.765764
vn 0.632777 0.114883 -0.765764
vn 0.632777 0.114883 -0.765764
vn 0.632777 0.114883 -0.765764
vn 0.000000 0.000000 0.000000
vn 0.000000 0.000000 0.000000
vn 0.000000 0.000000 0.000000
vn 0.000000 0.000000 0.000000
vn 0.000000 0.000000 0.000000
vn -0.636995 0.000000 0.770868
vn -0.636995 0.000000 0.770868
vn 0.000000 0.000000 0.000000
vn 0.636995 0.000000 -0.770868
vn 0.000000 0.000000 0.000000
vn 0.000000 0.000000 0.000000
vn 0.636995 0.000000 -0.770868
vn 0.000000 0.000000 0.000000
vn 0.636995 0.000000 -0.770868
vn 0.636995 0.000000 -0.770868
vn 0.000000 0.000000 0.000000
vn 0.000000 0.000000 0.000000
vn 0.000000 0.000000 0.000000
vn 0.000000 0.000000 0.000000
vn 0.000000 0.000000 0.000000
vn 0.636995 0.000000 -0.770868
vn 0.636995 0.000000 -0.770868
vn 0.636995 0.000000 -0.770868
vn 0.636995 0.000000 -0.770868
vn 0.620610 -0.225347 -0.751040
vn 0.620610 -0.225347 -0.751040
vn 0.620610 -0.225347 -0.751040
vn 0.620610 -0.225347 -0.751040
vn 0.636967 0.009351 -0.770834
vn 0.636967 0.009351 -0.770834
vn 0.636967 0.009351 -0.770834
vn 0.636967 0.009351 -0.770834
vn 0.636967 0.009351 -0.770834
vn 0.636967 0.009351 -0.770834
vn 0.636967 0.009351 -0.770834
vn 0.636967 0.009351 -0.770834
vn 0.635369 -0.071395 -0.768901
vn 0.635369 -0.071395 -0.768901
vn 0.635369 -0.071395 -0.768901
vn 0.635369 -0.071395 -0.768901
vn 0.631534 0.130662 -0.764259
vn 0.631534 0.130662 -0.764259
vn 0.631534 0.130662 -0.764259
vn 0.631534 0.130662 -0.764259
vn 0.000000 0.000000 0.000000
vn 0.636995 0.000000 -0.770868
vn 0.636995 0.000000 -0.770868
vn 0.000000 0.000000 0.000000
vn 0.636995 0.000000 -0.770868
vn 0.000000 0.000000 0.000000
vn 0.000000 0.000000 0.000000
vn 0.636995 0.000000 -0.770868
vn 0.636995 0.000000 -0.770868
vn 0.636995 0.000000 -0.770868
vn 0.636995 0.000000 -0.770868
vn 0.636995 0.000000 -0.770868
vn 0.000000 0.000000 0.000000
vn -0.636995 0.000000 0.770868
vn -0.636995 0.000000 0.770868
vn 0.000000 0.000000 0.000000
vn -0.636995 0.000000 0.770868
vn 0.000000 0.000000 0.000000
vn 0.000000 0.000000 0.000000
vn -0.636995 0.000000 0.770868
vn 0.000000 0.000000 0.000000
vn 0.000000 0.000000 0.000000
vn 0.000000 0.000000 0.000000
vn 0.000000 0.000000 0.000000
vn -0.636995 0.000000 0.770868
vn -0.636995 0.000000 0.770868
vn -0.636995 0.000000 0.770868
vn -0.636995 0.000000 0.770868
vn -0.636185 -0.050423 0.769888
vn -0.636185 -0.050423 0.769888
vn -0.636185 -0.050423 0.769888
vn -0.636185 -0.050423 0.769888
vn 0.636995 -0.000003 -0.770868
vn 0.636995 -0.000003 -0.770868
vn 0.636995 -0.000003 -0.770868
vn 0.636995 -0.000003 -0.770868
vn 0.636995 -0.000003 -0.770868
vn 0.636995 -0.000003 -0.770868
vn 0.636995 -0.000003 -0.770868
vn 0.636995 -0.000003 -0.770868
vn 0.636995 -0.000003 -0.770868
vn 0.636995 -0.000003 -0.770868
vn 0.636995 -0.000003 -0.770868
vn 0.636995 -0.000003 -0.770868
vn 0.636995 0.000000 -0.770868
vn 0.636995 0.000000 -0.770868
vn 0.636995 0.000000 -0.770868
vn 0.636995 0.000000 -0.770868
vn 0.636995 0.000000 -0.770868
vn 0.636995 0.000000 -0.770868
vn 0.636995 0.000000 -0.770868
vn 0.636995 0.000000 -0.770868
vn 0.636995 0.000003 -0.770868
vn 0.636995 0.000003 -0.770868
vn 0.636995 0.000003 -0.770868
vn 0.636995 0.000003 -0.770868
vn 0.636995 0.000000 -0.770868
vn 0.636995 0.000000 -0.770868
vn 0.636995 0.000000 -0.770868
vn 0.636995 0.000000 -0.770868
vn 0.636995 0.000001 -0.770868
vn 0.636995 0.000001 -0.770868
vn 0.636995 0.000001 -0.770868
vn 0.636995 0.000001 -0.770868
vn 0.636995 0.000000 -0.770868
vn 0.636995 0.000000 -0.770868
vn 0.636995 0.000000 -0.770868
vn 0.636995 0.000000 -0.770868
vn 0.636995 0.000000 -0.770868
vn 0.636995 0.000000 -0.770868
vn 0.636995 0.000000 -0.770868
vn 0.636995 0.000000 -0.770868
vn 0.636995 0.000003 -0.770868
vn 0.636995 0.000003 -0.770868
vn 0.636995 0.000003 -0.770868
vn 0.636995 0.000003 -0.770868
vn 0.636995 0.000000 -0.770868
vn 0.636995 0.000000 -0.770868
vn 0.636995 0.000000 -0.770868
vn 0.636995 0.000000 -0.770868
vn 0.636995 0.000000 -0.770868
vn 0.636995 0.000000 -0.770868
vn 0.636995 0.000000 -0.770868
vn 0.636995 0.000000 -0.770868
vn 0.636995 0.000000 -0.770868
vn 0.636995 0.000000 -0.770868
vn 0.636995 0.000000 -0.770868
vn 0.636995 0.000000 -0.770868
vn 0.636995 0.000000 -0.770868
vn 0.636995 0.000000 -0.770868
vn 0.636995 0.000000 -0.770868
vn 0.636995 0.000000 -0.770868
vn 0.636995 -0.000003 -0.770868
vn 0.636995 -0.000003 -0.770868
vn 0.636995 -0.000003 -0.770868
vn 0.636995 -0.000003 -0.770868
vn 0.636995 0.000000 -0.770868
vn 0.636995 0.000000 -0.770868
vn 0.636995 0.000000 -0.770868
vn 0.636995 0.000000 -0.770868
vn 0.636995 0.000000 -0.770868
vn 0.636995 0.000000 -0.770868
vn 0.636995 0.000000 -0.770868
vn 0.636995 0.000000 -0.770868
vn 0.636995 0.000000 -0.770868
vn 0.636995 0.000000 -0.770868
vn 0.636995 0.000000 -0.770868
vn 0.636995 0.000000 -0.770868
vn 0.636995 0.000000 -0.770868
vn 0.636995 0.000000 -0.770868
vn 0.636995 0.000000 -0.770868
vn 0.636995 0.000000 -0.770868
vn 0.636995 -0.000015 -0.770868
vn 0.636995 -0.000015 -0.770868
vn 0.636995 -0.000015 -0.770868
vn 0.636995 -0.000015 -0.770868
vn 0.636995 0.000016 -0.770868
vn 0.636995 0.000016 -0.770868
vn 0.636995 0.000016 -0.770868
vn 0.636995 0.000016 -0.770868
vn 0.636995 0.000000 -0.770868
vn 0.636995 0.000000 -0.770868
vn 0.636995 0.000000 -0.770868
vn 0.636995 0.000000 -0.770868
vn 0.636995 0.000000 -0.770868
vn 0.636995 0.000000 -0.770868
vn 0.636995 0.000000 -0.770868
vn 0.636995 0.000000 -0.770868
vn 0.636995 0.000000 -0.770868
vn 0.636995 0.000000 -0.770868
vn 0.636995 0.000000 -0.770868
vn 0.636995 0.000000 -0.770868
vn 0.636995 0.000004 -0.770868
vn 0.636995 0.000004 -0.770868
vn 0.636995 0.000004 -0.770868
vn 0.636995 0.000004 -0.770868
vn 0.636995 -0.000002 -0.770868
vn 0.636995 -0.000002 -0.770868
vn 0.636995 -0.000002 -0.770868
vn 0.636995 -0.000002 -0.770868
vn 0.636995 -0.000001 -0.770868
vn 0.636995 -0.000001 -0.770868
vn 0.636995 -0.000001 -0.770868
vn 0.636995 -0.000001 -0.770868
vn 0.636995 0.000001 -0.770868
vn 0.636995 0.000001 -0.770868
vn 0.636995 0.000001 -0.770868
vn 0.636995 0.000001 -0.770868
vn 0.636995 0.000001 -0.770868
vn 0.636995 0.000001 -0.770868
vn 0.636995 0.000001 -0.770868
vn 0.636995 0.000001 -0.770868
vn 0.636995 0.000002 -0.770868
vn 0.636995 0.000002 -0.770868
vn 0.636995 0.000002 -0.770868
vn 0.636995 0.000002 -0.770868
vn 0.636995 -0.000003 -0.770868
vn 0.636995 -0.000003 -0.770868
vn 0.636995 -0.000003 -0.770868
vn 0.636995 -0.000003 -0.770868
vn 0.636995 0.000000 -0.770868
vn 0.636995 0.000000 -0.770868
vn 0.636995 0.000000 -0.770868
vn 0.636995 0.000000 -0.770868
vn 0.636995 0.000000 -0.770868
vn 0.636995 0.000000 -0.770868
vn 0.636995 0.000000 -0.770868
vn 0.636995 0.000000 -0.770868
vn 0.636995 0.000000 -0.770868
vn 0.636995 0.000000 -0.770868
vn 0.636995 0.000000 -0.770868
vn 0.636995 0.000000 -0.770868
vn 0.636995 -0.000010 -0.770868
vn 0.636995 -0.000010 -0.770868
vn 0.636995 -0.000010 -0.770868
vn 0.636995 -0.000010 -0.770868
vn 0.636995 0.000008 -0.770868
vn 0.636995 0.000008 -0.770868
vn 0.636995 0.000008 -0.770868
vn 0.636995 0.000008 -0.770868
vn 0.636995 -0.000008 -0.770868
vn 0.636995 -0.000008 -0.770868
vn 0.636995 -0.000008 -0.770868
vn 0.636995 -0.000008 -0.770868
vn 0.636995 0.000000 -0.770868
vn 0.636995 0.000000 -0.770868
vn 0.636995 0.000000 -0.770868
vn 0.636995 0.000000 -0.770868
vn 0.636995 0.000000 -0.770868
vn 0.636995 0.000000 -0.770868
vn 0.636995 0.000000 -0.770868
vn 0.636995 0.000000 -0.770868
vn 0.360672 -0.883794 0.298035
vn 0.360672 -0.883794 0.298035
vn 0.360672 -0.883794 0.298035
vn 0.360672 -0.883794 0.298035
vn 0.555413 -0.693452 0.458957
vn 0.555413 -0.693452 0.458957
vn 0.555413 -0.693452 0.458957
vn 0.555413 -0.693452 0.458957
vn 0.692124 -0.440301 0.571926
vn 0.692124 -0.440301 0.571926
vn 0.692124 -0.440301 0.571926
vn 0.692124 -0.440301 0.571926
vn 0.762066 -0.150690 0.629721
vn 0.762066 -0.150690 0.629721
vn 0.762066 -0.150690 0.629721
vn 0.762066 -0.150690 0.629721
vn 0.762065 0.150693 0.629721
vn 0.762065 0.150693 0.629721
vn 0.762065 0.150693 0.629721
vn 0.762065 0.150693 0.629721
vn 0.692124 0.440301 0.571926
vn 0.692124 0.440301 0.571926
vn 0.692124 0.440301 0.571926
vn 0.692124 0.440301 0.571926
vn 0.555413 0.693452 0.458957
vn 0.555413 0.693452 0.458957
vn 0.555413 0.693452 0.458957
vn 0.555413 0.693452 0.458957
vn 0.360656 0.883804 0.298023
vn 0.360656 0.883804 0.298023
vn 0.360656 0.883804 0.298023
vn 0.360656 0.883804 0.298023
vn -0.360662 0.883800 -0.298028
vn -0.360662 0.883800 -0.298028
vn -0.360662 0.883800 -0.298028
vn -0.360662 0.883800 -0.298028
vn -0.555413 0.693452 -0.458957
vn -0.555413 0.693452 -0.458957
vn -0.555413 0.693452 -0.458957
vn -0.555413 0.693452 -0.458957
vn -0.692124 0.440301 -0.571926
vn -0.692124 0.440301 -0.571926
vn -0.692124 0.440301 -0.571926
vn -0.692124 0.440301 -0.571926
vn -0.762065 0.150693 -0.629721
vn -0.762065 0.150693 -0.629721
vn -0.762065 0.150693 -0.629721
vn -0.762065 0.150693 -0.629721
vn -0.762066 -0.150690 -0.629721
vn -0.762066 -0.150690 -0.629721
vn -0.762066 -0.150690 -0.629721
vn -0.762066 -0.150690 -0.629721
vn -0.692124 -0.440301 -0.571926
vn -0.692124 -0.440301 -0.571926
vn -0.692124 -0.440301 -0.571926
vn -0.692124 -0.440301 -0.571926
vn -0.555413 -0.693452 -0.458957
vn -0.555413 -0.693452 -0.458957
vn -0.555413 -0.693452 -0.458957
vn -0.555413 -0.693452 -0.458957
vn -0.360672 -0.883794 -0.298035
vn -0.360672 -0.883794 -0.298035
vn -0.360672 -0.883794 -0.298035
vn -0.360672 -0.883794 -0.298035
vn -0.125161 -0.986731 -0.103425
vn -0.125161 -0.986731 -0.103425
vn -0.125161 -0.986731 -0.103425
vn -0.125161 -0.986731 -0.103425
vn 0.125161 -0.986731 0.103425
vn 0.125161 -0.986731 0.103425
vn 0.125161 -0.986731 0.103425
vn 0.125161 -0.986731 0.103425
vn 0.125171 0.986729 0.103433
vn 0.125171 0.986729 0.103433
vn 0.125171 0.986729 0.103433
vn 0.125171 0.986729 0.103433
vn 0.761165 -0.158165 0.628977
vn 0.761165 -0.158165 0.628977
vn 0.761165 -0.158165 0.628977
vn 0.761165 -0.158165 0.628977
vn -0.125169 0.986729 -0.103432
vn -0.125169 0.986729 -0.103432
vn -0.125169 0.986729 -0.103432
vn -0.125169 0.986729 -0.103432
vn -0.761165 -0.158167 -0.628977
vn -0.761165 -0.158167 -0.628977
vn -0.761165 -0.158167 -0.628977
vn -0.761165 -0.158167 -0.628977
s 1
g Door1
f 1/1/1 378/476/2 379/477/3 6/10/4
f 13/21/5 386/484/6 365/458/7 2/2/8
f 11/18/9 12/20/10 4/6/11 5/9/12
f 10/17/13 15/23/14 16/25/15 3/7/16
f 9/15/17 14/22/18 23/35/19 24/37/20
f 8/13/21 7/12/22 21/33/23 22/34/24
f 6/10/4 379/477/3 380/478/25 327/415/26
s 7
f 41/62/27 362/454/28 363/455/29 44/65/30
s 1
f 348/440/31 349/441/32 11/18/9 5/9/12
f 18/28/33 17/27/34 12/20/10 11/18/9
s 8
f 350/442/35 351/443/36 47/68/37 48/69/38
s 1
f 20/31/39 19/29/40 15/23/14 10/17/13
f 35/53/41 36/55/42 17/27/34 18/28/33
f 18/28/33 352/444/43 353/445/44 35/53/41
f 33/51/45 34/52/46 19/29/40 20/31/39
f 24/37/20 23/35/19 39/59/47 40/61/48
f 38/58/49 360/452/50 361/453/51 22/34/24
f 22/34/24 21/33/23 37/57/52 38/58/49
f 25/39/53 26/40/54 30/46/55 29/45/56
f 31/47/57 356/448/58 357/449/59 27/41/60
f 27/41/60 28/43/61 32/49/62 31/47/57
f 29/45/56 30/46/55 34/52/46 33/51/45
s 11
f 114/138/63 354/446/64 355/447/65 116/141/66
s 1
f 31/47/57 32/49/62 36/55/42 35/53/41
f 38/58/49 37/57/52 28/43/61 27/41/60
s 12
f 118/142/67 358/450/68 359/451/69 120/145/70
s 1
f 40/61/48 39/59/47 26/40/54 25/39/53
s 13
f 22/34/71 361/453/72 362/454/73 41/62/74
s off
f 23/35/75 14/22/76 43/64/77 42/63/78
s 14
f 363/455/79 364/456/80 8/13/81 44/65/82
s off
f 8/13/83 22/34/84 41/62/85 44/65/86
f 15/23/87 19/29/88 45/67/89 46/66/90
s 15
f 351/443/91 352/444/92 18/28/93 47/68/94
s off
f 18/28/95 11/18/96 48/69/97 47/68/98
s 16
f 11/18/99 349/441/100 350/442/101 48/69/102
s 1
f 16/25/15 15/23/14 50/72/103 49/71/104
s 16
f 51/73/105 50/72/106 15/23/107 46/66/108
s 8
f 46/66/109 45/67/110 52/74/111 51/73/112
s 15
f 19/29/113 53/75/114 52/74/115 45/67/116
s 1
f 54/76/117 53/75/118 19/29/40 34/52/46
s 20
f 106/130/119 105/131/120 107/132/121 108/133/122
f 109/134/123 106/130/119 108/133/122 110/135/124
f 111/136/125 109/134/123 110/135/124 112/137/126
s 1
f 58/80/127 57/79/128 39/59/47 23/35/19
s 13
f 59/81/129 58/80/130 23/35/131 42/63/132
s 7
f 60/82/133 59/81/134 42/63/135 43/64/136
s 14
f 14/22/137 61/83/138 60/82/139 43/64/140
s 1
f 62/84/141 385/483/142 386/484/6 13/21/5
f 49/71/104 50/72/103 89/112/143 90/114/144
s 16
f 88/111/145 89/112/146 50/72/106 51/73/105
s 8
f 51/73/112 52/74/111 87/110/147 88/111/148
s 15
f 52/74/115 53/75/114 86/109/149 87/110/150
s 1
f 85/108/151 86/109/152 53/75/118 54/76/117
f 84/107/153 85/108/151 54/76/117 55/77/154
f 83/106/155 84/107/153 55/77/154 56/78/156
f 82/105/157 83/106/155 56/78/156 57/79/128
f 81/104/158 82/105/157 57/79/128 58/80/127
s 13
f 80/103/159 81/104/160 58/80/130 59/81/129
s 7
f 79/102/161 80/103/162 59/81/134 60/82/133
s 14
f 60/82/139 61/83/138 78/101/163 79/102/164
s 1
f 77/100/165 384/482/166 385/483/142 62/84/141
f 76/99/167 382/480/168 383/481/169 104/129/170
s 14
f 102/127/171 103/128/172 75/98/173 74/97/174
s 7
f 74/97/175 73/96/176 101/126/177 102/127/178
s 13
f 73/96/179 72/95/180 100/125/181 101/126/182
s 1
f 72/95/183 71/94/184 99/124/185 100/125/186
f 71/94/184 70/93/187 98/123/188 99/124/185
f 70/93/187 69/92/189 97/122/190 98/123/188
f 69/92/189 68/91/191 96/121/192 97/122/190
f 68/91/191 67/90/193 95/120/194 96/121/192
s 15
f 94/119/195 95/120/196 67/90/197 66/89/198
s 8
f 93/118/199 94/119/200 66/89/201 65/88/202
s 16
f 65/88/203 64/87/204 92/117/205 93/118/206
s 1
f 91/116/207 92/117/208 64/87/209 63/86/210
f 90/114/144 89/112/143 92/117/208 91/116/207
s 16
f 93/118/206 92/117/205 89/112/146 88/111/145
s 8
f 88/111/148 87/110/147 94/119/200 93/118/199
s 15
f 87/110/150 86/109/149 95/120/196 94/119/195
s 1
f 96/121/192 95/120/194 86/109/152 85/108/151
s 29
f 122/146/211 121/147/212 123/148/213 124/149/214
f 125/150/215 122/146/211 124/149/214 126/151/216
f 127/152/217 125/150/215 126/151/216 128/153/218
s 1
f 100/125/186 99/124/185 82/105/157 81/104/158
s 13
f 101/126/182 100/125/181 81/104/160 80/103/159
s 7
f 102/127/178 101/126/177 80/103/162 79/102/161
s 14
f 79/102/164 78/101/163 103/128/172 102/127/171
s 1
f 104/129/170 383/481/169 384/482/166 77/100/165
s 30
f 55/77/219 54/76/220 105/131/221 106/130/222
s off
f 54/76/223 34/52/224 107/132/225 105/131/226
s 31
f 34/52/227 30/46/228 108/133/229 107/132/230
s 30
f 56/78/231 55/77/219 106/130/222 109/134/232
s 31
f 30/46/228 26/40/233 110/135/234 108/133/229
s 30
f 57/79/235 56/78/231 109/134/232 111/136/236
s 31
f 26/40/233 39/59/237 112/137/238 110/135/234
s off
f 39/59/239 57/79/240 111/136/241 112/137/242
s 32
f 35/53/243 353/445/244 354/446/245 114/138/246
s off
f 68/91/247 69/92/248 115/140/249 113/139/250
s 33
f 355/447/251 356/448/252 31/47/253 116/141/254
s off
f 31/47/255 35/53/256 114/138/257 116/141/258
s 34
f 27/41/259 357/449/260 358/450/261 118/142/262
s off
f 70/93/263 71/94/264 119/144/265 117/143/266
s 35
f 359/451/267 360/452/268 38/58/269 120/145/270
s off
f 38/58/271 27/41/272 118/142/273 120/145/274
s 36
f 97/122/275 96/121/276 121/147/277 122/146/278
s off
f 96/121/279 85/108/280 123/148/281 121/147/282
s 37
f 85/108/283 84/107/284 124/149/285 123/148/286
s 36
f 98/123/287 97/122/275 122/146/278 125/150/288
s 37
f 84/107/284 83/106/289 126/151/290 124/149/285
s 36
f 99/124/291 98/123/287 125/150/288 127/152/292
s 37
f 83/106/289 82/105/293 128/153/294 126/151/290
s off
f 82/105/295 99/124/296 127/152/297 128/153/298
s 38
f 134/160/299 129/154/300 1/1/301 6/10/302
s 39
f 365/457/303 366/460/304 130/156/305 2/2/306
s 40
f 132/158/307 133/159/308 5/8/309 4/4/310
s 41
f 129/155/311 377/474/312 378/475/313 1/5/314
s 40
f 140/166/315 131/157/316 3/3/317 16/24/318
s 38
f 130/156/319 139/165/320 13/21/321 2/2/322
s 41
f 138/164/323 132/158/324 4/4/325 12/19/326
s 39
f 131/157/327 137/163/328 10/16/329 3/3/330
f 144/170/331 136/162/332 9/14/333 24/36/334
s 41
f 135/161/335 143/169/336 21/32/337 7/11/338
s 38
f 327/415/339 328/417/340 134/160/299 6/10/302
s 40
f 133/159/308 347/438/341 348/439/342 5/8/309
s 41
f 141/167/343 138/164/323 12/19/326 17/26/344
s 39
f 137/163/328 142/168/345 20/30/346 10/16/329
s 41
f 150/176/347 141/167/343 17/26/344 36/54/348
s 39
f 142/168/345 149/175/349 33/50/350 20/30/346
f 152/178/351 144/170/331 24/36/334 40/60/352
s 41
f 143/169/336 151/177/353 37/56/354 21/32/337
s 39
f 147/173/355 145/171/356 25/38/357 29/44/358
s 41
f 146/172/359 148/174/360 32/48/361 28/42/362
s 39
f 149/175/349 147/173/355 29/44/358 33/50/350
s 41
f 148/174/360 150/176/347 36/54/348 32/48/361
f 151/177/353 146/172/359 28/42/362 37/56/354
s 39
f 145/171/356 152/178/351 40/60/352 25/38/357
s 40
f 153/179/363 140/166/315 16/24/318 49/70/364
s 38
f 139/165/320 154/180/365 62/84/366 13/21/321
s 40
f 158/184/367 153/179/363 49/70/364 90/113/368
s 38
f 154/180/365 157/183/369 77/100/370 62/84/366
f 160/186/371 156/182/372 76/99/373 104/129/374
s 40
f 155/181/375 159/185/376 91/115/377 63/85/378
f 159/185/376 158/184/367 90/113/368 91/115/377
s 38
f 157/183/369 160/186/371 104/129/374 77/100/370
s 52
f 161/187/379 166/190/380 375/470/381 376/471/382
f 173/191/383 162/194/384 367/461/385 368/463/386
f 171/195/387 165/198/388 164/197/389 172/196/390
f 170/199/391 163/202/392 176/201/393 175/200/394
f 169/193/395 184/204/396 183/203/397 174/192/398
f 168/189/399 182/206/400 181/205/401 167/188/402
f 166/190/380 329/418/403 374/469/404 375/470/381
s 58
f 201/209/405 204/212/406 331/420/407 332/421/408
s 52
f 345/434/409 346/435/410 165/198/388 171/195/387
f 178/215/411 171/195/387 172/196/390 177/216/412
s 59
f 343/432/413 344/433/414 208/220/415 207/219/416
s 52
f 180/221/417 170/199/391 175/200/394 179/222/418
f 195/223/419 178/215/411 177/216/412 196/224/420
f 178/215/411 195/223/419 341/430/421 342/431/422
f 193/227/423 180/221/417 179/222/418 194/228/424
f 184/204/396 200/230/425 199/229/426 183/203/397
f 198/231/427 182/206/400 333/422/428 334/423/429
f 182/206/400 198/231/427 197/234/430 181/205/401
f 185/235/431 189/238/432 190/237/433 186/236/434
f 191/239/435 187/242/436 337/426/437 338/427/438
f 187/242/436 191/239/435 192/244/439 188/243/440
f 189/238/432 193/227/423 194/228/424 190/237/433
s 61
f 274/245/441 276/248/442 339/428/443 340/429/444
s 52
f 191/239/435 195/223/419 196/224/420 192/244/439
f 198/231/427 187/242/436 188/243/440 197/234/430
s 62
f 278/249/445 280/252/446 335/424/447 336/425/448
s 52
f 200/230/425 185/235/431 186/236/434 199/229/426
s 63
f 182/206/449 201/209/450 332/421/451 333/422/452
s off
f 183/203/453 202/254/454 203/253/455 174/192/456
s 64
f 330/419/457 331/420/458 204/212/459 168/189/460
s off
f 168/189/461 204/212/462 201/209/463 182/206/464
f 175/200/465 206/256/466 205/255/467 179/222/468
s 65
f 342/431/469 343/432/470 207/219/471 178/215/472
s off
f 178/215/473 207/219/474 208/220/475 171/195/476
s 66
f 171/195/477 208/220/478 344/433/479 345/434/480
s 52
f 176/201/393 209/258/481 210/257/482 175/200/394
s 66
f 211/259/483 206/256/484 175/200/485 210/257/486
s 59
f 206/256/487 211/259/488 212/260/489 205/255/490
s 65
f 179/222/491 205/255/492 212/260/493 213/261/494
s 52
f 214/262/495 194/228/424 179/222/418 213/261/496
s 70
f 266/263/497 268/266/498 267/265/499 265/264/500
f 269/267/501 270/268/502 268/266/498 266/263/497
f 271/269/503 272/270/504 270/268/502 269/267/501
s 52
f 218/271/505 183/203/397 199/229/426 217/272/506
s 63
f 219/273/507 202/254/508 183/203/509 218/271/510
s 58
f 220/274/511 203/253/512 202/254/513 219/273/514
s 64
f 174/192/515 203/253/516 220/274/517 221/275/518
s 52
f 222/276/519 173/191/383 368/463/386 369/464/520
f 209/258/481 250/278/521 249/277/522 210/257/482
s 66
f 248/279/523 211/259/483 210/257/486 249/277/524
s 59
f 211/259/488 248/279/525 247/280/526 212/260/489
s 65
f 212/260/493 247/280/527 246/281/528 213/261/494
s 52
f 245/282/529 214/262/495 213/261/496 246/281/530
f 244/283/531 215/284/532 214/262/495 245/282/529
f 243/285/533 216/286/534 215/284/532 244/283/531
f 242/287/535 217/272/506 216/286/534 243/285/533
f 241/288/536 218/271/505 217/272/506 242/287/535
s 63
f 240/289/537 219/273/507 218/271/510 241/288/538
s 58
f 239/290/539 220/274/511 219/273/514 240/289/540
s 64
f 220/274/517 239/290/541 238/291/542 221/275/518
s 52
f 237/292/543 222/276/519 369/464/520 370/465/544
f 236/208/545 264/294/546 371/466/547 372/467/548
s 64
f 262/295/549 234/211/550 235/207/551 263/293/552
s 58
f 234/211/553 262/295/554 261/296/555 233/210/556
s 63
f 233/210/557 261/296/558 260/297/559 232/233/560
s 52
f 232/233/561 260/297/562 259/298/563 231/232/564
f 231/232/564 259/298/563 258/299/565 230/241/566
f 230/241/566 258/299/565 257/300/567 229/240/568
f 229/240/568 257/300/567 256/301/569 228/226/570
f 228/226/570 256/301/569 255/302/571 227/225/572
s 65
f 254/303/573 226/218/574 227/225/575 255/302/576
s 59
f 253/304/577 225/217/578 226/218/579 254/303/580
s 66
f 225/217/581 253/304/582 252/305/583 224/214/584
s 52
f 251/306/585 223/213/586 224/214/587 252/305/588
f 250/278/521 251/306/585 252/305/588 249/277/522
s 66
f 253/304/582 248/279/523 249/277/524 252/305/583
s 59
f 248/279/525 253/304/577 254/303/580 247/280/526
s 65
f 247/280/527 254/303/573 255/302/576 246/281/528
s 52
f 256/301/569 245/282/529 246/281/530 255/302/571
s 78
f 282/307/589 284/310/590 283/309/591 281/308/592
f 285/311/593 286/312/594 284/310/590 282/307/589
f 287/313/595 288/314/596 286/312/594 285/311/593
s 52
f 260/297/562 241/288/536 242/287/535 259/298/563
s 63
f 261/296/558 240/289/537 241/288/538 260/297/559
s 58
f 262/295/554 239/290/539 240/289/540 261/296/555
s 64
f 239/290/541 262/295/549 263/293/552 238/291/542
s 52
f 264/294/546 237/292/543 370/465/544 371/466/547
s 79
f 215/284/597 266/263/598 265/264/599 214/262/600
s off
f 214/262/601 265/264/602 267/265/603 194/228/604
s 80
f 194/228/605 267/265/606 268/266/607 190/237/608
s 79
f 216/286/609 269/267/610 266/263/598 215/284/597
s 80
f 190/237/608 268/266/607 270/268/611 186/236/612
s 79
f 217/272/613 271/269/614 269/267/610 216/286/609
s 80
f 186/236/612 270/268/611 272/270/615 199/229/616
s off
f 199/229/617 272/270/618 271/269/619 217/272/620
s 81
f 195/223/621 274/245/622 340/429/623 341/430/624
s off
f 228/226/625 273/246/626 275/247/627 229/240/628
s 82
f 338/427/629 339/428/630 276/248/631 191/239/632
s off
f 191/239/633 276/248/634 274/245/635 195/223/636
s 83
f 187/242/637 278/249/638 336/425/639 337/426/640
s off
f 230/241/641 277/250/642 279/251/643 231/232/644
s 84
f 334/423/645 335/424/646 280/252/647 198/231/648
s off
f 198/231/649 280/252/650 278/249/651 187/242/652
s 85
f 257/300/653 282/307/654 281/308/655 256/301/656
s off
f 256/301/657 281/308/658 283/309/659 245/282/660
s 86
f 245/282/661 283/309/662 284/310/663 244/283/664
s 85
f 258/299/665 285/311/666 282/307/654 257/300/653
s 86
f 244/283/664 284/310/663 286/312/667 243/285/668
s 85
f 259/298/669 287/313/670 285/311/666 258/299/665
s 86
f 243/285/668 286/312/667 288/314/671 242/287/672
s off
f 242/287/673 288/314/674 287/313/675 259/298/676
s 38
f 134/315/299 166/190/677 161/187/678 129/316/300
s 39
f 366/459/304 367/462/679 162/194/680 130/318/305
s 40
f 132/320/307 164/323/681 165/322/682 133/321/308
s 41
f 129/324/311 161/327/683 376/472/684 377/473/312
s 40
f 140/328/315 176/331/685 163/330/686 131/329/316
s 38
f 130/318/319 162/194/687 173/191/688 139/332/320
s 41
f 138/333/323 172/334/689 164/323/690 132/320/324
s 39
f 131/329/327 163/330/691 170/336/692 137/335/328
f 144/337/331 184/338/693 169/319/694 136/317/332
s 41
f 135/325/335 167/326/695 181/340/696 143/339/336
s 38
f 328/416/340 329/418/697 166/190/677 134/315/299
s 40
f 133/321/308 165/322/682 346/436/698 347/437/341
s 41
f 141/344/343 177/345/699 172/334/689 138/333/323
s 39
f 137/335/328 170/336/692 180/347/700 142/346/345
s 41
f 150/348/347 196/349/701 177/345/699 141/344/343
s 39
f 142/346/345 180/347/700 193/351/702 149/350/349
f 152/352/351 200/353/703 184/338/693 144/337/331
s 41
f 143/339/336 181/340/696 197/355/704 151/354/353
s 39
f 147/356/355 189/359/705 185/358/706 145/357/356
s 41
f 146/360/359 188/363/707 192/362/708 148/361/360
s 39
f 149/350/349 193/351/702 189/359/705 147/356/355
s 41
f 148/361/360 192/362/708 196/349/701 150/348/347
f 151/354/353 197/355/704 188/363/707 146/360/359
s 39
f 145/357/356 185/358/706 200/353/703 152/352/351
s 40
f 153/364/363 209/365/709 176/331/685 140/328/315
s 38
f 139/332/320 173/191/688 222/276/710 154/366/365
s 40
f 158/367/367 250/368/711 209/365/709 153/364/363
s 38
f 154/366/365 222/276/710 237/292/712 157/369/369
f 160/370/371 264/294/713 236/208/714 156/341/372
s 40
f 155/342/375 223/343/715 251/372/716 159/371/376
f 159/371/376 251/372/716 250/368/711 158/367/367
s 38
f 157/369/369 237/292/712 264/294/713 160/370/371
f 156/182/372 290/375/717 289/373/718 76/99/373
f 156/341/372 236/208/714 291/376/719 290/374/717
s 52
f 372/467/548 373/468/720 291/376/721 236/208/545
s 64
f 234/211/550 293/378/722 292/377/723 235/207/551
s 58
f 294/379/724 293/378/725 234/211/553 233/210/556
s 63
f 295/380/726 294/379/727 233/210/557 232/233/560
s 52
f 296/381/728 295/380/729 232/233/561 231/232/564
s 84
f 231/232/730 279/251/731 297/382/732 296/381/733
s 62
f 298/383/734 297/382/735 279/251/736 277/250/737
s 83
f 299/384/738 298/383/739 277/250/740 230/241/741
s 52
f 300/385/742 299/384/743 230/241/566 229/240/568
s 82
f 229/240/744 275/247/745 301/386/746 300/385/747
s 61
f 302/387/748 301/386/749 275/247/750 273/246/751
s 81
f 303/388/752 302/387/753 273/246/754 228/226/755
s 52
f 304/389/756 303/388/757 228/226/570 227/225/572
s 65
f 226/218/574 305/390/758 304/389/759 227/225/575
s 59
f 225/217/578 306/391/760 305/390/761 226/218/579
s 66
f 307/392/762 306/391/763 225/217/581 224/214/584
s 52
f 223/213/586 308/393/764 307/392/765 224/214/587
s 40
f 309/395/766 308/394/767 223/343/715 155/342/375
f 310/397/768 309/396/766 155/181/375 63/85/378
s 1
f 63/86/210 64/87/209 311/399/769 310/398/770
s 16
f 312/400/771 311/399/772 64/87/204 65/88/203
s 8
f 65/88/202 66/89/201 313/401/773 312/400/774
s 15
f 66/89/198 67/90/197 314/402/775 313/401/776
s 1
f 315/403/777 314/402/778 67/90/193 68/91/191
s 32
f 316/404/779 315/403/780 68/91/781 113/139/782
s 11
f 317/405/783 316/404/784 113/139/785 115/140/786
s 33
f 69/92/787 318/406/788 317/405/789 115/140/790
s 1
f 319/407/791 318/406/792 69/92/189 70/93/187
s 34
f 320/408/793 319/407/794 70/93/795 117/143/796
s 12
f 321/409/797 320/408/798 117/143/799 119/144/800
s 35
f 71/94/801 322/410/802 321/409/803 119/144/804
s 1
f 323/411/805 322/410/806 71/94/184 72/95/183
s 13
f 324/412/807 323/411/808 72/95/180 73/96/179
s 7
f 325/413/809 324/412/810 73/96/176 74/97/175
s 14
f 74/97/174 75/98/173 326/414/811 325/413/812
s 1
f 289/373/813 381/479/814 382/480/168 76/99/167
s 38
f 289/373/718 290/375/717 328/417/340 327/415/339
f 290/374/717 291/376/719 329/418/697 328/416/340
s 52
f 373/468/720 374/469/404 329/418/403 291/376/721
s 64
f 292/377/723 293/378/722 331/420/458 330/419/457
s 58
f 332/421/408 331/420/407 293/378/725 294/379/724
s 63
f 333/422/452 332/421/451 294/379/727 295/380/726
s 52
f 334/423/429 333/422/428 295/380/729 296/381/728
s 84
f 296/381/733 297/382/732 335/424/646 334/423/645
s 62
f 336/425/448 335/424/447 297/382/735 298/383/734
s 83
f 337/426/640 336/425/639 298/383/739 299/384/738
s 52
f 338/427/438 337/426/437 299/384/743 300/385/742
s 82
f 300/385/747 301/386/746 339/428/630 338/427/629
s 61
f 340/429/444 339/428/443 301/386/749 302/387/748
s 81
f 341/430/624 340/429/623 302/387/753 303/388/752
s 52
f 342/431/422 341/430/421 303/388/757 304/389/756
s 65
f 304/389/759 305/390/758 343/432/470 342/431/469
s 59
f 305/390/761 306/391/760 344/433/414 343/432/413
s 66
f 345/434/480 344/433/479 306/391/763 307/392/762
s 52
f 307/392/765 308/393/764 346/435/410 345/434/409
s 40
f 347/437/341 346/436/698 308/394/767 309/395/766
f 348/439/342 347/438/341 309/396/766 310/397/768
s 1
f 310/398/770 311/399/769 349/441/32 348/440/31
s 16
f 350/442/101 349/441/100 311/399/772 312/400/771
s 8
f 312/400/774 313/401/773 351/443/36 350/442/35
s 15
f 313/401/776 314/402/775 352/444/92 351/443/91
s 1
f 353/445/44 352/444/43 314/402/778 315/403/777
s 32
f 354/446/245 353/445/244 315/403/780 316/404/779
s 11
f 355/447/65 354/446/64 316/404/784 317/405/783
s 33
f 317/405/789 318/406/788 356/448/252 355/447/251
s 1
f 357/449/59 356/448/58 318/406/792 319/407/791
s 34
f 358/450/261 357/449/260 319/407/794 320/408/793
s 12
f 359/451/69 358/450/68 320/408/798 321/409/797
s 35
f 321/409/803 322/410/802 360/452/268 359/451/267
s 1
f 361/453/51 360/452/50 322/410/806 323/411/805
s 13
f 362/454/73 361/453/72 323/411/808 324/412/807
s 7
f 363/455/29 362/454/28 324/412/810 325/413/809
s 14
f 325/413/812 326/414/811 364/456/80 363/455/79
s 1
f 327/415/26 380/478/25 381/479/814 289/373/813
s 39
f 136/162/332 399/502/815 400/503/816 9/14/333
f 136/317/332 169/319/694 398/500/817 399/501/815
s 52
f 397/498/818 398/499/819 169/193/395 174/192/398
f 396/497/820 397/498/818 174/192/398 221/275/821
f 395/496/822 396/497/820 221/275/821 238/291/823
f 394/495/824 395/496/822 238/291/823 263/293/825
f 393/494/826 394/495/824 263/293/825 235/207/827
f 292/377/828 392/493/829 393/494/826 235/207/827
f 330/419/830 391/492/831 392/493/829 292/377/828
f 390/491/832 391/492/831 330/419/830 168/189/399
f 389/489/833 390/491/832 168/189/399 167/188/402
s 41
f 388/487/834 389/490/835 167/326/695 135/325/335
f 387/485/836 388/488/834 135/161/335 7/11/338
s 1
f 408/512/837 387/486/838 7/12/22 8/13/21
f 407/511/839 408/512/837 8/13/21 364/456/840
f 406/510/841 407/511/839 364/456/840 326/414/842
f 405/509/843 406/510/841 326/414/842 75/98/844
f 404/508/845 405/509/843 75/98/844 103/128/846
f 403/507/847 404/508/845 103/128/846 78/101/848
f 402/506/849 403/507/847 78/101/848 61/83/850
f 401/505/851 402/506/849 61/83/850 14/22/18
f 400/504/852 401/505/851 14/22/18 9/15/17
s 41
f 378/475/313 377/474/312 388/488/834 387/485/836
f 377/473/312 376/472/684 389/490/835 388/487/834
s 52
f 376/471/382 375/470/381 390/491/832 389/489/833
f 375/470/381 374/469/404 391/492/831 390/491/832
f 392/493/829 391/492/831 374/469/404 373/468/720
f 393/494/826 392/493/829 373/468/720 372/467/548
f 372/467/548 371/466/547 394/495/824 393/494/826
f 371/466/547 370/465/544 395/496/822 394/495/824
f 370/465/544 369/464/520 396/497/820 395/496/822
f 369/464/520 368/463/386 397/498/818 396/497/820
f 368/463/386 367/461/385 398/499/819 397/498/818
s 39
f 399/501/815 398/500/817 367/462/679 366/459/304
f 400/503/816 399/502/815 366/460/304 365/457/303
s 1
f 365/458/7 386/484/6 401/505/851 400/504/852
f 386/484/6 385/483/142 402/506/849 401/505/851
f 385/483/142 384/482/166 403/507/847 402/506/849
f 384/482/166 383/481/169 404/508/845 403/507/847
f 383/481/169 382/480/168 405/509/843 404/508/845
f 382/480/168 381/479/814 406/510/841 405/509/843
f 380/478/25 379/477/3 408/512/837 407/511/839
f 379/477/3 378/476/2 387/486/838 408/512/837
s 87
f 801/513/853 802/514/854 811/515/855 812/516/856
s off
f 411/517/857 412/518/858 420/519/859 417/520/860
s 88
f 807/521/861 808/522/862 805/523/863 806/524/864
s off
f 418/525/865 419/526/866 410/527/867 409/528/868
s 89
f 802/514/869 803/529/870 810/530/871 811/515/872
s off
f 415/531/873 416/532/874 424/533/875 421/534/876
s 89
f 808/535/877 809/536/878 804/537/879 805/538/880
s off
f 422/539/881 423/540/882 414/541/883 413/542/884
s 91
f 446/543/885 445/544/886 829/545/887 830/546/888
s 89
f 821/547/889 822/548/890 810/530/871 803/529/870
s 92
f 813/549/891 814/550/892 471/551/893 472/552/894
s off
f 417/520/895 420/519/896 425/553/897 426/554/898
s 93
f 420/519/899 823/555/900 824/556/901 425/553/902
s off
f 423/540/903 422/539/904 428/557/905 427/558/906
f 426/554/907 425/553/908 429/559/909 430/560/910
s 94
f 425/553/911 824/556/912 825/561/913 429/559/914
s off
f 427/558/915 428/557/916 432/562/917 431/563/918
f 430/560/919 429/559/920 433/564/921 434/565/922
s 95
f 429/559/923 825/561/924 826/566/925 433/564/926
s off
f 431/563/927 432/562/928 436/567/929 435/568/930
f 434/565/931 433/564/932 437/569/933 438/570/934
s 96
f 433/564/935 826/566/936 827/571/937 437/569/938
s off
f 435/568/939 436/567/940 440/572/941 439/573/942
f 438/570/943 437/569/944 441/574/945 442/575/946
s 97
f 437/569/947 827/571/948 828/576/949 441/574/950
s off
f 439/573/951 440/572/952 444/577/953 443/578/954
f 442/575/955 441/574/956 445/544/957 446/543/958
s 98
f 441/574/959 828/576/960 829/545/961 445/544/962
s off
f 443/578/963 444/577/964 448/579/965 447/580/966
f 421/534/967 424/533/968 449/581/969 450/582/970
s 99
f 819/583/971 820/584/972 419/526/973 451/585/974
s off
f 419/526/975 418/525/976 452/586/977 451/585/978
f 450/582/979 449/581/980 453/587/981 454/588/982
s 100
f 818/589/983 819/583/984 451/585/985 455/590/986
s off
f 451/585/987 452/586/988 456/591/989 455/590/990
f 454/588/991 453/587/992 457/592/993 458/593/994
s 101
f 817/594/995 818/589/996 455/590/997 459/595/998
s off
f 455/590/999 456/591/1000 460/596/1001 459/595/1002
f 458/593/1003 457/592/1004 461/597/1005 462/598/1006
s 102
f 816/599/1007 817/594/1008 459/595/1009 463/600/1010
s off
f 459/595/1011 460/596/1012 464/601/1013 463/600/1014
f 462/598/1015 461/597/1016 465/602/1017 466/603/1018
s 103
f 815/604/1019 816/599/1020 463/600/1021 467/605/1022
s off
f 463/600/1023 464/601/1024 468/606/1025 467/605/1026
f 466/603/1027 465/602/1028 469/607/1029 470/608/1030
s 104
f 814/550/1031 815/604/1032 467/605/1033 471/551/1034
s off
f 467/605/1035 468/606/1036 472/552/1037 471/551/1038
f 475/609/1039 476/610/1040 474/611/1041 473/612/1042
s 105
f 477/613/1043 478/614/1044 480/615/1045 479/616/1046
f 479/616/1046 480/615/1045 598/617/1047 597/618/1048 486/619/1049
s 106
f 481/620/1050 482/621/1051 484/622/1052 483/623/1053
f 483/624/1053 484/625/1052 485/626/1054 592/627/1055 591/628/1056
s 107
f 473/629/1057 474/630/1058 480/615/1059 478/614/1060
s 108
f 477/613/1061 479/631/1062 484/622/1063 482/621/1064
s 109
f 481/620/1065 483/623/1066 476/610/1067 475/609/1068
s 108
f 484/625/1063 479/616/1062 486/619/1069 485/626/1070
s 110
f 474/630/1071 476/632/1072 500/633/1073 499/634/1074 512/635/1075 514/636/1076
s off
f 487/637/1077 488/638/1078 490/639/1079 489/640/1080
f 489/640/1081 490/639/1082 492/641/1083 491/642/1084
f 491/642/1085 492/641/1086 494/643/1087 493/644/1088
f 493/644/1089 494/643/1090 496/645/1091 495/646/1092
f 495/646/1093 496/645/1094 497/647/1095 498/648/1096
f 487/637/1097 600/649/1098 599/650/1099 488/638/1100
f 499/634/1101 501/651/1102 503/652/1103 502/653/1104
f 502/653/1105 503/652/1106 505/654/1107 504/655/1108
f 504/655/1109 505/654/1110 507/656/1111 506/657/1112
f 506/657/1113 507/656/1114 509/658/1115 508/659/1116
f 508/659/1117 509/658/1118 510/660/1119 511/661/1120
s 109
f 503/652/1121 501/651/1122 487/637/1123 489/640/1124
s off
f 503/652/1125 489/640/1126 491/642/1127 505/654/1128
f 505/654/1129 491/642/1130 493/644/1131 507/656/1132
f 507/656/1133 493/644/1134 495/646/1135 509/658/1136
f 509/658/1137 495/646/1138 498/648/1139 510/660/1140
f 499/634/1141 500/633/1142 501/651/1143
f 582/662/1144 581/663/1145 583/664/1146 584/665/1147 585/666/1148 586/667/1149 587/668/1150 588/669/1151
f 513/670/1152 512/635/1153 516/671/1154 515/672/1155
f 515/672/1156 516/671/1157 518/673/1158 517/674/1159
f 517/674/1160 518/673/1161 520/675/1162 519/676/1163
s 112
f 519/676/1164 520/675/1165 522/677/1166 521/678/1167
f 521/678/1167 522/677/1166 523/679/1168 524/680/1169
s 110
f 516/671/1170 512/635/1075 499/634/1074 502/653/1171
s off
f 516/671/1172 502/653/1173 504/655/1174 518/673/1175
f 518/673/1176 504/655/1177 506/657/1178 520/675/1179
f 520/675/1180 506/657/1181 508/659/1182 522/677/1183
f 522/677/1184 508/659/1185 511/661/1186 523/679/1187
f 512/635/1188 513/670/1189 514/636/1190
f 526/681/1191 525/682/1192 528/683/1193 527/684/1194
f 527/684/1195 528/683/1196 530/685/1197 529/686/1198
f 529/686/1199 530/685/1200 532/687/1201 531/688/1202
f 531/688/1203 532/687/1204 534/689/1205 533/690/1206
f 533/690/1207 534/689/1208 535/691/1209 536/692/1210
s 113
f 490/639/1211 488/638/1212 526/681/1213 527/684/1214
s off
f 490/639/1215 527/684/1216 529/686/1217 492/641/1218
f 492/641/1219 529/686/1220 531/688/1221 494/643/1222
f 494/643/1223 531/688/1224 533/690/1225 496/645/1226
f 496/645/1227 533/690/1228 536/692/1229 497/647/1230
s 107
f 528/683/1231 525/682/1232 513/670/1233 515/672/1234
s off
f 528/683/1235 515/672/1236 517/674/1237 530/685/1238
f 530/685/1239 517/674/1240 519/676/1241 532/687/1242
f 532/687/1243 519/676/1244 521/678/1245 534/689/1246
f 534/689/1247 521/678/1248 524/680/1249 535/691/1250
f 525/682/1251 526/681/1252 601/693/1253 602/694/1254
f 524/680/1255 523/679/1256 537/695/1257 538/696/1258
f 523/679/1259 511/661/1260 539/697/1261 537/695/1262
f 511/661/1263 510/660/1264 540/698/1265 539/697/1266
f 510/660/1267 498/648/1268 541/699/1269 540/698/1270
f 498/648/1271 497/647/1272 542/700/1273 541/699/1274
f 497/647/1275 536/692/1276 543/701/1277 542/700/1278
f 536/692/1279 535/691/1280 544/702/1281 543/701/1282
f 535/691/1283 524/680/1284 538/696/1285 544/702/1286
s 115
f 538/696/1287 537/695/1288 545/703/1289 546/704/1290
s 116
f 537/695/1291 539/697/1292 547/705/1293 545/703/1294
s 117
f 539/697/1295 540/698/1296 548/706/1297 547/705/1298
s 118
f 540/698/1299 541/699/1300 549/707/1301 548/706/1302
s 119
f 541/699/1303 542/700/1304 550/708/1305 549/707/1306
s 120
f 542/700/1307 543/701/1308 551/709/1309 550/708/1310
s 121
f 543/701/1311 544/702/1312 552/710/1313 551/709/1314
s 122
f 544/702/1315 538/696/1316 546/704/1317 552/710/1318
s 115
f 546/704/1290 545/703/1289 553/711/1319 554/712/1320
s 116
f 545/703/1294 547/705/1293 555/713/1321 553/711/1322
s 117
f 547/705/1298 548/706/1297 556/714/1323 555/713/1324
s 118
f 548/706/1302 549/707/1301 557/715/1325 556/714/1326
s 119
f 549/707/1306 550/708/1305 558/716/1327 557/715/1328
s 120
f 550/708/1310 551/709/1309 559/717/1329 558/716/1330
s 121
f 551/709/1314 552/710/1313 560/718/1331 559/717/1332
s 122
f 552/710/1318 546/704/1317 554/712/1333 560/718/1334
s 115
f 554/712/1320 553/711/1319 561/719/1335 562/720/1336
s 116
f 553/711/1322 555/713/1321 563/721/1337 561/719/1338
s 117
f 555/713/1324 556/714/1323 564/722/1339 563/721/1340
s 118
f 556/714/1326 557/715/1325 565/723/1341 564/722/1342
s 119
f 557/715/1328 558/716/1327 566/724/1343 565/723/1344
s 120
f 558/716/1330 559/717/1329 567/725/1345 566/724/1346
s 121
f 559/717/1332 560/718/1331 568/726/1347 567/725/1348
s 122
f 560/718/1334 554/712/1333 562/720/1349 568/726/1350
s 115
f 562/720/1336 561/719/1335 569/727/1351 570/728/1352
s 116
f 561/719/1338 563/721/1337 571/729/1353 569/727/1354
s 117
f 563/721/1340 564/722/1339 572/730/1355 571/729/1356
s 118
f 564/722/1342 565/723/1341 573/731/1357 572/730/1358
s 122
f 568/726/1350 562/720/1349 570/728/1359 574/732/1360
s off
f 570/728/1361 569/727/1362 575/733/1363 576/734/1364
f 569/727/1365 571/729/1366 577/735/1367 575/733/1368
f 571/729/1369 572/730/1370 578/736/1371 577/735/1372
f 572/730/1373 573/731/1374 579/737/1375 578/736/1376
f 574/732/1377 570/728/1378 576/734/1379 580/738/1380
f 576/734/1381 575/733/1382 581/663/1383 582/662/1384
f 575/733/1385 577/735/1386 583/664/1387 581/663/1388
f 577/735/1389 578/736/1390 584/665/1391 583/664/1392
f 578/736/1393 579/737/1394 585/666/1395 584/665/1396
f 580/738/1397 576/734/1398 582/662/1399 588/669/1400
f 593/739/1401 592/627/1402 485/626/1403 486/619/1404 597/618/1405 596/740/1406
s 123
f 589/741/1407 590/742/1408 599/650/1409 600/649/1410
f 590/742/1408 589/741/1407 591/628/1411 593/739/1412
s 124
f 594/743/1413 595/744/1414 602/694/1415 601/693/1416
f 595/744/1414 594/743/1413 596/740/1417 598/617/1418
s 113
f 594/743/1419 590/742/1420 593/739/1421 596/740/1422
s 109
f 476/632/1067 483/624/1066 591/628/1423 589/741/1424
s 107
f 480/615/1059 474/630/1058 595/744/1425 598/617/1426
s 109
f 476/632/1067 589/741/1424 600/649/1427 487/637/1123 501/651/1122 500/633/1428
s 113
f 590/742/1420 594/743/1419 601/693/1429 526/681/1213 488/638/1212 599/650/1430
s 107
f 595/744/1425 474/630/1058 514/636/1431 513/670/1233 525/682/1232 602/694/1432
s 123
f 591/628/1411 592/627/1433 593/739/1412
s 124
f 596/740/1417 597/618/1434 598/617/1418
s off
f 684/745/1435 688/746/1436 663/747/1437 664/748/1438
f 672/749/1439 676/750/1440 655/751/1441 656/752/1442
f 667/753/1443 668/754/1444 690/755/1445 694/756/1446
f 665/757/1447 666/758/1448 686/759/1449 683/760/1450
s 125
f 603/761/1451 609/762/1452 629/763/1453 630/764/1454
s off
f 692/765/1455 689/766/1456 669/767/1457 670/768/1458
s 125
f 625/769/1459 626/770/1460 618/771/1461 606/772/1462
s off
f 659/773/1463 660/774/1464 678/775/1465 682/776/1466
f 696/777/1467 695/778/1468 697/779/1469 698/780/1470
s 125
f 628/781/1471 629/763/1453 609/762/1452 614/782/1472
s off
f 704/783/1473 703/784/1474 705/785/1475 706/786/1476
s 127
f 612/787/1477 613/788/1478 734/789/1479 727/790/1480
s 125
f 729/791/1481 730/792/1482 628/781/1471 614/782/1472
s 128
f 728/793/1483 729/794/1484 614/795/1485 611/796/1486
s off
f 708/797/1487 707/798/1488 709/799/1489 710/800/1490
s 125
f 626/770/1460 627/801/1491 621/802/1492 618/771/1461
s off
f 700/803/1493 699/804/1494 701/805/1495 702/806/1496
f 680/807/1497 677/808/1498 661/809/1499 662/810/1500
s 125
f 617/811/1501 645/812/1502 646/813/1503 605/814/1504
f 622/815/1505 644/816/1506 645/812/1502 617/811/1501
f 613/817/1507 643/818/1508 733/819/1509 734/820/1510
f 610/821/1511 642/822/1512 643/818/1508 613/817/1507
f 641/823/1513 642/822/1512 610/821/1511 604/824/1514
s off
f 657/825/1515 658/826/1516 674/827/1517 671/828/1518
f 720/829/1519 719/830/1520 721/831/1521 722/832/1522
s 125
f 630/764/1454 629/763/1453 634/833/1523 633/834/1524
f 635/835/1525 634/833/1523 629/763/1453 628/781/1471
f 730/792/1482 731/836/1526 635/835/1525 628/781/1471
f 637/837/1527 636/838/1528 627/801/1491 626/770/1460
f 638/839/1529 637/837/1527 626/770/1460 625/769/1459
s off
f 712/840/1530 711/841/1531 713/842/1532 714/843/1533
s 131
f 632/844/1534 633/834/1535 751/845/1536 752/846/1537
s 125
f 633/834/1524 634/833/1523 750/847/1538 751/845/1539
f 749/848/1540 750/847/1538 634/833/1523 635/835/1525
f 731/836/1526 748/849/1541 749/848/1540 635/835/1525
f 745/850/1542 746/851/1543 636/838/1528 637/837/1527
f 744/852/1544 745/850/1542 637/837/1527 638/839/1529
s 132
f 743/853/1545 744/854/1546 638/855/1547 631/856/1548
s off
f 716/857/1549 715/858/1550 717/859/1551 718/860/1552
s 125
f 646/813/1503 645/812/1502 649/861/1553 648/862/1554
f 645/812/1502 644/816/1506 650/863/1555 649/861/1553
f 732/864/1556 733/819/1509 643/818/1508 651/865/1557
f 643/818/1508 642/822/1512 652/866/1558 651/865/1557
f 653/867/1559 652/866/1558 642/822/1512 641/823/1513
s off
f 724/868/1560 723/869/1561 725/870/1562 726/871/1563
f 604/824/1564 610/872/1565 655/751/1566 676/750/1567 675/873/1568
f 610/872/1569 607/874/1570 656/752/1571 655/751/1572
f 640/875/1573 641/823/1574 658/826/1575 657/825/1576
f 641/823/1577 604/824/1578 675/873/1579 674/827/1580 658/826/1581
f 616/876/1582 617/877/1583 660/774/1584 659/773/1585
f 617/877/1586 605/878/1587 679/879/1588 678/775/1589 660/774/1590
f 605/878/1591 646/880/1592 661/809/1593 677/808/1594 679/879/1595
f 646/880/1596 639/881/1597 662/810/1598 661/809/1599
f 603/761/1600 630/764/1601 663/747/1602 688/746/1603 687/882/1604
f 630/764/1605 623/883/1606 664/748/1607 663/747/1608
f 608/884/1609 609/885/1610 666/758/1611 665/757/1612
f 609/885/1613 603/886/1614 687/887/1615 686/759/1616 666/758/1617
f 624/888/1618 625/889/1619 668/754/1620 667/753/1621
f 625/889/1622 606/890/1623 691/891/1624 690/755/1625 668/754/1626
f 606/890/1627 618/892/1628 669/767/1629 689/766/1630 691/891/1631
f 618/892/1632 615/893/1633 670/768/1634 669/767/1635
f 672/749/1636 671/828/1637 674/827/1638 676/750/1639
f 678/775/1640 677/808/1641 680/807/1642 682/776/1643
f 684/745/1644 683/894/1645 686/895/1646 688/746/1647
f 690/755/1648 689/766/1649 692/765/1650 694/756/1651
f 671/828/1652 672/749/1653 673/896/1654
f 674/827/1655 675/873/1656 676/750/1657
f 677/808/1658 678/775/1659 679/879/1660
f 680/807/1661 681/897/1662 682/776/1663
f 683/894/1664 684/745/1665 685/898/1666
f 686/895/1667 687/882/1668 688/746/1669
f 689/766/1670 690/755/1671 691/891/1672
f 692/765/1673 693/899/1674 694/756/1675
f 607/874/1676 610/872/1677 695/778/1678 696/777/1679
f 610/872/1680 613/788/1681 697/779/1682 695/778/1683
f 613/788/1684 612/787/1685 698/780/1686 697/779/1687
f 619/900/1688 622/901/1689 699/804/1690 700/803/1691
f 622/901/1692 617/877/1693 701/805/1694 699/804/1695
f 617/877/1696 616/876/1697 702/806/1698 701/805/1699
f 611/796/1700 614/795/1701 703/784/1702 704/783/1703
f 614/795/1704 609/885/1705 705/785/1706 703/784/1707
f 609/885/1708 608/884/1709 706/786/1710 705/785/1711
f 615/893/1712 618/892/1713 707/798/1714 708/797/1715
f 618/892/1716 621/902/1717 709/799/1718 707/798/1719
f 621/902/1720 620/903/1721 710/800/1722 709/799/1723
f 631/856/1724 638/855/1725 711/841/1726 712/840/1727
f 638/855/1728 625/889/1729 713/842/1730 711/841/1731
f 625/889/1732 624/888/1733 714/843/1734 713/842/1735
f 639/881/1736 646/880/1737 715/858/1738 716/857/1739
f 646/880/1740 648/904/1741 717/859/1742 715/858/1743
f 648/904/1744 647/905/1745 718/860/1746 717/859/1747
f 623/883/1748 630/764/1749 719/830/1750 720/829/1751
f 630/764/1752 633/834/1753 721/831/1754 719/830/1755
f 633/834/1756 632/844/1757 722/832/1758 721/831/1759
f 654/906/1760 653/867/1761 723/869/1762 724/868/1763
f 653/867/1764 641/823/1765 725/870/1766 723/869/1767
f 641/823/1768 640/875/1769 726/871/1770 725/870/1771
s 128
f 620/903/1772 621/902/1773 742/907/1774 735/908/1775
s 125
f 627/801/1491 741/909/1776 742/910/1777 621/802/1492
f 636/838/1528 740/911/1778 741/909/1776 627/801/1491
f 746/851/1543 747/912/1779 740/911/1778 636/838/1528
f 644/816/1506 738/913/1780 739/914/1781 650/863/1555
f 737/915/1782 738/913/1780 644/816/1506 622/815/1505
s 127
f 736/916/1783 737/917/1784 622/901/1785 619/900/1786
f 727/790/1480 734/789/1479 737/917/1784 736/916/1783
s 125
f 734/820/1510 733/819/1509 738/913/1780 737/915/1782
f 739/914/1781 738/913/1780 733/819/1509 732/864/1556
f 740/911/1778 747/912/1779 748/849/1541 731/836/1526
f 741/909/1776 740/911/1778 731/836/1526 730/792/1482
f 742/910/1777 741/909/1776 730/792/1482 729/791/1481
s 128
f 735/908/1775 742/907/1774 729/794/1484 728/793/1483
s 132
f 647/905/1787 648/904/1788 744/854/1546 743/853/1545
s 125
f 648/862/1554 649/861/1553 745/850/1542 744/852/1544
f 649/861/1553 650/863/1555 746/851/1543 745/850/1542
f 650/863/1555 739/914/1781 747/912/1779 746/851/1543
s off
f 754/918/1789 753/919/1790 755/920/1791 756/921/1792
s 125
f 749/848/1540 748/849/1541 732/864/1556 651/865/1557
f 651/865/1557 652/866/1558 750/847/1538 749/848/1540
f 751/845/1539 750/847/1538 652/866/1558 653/867/1559
s 131
f 752/846/1537 751/845/1536 653/867/1793 654/906/1794
s off
f 748/849/1795 747/912/1796 753/919/1797 754/918/1798
f 747/912/1799 739/914/1800 755/920/1801 753/919/1802
f 739/914/1803 732/864/1804 756/921/1805 755/920/1806
f 732/864/1807 748/849/1808 754/918/1809 756/921/1810
f 757/922/1811 758/923/1812 760/924/1813 759/925/1814
f 759/925/1815 760/924/1816 762/926/1817 761/927/1818
f 761/927/1819 762/926/1820 764/928/1821 763/929/1822
f 763/929/1823 764/928/1824 758/930/1825 757/931/1826
f 778/932/1827 777/933/1828 779/934/1829 780/935/1830
f 758/923/1831 764/936/1832 765/937/1833 766/938/1834
f 764/936/1835 762/939/1836 767/940/1837 765/937/1838
f 762/939/1839 760/924/1840 768/941/1841 767/940/1842
f 760/924/1843 758/923/1844 766/938/1845 768/941/1846
f 766/938/1847 765/937/1848 769/942/1849 770/943/1850
f 765/937/1851 767/940/1852 771/944/1853 769/942/1854
f 767/940/1855 768/941/1856 772/945/1857 771/944/1858
f 768/941/1859 766/938/1860 770/943/1861 772/945/1862
f 770/943/1863 769/942/1864 773/946/1865 774/947/1866
f 769/942/1867 771/944/1868 775/948/1869 773/946/1870
f 771/944/1871 772/945/1872 776/949/1873 775/948/1874
f 772/945/1875 770/943/1876 774/947/1877 776/949/1878
s 133
f 782/950/1879 781/951/1880 783/952/1881 784/953/1882
s off
f 773/946/1883 775/948/1884 779/934/1885 777/933/1886
f 775/948/1887 776/949/1888 780/935/1889 779/934/1890
f 776/949/1891 774/947/1892 778/932/1893 780/935/1894
s 134
f 774/947/1895 773/946/1896 781/951/1897 782/950/1898
s off
f 785/954/1899 787/955/1900 789/956/1901 791/957/1902
s 135
f 777/933/1903 778/932/1904 784/953/1905 783/952/1906
s off
f 795/958/1907 793/959/1908 797/960/1909 799/961/1910
f 773/946/1911 777/933/1912 788/962/1913 786/963/1914
s 135
f 777/933/1903 783/952/1906 790/964/1915 789/956/1916 787/955/1917 788/962/1918
s 133
f 783/952/1881 781/951/1880 792/965/1919 790/964/1920
s 134
f 781/951/1897 773/946/1896 786/963/1921 785/954/1922 791/957/1923 792/965/1924
s off
f 778/932/1925 774/947/1926 794/966/1927 796/967/1928
s 134
f 774/947/1895 782/950/1898 798/968/1929 797/960/1930 793/959/1931 794/966/1932
s 133
f 782/950/1879 784/953/1882 800/969/1933 798/968/1934
s 135
f 784/953/1905 778/932/1904 796/967/1935 795/958/1936 799/961/1937 800/969/1938
s off
f 785/954/1939 786/963/1940 788/962/1941 787/955/1942
f 789/956/1943 790/964/1944 792/965/1945 791/957/1946
f 794/966/1947 793/959/1948 795/958/1949 796/967/1950
f 797/960/1951 798/968/1952 800/969/1953 799/961/1954
s 87
f 409/970/1955 410/971/1956 802/514/854 801/513/853
s 89
f 410/971/1957 419/972/1958 803/529/870 802/514/869
f 820/973/1959 821/547/889 803/529/870 419/972/1958
f 805/538/880 804/537/879 424/974/1960 416/975/1961
s 88
f 806/524/864 805/523/863 416/532/1962 415/531/1963
f 413/542/1964 414/541/1965 808/522/862 807/521/861
s 89
f 423/976/1966 809/536/878 808/535/877 414/977/1967
f 420/978/1968 810/530/871 822/548/890 823/979/1969
f 811/515/872 810/530/871 420/978/1968 412/518/1970
s 87
f 812/516/856 811/515/855 412/518/1971 411/517/1972
s 92
f 470/608/1973 469/607/1974 847/980/1975 848/981/1976
s 104
f 465/602/1977 846/982/1978 847/980/1979 469/607/1980
s 103
f 461/597/1981 845/983/1982 846/982/1983 465/602/1984
s 102
f 457/592/1985 844/984/1986 845/983/1987 461/597/1988
s 101
f 453/587/1989 843/985/1990 844/984/1991 457/592/1992
s 100
f 449/581/1993 842/986/1994 843/985/1995 453/587/1996
s 99
f 424/533/1997 841/987/1998 842/986/1999 449/581/2000
s 89
f 804/537/879 840/988/2001 841/989/2002 424/974/1960
f 809/536/878 839/990/2003 840/988/2001 804/537/879
f 838/991/2004 839/990/2003 809/536/878 423/976/1966
s 93
f 837/992/2005 838/993/2006 423/540/2007 427/558/2008
s 94
f 836/994/2009 837/992/2010 427/558/2011 431/563/2012
s 95
f 835/995/2013 836/994/2014 431/563/2015 435/568/2016
s 96
f 834/996/2017 835/995/2018 435/568/2019 439/573/2020
s 97
f 833/997/2021 834/996/2022 439/573/2023 443/578/2024
s 98
f 832/998/2025 833/997/2026 443/578/2027 447/580/2028
s 91
f 831/999/2029 832/998/2030 447/580/2031 448/579/2032
f 830/546/888 829/545/887 832/998/2030 831/999/2029
s 98
f 829/545/961 828/576/960 833/997/2026 832/998/2025
s 97
f 828/576/949 827/571/948 834/996/2022 833/997/2021
s 96
f 827/571/937 826/566/936 835/995/2018 834/996/2017
s 95
f 826/566/925 825/561/924 836/994/2014 835/995/2013
s 94
f 825/561/913 824/556/912 837/992/2010 836/994/2009
s 93
f 824/556/901 823/555/900 838/993/2006 837/992/2005
s 89
f 823/979/1969 822/548/890 839/990/2003 838/991/2004
f 841/989/2002 840/988/2001 821/547/889 820/973/1959
s 99
f 842/986/1999 841/987/1998 820/584/972 819/583/971
s 100
f 843/985/1995 842/986/1994 819/583/984 818/589/983
s 101
f 844/984/1991 843/985/1990 818/589/996 817/594/995
s 102
f 845/983/1987 844/984/1986 817/594/1008 816/599/1007
s 103
f 846/982/1983 845/983/1982 816/599/1020 815/604/1019
s 104
f 847/980/1979 846/982/1978 815/604/1032 814/550/1031
s 92
f 848/981/1976 847/980/1975 814/550/892 813/549/891
s off
f 849/1000/2033 850/1001/2034 870/1002/2035 869/1003/2036
f 850/1001/2037 851/1004/2038 871/1005/2039 870/1002/2040
f 851/1004/2041 852/1006/2042 872/1007/2043 871/1005/2044
f 852/1006/2045 853/1008/2046 873/1009/2047 872/1007/2048
f 853/1008/2049 854/1010/2050 874/1011/2051 873/1009/2052
f 854/1010/2053 855/1012/2054 875/1013/2055 874/1011/2056
f 855/1012/2057 856/1014/2058 876/1015/2059 875/1013/2060
f 856/1014/2061 857/1016/2062 877/1017/2063 876/1015/2064
f 857/1016/2065 858/1018/2066 878/1019/2067 877/1017/2068
f 858/1018/2069 859/1020/2070 879/1021/2071 878/1019/2072
f 859/1020/2073 860/1022/2074 880/1023/2075 879/1021/2076
f 860/1022/2077 861/1024/2078 881/1025/2079 880/1023/2080
f 861/1024/2081 862/1026/2082 882/1027/2083 881/1025/2084
f 862/1026/2085 863/1028/2086 883/1029/2087 882/1027/2088
f 863/1028/2089 864/1030/2090 884/1031/2091 883/1029/2092
f 864/1030/2093 865/1032/2094 885/1033/2095 884/1031/2096
f 865/1032/2097 866/1034/2098 886/1035/2099 885/1033/2100
f 866/1034/2101 867/1036/2102 887/1037/2103 886/1035/2104
f 867/1036/2105 868/1038/2106 888/1039/2107 887/1037/2108
f 868/1038/2109 849/1040/2110 869/1041/2111 888/1039/2112
f 956/1042/2113 955/1043/2114 957/1044/2115
f 958/1045/2116 956/1042/2117 957/1044/2118
f 959/1046/2119 958/1045/2120 957/1044/2121
f 960/1047/2122 959/1046/2123 957/1044/2124
f 961/1048/2125 960/1047/2126 957/1044/2127
f 962/1049/2128 961/1048/2129 957/1044/2130
f 963/1050/2131 962/1049/2132 957/1044/2133
f 964/1051/2134 963/1050/2135 957/1044/2136
f 965/1052/2137 964/1051/2138 957/1044/2139
f 966/1053/2140 965/1052/2141 957/1044/2142
f 967/1054/2143 966/1053/2144 957/1044/2145
f 968/1055/2146 967/1054/2147 957/1044/2148
f 969/1056/2149 968/1055/2150 957/1044/2151
f 970/1057/2152 969/1056/2153 957/1044/2154
f 971/1058/2155 970/1057/2156 957/1044/2157
f 972/1059/2158 971/1058/2159 957/1044/2160
f 973/1060/2161 972/1059/2162 957/1044/2163
f 974/1061/2164 973/1060/2165 957/1044/2166
f 975/1062/2167 974/1061/2168 957/1044/2169
f 955/1043/2170 975/1062/2171 957/1044/2172
f 850/1063/2173 849/1064/2174 889/1065/2175 890/1066/2176
f 851/1067/2177 850/1063/2178 890/1066/2179 891/1068/2180
f 852/1069/2181 851/1067/2182 891/1068/2183 892/1070/2184
f 853/1071/2185 852/1069/2186 892/1070/2187 893/1072/2188
f 854/1073/2189 853/1071/2190 893/1072/2191 894/1074/2192
f 855/1075/2193 854/1073/2194 894/1074/2195 895/1076/2196
f 856/1077/2197 855/1075/2198 895/1076/2199 896/1078/2200
f 857/1079/2201 856/1077/2202 896/1078/2203 897/1080/2204
f 858/1081/2205 857/1079/2206 897/1080/2207 898/1082/2208
f 859/1083/2209 858/1081/2210 898/1082/2211 899/1084/2212
f 860/1085/2213 859/1083/2214 899/1084/2215 900/1086/2216
f 861/1087/2217 860/1085/2218 900/1086/2219 901/1088/2220
f 862/1089/2221 861/1087/2222 901/1088/2223 902/1090/2224
f 863/1091/2225 862/1089/2226 902/1090/2227 903/1092/2228
f 864/1093/2229 863/1091/2230 903/1092/2231 904/1094/2232
f 865/1095/2233 864/1093/2234 904/1094/2235 905/1096/2236
f 866/1097/2237 865/1095/2238 905/1096/2239 906/1098/2240
f 867/1099/2241 866/1097/2242 906/1098/2243 907/1100/2244
f 868/1101/2245 867/1099/2246 907/1100/2247 908/1102/2248
f 849/1064/2249 868/1101/2250 908/1102/2251 889/1065/2252
f 877/1103/2253 878/1104/2254 910/1105/2255 909/1106/2256
f 878/1104/2257 879/1107/2258 911/1108/2259 910/1105/2260
f 879/1107/2261 880/1109/2262 912/1110/2263 911/1108/2264
f 881/1111/2265 882/1112/2266 914/1113/2267 913/1114/2268
f 882/1112/2269 883/1115/2270 915/1116/2271 914/1113/2272
f 890/1066/2273 889/1065/2274 916/1117/2275 917/1118/2276
f 891/1068/2277 890/1066/2278 917/1118/2279 918/1119/2280
f 892/1070/2281 891/1068/2282 918/1119/2283 919/1120/2284
f 893/1072/2285 892/1070/2286 919/1120/2287 920/1121/2288
f 894/1074/2289 893/1072/2290 920/1121/2291 921/1122/2292
f 895/1076/2293 894/1074/2294 921/1122/2295 922/1123/2296
f 896/1078/2297 895/1076/2298 922/1123/2299 923/1124/2300
f 897/1080/2301 896/1078/2302 923/1124/2303 924/1125/2304
f 898/1082/2305 897/1080/2306 924/1125/2307 925/1126/2308
f 899/1084/2309 898/1082/2310 925/1126/2311 926/1127/2312
f 900/1086/2313 899/1084/2314 926/1127/2315 927/1128/2316
f 901/1088/2317 900/1086/2318 927/1128/2319 928/1129/2320
f 902/1090/2321 901/1088/2322 928/1129/2323 929/1130/2324
f 903/1092/2325 902/1090/2326 929/1130/2327 930/1131/2328
f 904/1094/2329 903/1092/2330 930/1131/2331 931/1132/2332
f 905/1096/2333 904/1094/2334 931/1132/2335 932/1133/2336
f 906/1098/2337 905/1096/2338 932/1133/2339 933/1134/2340
f 907/1100/2341 906/1098/2342 933/1134/2343 934/1135/2344
f 908/1102/2345 907/1100/2346 934/1135/2347 935/1136/2348
f 889/1065/2349 908/1102/2350 935/1136/2351 916/1117/2352
f 917/1118/2353 916/1117/2354 936/1137/2355 937/1138/2356
f 918/1119/2357 917/1118/2358 937/1138/2359 938/1139/2360
f 919/1120/2361 918/1119/2362 938/1139/2363 939/1140/2364
f 920/1121/2365 919/1120/2366 939/1140/2367 940/1141/2368
f 921/1122/2369 920/1121/2370 940/1141/2371 941/1142/2372
f 922/1123/2373 921/1122/2374 941/1142/2375 942/1143/2376
f 923/1124/2377 922/1123/2378 942/1143/2379 943/1144/2380
f 924/1125/2381 923/1124/2382 943/1144/2383 944/1145/2384
f 977/1146/2385 976/1147/2386 978/1148/2387 979/1149/2388
f 980/1150/2389 977/1146/2390 979/1149/2391 981/1151/2392
f 927/1128/2393 926/1127/2394 945/1152/2395 946/1153/2396
f 928/1129/2397 927/1128/2398 946/1153/2399 947/1154/2400
f 929/1130/2401 928/1129/2402 947/1154/2403 948/1155/2404
f 930/1131/2405 929/1130/2406 948/1155/2407 949/1156/2408
f 931/1132/2409 930/1131/2410 949/1156/2411 950/1157/2412
f 932/1133/2413 931/1132/2414 950/1157/2415 951/1158/2416
f 933/1134/2417 932/1133/2418 951/1158/2419 952/1159/2420
f 934/1135/2421 933/1134/2422 952/1159/2423 953/1160/2424
f 935/1136/2425 934/1135/2426 953/1160/2427 954/1161/2428
f 916/1117/2429 935/1136/2430 954/1161/2431 936/1137/2432
f 937/1138/2433 936/1137/2434 955/1043/2435 956/1042/2436
f 938/1139/2437 937/1138/2438 956/1042/2439 958/1045/2440
f 939/1140/2441 938/1139/2442 958/1045/2443 959/1046/2444
f 940/1141/2445 939/1140/2446 959/1046/2447 960/1047/2448
f 941/1142/2449 940/1141/2450 960/1047/2451 961/1048/2452
f 942/1143/2453 941/1142/2454 961/1048/2455 962/1049/2456
f 943/1144/2457 942/1143/2458 962/1049/2459 963/1050/2460
f 944/1145/2461 943/1144/2462 963/1050/2463 964/1051/2464
f 946/1153/2465 945/1152/2466 966/1053/2467 967/1054/2468
f 947/1154/2469 946/1153/2470 967/1054/2471 968/1055/2472
f 948/1155/2473 947/1154/2474 968/1055/2475 969/1056/2476
f 949/1156/2477 948/1155/2478 969/1056/2479 970/1057/2480
f 950/1157/2481 949/1156/2482 970/1057/2483 971/1058/2484
f 951/1158/2485 950/1157/2486 971/1058/2487 972/1059/2488
f 952/1159/2489 951/1158/2490 972/1059/2491 973/1060/2492
f 953/1160/2493 952/1159/2494 973/1060/2495 974/1061/2496
f 954/1161/2497 953/1160/2498 974/1061/2499 975/1062/2500
f 936/1137/2501 954/1161/2502 975/1062/2503 955/1043/2504
f 925/1126/2505 924/1125/2506 976/1147/2507 977/1146/2508
f 924/1125/2509 944/1145/2510 978/1148/2511 976/1147/2512
f 926/1127/2513 925/1126/2514 977/1146/2515 980/1150/2516
f 945/1152/2517 926/1127/2518 980/1150/2519 981/1151/2520
