# This file uses meters as units for non-parametric coordinates.

g default
v -33.974228 7.956492 40.232629
v -3.773062 7.956492 40.232629
v -33.974228 38.157657 40.232629
v -3.773062 38.157657 40.232629
v -33.974228 38.157657 -47.832902
v -3.773062 38.157657 -47.832902
v -33.974228 7.956492 -47.832902
v -3.773062 7.956492 -47.832902
v -33.974228 38.157657 17.074827
v -33.974228 7.956492 17.074829
v -3.773062 7.956492 17.074829
v -3.773062 38.157657 17.074827
v -33.974228 7.956492 -15.968398
v -33.974228 38.157657 -15.968398
v -3.773062 38.157657 -15.968398
v -3.773062 7.956492 -15.968398
v -33.817723 7.956492 48.263879
v -9.949350 7.956492 66.768235
v -9.949350 38.157657 66.768235
v -33.817723 38.157657 48.263879
v -34.224487 38.157657 -58.446444
v -10.728252 38.157657 -77.421090
v -10.728252 7.956492 -77.421090
v -34.224487 7.956492 -58.446444
v -3.773062 7.956492 17.074829
v -3.773062 7.956492 40.232629
v -3.773062 38.157657 17.074827
v -3.773062 38.157657 40.232629
v -33.974228 22.999480 40.232629
v -33.974228 22.999480 17.074829
v -33.974228 22.999480 -15.968398
v -33.974228 22.999480 -47.832902
v -34.224487 22.999480 -58.446444
v -10.728252 22.999480 -77.421090
v -3.773062 22.999480 -47.832902
v -3.773062 22.999480 -15.968398
v -3.773062 22.999480 17.074829
v -3.773062 22.999480 40.232629
v -9.949350 22.999480 66.768235
v -33.817723 22.999480 48.263879
v -3.773062 22.999180 40.232629
v -9.840386 23.266897 66.300126
v -3.882022 23.266606 40.700753
v -3.882022 37.890241 40.700753
v -9.840386 37.890241 66.300126
v -3.886413 8.232571 40.719661
v -3.886413 22.723100 40.719661
v -9.835998 22.723390 66.281218
v -9.835998 8.232571 66.281218
v -3.773062 23.338621 17.592944
v -3.773062 23.338621 39.714528
v -3.773062 37.818521 17.592944
v -3.773062 37.818521 39.714528
v -3.773062 8.264218 17.548561
v -3.773062 8.264218 39.758907
v -3.773062 22.691749 17.548561
v -3.773062 22.691749 39.758907
v -3.773062 23.295063 16.659969
v -3.773062 37.862079 16.659969
v -3.773062 23.295063 -15.553540
v -3.773062 37.862079 -15.553540
v -3.773062 37.875061 -16.448698
v -3.773062 23.282074 -16.448698
v -3.773062 23.282074 -47.352594
v -3.773062 37.875061 -47.352594
v -3.773062 22.770883 -47.348691
v -3.773062 22.770883 -16.452623
v -3.773062 8.185088 -16.452623
v -3.773062 8.185088 -47.348691
v -3.885999 37.911526 -48.313339
v -3.885999 23.245606 -48.313339
v -10.615316 23.245606 -76.940704
v -10.615316 37.911526 -76.940704
v -10.595466 22.712282 -76.856187
v -3.905854 22.712282 -48.397791
v -3.905854 8.243686 -48.397791
v -10.595466 8.243686 -76.856187
v -3.773062 22.539041 -15.338557
v -3.773062 22.539038 16.444988
v -3.773062 8.089869 16.444988
v -3.773062 8.089869 -15.338557
v -33.974228 38.157657 11.502387
v -33.974228 22.999480 11.502387
v -33.974228 7.956492 11.502387
v -3.773062 7.956492 11.502387
v -3.773062 22.539038 10.756644
v -3.773062 23.295063 11.227453
v -3.773062 37.862079 11.227453
v -3.773062 38.157657 11.502387
v -3.773062 7.956492 -10.487812
v -33.974228 7.956492 -10.487812
v -33.974228 22.999480 -10.487812
v -33.974228 38.157657 -10.487812
v -3.773062 38.157657 -10.487812
v -3.773062 37.862079 -10.210572
v -3.773062 23.295063 -10.210572
v -3.773062 22.999480 11.170535
v -3.773062 8.089869 10.836738
v -3.773061 22.999480 -10.210522
v -3.773063 22.539041 -10.014365
v -3.773062 8.089869 -10.213151
v -4.016497 22.539041 -15.338557
v -4.016498 22.539041 -10.287196
v -4.016497 8.089869 -10.485981
v -4.016497 8.089869 -15.338557
v -4.016497 22.539038 11.084979
v -4.016497 8.089869 11.165073
v -4.016497 22.539038 16.444988
v -4.016497 8.089869 16.444988
v -9.895102 22.539041 -10.014365
v -9.895101 8.089869 -10.213151
v -9.895101 22.539038 10.756644
v -9.895101 8.089869 10.836738
v -4.756533 7.956492 40.232629
v -10.726599 7.956492 66.165659
v -10.726590 22.999480 66.165673
v -10.726599 38.157657 66.165659
v -4.756533 38.157657 40.232629
v -4.756522 38.157657 17.074827
v -4.756522 38.157657 11.502387
v -4.756533 38.157657 -10.487812
v -4.756533 38.157657 -15.968398
v -4.756533 38.157657 -47.832902
v -11.493383 38.157657 -76.803196
v -11.493383 22.999480 -76.803196
v -11.493383 7.956492 -76.803196
v -4.756533 7.956492 -47.832902
v -4.756522 7.956492 -15.968398
v -4.756522 7.956492 -10.487812
v -4.756533 7.956492 11.502387
v -4.756533 7.956492 17.074829
v -4.791142 38.623624 40.411691
v -3.821196 38.623624 40.411691
v -10.679096 38.623624 65.988054
v -9.912538 38.623624 66.582331
v -4.970537 39.331690 41.339832
v -4.070713 39.331690 41.339832
v -10.432872 39.331690 65.067420
v -9.721722 39.331690 65.618724
v -5.211308 39.584687 42.585593
v -4.405595 39.584687 42.585593
v -10.102386 39.584687 63.831654
v -9.465613 39.584687 64.325349
v -5.307760 39.662872 43.084611
v -4.539741 39.662872 43.084611
v -9.969999 39.662872 63.336682
v -9.363023 39.662872 63.807244
v -5.307760 39.976972 43.084611
v -4.539741 39.976972 43.084611
v -9.969999 39.976972 63.336682
v -9.363023 39.976972 63.807244
v -5.387567 40.576318 43.497559
v -4.650742 40.576318 43.497559
v -9.860461 40.576318 62.927126
v -9.278135 40.576318 63.378507
v -5.441372 40.923680 43.775925
v -4.725563 40.923680 43.775925
v -9.786617 40.923680 62.651008
v -9.220906 40.923680 63.089487
v -5.520345 41.335047 44.184532
v -4.835407 41.335047 44.184532
v -9.678213 41.335047 62.245618
v -9.136904 41.335047 62.665257
v -6.600319 42.599334 49.772057
v -6.337480 42.599334 49.772057
v -8.195922 42.599334 56.703421
v -7.988187 42.599334 56.864432
v -4.701424 38.710210 16.762652
v -4.701424 38.710210 11.814574
v -3.828159 38.710210 16.762652
v -3.828159 38.710210 11.814574
v -4.701436 38.710210 -10.794858
v -4.701436 38.710210 -15.661354
v -3.828159 38.710210 -10.794858
v -3.828159 38.710210 -15.661354
v -4.550223 39.259367 15.905919
v -4.550223 39.259367 12.671310
v -3.979359 39.259367 15.905919
v -3.979359 39.259367 12.671310
v -4.550231 39.259367 -11.637459
v -4.550231 39.259367 -14.818753
v -3.979367 39.259367 -11.637459
v -3.979367 39.259367 -14.818753
v -4.722880 38.834124 10.750289
v -4.722891 38.834124 -9.735721
v -3.806704 38.834124 10.750289
v -3.806704 38.834124 -9.735721
v -4.675194 39.423096 9.683920
v -4.675205 39.423096 -8.669351
v -3.854390 39.423096 9.683920
v -3.854390 39.423096 -8.669351
v -4.675194 39.630420 9.683920
v -4.675205 39.630420 -8.669351
v -3.854390 39.630420 9.683920
v -3.854390 39.630420 -8.669351
v -4.701617 40.089733 10.274838
v -4.701630 40.089733 -9.260273
v -3.827966 40.089733 10.274838
v -3.827966 40.089733 -9.260273
v -4.738539 40.587760 11.100538
v -4.738551 40.587760 -10.085986
v -3.791044 40.587760 11.100538
v -3.791044 40.587760 -10.085986
v -4.738539 41.048851 11.100538
v -4.738551 41.048851 -10.085986
v -3.791044 41.048851 11.100538
v -3.791044 41.048851 -10.085986
v -4.712254 41.457693 10.512721
v -4.712267 41.457693 -9.498157
v -3.817329 41.457693 10.512721
v -3.817329 41.457693 -9.498157
v -4.572336 41.946859 7.383543
v -4.572342 41.946859 -6.368980
v -3.957251 41.946859 7.383543
v -3.957251 41.946859 -6.368980
v -4.572336 42.068403 7.383543
v -4.572342 42.068403 -6.368980
v -3.957251 42.068403 7.383543
v -3.957251 42.068403 -6.368980
v -4.593295 42.435369 7.852044
v -4.593300 42.435369 -6.837475
v -3.936293 42.435369 7.852044
v -3.936293 42.435369 -6.837475
v -4.593295 42.883295 7.852044
v -4.593300 42.883295 -6.837475
v -3.936293 42.883295 7.852044
v -3.936293 42.883295 -6.837475
v -4.575898 43.368635 7.463039
v -4.575904 43.368635 -6.448469
v -3.953689 43.368635 7.463039
v -3.953689 43.368635 -6.448469
v -4.515131 43.856044 6.104078
v -4.515137 43.856044 -5.089521
v -4.014456 43.856044 6.104078
v -4.014456 43.856044 -5.089521
v -4.515131 44.055479 6.104078
v -4.515137 44.055479 -5.089521
v -4.014456 44.055479 6.104078
v -4.014456 44.055479 -5.089521
v -4.480432 44.175259 5.328503
v -4.480438 44.175259 -4.313940
v -4.049155 44.175259 5.328503
v -4.049155 44.175259 -4.313940
v -4.371341 44.397943 2.888600
v -4.371347 44.397943 -1.874023
v -4.158246 44.397943 2.888600
v -4.158246 44.397943 -1.874023
v -4.371341 44.546331 2.888600
v -4.371347 44.546331 -1.874023
v -4.158246 44.546331 2.888600
v -4.158246 44.546331 -1.874023
v -4.278620 45.139889 0.816027
v -4.278620 45.139889 0.198543
v -4.250970 45.139889 0.816027
v -4.250970 45.139889 0.198543
v -4.793907 38.496503 -48.020134
v -11.443979 38.496503 -76.617245
v -3.823104 38.496503 -48.020134
v -10.688703 38.496503 -77.227190
v -5.064334 39.355225 -49.374919
v -11.086473 39.355225 -75.271805
v -4.185206 39.355225 -49.374919
v -10.402525 39.355225 -75.824096
v -5.408729 39.650582 -51.100177
v -10.631207 39.650582 -73.558326
v -4.646330 39.650582 -51.100177
v -10.038074 39.650582 -74.037289
v -5.669569 39.834270 -52.406911
v -10.286398 39.834270 -72.260625
v -4.995587 39.834270 -52.406911
v -9.762054 39.834270 -72.684061
v -5.669569 40.170669 -52.406911
v -10.286398 40.170669 -72.260625
v -4.995587 40.170669 -52.406911
v -9.762054 40.170669 -72.684061
v -5.781192 40.498128 -52.966100
v -10.138836 40.498128 -71.705270
v -5.145049 40.498128 -52.966100
v -9.643933 40.498128 -72.104927
v -6.032064 40.998915 -54.222907
v -9.807197 40.998915 -70.457140
v -5.480965 40.998915 -54.222907
v -9.378455 40.998915 -70.803322
v -6.338465 41.325102 -55.757892
v -9.402154 41.325102 -68.932648
v -5.891226 41.325102 -55.757892
v -9.054210 41.325102 -69.213591
v -6.996775 41.957983 -59.055817
v -8.531906 41.957983 -65.657295
v -6.772680 41.957983 -59.055817
v -8.357562 41.957983 -65.798010
v -4.537159 38.875138 35.066528
v -4.537148 38.875138 22.240926
v -3.992436 38.875138 35.066528
v -3.992436 38.875138 22.240926
v -4.537159 38.875138 -23.076815
v -4.537159 38.875138 -40.724471
v -3.992436 38.875138 -23.076815
v -3.992436 38.875138 -40.724471
v -4.537159 38.875138 35.066528
v -4.537148 38.875138 22.240926
v -3.992436 38.875138 35.066528
v -3.992436 38.875138 22.240926
v -4.537159 38.875138 -23.076815
v -4.537159 38.875138 -40.724471
v -3.992436 38.875138 -23.076815
v -3.992436 38.875138 -40.724471
v -4.513127 39.256874 34.500601
v -4.513115 39.256874 22.806855
v -4.016468 39.256874 34.500601
v -4.016468 39.256874 22.806855
v -4.513127 39.256874 -23.855501
v -4.513127 39.256874 -39.945758
v -4.016468 39.256874 -23.855501
v -4.016468 39.256874 -39.945758
v -4.480711 39.635697 33.737144
v -4.480699 39.635697 23.570313
v -4.048885 39.635697 33.737144
v -4.048885 39.635697 23.570313
v -4.480711 39.635697 -24.905991
v -4.480711 39.635697 -38.895300
v -4.048885 39.635697 -24.905991
v -4.048885 39.635697 -38.895300
v -4.480711 39.920925 33.737144
v -4.480699 39.920925 23.570313
v -4.048885 39.920925 33.737144
v -4.048885 39.920925 23.570313
v -4.480711 39.920925 -24.905991
v -4.480711 39.920925 -38.895300
v -4.048885 39.920925 -24.905991
v -4.048885 39.920925 -38.895300
v -4.486707 40.425731 33.878311
v -4.486696 40.425731 23.429141
v -4.042888 40.425731 33.878311
v -4.042888 40.425731 23.429141
v -4.486707 40.425731 -24.711750
v -4.486707 40.425731 -39.089546
v -4.042888 40.425731 -24.711750
v -4.042888 40.425731 -39.089546
v -4.498689 40.896200 34.160405
v -4.498677 40.896200 23.147051
v -4.030906 40.896200 34.160405
v -4.030906 40.896200 23.147051
v -4.498689 40.896200 -24.323599
v -4.498689 40.896200 -39.477699
v -4.030906 40.896200 -24.323599
v -4.030906 40.896200 -39.477699
v -4.515431 41.935167 34.554581
v -4.515419 41.935167 22.752901
v -4.014164 41.935167 34.554581
v -4.014164 41.935167 22.752901
v -4.515431 41.935167 -23.781254
v -4.515431 41.935167 -40.020028
v -4.014164 41.935167 -23.781254
v -4.014164 41.935167 -40.020028
v -4.515431 42.716846 34.554581
v -4.515419 42.716846 22.752901
v -4.014164 42.716846 34.554581
v -4.014164 42.716846 22.752901
v -4.515431 42.716846 -23.781254
v -4.515431 42.716846 -40.020028
v -4.014164 42.716846 -23.781254
v -4.014164 42.716846 -40.020028
v -4.488031 43.839298 33.909399
v -4.488021 43.839298 23.398120
v -4.041563 43.839298 33.909399
v -4.041563 43.839298 23.398120
v -4.488032 43.839298 -24.669051
v -4.488032 43.839298 -39.132230
v -4.041563 43.839298 -24.669051
v -4.041563 43.839298 -39.132230
v -4.436860 44.617673 32.704928
v -4.436850 44.617673 24.602593
v -4.092734 44.617673 32.704928
v -4.092734 44.617673 24.602593
v -4.436861 44.617673 -26.326394
v -4.436861 44.617673 -37.474894
v -4.092734 44.617673 -26.326394
v -4.092734 44.617673 -37.474894
v -4.364404 45.515086 30.999129
v -4.364395 45.515086 26.308392
v -4.165190 45.515086 30.999129
v -4.165190 45.515086 26.308392
v -4.364406 45.515086 -28.673501
v -4.364406 45.515086 -35.127836
v -4.165190 45.515086 -28.673501
v -4.165190 45.515086 -35.127836
v -4.364404 45.853766 30.999129
v -4.364395 45.853766 26.308392
v -4.165190 45.853766 30.999129
v -4.165190 45.853766 26.308392
v -4.364406 45.853766 -28.673501
v -4.364406 45.853766 -35.127836
v -4.165190 45.853766 -28.673501
v -4.165190 45.853766 -35.127836
v -4.378644 46.162386 31.334293
v -4.378621 46.162386 25.973228
v -4.150950 46.162386 31.334293
v -4.150950 46.162386 25.973228
v -4.378645 46.162386 -28.212338
v -4.378645 46.162386 -35.588983
v -4.150950 46.162386 -28.212338
v -4.150950 46.162386 -35.588983
v -4.388128 46.442075 31.557601
v -4.388105 46.442075 25.749920
v -4.141466 46.442075 31.557601
v -4.141466 46.442075 25.749920
v -4.388129 46.442075 -27.905071
v -4.388129 46.442075 -35.896250
v -4.141466 46.442075 -27.905071
v -4.141466 46.442075 -35.896250
v -4.388128 46.722713 31.557601
v -4.388105 46.722713 25.749920
v -4.141466 46.722713 31.557601
v -4.141466 46.722713 25.749920
v -4.388129 46.722713 -27.905071
v -4.388129 46.722713 -35.896250
v -4.141466 46.722713 -27.905071
v -4.141466 46.722713 -35.896250
v -4.370363 47.029761 31.139351
v -4.370340 47.029761 26.168170
v -4.159231 47.029761 31.139351
v -4.159231 47.029761 26.168170
v -4.370364 47.029761 -28.480568
v -4.370364 47.029761 -35.320776
v -4.159231 47.029761 -28.480568
v -4.159231 47.029761 -35.320776
v -4.331315 47.244934 30.219871
v -4.331295 47.244934 27.087650
v -4.198276 47.244934 30.219871
v -4.198276 47.244934 27.087650
v -4.331320 47.244934 -29.745774
v -4.331320 47.244934 -34.055583
v -4.198276 47.244934 -29.745774
v -4.198276 47.244934 -34.055583
v -4.299365 47.400645 29.467570
v -4.299349 47.400645 27.839958
v -4.230222 47.400645 29.467570
v -4.230222 47.400645 27.839958
v -4.299372 47.400645 -30.780923
v -4.299372 47.400645 -33.020455
v -4.230225 47.400645 -30.780923
v -4.230225 47.400645 -33.020455
v -4.276617 51.579411 28.704449
v -4.276617 51.579411 28.603100
v -4.252967 51.579411 28.704449
v -4.252967 51.579411 28.603100
v -4.276625 51.579406 -31.830969
v -4.276625 51.579406 -31.970412
v -4.252975 51.579406 -31.830969
v -4.252975 51.579406 -31.970412
v -5.301680 1.459991 35.744169
v 12.725631 1.459991 35.744169
v -5.301680 7.800491 35.744169
v 12.725631 7.800491 35.744169
v -5.301680 7.800491 -36.371224
v 12.725631 7.800491 -36.371224
v -5.301680 1.459991 -36.371224
v 12.725631 1.459991 -36.371224
v -5.301680 7.800491 27.894735
v -5.301680 1.459991 27.894735
v 12.725631 1.459991 27.894735
v 12.725631 7.800491 27.894735
v -5.301680 1.459991 19.629205
v -5.301680 7.800491 19.629205
v 12.725631 7.800491 19.629205
v 12.725631 1.459991 19.629205
v -5.301680 1.459991 11.629029
v -5.301680 7.800491 11.629029
v 12.725631 7.800491 11.629029
v 12.725631 1.459991 11.629029
v -5.301680 1.459991 -11.277269
v -5.301680 7.800491 -11.277271
v 12.725631 7.800491 -11.277271
v 12.725631 1.459991 -11.277269
v -5.301680 1.459991 -19.600565
v -5.301680 7.800491 -19.600567
v 12.725631 7.800491 -19.600567
v 12.725631 1.459991 -19.600565
v -5.301680 1.459991 -28.526645
v -5.301680 7.800491 -28.526645
v 12.725631 7.800491 -28.526645
v 12.725631 1.459991 -28.526645
v 12.725631 1.684401 28.172548
v 12.725631 1.684401 35.466356
v 12.725631 7.576084 28.172548
v 12.725631 7.576084 35.466356
v 12.725631 1.698335 27.584030
v 12.725631 7.562149 27.584030
v 12.725631 1.698335 19.939913
v 12.725631 7.562149 19.939913
v 12.725631 7.535634 19.295011
v 12.725631 1.724848 19.295011
v 12.725631 1.724848 11.963224
v 12.725631 7.535634 11.963224
v 12.725631 7.800491 -11.277271
v 12.725631 1.459991 -11.277269
v 12.725631 1.459991 -19.600565
v 12.725631 7.800491 -19.600567
v -5.301680 1.459991 -19.600565
v -5.301680 1.459991 -11.277269
v 12.725631 7.583251 -11.562444
v 12.725631 1.677231 -11.562442
v 12.725631 1.677231 -19.315385
v 12.725631 7.583251 -19.315386
v 12.725631 7.559821 -19.939382
v 12.725631 1.700663 -19.939381
v 12.725631 1.700663 -28.187840
v 12.725631 7.559821 -28.187840
v 12.725631 7.577920 -28.802004
v 12.725631 1.682563 -28.802004
v 12.725631 1.682563 -36.095862
v 12.725631 7.577920 -36.095862
v 12.537768 1.684401 28.172548
v 12.537768 1.684401 35.466356
v 12.537768 7.576084 28.172548
v 12.537768 7.576084 35.466356
v 12.526397 1.698335 27.584030
v 12.526397 7.562149 27.584030
v 12.526397 1.698335 19.939913
v 12.526397 7.562149 19.939913
v 12.512519 7.535634 19.295011
v 12.512519 1.724848 19.295011
v 12.512519 1.724848 11.963224
v 12.512519 7.535634 11.963224
v 12.595181 1.459991 -11.277269
v -5.432132 1.459991 -11.277269
v 12.595181 1.459991 11.629029
v -5.432132 1.459991 11.629029
v 12.563623 7.583251 -11.562444
v 12.563623 1.677231 -11.562442
v 12.563623 1.677231 -19.315385
v 12.563623 7.583251 -19.315386
v 12.491507 7.559821 -19.939382
v 12.491507 1.700663 -19.939381
v 12.491507 1.700663 -28.187840
v 12.491507 7.559821 -28.187840
v 12.487272 7.577920 -28.802004
v 12.487272 1.682563 -28.802004
v 12.487272 1.682563 -36.095862
v 12.487272 7.577920 -36.095862
v 11.154667 -0.236048 -11.649903
v 11.681846 -0.236048 -11.649903
v 10.996463 1.460091 -11.401625
v 11.840050 1.460091 -11.401625
v 10.996463 1.460091 -12.245212
v 11.840050 1.460091 -12.245212
v 11.154667 -0.236048 -12.177082
v 11.681846 -0.236048 -12.177082
v 11.154667 -0.236048 -18.771730
v 11.681846 -0.236048 -18.771730
v 10.996463 1.460091 -18.523451
v 11.840050 1.460091 -18.523451
v 10.996463 1.460091 -19.367038
v 11.840050 1.460091 -19.367038
v 11.154667 -0.236048 -19.298909
v 11.681846 -0.236048 -19.298909
v 11.681846 -0.236048 -20.760460
v 11.154667 -0.236048 -20.760460
v 11.840050 1.460091 -21.008738
v 10.996463 1.460091 -21.008738
v 11.840050 1.460091 -20.165151
v 10.996463 1.460091 -20.165151
v 11.681846 -0.236048 -20.233280
v 11.154667 -0.236048 -20.233280
v 11.154667 -0.236048 -27.913278
v 11.681846 -0.236048 -27.913278
v 10.996463 1.460091 -27.664999
v 11.840050 1.460091 -27.664999
v 10.996463 1.460091 -28.508587
v 11.840050 1.460091 -28.508587
v 11.154667 -0.236048 -28.440457
v 11.681846 -0.236048 -28.440457
v 11.681846 -0.236048 -29.902008
v 11.154667 -0.236048 -29.902008
v 11.840050 1.460091 -30.150287
v 10.996463 1.460091 -30.150287
v 11.840050 1.460091 -29.306699
v 10.996463 1.460091 -29.306699
v 11.681846 -0.236048 -29.374829
v 11.154667 -0.236048 -29.374829
v 11.154667 -0.236048 20.635496
v 11.681846 -0.236048 20.635496
v 10.996463 1.460091 20.883775
v 11.840050 1.460091 20.883775
v 10.996463 1.460091 20.040188
v 11.840050 1.460091 20.040188
v 11.154667 -0.236048 20.108317
v 11.681846 -0.236048 20.108317
v 11.681846 -0.236048 18.646766
v 11.154667 -0.236048 18.646766
v 11.840050 1.460091 18.398488
v 10.996463 1.460091 18.398488
v 11.840050 1.460091 19.242075
v 10.996463 1.460091 19.242075
v 11.681846 -0.236048 19.173945
v 11.154667 -0.236048 19.173945
v 11.154667 -0.236048 28.790678
v 11.681846 -0.236048 28.790678
v 10.996463 1.460091 29.038956
v 11.840050 1.460091 29.038956
v 10.996463 1.460091 28.195369
v 11.840050 1.460091 28.195369
v 11.154667 -0.236048 28.263498
v 11.681846 -0.236048 28.263498
v 11.681846 -0.236048 26.801947
v 11.154667 -0.236048 26.801947
v 11.840050 1.460091 26.553669
v 10.996463 1.460091 26.553669
v 11.840050 1.460091 27.397256
v 10.996463 1.460091 27.397256
v 11.681846 -0.236048 27.329127
v 11.154667 -0.236048 27.329127
v 11.681846 -0.236048 12.148145
v 11.154667 -0.236048 12.148145
v 11.840050 1.460091 11.899866
v 10.996463 1.460091 11.899866
v 11.840050 1.460091 12.743453
v 10.996463 1.460091 12.743453
v 11.681846 -0.236048 12.675324
v 11.154667 -0.236048 12.675324
v 12.180113 -0.236048 34.094951
v 11.652933 -0.236048 34.094951
v 12.338317 1.460091 33.846672
v 11.494729 1.460091 33.846672
v 12.338317 1.460091 34.690260
v 11.494729 1.460091 34.690260
v 12.180113 -0.236048 34.622130
v 11.652933 -0.236048 34.622130
v 10.901471 -0.236048 34.871319
v 10.901471 -0.236048 35.398503
v 10.653193 1.460091 34.713117
v 10.653193 1.460091 35.556707
v 11.496780 1.460091 34.713117
v 11.496780 1.460091 35.556707
v 11.428650 -0.236048 34.871319
v 11.428650 -0.236048 35.398503
v 11.895627 -0.236048 -35.095907
v 11.895627 -0.236048 -34.568728
v 11.647348 1.460091 -35.254111
v 11.647348 1.460091 -34.410524
v 12.490936 1.460091 -35.254111
v 12.490936 1.460091 -34.410524
v 12.422806 -0.236048 -35.095907
v 12.422806 -0.236048 -34.568728
v 10.690748 -0.236048 -35.592780
v 11.217925 -0.236048 -35.592780
v 10.532544 1.460091 -35.344502
v 11.376129 1.460091 -35.344502
v 10.532544 1.460091 -36.188087
v 11.376129 1.460091 -36.188087
v 10.690748 -0.236048 -36.119957
v 11.217925 -0.236048 -36.119957
v 12.724914 6.569362 11.489968
v 15.311050 6.569362 11.489968
v 12.724914 6.758984 11.489968
v 15.311050 6.758984 11.489968
v 12.724914 6.758984 -11.066098
v 15.311050 6.758984 -11.066098
v 12.724914 6.569362 -11.066098
v 15.311050 6.569362 -11.066098
v 12.715426 0.189337 11.451844
v 15.057025 0.189337 11.451844
v 12.715426 6.575720 11.451844
v 15.057025 6.575720 11.451844
v 12.715426 6.575720 -11.063918
v 15.057025 6.575720 -11.063918
v 12.715426 0.189337 -11.063918
v 15.057025 0.189337 -11.063918
v 12.715426 5.535807 11.451844
v 12.715426 5.535806 -11.063920
v 15.057025 5.535806 -11.063920
v 15.057025 5.535807 11.451844
v 12.715426 4.239154 11.451844
v 12.715426 4.239154 -11.063920
v 15.057025 4.239154 -11.063920
v 15.057025 4.239154 11.451844
v 12.715426 2.993438 11.451844
v 12.715426 2.993438 -11.063918
v 15.057025 2.993438 -11.063918
v 15.057025 2.993438 11.451844
v 12.715426 1.657413 11.451844
v 12.715426 1.657413 -11.063918
v 15.057025 1.657413 -11.063918
v 15.057025 1.657413 11.451844
v 16.840786 0.189337 -11.063918
v 16.840786 0.189337 11.451844
v 16.840786 1.657413 -11.063918
v 16.840786 1.657413 11.451844
v 16.840786 4.239154 -11.063920
v 16.840786 4.239154 11.451844
v 16.840786 5.535806 -11.063920
v 16.840786 5.535807 11.451844
v 16.840786 2.993438 -11.063918
v 16.840786 2.993438 11.451844
v 18.759373 0.189337 -11.063918
v 18.759373 0.189337 11.451844
v 18.759373 1.657413 -11.063918
v 18.759373 1.657413 11.451844
v 18.759373 2.993438 -11.063918
v 18.759373 2.993438 11.451844
v 18.759373 4.239154 -11.063920
v 18.759373 4.239154 11.451844
v 20.529240 0.189337 -11.063918
v 20.529240 0.189337 11.451844
v 20.529240 1.657413 -11.063918
v 20.529240 1.657413 11.451844
v 20.529240 2.993438 -11.063918
v 20.529240 2.993438 11.451844
v 22.324891 0.189337 -11.063918
v 22.324891 0.189337 11.451844
v 22.324891 1.657413 -11.063918
v 22.324891 1.657413 11.451844
v 15.070125 5.540805 11.489968
v 17.066820 5.540805 11.489968
v 15.070125 5.730427 11.489968
v 17.066820 5.730427 11.489968
v 15.070125 5.730427 -11.066098
v 17.066820 5.730427 -11.066098
v 15.070125 5.540805 -11.066098
v 17.066820 5.540805 -11.066098
v 16.822888 4.231321 11.489968
v 18.819583 4.231321 11.489968
v 16.822888 4.420943 11.489968
v 18.819583 4.420943 11.489968
v 16.822888 4.420943 -11.066098
v 18.819583 4.420943 -11.066098
v 16.822888 4.231321 -11.066098
v 18.819583 4.231321 -11.066098
v 18.773023 2.989496 11.489968
v 20.769721 2.989496 11.489968
v 18.773023 3.179118 11.489968
v 20.769721 3.179118 11.489968
v 18.773023 3.179118 -11.066098
v 20.769721 3.179118 -11.066098
v 18.773023 2.989496 -11.066098
v 20.769721 2.989496 -11.066098
v 20.542876 1.659104 11.489968
v 22.539574 1.659104 11.489968
v 20.542876 1.848726 11.489968
v 22.539574 1.848726 11.489968
v 20.542876 1.848726 -11.066098
v 22.539574 1.848726 -11.066098
v 20.542876 1.659104 -11.066098
v 22.539574 1.659104 -11.066098
v 11.850133 8.073173 -11.693126
v 12.444152 8.073173 -11.693126
v 11.850133 8.320706 -11.693126
v 12.444152 8.320706 -11.693126
v 11.850133 8.320706 -19.272086
v 12.444152 8.320706 -19.272086
v 11.850133 8.073173 -19.272086
v 12.444152 8.073173 -19.272086
v 11.850133 8.073173 -19.913492
v 12.444152 8.073173 -19.913492
v 11.850133 8.320706 -19.913492
v 12.444152 8.320706 -19.913492
v 11.850133 8.320706 -35.681661
v 12.444152 8.320706 -35.681661
v 11.850133 8.073173 -35.681661
v 12.444152 8.073173 -35.681661
v 11.850133 8.073173 19.387772
v 12.444152 8.073173 19.387772
v 11.850133 8.320706 19.387772
v 12.444152 8.320706 19.387772
v 11.850133 8.320706 12.060579
v 12.444152 8.320706 12.060579
v 11.850133 8.073173 12.060579
v 12.444152 8.073173 12.060579
v 11.850133 8.073173 34.998546
v 12.444152 8.073173 34.998546
v 11.850133 8.320706 34.998546
v 12.444152 8.320706 34.998546
v 11.850133 8.320706 20.026003
v 12.444152 8.320706 20.026003
v 11.850133 8.073173 20.026003
v 12.444152 8.073173 20.026003
v 12.044888 8.289369 34.176069
v 12.089393 8.289369 34.226304
v 12.152147 8.289369 34.250099
v 12.218772 8.289369 34.242014
v 12.274005 8.289369 34.203892
v 12.305194 8.289369 34.144467
v 12.305194 8.289369 34.077352
v 12.274005 8.289369 34.017918
v 12.218772 8.289369 33.979795
v 12.152147 8.289369 33.971710
v 12.089393 8.289369 33.995505
v 12.044888 8.289369 34.045741
v 12.028828 8.289369 34.110909
v 12.044888 12.951434 34.176069
v 12.089393 12.951434 34.226304
v 12.152147 12.951434 34.250099
v 12.218772 12.951434 34.242014
v 12.274005 12.951434 34.203892
v 12.305194 12.951434 34.144467
v 12.305194 12.951434 34.077352
v 12.274005 12.951434 34.017918
v 12.218772 12.951434 33.979795
v 12.152147 12.951434 33.971710
v 12.089393 12.951434 33.995505
v 12.044888 12.951434 34.045741
v 12.028828 12.951434 34.110909
v 12.169048 8.289369 34.110909
v 12.169048 12.951434 34.110909
v 12.044888 8.289369 32.769477
v 12.089393 8.289369 32.819712
v 12.152147 8.289369 32.843507
v 12.218772 8.289369 32.835422
v 12.274005 8.289369 32.797300
v 12.305194 8.289369 32.737866
v 12.305194 8.289369 32.670760
v 12.274005 8.289369 32.611326
v 12.218772 8.289369 32.573203
v 12.152147 8.289369 32.565118
v 12.089393 8.289369 32.588913
v 12.044888 8.289369 32.639149
v 12.028828 8.289369 32.704308
v 12.044888 12.951434 32.769477
v 12.089393 12.951434 32.819712
v 12.152147 12.951434 32.843507
v 12.218772 12.951434 32.835422
v 12.274005 12.951434 32.797300
v 12.305194 12.951434 32.737866
v 12.305194 12.951434 32.670760
v 12.274005 12.951434 32.611326
v 12.218772 12.951434 32.573203
v 12.152147 12.951434 32.565118
v 12.089393 12.951434 32.588913
v 12.044888 12.951434 32.639149
v 12.028828 12.951434 32.704308
v 12.169048 8.289369 32.704308
v 12.169048 12.951434 32.704308
v 12.044888 8.289369 31.170118
v 12.089393 8.289369 31.220354
v 12.152147 8.289369 31.244149
v 12.218772 8.289369 31.236064
v 12.274005 8.289369 31.197941
v 12.305194 8.289369 31.138508
v 12.305194 8.289369 31.071401
v 12.274005 8.289369 31.011967
v 12.218772 8.289369 30.973845
v 12.152147 8.289369 30.965760
v 12.089393 8.289369 30.989555
v 12.044888 8.289369 31.039790
v 12.028828 8.289369 31.104950
v 12.044888 12.951434 31.170118
v 12.089393 12.951434 31.220354
v 12.152147 12.951434 31.244149
v 12.218772 12.951434 31.236064
v 12.274005 12.951434 31.197941
v 12.305194 12.951434 31.138508
v 12.305194 12.951434 31.071401
v 12.274005 12.951434 31.011967
v 12.218772 12.951434 30.973845
v 12.152147 12.951434 30.965760
v 12.089393 12.951434 30.989555
v 12.044888 12.951434 31.039790
v 12.028828 12.951434 31.104950
v 12.169048 8.289369 31.104950
v 12.169048 12.951434 31.104950
v 12.044888 8.289369 29.432091
v 12.089393 8.289369 29.482326
v 12.152147 8.289369 29.506126
v 12.218772 8.289369 29.498036
v 12.274005 8.289369 29.459909
v 12.305194 8.289369 29.400484
v 12.305194 8.289369 29.333369
v 12.274005 8.289369 29.273939
v 12.218772 8.289369 29.235817
v 12.152147 8.289369 29.227727
v 12.089393 8.289369 29.251527
v 12.044888 8.289369 29.301762
v 12.028828 8.289369 29.366926
v 12.044888 12.951434 29.432091
v 12.089393 12.951434 29.482326
v 12.152147 12.951434 29.506126
v 12.218772 12.951434 29.498036
v 12.274005 12.951434 29.459909
v 12.305194 12.951434 29.400484
v 12.305194 12.951434 29.333369
v 12.274005 12.951434 29.273939
v 12.218772 12.951434 29.235817
v 12.152147 12.951434 29.227727
v 12.089393 12.951434 29.251527
v 12.044888 12.951434 29.301762
v 12.028828 12.951434 29.366926
v 12.169048 8.289369 29.366926
v 12.169048 12.951434 29.366926
v 12.044888 8.289369 27.737789
v 12.089393 8.289369 27.788024
v 12.152147 8.289369 27.811819
v 12.218772 8.289369 27.803734
v 12.274005 8.289369 27.765605
v 12.305194 8.289369 27.706183
v 12.305194 8.289369 27.639065
v 12.274005 8.289369 27.579638
v 12.218772 8.289369 27.541513
v 12.152147 8.289369 27.533423
v 12.089393 8.289369 27.557225
v 12.044888 8.289369 27.607458
v 12.028828 8.289369 27.672622
v 12.044888 12.951434 27.737789
v 12.089393 12.951434 27.788024
v 12.152147 12.951434 27.811819
v 12.218772 12.951434 27.803734
v 12.274005 12.951434 27.765605
v 12.305194 12.951434 27.706183
v 12.305194 12.951434 27.639065
v 12.274005 12.951434 27.579638
v 12.218772 12.951434 27.541513
v 12.152147 12.951434 27.533423
v 12.089393 12.951434 27.557225
v 12.044888 12.951434 27.607458
v 12.028828 12.951434 27.672622
v 12.169048 8.289369 27.672622
v 12.169048 12.951434 27.672622
v 12.044888 8.289369 26.083916
v 12.089393 8.289369 26.134156
v 12.152147 8.289369 26.157951
v 12.218772 8.289369 26.149861
v 12.274005 8.289369 26.111739
v 12.305194 8.289369 26.052310
v 12.305194 8.289369 25.985199
v 12.274005 8.289369 25.925770
v 12.218772 8.289369 25.887647
v 12.152147 8.289369 25.879557
v 12.089393 8.289369 25.903357
v 12.044888 8.289369 25.953592
v 12.028828 8.289369 26.018757
v 12.044888 12.951434 26.083916
v 12.089393 12.951434 26.134156
v 12.152147 12.951434 26.157951
v 12.218772 12.951434 26.149861
v 12.274005 12.951434 26.111739
v 12.305194 12.951434 26.052310
v 12.305194 12.951434 25.985199
v 12.274005 12.951434 25.925770
v 12.218772 12.951434 25.887647
v 12.152147 12.951434 25.879557
v 12.089393 12.951434 25.903357
v 12.044888 12.951434 25.953592
v 12.028828 12.951434 26.018757
v 12.169048 8.289369 26.018757
v 12.169048 12.951434 26.018757
v 12.044888 8.289369 24.484557
v 12.089393 8.289369 24.534793
v 12.152147 8.289369 24.558593
v 12.218772 8.289369 24.550503
v 12.274005 8.289369 24.512380
v 12.305194 8.289369 24.452951
v 12.305194 8.289369 24.385840
v 12.274005 8.289369 24.326411
v 12.218772 8.289369 24.288284
v 12.152147 8.289369 24.280199
v 12.089393 8.289369 24.303994
v 12.044888 8.289369 24.354229
v 12.028828 8.289369 24.419393
v 12.044888 12.951434 24.484557
v 12.089393 12.951434 24.534793
v 12.152147 12.951434 24.558593
v 12.218772 12.951434 24.550503
v 12.274005 12.951434 24.512380
v 12.305194 12.951434 24.452951
v 12.305194 12.951434 24.385840
v 12.274005 12.951434 24.326411
v 12.218772 12.951434 24.288284
v 12.152147 12.951434 24.280199
v 12.089393 12.951434 24.303994
v 12.044888 12.951434 24.354229
v 12.028828 12.951434 24.419393
v 12.169048 8.289369 24.419393
v 12.169048 12.951434 24.419393
v 12.044888 8.289369 22.746532
v 12.089393 8.289369 22.796767
v 12.152147 8.289369 22.820565
v 12.218772 8.289369 22.812477
v 12.274005 8.289369 22.774352
v 12.305194 8.289369 22.714926
v 12.305194 8.289369 22.647812
v 12.274005 8.289369 22.588383
v 12.218772 8.289369 22.550261
v 12.152147 8.289369 22.542171
v 12.089393 8.289369 22.565968
v 12.044888 8.289369 22.616206
v 12.028828 8.289369 22.681368
v 12.044888 12.951434 22.746532
v 12.089393 12.951434 22.796767
v 12.152147 12.951434 22.820565
v 12.218772 12.951434 22.812477
v 12.274005 12.951434 22.774352
v 12.305194 12.951434 22.714926
v 12.305194 12.951434 22.647812
v 12.274005 12.951434 22.588383
v 12.218772 12.951434 22.550261
v 12.152147 12.951434 22.542171
v 12.089393 12.951434 22.565968
v 12.044888 12.951434 22.616206
v 12.028828 12.951434 22.681368
v 12.169048 8.289369 22.681368
v 12.169048 12.951434 22.681368
v 12.044888 8.289369 21.052228
v 12.089393 8.289369 21.102463
v 12.152147 8.289369 21.126263
v 12.218772 8.289369 21.118173
v 12.274005 8.289369 21.080048
v 12.305194 8.289369 21.020622
v 12.305194 8.289369 20.953508
v 12.274005 8.289369 20.894081
v 12.218772 8.289369 20.855954
v 12.152147 8.289369 20.847867
v 12.089393 8.289369 20.871664
v 12.044888 8.289369 20.921900
v 12.028828 8.289369 20.987066
v 12.044888 12.951434 21.052228
v 12.089393 12.951434 21.102463
v 12.152147 12.951434 21.126263
v 12.218772 12.951434 21.118173
v 12.274005 12.951434 21.080048
v 12.305194 12.951434 21.020622
v 12.305194 12.951434 20.953508
v 12.274005 12.951434 20.894081
v 12.218772 12.951434 20.855954
v 12.152147 12.951434 20.847867
v 12.089393 12.951434 20.871664
v 12.044888 12.951434 20.921900
v 12.028828 12.951434 20.987066
v 12.169048 8.289369 20.987066
v 12.169048 12.951434 20.987066
v 12.044888 8.289369 18.257251
v 12.089393 8.289369 18.307487
v 12.152147 8.289369 18.331287
v 12.218772 8.289369 18.323197
v 12.274005 8.289369 18.285074
v 12.305194 8.289369 18.225645
v 12.305194 8.289369 18.158534
v 12.274005 8.289369 18.099105
v 12.218772 8.289369 18.060980
v 12.152147 8.289369 18.052893
v 12.089393 8.289369 18.076688
v 12.044888 8.289369 18.126926
v 12.028828 8.289369 18.192087
v 12.044888 12.951434 18.257251
v 12.089393 12.951434 18.307487
v 12.152147 12.951434 18.331287
v 12.218772 12.951434 18.323197
v 12.274005 12.951434 18.285074
v 12.305194 12.951434 18.225645
v 12.305194 12.951434 18.158534
v 12.274005 12.951434 18.099105
v 12.218772 12.951434 18.060980
v 12.152147 12.951434 18.052893
v 12.089393 12.951434 18.076688
v 12.044888 12.951434 18.126926
v 12.028828 12.951434 18.192087
v 12.169048 8.289369 18.192087
v 12.169048 12.951434 18.192087
v 12.044888 8.289369 16.657891
v 12.089393 8.289369 16.708126
v 12.152147 8.289369 16.731923
v 12.218772 8.289369 16.723836
v 12.274005 8.289369 16.685711
v 12.305194 8.289369 16.626284
v 12.305194 8.289369 16.559171
v 12.274005 8.289369 16.499742
v 12.218772 8.289369 16.461619
v 12.152147 8.289369 16.453530
v 12.089393 8.289369 16.477327
v 12.044888 8.289369 16.527565
v 12.028828 8.289369 16.592726
v 12.044888 12.951434 16.657891
v 12.089393 12.951434 16.708126
v 12.152147 12.951434 16.731923
v 12.218772 12.951434 16.723836
v 12.274005 12.951434 16.685711
v 12.305194 12.951434 16.626284
v 12.305194 12.951434 16.559171
v 12.274005 12.951434 16.499742
v 12.218772 12.951434 16.461619
v 12.152147 12.951434 16.453530
v 12.089393 12.951434 16.477327
v 12.044888 12.951434 16.527565
v 12.028828 12.951434 16.592726
v 12.169048 8.289369 16.592726
v 12.169048 12.951434 16.592726
v 12.044888 8.289369 14.919865
v 12.089393 8.289369 14.970103
v 12.152147 8.289369 14.993901
v 12.218772 8.289369 14.985810
v 12.274005 8.289369 14.947687
v 12.305194 8.289369 14.888259
v 12.305194 8.289369 14.821147
v 12.274005 8.289369 14.761720
v 12.218772 8.289369 14.723594
v 12.152147 8.289369 14.715505
v 12.089393 8.289369 14.739304
v 12.044888 8.289369 14.789539
v 12.028828 8.289369 14.854703
v 12.044888 12.951434 14.919865
v 12.089393 12.951434 14.970103
v 12.152147 12.951434 14.993901
v 12.218772 12.951434 14.985810
v 12.274005 12.951434 14.947687
v 12.305194 12.951434 14.888259
v 12.305194 12.951434 14.821147
v 12.274005 12.951434 14.761720
v 12.218772 12.951434 14.723594
v 12.152147 12.951434 14.715505
v 12.089393 12.951434 14.739304
v 12.044888 12.951434 14.789539
v 12.028828 12.951434 14.854703
v 12.169048 8.289369 14.854703
v 12.169048 12.951434 14.854703
v 12.044888 8.289369 13.225563
v 12.089393 8.289369 13.275799
v 12.152147 8.289369 13.299597
v 12.218772 8.289369 13.291507
v 12.274005 8.289369 13.253383
v 12.305194 8.289369 13.193956
v 12.305194 8.289369 13.126843
v 12.274005 8.289369 13.067416
v 12.218772 8.289369 13.029291
v 12.152147 8.289369 13.021201
v 12.089393 8.289369 13.045000
v 12.044888 8.289369 13.095235
v 12.028828 8.289369 13.160399
v 12.044888 12.951434 13.225563
v 12.089393 12.951434 13.275799
v 12.152147 12.951434 13.299597
v 12.218772 12.951434 13.291507
v 12.274005 12.951434 13.253383
v 12.305194 12.951434 13.193956
v 12.305194 12.951434 13.126843
v 12.274005 12.951434 13.067416
v 12.218772 12.951434 13.029291
v 12.152147 12.951434 13.021201
v 12.089393 12.951434 13.045000
v 12.044888 12.951434 13.095235
v 12.028828 12.951434 13.160399
v 12.169048 8.289369 13.160399
v 12.169048 12.951434 13.160399
v 12.289134 8.289369 -34.555474
v 12.244629 8.289369 -34.605710
v 12.181875 8.289369 -34.629507
v 12.115250 8.289369 -34.621420
v 12.060017 8.289369 -34.583295
v 12.028828 8.289369 -34.523868
v 12.028828 8.289369 -34.456755
v 12.060017 8.289369 -34.397326
v 12.115250 8.289369 -34.359201
v 12.181875 8.289369 -34.351113
v 12.244629 8.289369 -34.374911
v 12.289134 8.289369 -34.425146
v 12.305194 8.289369 -34.490310
v 12.289134 12.951434 -34.555474
v 12.244629 12.951434 -34.605710
v 12.181875 12.951434 -34.629507
v 12.115250 12.951434 -34.621420
v 12.060017 12.951434 -34.583295
v 12.028828 12.951434 -34.523868
v 12.028828 12.951434 -34.456755
v 12.060017 12.951434 -34.397326
v 12.115250 12.951434 -34.359201
v 12.181875 12.951434 -34.351113
v 12.244629 12.951434 -34.374911
v 12.289134 12.951434 -34.425146
v 12.305194 12.951434 -34.490310
v 12.164974 8.289369 -34.490310
v 12.164974 12.951434 -34.490310
v 12.289134 8.289369 -33.148876
v 12.244629 8.289369 -33.199111
v 12.181875 8.289369 -33.222908
v 12.115250 8.289369 -33.214821
v 12.060017 8.289369 -33.176696
v 12.028828 8.289369 -33.117269
v 12.028828 8.289369 -33.050156
v 12.060017 8.289369 -32.990727
v 12.115250 8.289369 -32.952602
v 12.181875 8.289369 -32.944514
v 12.244629 8.289369 -32.968312
v 12.289134 8.289369 -33.018547
v 12.305194 8.289369 -33.083711
v 12.289134 12.951434 -33.148876
v 12.244629 12.951434 -33.199111
v 12.181875 12.951434 -33.222908
v 12.115250 12.951434 -33.214821
v 12.060017 12.951434 -33.176696
v 12.028828 12.951434 -33.117269
v 12.028828 12.951434 -33.050156
v 12.060017 12.951434 -32.990727
v 12.115250 12.951434 -32.952602
v 12.181875 12.951434 -32.944514
v 12.244629 12.951434 -32.968312
v 12.289134 12.951434 -33.018547
v 12.305194 12.951434 -33.083711
v 12.164974 8.289369 -33.083711
v 12.164974 12.951434 -33.083711
v 12.289134 8.289369 -31.549517
v 12.244629 8.289369 -31.599752
v 12.181875 8.289369 -31.623550
v 12.115250 8.289369 -31.615462
v 12.060017 8.289369 -31.577338
v 12.028828 8.289369 -31.517911
v 12.028828 8.289369 -31.450797
v 12.060017 8.289369 -31.391368
v 12.115250 8.289369 -31.353244
v 12.181875 8.289369 -31.345156
v 12.244629 8.289369 -31.368953
v 12.289134 8.289369 -31.419189
v 12.305194 8.289369 -31.484353
v 12.289134 12.951434 -31.549517
v 12.244629 12.951434 -31.599752
v 12.181875 12.951434 -31.623550
v 12.115250 12.951434 -31.615462
v 12.060017 12.951434 -31.577338
v 12.028828 12.951434 -31.517911
v 12.028828 12.951434 -31.450797
v 12.060017 12.951434 -31.391368
v 12.115250 12.951434 -31.353244
v 12.181875 12.951434 -31.345156
v 12.244629 12.951434 -31.368953
v 12.289134 12.951434 -31.419189
v 12.305194 12.951434 -31.484353
v 12.164974 8.289369 -31.484353
v 12.164974 12.951434 -31.484353
v 12.289134 8.289369 -29.811491
v 12.244629 8.289369 -29.861727
v 12.181875 8.289369 -29.885527
v 12.115250 8.289369 -29.877437
v 12.060017 8.289369 -29.839310
v 12.028828 8.289369 -29.779885
v 12.028828 8.289369 -29.712772
v 12.060017 8.289369 -29.653345
v 12.115250 8.289369 -29.615218
v 12.181875 8.289369 -29.607130
v 12.244629 8.289369 -29.630928
v 12.289134 8.289369 -29.681163
v 12.305194 8.289369 -29.746327
v 12.289134 12.951434 -29.811491
v 12.244629 12.951434 -29.861727
v 12.181875 12.951434 -29.885527
v 12.115250 12.951434 -29.877437
v 12.060017 12.951434 -29.839310
v 12.028828 12.951434 -29.779885
v 12.028828 12.951434 -29.712772
v 12.060017 12.951434 -29.653345
v 12.115250 12.951434 -29.615218
v 12.181875 12.951434 -29.607130
v 12.244629 12.951434 -29.630928
v 12.289134 12.951434 -29.681163
v 12.305194 12.951434 -29.746327
v 12.164974 8.289369 -29.746327
v 12.164974 12.951434 -29.746327
v 12.289134 8.289369 -28.117187
v 12.244629 8.289369 -28.167423
v 12.181875 8.289369 -28.191223
v 12.115250 8.289369 -28.183133
v 12.060017 8.289369 -28.145008
v 12.028828 8.289369 -28.085581
v 12.028828 8.289369 -28.018468
v 12.060017 8.289369 -27.959041
v 12.115250 8.289369 -27.920914
v 12.181875 8.289369 -27.912826
v 12.244629 8.289369 -27.936624
v 12.289134 8.289369 -27.986859
v 12.305194 8.289369 -28.052023
v 12.289134 12.951434 -28.117187
v 12.244629 12.951434 -28.167423
v 12.181875 12.951434 -28.191223
v 12.115250 12.951434 -28.183133
v 12.060017 12.951434 -28.145008
v 12.028828 12.951434 -28.085581
v 12.028828 12.951434 -28.018468
v 12.060017 12.951434 -27.959041
v 12.115250 12.951434 -27.920914
v 12.181875 12.951434 -27.912826
v 12.244629 12.951434 -27.936624
v 12.289134 12.951434 -27.986859
v 12.305194 12.951434 -28.052023
v 12.164974 8.289369 -28.052023
v 12.164974 12.951434 -28.052023
v 12.289134 8.289369 -26.463319
v 12.244629 8.289369 -26.513555
v 12.181875 8.289369 -26.537352
v 12.115250 8.289369 -26.529265
v 12.060017 8.289369 -26.491140
v 12.028828 8.289369 -26.431713
v 12.028828 8.289369 -26.364600
v 12.060017 8.289369 -26.305171
v 12.115250 8.289369 -26.267046
v 12.181875 8.289369 -26.258958
v 12.244629 8.289369 -26.282756
v 12.289134 8.289369 -26.332991
v 12.305194 8.289369 -26.398157
v 12.289134 12.951434 -26.463319
v 12.244629 12.951434 -26.513555
v 12.181875 12.951434 -26.537352
v 12.115250 12.951434 -26.529265
v 12.060017 12.951434 -26.491140
v 12.028828 12.951434 -26.431713
v 12.028828 12.951434 -26.364600
v 12.060017 12.951434 -26.305171
v 12.115250 12.951434 -26.267046
v 12.181875 12.951434 -26.258958
v 12.244629 12.951434 -26.282756
v 12.289134 12.951434 -26.332991
v 12.305194 12.951434 -26.398157
v 12.164974 8.289369 -26.398157
v 12.164974 12.951434 -26.398157
v 12.289134 8.289369 -24.863961
v 12.244629 8.289369 -24.914196
v 12.181875 8.289369 -24.937994
v 12.115250 8.289369 -24.929906
v 12.060017 8.289369 -24.891781
v 12.028828 8.289369 -24.832352
v 12.028828 8.289369 -24.765241
v 12.060017 8.289369 -24.705812
v 12.115250 8.289369 -24.667687
v 12.181875 8.289369 -24.659600
v 12.244629 8.289369 -24.683397
v 12.289134 8.289369 -24.733633
v 12.305194 8.289369 -24.798794
v 12.289134 12.951434 -24.863961
v 12.244629 12.951434 -24.914196
v 12.181875 12.951434 -24.937994
v 12.115250 12.951434 -24.929906
v 12.060017 12.951434 -24.891781
v 12.028828 12.951434 -24.832352
v 12.028828 12.951434 -24.765241
v 12.060017 12.951434 -24.705812
v 12.115250 12.951434 -24.667687
v 12.181875 12.951434 -24.659600
v 12.244629 12.951434 -24.683397
v 12.289134 12.951434 -24.733633
v 12.305194 12.951434 -24.798794
v 12.164974 8.289369 -24.798794
v 12.164974 12.951434 -24.798794
v 12.289134 8.289369 -23.125935
v 12.244629 8.289369 -23.176171
v 12.181875 8.289369 -23.199970
v 12.115250 8.289369 -23.191880
v 12.060017 8.289369 -23.153753
v 12.028828 8.289369 -23.094329
v 12.028828 8.289369 -23.027214
v 12.060017 8.289369 -22.967788
v 12.115250 8.289369 -22.929663
v 12.181875 8.289369 -22.921573
v 12.244629 8.289369 -22.945372
v 12.289134 8.289369 -22.995608
v 12.305194 8.289369 -23.060771
v 12.289134 12.951434 -23.125935
v 12.244629 12.951434 -23.176171
v 12.181875 12.951434 -23.199970
v 12.115250 12.951434 -23.191880
v 12.060017 12.951434 -23.153753
v 12.028828 12.951434 -23.094329
v 12.028828 12.951434 -23.027214
v 12.060017 12.951434 -22.967788
v 12.115250 12.951434 -22.929663
v 12.181875 12.951434 -22.921573
v 12.244629 12.951434 -22.945372
v 12.289134 12.951434 -22.995608
v 12.305194 12.951434 -23.060771
v 12.164974 8.289369 -23.060771
v 12.164974 12.951434 -23.060771
v 12.289134 8.289369 -21.431631
v 12.244629 8.289369 -21.481867
v 12.181875 8.289369 -21.505665
v 12.115250 8.289369 -21.497576
v 12.060017 8.289369 -21.459451
v 12.028828 8.289369 -21.400025
v 12.028828 8.289369 -21.332910
v 12.060017 8.289369 -21.273484
v 12.115250 8.289369 -21.235358
v 12.181875 8.289369 -21.227269
v 12.244629 8.289369 -21.251068
v 12.289134 8.289369 -21.301303
v 12.305194 8.289369 -21.366467
v 12.289134 12.951434 -21.431631
v 12.244629 12.951434 -21.481867
v 12.181875 12.951434 -21.505665
v 12.115250 12.951434 -21.497576
v 12.060017 12.951434 -21.459451
v 12.028828 12.951434 -21.400025
v 12.028828 12.951434 -21.332910
v 12.060017 12.951434 -21.273484
v 12.115250 12.951434 -21.235358
v 12.181875 12.951434 -21.227269
v 12.244629 12.951434 -21.251068
v 12.289134 12.951434 -21.301303
v 12.305194 12.951434 -21.366467
v 12.164974 8.289369 -21.366467
v 12.164974 12.951434 -21.366467
v 12.289134 8.289369 -18.060771
v 12.244629 8.289369 -18.111006
v 12.181875 8.289369 -18.134806
v 12.115250 8.289369 -18.126716
v 12.060017 8.289369 -18.088592
v 12.028828 8.289369 -18.029165
v 12.028828 8.289369 -17.962051
v 12.060017 8.289369 -17.902625
v 12.115250 8.289369 -17.864499
v 12.181875 8.289369 -17.856410
v 12.244629 8.289369 -17.880207
v 12.289134 8.289369 -17.930444
v 12.305194 8.289369 -17.995607
v 12.289134 12.951434 -18.060771
v 12.244629 12.951434 -18.111006
v 12.181875 12.951434 -18.134806
v 12.115250 12.951434 -18.126716
v 12.060017 12.951434 -18.088592
v 12.028828 12.951434 -18.029165
v 12.028828 12.951434 -17.962051
v 12.060017 12.951434 -17.902625
v 12.115250 12.951434 -17.864499
v 12.181875 12.951434 -17.856410
v 12.244629 12.951434 -17.880207
v 12.289134 12.951434 -17.930444
v 12.305194 12.951434 -17.995607
v 12.164974 8.289369 -17.995607
v 12.164974 12.951434 -17.995607
v 12.289134 8.289369 -16.461411
v 12.244629 8.289369 -16.511647
v 12.181875 8.289369 -16.535445
v 12.115250 8.289369 -16.527357
v 12.060017 8.289369 -16.489231
v 12.028828 8.289369 -16.429805
v 12.028828 8.289369 -16.362690
v 12.060017 8.289369 -16.303264
v 12.115250 8.289369 -16.265139
v 12.181875 8.289369 -16.257049
v 12.244629 8.289369 -16.280848
v 12.289134 8.289369 -16.331084
v 12.305194 8.289369 -16.396247
v 12.289134 12.951434 -16.461411
v 12.244629 12.951434 -16.511647
v 12.181875 12.951434 -16.535445
v 12.115250 12.951434 -16.527357
v 12.060017 12.951434 -16.489231
v 12.028828 12.951434 -16.429805
v 12.028828 12.951434 -16.362690
v 12.060017 12.951434 -16.303264
v 12.115250 12.951434 -16.265139
v 12.181875 12.951434 -16.257049
v 12.244629 12.951434 -16.280848
v 12.289134 12.951434 -16.331084
v 12.305194 12.951434 -16.396247
v 12.164974 8.289369 -16.396247
v 12.164974 12.951434 -16.396247
v 12.289134 8.289369 -14.723387
v 12.244629 8.289369 -14.773622
v 12.181875 8.289369 -14.797421
v 12.115250 8.289369 -14.789332
v 12.060017 8.289369 -14.751206
v 12.028828 8.289369 -14.691781
v 12.028828 8.289369 -14.624666
v 12.060017 8.289369 -14.565239
v 12.115250 8.289369 -14.527115
v 12.181875 8.289369 -14.519025
v 12.244629 8.289369 -14.542823
v 12.289134 8.289369 -14.593060
v 12.305194 8.289369 -14.658223
v 12.289134 12.951434 -14.723387
v 12.244629 12.951434 -14.773622
v 12.181875 12.951434 -14.797421
v 12.115250 12.951434 -14.789332
v 12.060017 12.951434 -14.751206
v 12.028828 12.951434 -14.691781
v 12.028828 12.951434 -14.624666
v 12.060017 12.951434 -14.565239
v 12.115250 12.951434 -14.527115
v 12.181875 12.951434 -14.519025
v 12.244629 12.951434 -14.542823
v 12.289134 12.951434 -14.593060
v 12.305194 12.951434 -14.658223
v 12.164974 8.289369 -14.658223
v 12.164974 12.951434 -14.658223
v 12.289134 8.289369 -13.029082
v 12.244629 8.289369 -13.079318
v 12.181875 8.289369 -13.103117
v 12.115250 8.289369 -13.095028
v 12.060017 8.289369 -13.056902
v 12.028828 8.289369 -12.997476
v 12.028828 8.289369 -12.930362
v 12.060017 8.289369 -12.870935
v 12.115250 8.289369 -12.832810
v 12.181875 8.289369 -12.824721
v 12.244629 8.289369 -12.848519
v 12.289134 8.289369 -12.898755
v 12.305194 8.289369 -12.963919
v 12.289134 12.951434 -13.029082
v 12.244629 12.951434 -13.079318
v 12.181875 12.951434 -13.103117
v 12.115250 12.951434 -13.095028
v 12.060017 12.951434 -13.056902
v 12.028828 12.951434 -12.997476
v 12.028828 12.951434 -12.930362
v 12.060017 12.951434 -12.870935
v 12.115250 12.951434 -12.832810
v 12.181875 12.951434 -12.824721
v 12.244629 12.951434 -12.848519
v 12.289134 12.951434 -12.898755
v 12.305194 12.951434 -12.963919
v 12.164974 8.289369 -12.963919
v 12.164974 12.951434 -12.963919
v 11.850133 12.958267 35.623187
v 12.444152 12.958267 35.623187
v 11.850133 13.205800 35.623187
v 12.444152 13.205800 35.623187
v 11.850133 13.205800 12.044379
v 12.444152 13.205800 12.044379
v 11.850133 12.958267 12.044379
v 12.444152 12.958267 12.044379
v 11.850133 12.958267 -11.686909
v 12.444152 12.958267 -11.686909
v 11.850133 13.205800 -11.686909
v 12.444152 13.205800 -11.686909
v 11.850133 13.205800 -36.323961
v 12.444152 13.205800 -36.323961
v 11.850133 12.958267 -36.323961
v 12.444152 12.958267 -36.323961
v 11.805633 7.789973 -11.070807
v 12.447919 7.789973 -11.070807
v 11.805633 15.118956 -11.070807
v 12.447919 15.118956 -11.070807
v 11.805633 15.118956 -11.679622
v 12.447919 15.118956 -11.679622
v 11.805633 7.789973 -11.679622
v 12.447919 7.789973 -11.679622
v 11.953069 15.292954 -11.210513
v 12.300482 15.292954 -11.210513
v 12.300482 15.292954 -11.539915
v 11.953069 15.292954 -11.539915
v 11.982745 15.354125 -11.238642
v 12.270807 15.354125 -11.238642
v 12.270807 15.354125 -11.511786
v 11.982745 15.354125 -11.511786
v 12.008128 15.383144 -11.262712
v 12.245424 15.383144 -11.262712
v 12.245424 15.383144 -11.487717
v 12.008128 15.383144 -11.487717
v 12.018674 15.428767 -11.272713
v 12.234878 15.428767 -11.272713
v 12.234878 15.428767 -11.477717
v 12.018674 15.428767 -11.477717
v 12.018674 15.481022 -11.272713
v 12.234878 15.481022 -11.272713
v 12.234878 15.481022 -11.477717
v 12.018674 15.481022 -11.477717
v 12.014475 15.518635 -11.268733
v 12.239076 15.518635 -11.268733
v 12.239076 15.518635 -11.481696
v 12.014475 15.518635 -11.481696
v 11.987282 15.569096 -11.242952
v 12.266270 15.569096 -11.242952
v 12.266270 15.569096 -11.507477
v 11.987282 15.569096 -11.507477
v 11.972669 15.597637 -11.229094
v 12.280883 15.597637 -11.229094
v 12.280883 15.597637 -11.521336
v 11.972669 15.597637 -11.521336
v 11.937297 15.651842 -11.195553
v 12.316254 15.651842 -11.195553
v 12.316254 15.651842 -11.554876
v 11.937297 15.651842 -11.554876
v 11.904083 15.694535 -11.164069
v 12.349469 15.694535 -11.164069
v 12.349469 15.694535 -11.586360
v 11.904083 15.694535 -11.586360
v 11.904083 15.732281 -11.164069
v 12.349469 15.732281 -11.164069
v 12.349469 15.732281 -11.586360
v 11.904083 15.732281 -11.586360
v 11.914417 15.769060 -11.173862
v 12.339135 15.769060 -11.173862
v 12.339135 15.769060 -11.576568
v 11.914417 15.769060 -11.576568
v 11.943192 15.847140 -11.201152
v 12.310360 15.847140 -11.201152
v 12.310360 15.847140 -11.549277
v 11.943192 15.847140 -11.549277
v 11.980017 15.931015 -11.236053
v 12.273540 15.931015 -11.236053
v 12.273540 15.931015 -11.514376
v 11.980017 15.931015 -11.514376
v 12.018688 16.004256 -11.272729
v 12.234869 16.004256 -11.272729
v 12.234869 16.004256 -11.477701
v 12.018688 16.004256 -11.477701
v 12.067296 16.086490 -11.318809
v 12.186260 16.086490 -11.318809
v 12.186260 16.086490 -11.431620
v 12.067296 16.086490 -11.431620
v 12.095497 16.167418 -11.345554
v 12.158060 16.167418 -11.345554
v 12.158060 16.167418 -11.404873
v 12.095497 16.167418 -11.404873
v 11.805633 7.789973 12.049868
v 12.447919 7.789973 12.049868
v 11.805633 15.118956 12.049868
v 12.447919 15.118956 12.049868
v 11.805633 15.118956 11.441054
v 12.447919 15.118956 11.441054
v 11.805633 7.789973 11.441054
v 12.447919 7.789973 11.441054
v 11.953069 15.292954 11.910162
v 12.300482 15.292954 11.910162
v 12.300482 15.292954 11.580760
v 11.953069 15.292954 11.580760
v 11.982745 15.354125 11.882033
v 12.270807 15.354125 11.882033
v 12.270807 15.354125 11.608889
v 11.982745 15.354125 11.608889
v 12.008128 15.383144 11.857964
v 12.245424 15.383144 11.857964
v 12.245424 15.383144 11.632958
v 12.008128 15.383144 11.632958
v 12.018674 15.428767 11.847962
v 12.234878 15.428767 11.847962
v 12.234878 15.428767 11.642958
v 12.018674 15.428767 11.642958
v 12.018674 15.481022 11.847962
v 12.234878 15.481022 11.847962
v 12.234878 15.481022 11.642958
v 12.018674 15.481022 11.642958
v 12.014475 15.518635 11.851942
v 12.239076 15.518635 11.851942
v 12.239076 15.518635 11.638979
v 12.014475 15.518635 11.638979
v 11.987282 15.569096 11.877723
v 12.266270 15.569096 11.877723
v 12.266270 15.569096 11.613198
v 11.987282 15.569096 11.613198
v 11.972669 15.597637 11.891581
v 12.280883 15.597637 11.891581
v 12.280883 15.597637 11.599339
v 11.972669 15.597637 11.599339
v 11.937297 15.651842 11.925122
v 12.316254 15.651842 11.925122
v 12.316254 15.651842 11.565799
v 11.937297 15.651842 11.565799
v 11.904083 15.694535 11.956606
v 12.349469 15.694535 11.956606
v 12.349469 15.694535 11.534315
v 11.904083 15.694535 11.534315
v 11.904083 15.732281 11.956606
v 12.349469 15.732281 11.956606
v 12.349469 15.732281 11.534315
v 11.904083 15.732281 11.534315
v 11.914417 15.769060 11.946813
v 12.339135 15.769060 11.946813
v 12.339135 15.769060 11.544107
v 11.914417 15.769060 11.544107
v 11.943192 15.847140 11.919523
v 12.310360 15.847140 11.919523
v 12.310360 15.847140 11.571398
v 11.943192 15.847140 11.571398
v 11.980017 15.931015 11.884622
v 12.273540 15.931015 11.884622
v 12.273540 15.931015 11.606299
v 11.980017 15.931015 11.606299
v 12.018688 16.004256 11.847946
v 12.234869 16.004256 11.847946
v 12.234869 16.004256 11.642975
v 12.018688 16.004256 11.642975
v 12.067296 16.086490 11.801866
v 12.186260 16.086490 11.801866
v 12.186260 16.086490 11.689056
v 12.067296 16.086490 11.689056
v 12.095497 16.167418 11.775121
v 12.158060 16.167418 11.775121
v 12.158060 16.167418 11.715802
v 12.095497 16.167418 11.715802
v 11.805633 7.836998 35.620297
v 12.447919 7.836998 35.620297
v 11.805633 12.949327 35.620297
v 12.447919 12.949327 35.620297
v 11.805633 12.949327 35.011481
v 12.447919 12.949327 35.011481
v 11.805633 7.836998 35.011481
v 12.447919 7.836998 35.011481
v 11.805633 7.836998 20.003107
v 12.447919 7.836998 20.003107
v 11.805633 12.949327 20.003107
v 12.447919 12.949327 20.003107
v 11.805633 12.949327 19.394291
v 12.447919 12.949327 19.394291
v 11.805633 7.836998 19.394291
v 12.447919 7.836998 19.394291
v 11.805633 7.836998 -35.682772
v 12.447919 7.836998 -35.682772
v 11.805633 12.949327 -35.682772
v 12.447919 12.949327 -35.682772
v 11.805633 12.949327 -36.291588
v 12.447919 12.949327 -36.291588
v 11.805633 7.836998 -36.291588
v 12.447919 7.836998 -36.291588
v 11.805633 7.836998 -19.295704
v 12.447919 7.836998 -19.295704
v 11.805633 12.949327 -19.295704
v 12.447919 12.949327 -19.295704
v 11.805633 12.949327 -19.904519
v 12.447919 12.949327 -19.904519
v 11.805633 7.836998 -19.904519
v 12.447919 7.836998 -19.904519
v 20.660227 0.131422 12.655122
v 22.399393 0.131422 12.655122
v 20.660227 8.325960 12.655122
v 22.399393 8.325960 12.655122
v 20.660227 8.325960 11.019344
v 22.399393 8.325960 11.019344
v 20.660227 0.131422 11.019344
v 22.399393 0.131422 11.019344
v 20.660227 0.131422 -10.683672
v 22.399393 0.131422 -10.683672
v 20.660227 8.325960 -10.683672
v 22.399393 8.325960 -10.683672
v 20.660227 8.325960 -12.319450
v 22.399393 8.325960 -12.319450
v 20.660227 0.131422 -12.319450
v 22.399393 0.131422 -12.319450
v 12.214021 12.889451 -11.119991
v 20.774210 8.032184 -11.119991
v 12.403509 13.223396 -11.119991
v 20.963695 8.366128 -11.119991
v 12.403509 13.223396 -11.745982
v 20.963695 8.366128 -11.745982
v 12.214021 12.889451 -11.745982
v 20.774210 8.032184 -11.745982
v 12.214021 12.889451 12.077188
v 20.774210 8.032184 12.077188
v 12.403509 13.223396 12.077188
v 20.963695 8.366128 12.077188
v 12.403509 13.223396 11.451197
v 20.963695 8.366128 11.451197
v 12.214021 12.889451 11.451197
v 20.774210 8.032184 11.451197
v 13.228303 7.186410 11.603903
v 13.162012 7.186410 11.529076
v 13.068542 7.186410 11.493627
v 12.969303 7.186410 11.505677
v 12.887033 7.186410 11.562465
v 12.840574 7.186410 11.650982
v 12.840574 7.186410 11.750948
v 12.887031 7.186410 11.839465
v 12.969303 7.186410 11.896252
v 13.068542 7.186410 11.908303
v 13.162012 7.186410 11.872853
v 13.228303 7.186410 11.798026
v 13.252227 7.186410 11.700965
v 13.228303 12.505340 11.603903
v 13.162012 12.505340 11.529076
v 13.068542 12.505340 11.493627
v 12.969303 12.505340 11.505677
v 12.887033 12.505340 11.562465
v 12.840574 12.505340 11.650982
v 12.840574 12.505340 11.750948
v 12.887031 12.505340 11.839465
v 12.969303 12.505340 11.896252
v 13.068542 12.505340 11.908303
v 13.162012 12.505340 11.872853
v 13.228303 12.505340 11.798026
v 13.252227 12.505340 11.700965
v 13.043366 7.186410 11.700965
v 13.043366 12.505340 11.700965
v 11.847073 0.194974 11.914546
v 22.322402 0.194974 11.914546
v 11.847073 8.167772 11.914546
v 22.322402 1.127012 11.914546
v 11.847073 8.167772 11.493181
v 22.322402 1.127012 11.493181
v 11.847073 0.194974 11.493181
v 22.322402 0.194974 11.493181
v 14.188468 6.513889 11.603903
v 14.122177 6.513889 11.529076
v 14.028706 6.513889 11.493627
v 13.929468 6.513889 11.505677
v 13.847198 6.513889 11.562465
v 13.800739 6.513889 11.650982
v 13.800739 6.513889 11.750948
v 13.847195 6.513889 11.839465
v 13.929468 6.513889 11.896252
v 14.028706 6.513889 11.908303
v 14.122177 6.513889 11.872853
v 14.188468 6.513889 11.798026
v 14.212392 6.513889 11.700965
v 14.188468 11.990452 11.603903
v 14.122177 11.990452 11.529076
v 14.028706 11.990452 11.493627
v 13.929468 11.990452 11.505677
v 13.847198 11.990452 11.562465
v 13.800739 11.990452 11.650982
v 13.800739 11.990452 11.750948
v 13.847195 11.990452 11.839465
v 13.929468 11.990452 11.896252
v 14.028706 11.990452 11.908303
v 14.122177 11.990452 11.872853
v 14.188468 11.990452 11.798026
v 14.212392 11.990452 11.700965
v 14.003531 6.513889 11.700965
v 14.003531 11.990452 11.700965
v 15.096408 5.955528 11.603903
v 15.030117 5.955528 11.529076
v 14.936647 5.955528 11.493627
v 14.837408 5.955528 11.505677
v 14.755138 5.955528 11.562465
v 14.708679 5.955528 11.650982
v 14.708679 5.955528 11.750948
v 14.755136 5.955528 11.839465
v 14.837408 5.955528 11.896252
v 14.936647 5.955528 11.908303
v 15.030117 5.955528 11.872853
v 15.096408 5.955528 11.798026
v 15.120332 5.955528 11.700965
v 15.096408 11.632879 11.603903
v 15.030117 11.632879 11.529076
v 14.936647 11.632879 11.493627
v 14.837408 11.632879 11.505677
v 14.755138 11.632879 11.562465
v 14.708679 11.632879 11.650982
v 14.708679 11.632879 11.750948
v 14.755136 11.632879 11.839465
v 14.837408 11.632879 11.896252
v 14.936647 11.632879 11.908303
v 15.030117 11.632879 11.872853
v 15.096408 11.632879 11.798026
v 15.120332 11.632879 11.700965
v 14.911471 5.955528 11.700965
v 14.911471 11.632879 11.700965
v 16.182274 5.065091 11.603903
v 16.115983 5.065091 11.529076
v 16.022512 5.065091 11.493627
v 15.923274 5.065091 11.505677
v 15.841004 5.065091 11.562465
v 15.794545 5.065091 11.650982
v 15.794545 5.065091 11.750948
v 15.841002 5.065091 11.839465
v 15.923274 5.065091 11.896252
v 16.022512 5.065091 11.908303
v 16.115983 5.065091 11.872853
v 16.182274 5.065091 11.798026
v 16.206198 5.065091 11.700965
v 16.182274 10.992712 11.603903
v 16.115983 10.992712 11.529076
v 16.022512 10.992712 11.493627
v 15.923274 10.992712 11.505677
v 15.841004 10.992712 11.562465
v 15.794545 10.992712 11.650982
v 15.794545 10.992712 11.750948
v 15.841002 10.992712 11.839465
v 15.923274 10.992712 11.896252
v 16.022512 10.992712 11.908303
v 16.115983 10.992712 11.872853
v 16.182274 10.992712 11.798026
v 16.206198 10.992712 11.700965
v 15.997337 5.065091 11.700965
v 15.997337 10.992712 11.700965
v 17.278506 4.448126 11.603903
v 17.212216 4.448126 11.529076
v 17.118745 4.448126 11.493627
v 17.019507 4.448126 11.505677
v 16.937236 4.448126 11.562465
v 16.890778 4.448126 11.650982
v 16.890778 4.448126 11.750948
v 16.937234 4.448126 11.839465
v 17.019507 4.448126 11.896252
v 17.118745 4.448126 11.908303
v 17.212216 4.448126 11.872853
v 17.278506 4.448126 11.798026
v 17.302431 4.448126 11.700965
v 17.278506 10.375747 11.603903
v 17.212216 10.375747 11.529076
v 17.118745 10.375747 11.493627
v 17.019507 10.375747 11.505677
v 16.937236 10.375747 11.562465
v 16.890778 10.375747 11.650982
v 16.890778 10.375747 11.750948
v 16.937234 10.375747 11.839465
v 17.019507 10.375747 11.896252
v 17.118745 10.375747 11.908303
v 17.212216 10.375747 11.872853
v 17.278506 10.375747 11.798026
v 17.302431 10.375747 11.700965
v 17.093569 4.448126 11.700965
v 17.093569 10.375747 11.700965
v 18.426115 3.674673 11.603903
v 18.359824 3.674673 11.529076
v 18.266353 3.674673 11.493627
v 18.167115 3.674673 11.505677
v 18.084845 3.674673 11.562465
v 18.038386 3.674673 11.650982
v 18.038386 3.674673 11.750948
v 18.084842 3.674673 11.839465
v 18.167115 3.674673 11.896252
v 18.266353 3.674673 11.908303
v 18.359824 3.674673 11.872853
v 18.426115 3.674673 11.798026
v 18.450039 3.674673 11.700965
v 18.426115 9.602294 11.603903
v 18.359824 9.602294 11.529076
v 18.266353 9.602294 11.493627
v 18.167115 9.602294 11.505677
v 18.084845 9.602294 11.562465
v 18.038386 9.602294 11.650982
v 18.038386 9.602294 11.750948
v 18.084842 9.602294 11.839465
v 18.167115 9.602294 11.896252
v 18.266353 9.602294 11.908303
v 18.359824 9.602294 11.872853
v 18.426115 9.602294 11.798026
v 18.450039 9.602294 11.700965
v 18.241178 3.674673 11.700965
v 18.241178 9.602294 11.700965
v 19.606263 2.992661 11.603903
v 19.539972 2.992661 11.529076
v 19.446501 2.992661 11.493627
v 19.347263 2.992661 11.505677
v 19.264993 2.992661 11.562465
v 19.218534 2.992661 11.650982
v 19.218534 2.992661 11.750948
v 19.264990 2.992661 11.839465
v 19.347263 2.992661 11.896252
v 19.446501 2.992661 11.908303
v 19.539972 2.992661 11.872853
v 19.606263 2.992661 11.798026
v 19.630187 2.992661 11.700965
v 19.606263 8.920281 11.603903
v 19.539972 8.920281 11.529076
v 19.446501 8.920281 11.493627
v 19.347263 8.920281 11.505677
v 19.264993 8.920281 11.562465
v 19.218534 8.920281 11.650982
v 19.218534 8.920281 11.750948
v 19.264990 8.920281 11.839465
v 19.347263 8.920281 11.896252
v 19.446501 8.920281 11.908303
v 19.539972 8.920281 11.872853
v 19.606263 8.920281 11.798026
v 19.630187 8.920281 11.700965
v 19.421326 2.992661 11.700965
v 19.421326 8.920281 11.700965
v 13.228303 7.186410 -11.502837
v 13.162012 7.186410 -11.577663
v 13.068542 7.186410 -11.613113
v 12.969303 7.186410 -11.601062
v 12.887033 7.186410 -11.544275
v 12.840574 7.186410 -11.455758
v 12.840574 7.186410 -11.355792
v 12.887031 7.186410 -11.267275
v 12.969303 7.186410 -11.210488
v 13.068542 7.186410 -11.198437
v 13.162012 7.186410 -11.233886
v 13.228303 7.186410 -11.308713
v 13.252227 7.186410 -11.405775
v 13.228303 12.505340 -11.502837
v 13.162012 12.505340 -11.577663
v 13.068542 12.505340 -11.613113
v 12.969303 12.505340 -11.601062
v 12.887033 12.505340 -11.544275
v 12.840574 12.505340 -11.455758
v 12.840574 12.505340 -11.355792
v 12.887031 12.505340 -11.267275
v 12.969303 12.505340 -11.210488
v 13.068542 12.505340 -11.198437
v 13.162012 12.505340 -11.233886
v 13.228303 12.505340 -11.308713
v 13.252227 12.505340 -11.405775
v 13.043366 7.186410 -11.405775
v 13.043366 12.505340 -11.405775
v 11.847073 0.194974 -11.192194
v 22.322402 0.194974 -11.192194
v 11.847073 8.167772 -11.192194
v 22.322402 1.127012 -11.192194
v 11.847073 8.167772 -11.613559
v 22.322402 1.127012 -11.613559
v 11.847073 0.194974 -11.613559
v 22.322402 0.194974 -11.613559
v 14.188468 6.513889 -11.502837
v 14.122177 6.513889 -11.577663
v 14.028706 6.513889 -11.613113
v 13.929468 6.513889 -11.601062
v 13.847198 6.513889 -11.544275
v 13.800739 6.513889 -11.455758
v 13.800739 6.513889 -11.355792
v 13.847195 6.513889 -11.267275
v 13.929468 6.513889 -11.210488
v 14.028706 6.513889 -11.198437
v 14.122177 6.513889 -11.233886
v 14.188468 6.513889 -11.308713
v 14.212392 6.513889 -11.405775
v 14.188468 11.990451 -11.502837
v 14.122177 11.990451 -11.577663
v 14.028706 11.990451 -11.613113
v 13.929468 11.990451 -11.601062
v 13.847198 11.990451 -11.544275
v 13.800739 11.990451 -11.455758
v 13.800739 11.990451 -11.355792
v 13.847195 11.990451 -11.267275
v 13.929468 11.990451 -11.210488
v 14.028706 11.990451 -11.198437
v 14.122177 11.990451 -11.233886
v 14.188468 11.990451 -11.308713
v 14.212392 11.990451 -11.405775
v 14.003531 6.513889 -11.405775
v 14.003531 11.990451 -11.405775
v 15.096406 5.955528 -11.502837
v 15.030115 5.955528 -11.577663
v 14.936644 5.955528 -11.613113
v 14.837406 5.955528 -11.601062
v 14.755136 5.955528 -11.544275
v 14.708677 5.955528 -11.455758
v 14.708677 5.955528 -11.355792
v 14.755134 5.955528 -11.267275
v 14.837406 5.955528 -11.210488
v 14.936644 5.955528 -11.198437
v 15.030115 5.955528 -11.233886
v 15.096406 5.955528 -11.308713
v 15.120330 5.955528 -11.405775
v 15.096406 11.632879 -11.502837
v 15.030115 11.632879 -11.577663
v 14.936644 11.632879 -11.613113
v 14.837406 11.632879 -11.601062
v 14.755136 11.632879 -11.544275
v 14.708677 11.632879 -11.455758
v 14.708677 11.632879 -11.355792
v 14.755134 11.632879 -11.267275
v 14.837406 11.632879 -11.210488
v 14.936644 11.632879 -11.198437
v 15.030115 11.632879 -11.233886
v 15.096406 11.632879 -11.308713
v 15.120330 11.632879 -11.405775
v 14.911469 5.955528 -11.405775
v 14.911469 11.632879 -11.405775
v 16.182276 5.065091 -11.502837
v 16.115986 5.065091 -11.577663
v 16.022515 5.065091 -11.613113
v 15.923277 5.065091 -11.601062
v 15.841006 5.065091 -11.544275
v 15.794547 5.065091 -11.455758
v 15.794547 5.065091 -11.355792
v 15.841004 5.065091 -11.267275
v 15.923277 5.065091 -11.210488
v 16.022515 5.065091 -11.198437
v 16.115986 5.065091 -11.233886
v 16.182276 5.065091 -11.308713
v 16.206201 5.065091 -11.405775
v 16.182276 10.992712 -11.502837
v 16.115986 10.992712 -11.577663
v 16.022515 10.992712 -11.613113
v 15.923277 10.992712 -11.601062
v 15.841006 10.992712 -11.544275
v 15.794547 10.992712 -11.455758
v 15.794547 10.992712 -11.355792
v 15.841004 10.992712 -11.267275
v 15.923277 10.992712 -11.210488
v 16.022515 10.992712 -11.198437
v 16.115986 10.992712 -11.233886
v 16.182276 10.992712 -11.308713
v 16.206201 10.992712 -11.405775
v 15.997339 5.065091 -11.405775
v 15.997339 10.992712 -11.405775
v 17.278504 4.448126 -11.502837
v 17.212213 4.448126 -11.577663
v 17.118743 4.448126 -11.613113
v 17.019504 4.448126 -11.601062
v 16.937234 4.448126 -11.544275
v 16.890775 4.448126 -11.455758
v 16.890775 4.448126 -11.355792
v 16.937232 4.448126 -11.267275
v 17.019504 4.448126 -11.210488
v 17.118743 4.448126 -11.198437
v 17.212213 4.448126 -11.233886
v 17.278504 4.448126 -11.308713
v 17.302428 4.448126 -11.405775
v 17.278504 10.375747 -11.502837
v 17.212213 10.375747 -11.577663
v 17.118743 10.375747 -11.613113
v 17.019504 10.375747 -11.601062
v 16.937234 10.375747 -11.544275
v 16.890775 10.375747 -11.455758
v 16.890775 10.375747 -11.355792
v 16.937232 10.375747 -11.267275
v 17.019504 10.375747 -11.210488
v 17.118743 10.375747 -11.198437
v 17.212213 10.375747 -11.233886
v 17.278504 10.375747 -11.308713
v 17.302428 10.375747 -11.405775
v 17.093567 4.448126 -11.405775
v 17.093567 10.375747 -11.405775
v 18.426115 3.674673 -11.502837
v 18.359824 3.674673 -11.577663
v 18.266353 3.674673 -11.613113
v 18.167115 3.674673 -11.601062
v 18.084845 3.674673 -11.544275
v 18.038386 3.674673 -11.455758
v 18.038386 3.674673 -11.355792
v 18.084842 3.674673 -11.267275
v 18.167115 3.674673 -11.210488
v 18.266353 3.674673 -11.198437
v 18.359824 3.674673 -11.233886
v 18.426115 3.674673 -11.308713
v 18.450039 3.674673 -11.405775
v 18.426115 9.602294 -11.502837
v 18.359824 9.602294 -11.577663
v 18.266353 9.602294 -11.613113
v 18.167115 9.602294 -11.601062
v 18.084845 9.602294 -11.544275
v 18.038386 9.602294 -11.455758
v 18.038386 9.602294 -11.355792
v 18.084842 9.602294 -11.267275
v 18.167115 9.602294 -11.210488
v 18.266353 9.602294 -11.198437
v 18.359824 9.602294 -11.233886
v 18.426115 9.602294 -11.308713
v 18.450039 9.602294 -11.405775
v 18.241178 3.674673 -11.405775
v 18.241178 9.602294 -11.405775
v 19.606263 2.992661 -11.502837
v 19.539972 2.992661 -11.577663
v 19.446501 2.992661 -11.613113
v 19.347263 2.992661 -11.601062
v 19.264993 2.992661 -11.544275
v 19.218534 2.992661 -11.455758
v 19.218534 2.992661 -11.355792
v 19.264990 2.992661 -11.267275
v 19.347263 2.992661 -11.210488
v 19.446501 2.992661 -11.198437
v 19.539972 2.992661 -11.233886
v 19.606263 2.992661 -11.308713
v 19.630187 2.992661 -11.405775
v 19.606263 8.920281 -11.502837
v 19.539972 8.920281 -11.577663
v 19.446501 8.920281 -11.613113
v 19.347263 8.920281 -11.601062
v 19.264993 8.920281 -11.544275
v 19.218534 8.920281 -11.455758
v 19.218534 8.920281 -11.355792
v 19.264990 8.920281 -11.267275
v 19.347263 8.920281 -11.210488
v 19.446501 8.920281 -11.198437
v 19.539972 8.920281 -11.233886
v 19.606263 8.920281 -11.308713
v 19.630187 8.920281 -11.405775
v 19.421326 2.992661 -11.405775
v 19.421326 8.920281 -11.405775
v 20.484899 8.442788 12.820012
v 22.574722 8.442788 12.820012
v 22.574722 8.442788 10.854454
v 20.484899 8.442788 10.854454
v 20.484899 8.442788 -10.518773
v 22.574722 8.442788 -10.518773
v 22.574722 8.442788 -12.484350
v 20.484899 8.442788 -12.484350
v 20.484899 8.574909 12.820012
v 22.574722 8.574909 12.820012
v 22.574722 8.574909 10.854454
v 20.484899 8.574909 10.854454
v 20.484899 8.574909 -10.518773
v 22.574722 8.574909 -10.518773
v 22.574722 8.574909 -12.484350
v 20.484899 8.574909 -12.484350
v 20.643605 8.659971 12.670754
v 22.416016 8.659971 12.670754
v 22.416016 8.659971 11.003712
v 20.643605 8.659971 11.003712
v 20.643605 8.659971 -10.668031
v 22.416016 8.659971 -10.668031
v 22.416016 8.659971 -12.335092
v 20.643605 8.659971 -12.335092
v 21.034917 8.823123 12.302716
v 22.024704 8.823123 12.302716
v 22.024704 8.823123 11.371750
v 21.034917 8.823123 11.371750
v 21.034917 8.823123 -11.036065
v 22.024704 8.823123 -11.036065
v 22.024704 8.823123 -11.967057
v 21.034917 8.823123 -11.967057
v -2.932359 6.824764 -45.962182
v -2.932359 6.824764 -46.617164
v -2.932359 7.929932 -45.962182
v -2.932359 7.929932 -46.617164
v -14.340756 7.929932 -45.962182
v -14.340756 7.929932 -46.617164
v -14.340756 6.824764 -45.962182
v -14.340756 6.824764 -46.617164
v -2.982899 7.121405 -45.949306
v -3.617715 7.121405 -45.949306
v -2.982899 -0.116073 -43.435055
v -3.617715 -0.116073 -43.435055
v -2.982899 -0.076363 -43.902423
v -3.617715 -0.076363 -43.902423
v -2.982899 7.903748 -45.879670
v -2.982899 7.900891 -45.963822
v -3.617715 7.903748 -45.879670
v -3.617715 7.900891 -45.963822
v -13.490647 7.121405 -45.949306
v -14.125464 7.121405 -45.949306
v -13.490647 -0.116073 -43.435055
v -14.125464 -0.116073 -43.435055
v -13.490647 -0.076363 -43.902423
v -14.125464 -0.076363 -43.902423
v -13.490647 7.903748 -45.879670
v -13.490647 7.900891 -45.963822
v -14.125464 7.903748 -45.879670
v -14.125464 7.900891 -45.963822
v -3.623595 7.121405 -46.650667
v -2.988779 7.121405 -46.650667
v -3.623595 -0.116073 -49.164913
v -2.988779 -0.116073 -49.164913
v -3.623595 -0.076363 -48.697549
v -2.988779 -0.076363 -48.697549
v -3.623595 7.903748 -46.720303
v -3.623595 7.900891 -46.636146
v -2.988779 7.903748 -46.720303
v -2.988779 7.900891 -46.636146
v -14.125464 7.121405 -46.629611
v -13.490647 7.121405 -46.629611
v -14.125464 -0.116073 -49.143857
v -13.490647 -0.116073 -49.143857
v -14.125464 -0.076363 -48.676494
v -13.490647 -0.076363 -48.676494
v -14.125464 7.903748 -46.699243
v -14.125464 7.900891 -46.615090
v -13.490647 7.903748 -46.699243
v -13.490647 7.900891 -46.615090
v -3.201564 6.411769 -45.743825
v -2.918364 6.411769 -45.743825
v -3.201564 6.694974 -45.822453
v -2.918364 6.694974 -45.822453
v -3.201564 6.694974 -46.782405
v -2.918364 6.694974 -46.782405
v -3.201564 6.411769 -46.852249
v -2.918364 6.411769 -46.852249
v -14.177413 6.411769 -45.743825
v -13.894213 6.411769 -45.743825
v -14.177413 6.694974 -45.822453
v -13.894213 6.694974 -45.822453
v -14.177413 6.694974 -46.782405
v -13.894213 6.694974 -46.782405
v -14.177413 6.411769 -46.852249
v -13.894213 6.411769 -46.852249
v -1.228848 6.824764 39.450130
v -1.307104 6.824764 38.799844
v -1.228848 7.929932 39.450130
v -1.307104 7.929932 38.799844
v -12.555524 7.929932 40.813182
v -12.633780 7.929932 40.162896
v -12.555524 6.824764 40.813182
v -12.633780 6.824764 40.162896
v -1.277487 7.121405 39.468950
v -1.907757 7.121405 39.544799
v -0.977090 -0.116073 41.965192
v -1.607358 -0.116073 42.041040
v -1.032929 -0.076363 41.501174
v -1.663199 -0.076363 41.577023
v -1.269166 7.903748 39.538089
v -1.279222 7.900891 39.454540
v -1.899436 7.903748 39.613938
v -1.909489 7.900891 39.530389
v -11.709967 7.121405 40.724398
v -12.340236 7.121405 40.800242
v -11.409569 -0.116073 43.220640
v -12.039839 -0.116073 43.296484
v -11.465409 -0.076363 42.756622
v -12.095679 -0.076363 42.832466
v -11.701647 7.903748 40.793537
v -11.711701 7.900891 40.709988
v -12.331916 7.903748 40.869381
v -12.341970 7.900891 40.785832
v -1.997391 7.121405 38.849167
v -1.367121 7.121405 38.773323
v -2.297788 -0.116073 36.352930
v -1.667520 -0.116073 36.277086
v -2.241948 -0.076363 36.816943
v -1.611678 -0.076363 36.741099
v -2.005711 7.903748 38.780028
v -1.995656 7.900891 38.863581
v -1.375441 7.903748 38.704184
v -1.365386 7.900891 38.787737
v -12.421518 7.121405 40.124813
v -11.791248 7.121405 40.048969
v -12.721914 -0.116073 37.628576
v -12.091645 -0.116073 37.552732
v -12.666075 -0.076363 38.092594
v -12.035806 -0.076363 38.016750
v -12.429837 7.903748 40.055679
v -12.419783 7.900891 40.139228
v -11.799568 7.903748 39.979835
v -11.789513 7.900891 40.063384
v -1.470034 6.411769 39.699090
v -1.188864 6.411769 39.665251
v -1.479428 6.694974 39.621025
v -1.198258 6.694974 39.587186
v -1.594123 6.694974 38.667949
v -1.312950 6.694974 38.634110
v -1.602469 6.411769 38.598607
v -1.321296 6.411769 38.564768
v -12.367263 6.411769 41.010461
v -12.086091 6.411769 40.976626
v -12.376657 6.694974 40.932395
v -12.095485 6.694974 40.898561
v -12.491350 6.694974 39.979319
v -12.210179 6.694974 39.945484
v -12.499696 6.411769 39.909977
v -12.218524 6.411769 39.876143
vt 0.375000 0.000000
vt 0.625000 0.000000
vt 0.375000 0.250000
vt 0.625000 0.250000
vt 0.375000 0.500000
vt 0.625000 0.500000
vt 0.375000 0.750000
vt 0.625000 0.750000
vt 0.375000 1.000000
vt 0.625000 1.000000
vt 0.875000 0.000000
vt 0.875000 0.250000
vt 0.125000 0.000000
vt 0.125000 0.250000
vt 0.309260 0.250000
vt 0.375000 0.315740
vt 0.309260 0.000000
vt 0.375000 0.934260
vt 0.625000 0.934260
vt 0.690740 0.000000
vt 0.625000 0.315740
vt 0.690740 0.250000
vt 0.215457 0.000000
vt 0.375000 0.840457
vt 0.215457 0.250000
vt 0.375000 0.409543
vt 0.625000 0.409543
vt 0.784543 0.250000
vt 0.625000 0.840457
vt 0.784543 0.000000
vt 0.375000 0.000000
vt 0.625000 0.000000
vt 0.625000 0.250000
vt 0.375000 0.250000
vt 0.375000 0.500000
vt 0.625000 0.500000
vt 0.625000 0.750000
vt 0.375000 0.750000
vt 0.625000 0.000000
vt 0.690740 0.000000
vt 0.690740 0.250000
vt 0.625000 0.250000
vt 0.375000 0.124523
vt 0.309260 0.124523
vt 0.215457 0.124523
vt 0.125000 0.124523
vt 0.375000 0.625477
vt 0.375000 0.625477
vt 0.625000 0.625477
vt 0.625000 0.625477
vt 0.875000 0.124523
vt 0.784543 0.124523
vt 0.690740 0.124523
vt 0.625000 0.124523
vt 0.625000 0.124523
vt 0.375000 0.124523
vt 0.690740 0.124523
vt 0.625000 0.124521
vt 0.625000 0.124523
vt 0.625000 0.124521
vt 0.625000 0.250000
vt 0.625000 0.250000
vt 0.625000 0.000000
vt 0.625000 0.124521
vt 0.625000 0.124523
vt 0.625000 0.000000
vt 0.625000 0.124523
vt 0.690740 0.124523
vt 0.690740 0.250000
vt 0.625000 0.250000
vt 0.625000 0.000000
vt 0.690740 0.000000
vt 0.690740 0.124523
vt 0.625000 0.124523
vt 0.690740 0.250000
vt 0.690740 0.124523
vt 0.784543 0.124523
vt 0.784543 0.250000
vt 0.784543 0.250000
vt 0.784543 0.124523
vt 0.875000 0.124523
vt 0.875000 0.250000
vt 0.875000 0.124523
vt 0.784543 0.124523
vt 0.784543 0.000000
vt 0.875000 0.000000
vt 0.625000 0.500000
vt 0.625000 0.625477
vt 0.625000 0.625477
vt 0.625000 0.500000
vt 0.625000 0.625477
vt 0.625000 0.625477
vt 0.625000 0.750000
vt 0.625000 0.750000
vt 0.784543 0.124523
vt 0.690740 0.124523
vt 0.690740 0.000000
vt 0.784543 0.000000
vt 0.293441 0.250000
vt 0.375000 0.331559
vt 0.293441 0.124523
vt 0.293441 0.000000
vt 0.375000 0.918441
vt 0.625000 0.918441
vt 0.706504 0.000000
vt 0.706559 0.124523
vt 0.706559 0.124523
vt 0.706559 0.250000
vt 0.625000 0.331559
vt 0.706559 0.250000
vt 0.625000 0.856015
vt 0.768985 0.000000
vt 0.231015 0.000000
vt 0.375000 0.856015
vt 0.231015 0.124523
vt 0.231015 0.250000
vt 0.375000 0.393985
vt 0.625000 0.393985
vt 0.768985 0.250000
vt 0.768985 0.250000
vt 0.768985 0.124523
vt 0.707501 0.124523
vt 0.706323 0.000000
vt 0.768198 0.124523
vt 0.769635 0.124523
vt 0.770222 0.000000
vt 0.784543 0.124523
vt 0.769635 0.124523
vt 0.770222 0.000000
vt 0.784543 0.000000
vt 0.706323 0.000000
vt 0.706559 0.124523
vt 0.690740 0.124523
vt 0.690740 0.000000
vt 0.770222 0.000000
vt 0.769635 0.124523
vt 0.706559 0.124523
vt 0.706323 0.000000
vt 0.616859 0.000000
vt 0.616859 1.000000
vt 0.616859 0.000000
vt 0.616859 0.124523
vt 0.616859 0.250000
vt 0.616859 0.250000
vt 0.616859 0.315740
vt 0.616859 0.331559
vt 0.616859 0.393985
vt 0.616859 0.409543
vt 0.616859 0.500000
vt 0.616859 0.500000
vt 0.616859 0.625477
vt 0.616859 0.750000
vt 0.616859 0.750000
vt 0.616859 0.840457
vt 0.616859 0.856015
vt 0.616859 0.918441
vt 0.616859 0.934260
vt 0.625000 0.250000
vt 0.616859 0.250000
vt 0.616859 0.250000
vt 0.625000 0.250000
vt 0.625000 0.250000
vt 0.616859 0.250000
vt 0.616859 0.250000
vt 0.625000 0.250000
vt 0.625000 0.250000
vt 0.616859 0.250000
vt 0.616859 0.250000
vt 0.625000 0.250000
vt 0.625000 0.250000
vt 0.616859 0.250000
vt 0.616859 0.250000
vt 0.625000 0.250000
vt 0.625000 0.250000
vt 0.616859 0.250000
vt 0.616859 0.250000
vt 0.625000 0.250000
vt 0.625000 0.250000
vt 0.616859 0.250000
vt 0.616859 0.250000
vt 0.625000 0.250000
vt 0.625000 0.250000
vt 0.616859 0.250000
vt 0.616859 0.250000
vt 0.625000 0.250000
vt 0.625000 0.250000
vt 0.616859 0.250000
vt 0.616859 0.250000
vt 0.625000 0.250000
vt 0.625000 0.250000
vt 0.616859 0.250000
vt 0.616859 0.250000
vt 0.625000 0.250000
vt 0.616859 0.331559
vt 0.616859 0.315740
vt 0.625000 0.315740
vt 0.625000 0.331559
vt 0.616859 0.409543
vt 0.616859 0.393985
vt 0.625000 0.393985
vt 0.625000 0.409543
vt 0.616859 0.331559
vt 0.616859 0.315740
vt 0.625000 0.315740
vt 0.625000 0.331559
vt 0.616859 0.409543
vt 0.616859 0.393985
vt 0.625000 0.393985
vt 0.625000 0.409543
vt 0.616859 0.393985
vt 0.616859 0.331559
vt 0.625000 0.331559
vt 0.625000 0.393985
vt 0.616859 0.393985
vt 0.616859 0.331559
vt 0.625000 0.331559
vt 0.625000 0.393985
vt 0.616859 0.393985
vt 0.616859 0.331559
vt 0.625000 0.331559
vt 0.625000 0.393985
vt 0.616859 0.393985
vt 0.616859 0.331559
vt 0.625000 0.331559
vt 0.625000 0.393985
vt 0.616859 0.393985
vt 0.616859 0.331559
vt 0.625000 0.331559
vt 0.625000 0.393985
vt 0.616859 0.393985
vt 0.616859 0.331559
vt 0.625000 0.331559
vt 0.625000 0.393985
vt 0.616859 0.393985
vt 0.616859 0.331559
vt 0.625000 0.331559
vt 0.625000 0.393985
vt 0.616859 0.393985
vt 0.616859 0.331559
vt 0.625000 0.331559
vt 0.625000 0.393985
vt 0.616859 0.393985
vt 0.616859 0.331559
vt 0.625000 0.331559
vt 0.625000 0.393985
vt 0.616859 0.393985
vt 0.616859 0.331559
vt 0.625000 0.331559
vt 0.625000 0.393985
vt 0.616859 0.393985
vt 0.616859 0.331559
vt 0.625000 0.331559
vt 0.625000 0.393985
vt 0.616859 0.393985
vt 0.616859 0.331559
vt 0.625000 0.331559
vt 0.625000 0.393985
vt 0.616859 0.393985
vt 0.616859 0.331559
vt 0.625000 0.331559
vt 0.625000 0.393985
vt 0.616859 0.393985
vt 0.616859 0.331559
vt 0.625000 0.331559
vt 0.625000 0.393985
vt 0.616859 0.393985
vt 0.616859 0.331559
vt 0.625000 0.331559
vt 0.625000 0.393985
vt 0.616859 0.393985
vt 0.616859 0.331559
vt 0.625000 0.331559
vt 0.625000 0.393985
vt 0.616859 0.393985
vt 0.616859 0.331559
vt 0.625000 0.331559
vt 0.625000 0.393985
vt 0.616859 0.393985
vt 0.616859 0.331559
vt 0.625000 0.331559
vt 0.625000 0.393985
vt 0.616859 0.500000
vt 0.616859 0.500000
vt 0.625000 0.500000
vt 0.625000 0.500000
vt 0.616859 0.500000
vt 0.616859 0.500000
vt 0.625000 0.500000
vt 0.625000 0.500000
vt 0.616859 0.500000
vt 0.616859 0.500000
vt 0.625000 0.500000
vt 0.625000 0.500000
vt 0.616859 0.500000
vt 0.616859 0.500000
vt 0.625000 0.500000
vt 0.625000 0.500000
vt 0.616859 0.500000
vt 0.616859 0.500000
vt 0.625000 0.500000
vt 0.625000 0.500000
vt 0.616859 0.500000
vt 0.616859 0.500000
vt 0.625000 0.500000
vt 0.625000 0.500000
vt 0.616859 0.500000
vt 0.616859 0.500000
vt 0.625000 0.500000
vt 0.625000 0.500000
vt 0.616859 0.500000
vt 0.616859 0.500000
vt 0.625000 0.500000
vt 0.625000 0.500000
vt 0.616859 0.500000
vt 0.616859 0.500000
vt 0.625000 0.500000
vt 0.625000 0.500000
vt 0.616859 0.315740
vt 0.616859 0.250000
vt 0.625000 0.250000
vt 0.625000 0.315740
vt 0.616859 0.500000
vt 0.616859 0.409543
vt 0.625000 0.409543
vt 0.625000 0.500000
vt 0.616859 0.315740
vt 0.616859 0.250000
vt 0.625000 0.250000
vt 0.625000 0.315740
vt 0.616859 0.500000
vt 0.616859 0.409543
vt 0.625000 0.409543
vt 0.625000 0.500000
vt 0.616859 0.315740
vt 0.616859 0.250000
vt 0.625000 0.250000
vt 0.625000 0.315740
vt 0.616859 0.500000
vt 0.616859 0.409543
vt 0.625000 0.409543
vt 0.625000 0.500000
vt 0.616859 0.315740
vt 0.616859 0.250000
vt 0.625000 0.250000
vt 0.625000 0.315740
vt 0.616859 0.500000
vt 0.616859 0.409543
vt 0.625000 0.409543
vt 0.625000 0.500000
vt 0.616859 0.315740
vt 0.616859 0.250000
vt 0.625000 0.250000
vt 0.625000 0.315740
vt 0.616859 0.500000
vt 0.616859 0.409543
vt 0.625000 0.409543
vt 0.625000 0.500000
vt 0.616859 0.315740
vt 0.616859 0.250000
vt 0.625000 0.250000
vt 0.625000 0.315740
vt 0.616859 0.500000
vt 0.616859 0.409543
vt 0.625000 0.409543
vt 0.625000 0.500000
vt 0.616859 0.315740
vt 0.616859 0.250000
vt 0.625000 0.250000
vt 0.625000 0.315740
vt 0.616859 0.500000
vt 0.616859 0.409543
vt 0.625000 0.409543
vt 0.625000 0.500000
vt 0.616859 0.315740
vt 0.616859 0.250000
vt 0.625000 0.250000
vt 0.625000 0.315740
vt 0.616859 0.500000
vt 0.616859 0.409543
vt 0.625000 0.409543
vt 0.625000 0.500000
vt 0.616859 0.315740
vt 0.616859 0.250000
vt 0.625000 0.250000
vt 0.625000 0.315740
vt 0.616859 0.500000
vt 0.616859 0.409543
vt 0.625000 0.409543
vt 0.625000 0.500000
vt 0.616859 0.315740
vt 0.616859 0.250000
vt 0.625000 0.250000
vt 0.625000 0.315740
vt 0.616859 0.500000
vt 0.616859 0.409543
vt 0.625000 0.409543
vt 0.625000 0.500000
vt 0.616859 0.315740
vt 0.616859 0.250000
vt 0.625000 0.250000
vt 0.625000 0.315740
vt 0.616859 0.500000
vt 0.616859 0.409543
vt 0.625000 0.409543
vt 0.625000 0.500000
vt 0.616859 0.315740
vt 0.616859 0.250000
vt 0.625000 0.250000
vt 0.625000 0.315740
vt 0.616859 0.500000
vt 0.616859 0.409543
vt 0.625000 0.409543
vt 0.625000 0.500000
vt 0.616859 0.315740
vt 0.616859 0.250000
vt 0.625000 0.250000
vt 0.625000 0.315740
vt 0.616859 0.500000
vt 0.616859 0.409543
vt 0.625000 0.409543
vt 0.625000 0.500000
vt 0.616859 0.315740
vt 0.616859 0.250000
vt 0.625000 0.250000
vt 0.625000 0.315740
vt 0.616859 0.500000
vt 0.616859 0.409543
vt 0.625000 0.409543
vt 0.625000 0.500000
vt 0.616859 0.315740
vt 0.616859 0.250000
vt 0.625000 0.250000
vt 0.625000 0.315740
vt 0.616859 0.500000
vt 0.616859 0.409543
vt 0.625000 0.409543
vt 0.625000 0.500000
vt 0.616859 0.315740
vt 0.616859 0.250000
vt 0.625000 0.250000
vt 0.625000 0.315740
vt 0.616859 0.500000
vt 0.616859 0.409543
vt 0.625000 0.409543
vt 0.625000 0.500000
vt 0.616859 0.315740
vt 0.616859 0.250000
vt 0.625000 0.250000
vt 0.625000 0.315740
vt 0.616859 0.500000
vt 0.616859 0.409543
vt 0.625000 0.409543
vt 0.625000 0.500000
vt 0.616859 0.315740
vt 0.616859 0.250000
vt 0.625000 0.250000
vt 0.625000 0.315740
vt 0.616859 0.500000
vt 0.616859 0.409543
vt 0.625000 0.409543
vt 0.625000 0.500000
vt 0.616859 0.315740
vt 0.616859 0.250000
vt 0.625000 0.250000
vt 0.625000 0.315740
vt 0.616859 0.500000
vt 0.616859 0.409543
vt 0.625000 0.409543
vt 0.625000 0.500000
vt 0.616859 0.315740
vt 0.616859 0.250000
vt 0.625000 0.250000
vt 0.625000 0.315740
vt 0.616859 0.500000
vt 0.616859 0.409543
vt 0.625000 0.409543
vt 0.625000 0.500000
vt 0.375000 0.000000
vt 0.625000 0.000000
vt 0.625000 0.250000
vt 0.375000 0.250000
vt 0.625000 0.274738
vt 0.375000 0.274738
vt 0.375000 0.500000
vt 0.625000 0.500000
vt 0.625000 0.750000
vt 0.375000 0.750000
vt 0.375000 0.975262
vt 0.625000 0.975262
vt 0.625000 1.000000
vt 0.375000 1.000000
vt 0.625000 0.000000
vt 0.649738 0.000000
vt 0.649738 0.250000
vt 0.625000 0.250000
vt 0.350262 0.250000
vt 0.350262 0.000000
vt 0.125000 0.000000
vt 0.172448 0.000000
vt 0.172448 0.250000
vt 0.125000 0.250000
vt 0.625000 0.797448
vt 0.375000 0.797448
vt 0.827552 0.250000
vt 0.827552 0.000000
vt 0.875000 0.000000
vt 0.875000 0.250000
vt 0.375000 0.452552
vt 0.625000 0.452552
vt 0.324213 0.250000
vt 0.324213 0.000000
vt 0.625000 0.300787
vt 0.375000 0.300787
vt 0.649738 0.250000
vt 0.649738 0.000000
vt 0.675787 0.000000
vt 0.675787 0.250000
vt 0.375000 0.949213
vt 0.625000 0.949213
vt 0.299000 0.250000
vt 0.299000 0.000000
vt 0.625000 0.326000
vt 0.375000 0.326000
vt 0.675787 0.250000
vt 0.675787 0.000000
vt 0.701000 0.000000
vt 0.701000 0.250000
vt 0.375000 0.924000
vt 0.625000 0.924000
vt 0.226810 0.250000
vt 0.226810 0.000000
vt 0.625000 0.398190
vt 0.375000 0.398190
vt 0.701000 0.250000
vt 0.701000 0.000000
vt 0.773190 0.000000
vt 0.773190 0.250000
vt 0.375000 0.851810
vt 0.625000 0.851810
vt 0.625000 0.924000
vt 0.375000 0.924000
vt 0.200579 0.250000
vt 0.200579 0.000000
vt 0.625000 0.424421
vt 0.375000 0.424421
vt 0.773190 0.250000
vt 0.773190 0.000000
vt 0.799421 0.000000
vt 0.799421 0.250000
vt 0.375000 0.825579
vt 0.625000 0.825579
vt 0.625000 0.851810
vt 0.375000 0.851810
vt 0.799421 0.250000
vt 0.799421 0.000000
vt 0.827552 0.000000
vt 0.827552 0.250000
vt 0.625000 0.825579
vt 0.375000 0.825579
vt 0.649738 0.000000
vt 0.649738 0.000000
vt 0.625000 0.000000
vt 0.649738 0.250000
vt 0.649738 0.250000
vt 0.625000 0.250000
vt 0.649738 0.000000
vt 0.649738 0.250000
vt 0.675787 0.000000
vt 0.675787 0.000000
vt 0.675787 0.250000
vt 0.675787 0.250000
vt 0.675787 0.000000
vt 0.675787 0.250000
vt 0.701000 0.000000
vt 0.701000 0.250000
vt 0.773190 0.000000
vt 0.773190 0.250000
vt 0.799421 0.000000
vt 0.799421 0.250000
vt 0.799421 0.250000
vt 0.799421 0.000000
vt 0.625000 0.851810
vt 0.375000 0.851810
vt 0.773190 0.000000
vt 0.773190 0.250000
vt 0.799421 0.000000
vt 0.799421 0.250000
vt 0.799421 0.000000
vt 0.799421 0.250000
vt 0.827552 0.000000
vt 0.827552 0.000000
vt 0.827552 0.250000
vt 0.827552 0.250000
vt 0.827552 0.000000
vt 0.827552 0.250000
vt 0.875000 0.000000
vt 0.875000 0.000000
vt 0.875000 0.250000
vt 0.875000 0.250000
vt 0.375000 0.000000
vt 0.625000 0.000000
vt 0.625000 0.250000
vt 0.375000 0.250000
vt 0.625000 0.500000
vt 0.375000 0.500000
vt 0.625000 0.750000
vt 0.375000 0.750000
vt 0.625000 1.000000
vt 0.375000 1.000000
vt 0.875000 0.000000
vt 0.875000 0.250000
vt 0.125000 0.000000
vt 0.125000 0.250000
vt 0.375000 0.000000
vt 0.625000 0.000000
vt 0.625000 0.250000
vt 0.375000 0.250000
vt 0.625000 0.500000
vt 0.375000 0.500000
vt 0.625000 0.750000
vt 0.375000 0.750000
vt 0.625000 1.000000
vt 0.375000 1.000000
vt 0.875000 0.000000
vt 0.875000 0.250000
vt 0.125000 0.000000
vt 0.125000 0.250000
vt 0.375000 0.000000
vt 0.625000 0.000000
vt 0.625000 0.250000
vt 0.375000 0.250000
vt 0.625000 0.500000
vt 0.375000 0.500000
vt 0.625000 0.750000
vt 0.375000 0.750000
vt 0.625000 1.000000
vt 0.375000 1.000000
vt 0.875000 0.000000
vt 0.875000 0.250000
vt 0.125000 0.000000
vt 0.125000 0.250000
vt 0.375000 0.000000
vt 0.625000 0.000000
vt 0.625000 0.250000
vt 0.375000 0.250000
vt 0.625000 0.500000
vt 0.375000 0.500000
vt 0.625000 0.750000
vt 0.375000 0.750000
vt 0.625000 1.000000
vt 0.375000 1.000000
vt 0.875000 0.000000
vt 0.875000 0.250000
vt 0.125000 0.000000
vt 0.125000 0.250000
vt 0.375000 0.000000
vt 0.625000 0.000000
vt 0.625000 0.250000
vt 0.375000 0.250000
vt 0.625000 0.500000
vt 0.375000 0.500000
vt 0.625000 0.750000
vt 0.375000 0.750000
vt 0.625000 1.000000
vt 0.375000 1.000000
vt 0.875000 0.000000
vt 0.875000 0.250000
vt 0.125000 0.000000
vt 0.125000 0.250000
vt 0.375000 0.000000
vt 0.625000 0.000000
vt 0.625000 0.250000
vt 0.375000 0.250000
vt 0.625000 0.500000
vt 0.375000 0.500000
vt 0.625000 0.750000
vt 0.375000 0.750000
vt 0.625000 1.000000
vt 0.375000 1.000000
vt 0.875000 0.000000
vt 0.875000 0.250000
vt 0.125000 0.000000
vt 0.125000 0.250000
vt 0.375000 0.000000
vt 0.625000 0.000000
vt 0.625000 0.250000
vt 0.375000 0.250000
vt 0.625000 0.500000
vt 0.375000 0.500000
vt 0.625000 0.750000
vt 0.375000 0.750000
vt 0.625000 1.000000
vt 0.375000 1.000000
vt 0.875000 0.000000
vt 0.875000 0.250000
vt 0.125000 0.000000
vt 0.125000 0.250000
vt 0.375000 0.000000
vt 0.625000 0.000000
vt 0.625000 0.250000
vt 0.375000 0.250000
vt 0.625000 0.500000
vt 0.375000 0.500000
vt 0.625000 0.750000
vt 0.375000 0.750000
vt 0.625000 1.000000
vt 0.375000 1.000000
vt 0.875000 0.000000
vt 0.875000 0.250000
vt 0.125000 0.000000
vt 0.125000 0.250000
vt 0.375000 0.000000
vt 0.625000 0.000000
vt 0.625000 0.250000
vt 0.375000 0.250000
vt 0.625000 0.500000
vt 0.375000 0.500000
vt 0.625000 0.750000
vt 0.375000 0.750000
vt 0.625000 1.000000
vt 0.375000 1.000000
vt 0.875000 0.000000
vt 0.875000 0.250000
vt 0.125000 0.000000
vt 0.125000 0.250000
vt 0.375000 0.000000
vt 0.625000 0.000000
vt 0.625000 0.250000
vt 0.375000 0.250000
vt 0.625000 0.500000
vt 0.375000 0.500000
vt 0.625000 0.750000
vt 0.375000 0.750000
vt 0.625000 1.000000
vt 0.375000 1.000000
vt 0.875000 0.000000
vt 0.875000 0.250000
vt 0.125000 0.000000
vt 0.125000 0.250000
vt 0.375000 0.000000
vt 0.625000 0.000000
vt 0.625000 0.250000
vt 0.375000 0.250000
vt 0.625000 0.500000
vt 0.375000 0.500000
vt 0.625000 0.750000
vt 0.375000 0.750000
vt 0.625000 1.000000
vt 0.375000 1.000000
vt 0.875000 0.000000
vt 0.875000 0.250000
vt 0.125000 0.000000
vt 0.125000 0.250000
vt 0.375000 0.000000
vt 0.625000 0.000000
vt 0.625000 0.250000
vt 0.375000 0.250000
vt 0.625000 0.500000
vt 0.375000 0.500000
vt 0.625000 0.750000
vt 0.375000 0.750000
vt 0.625000 1.000000
vt 0.375000 1.000000
vt 0.875000 0.000000
vt 0.875000 0.250000
vt 0.125000 0.000000
vt 0.125000 0.250000
vt 0.375000 0.000000
vt 0.625000 0.000000
vt 0.625000 0.250000
vt 0.375000 0.250000
vt 0.625000 0.500000
vt 0.375000 0.500000
vt 0.625000 0.750000
vt 0.375000 0.750000
vt 0.625000 1.000000
vt 0.375000 1.000000
vt 0.875000 0.000000
vt 0.875000 0.250000
vt 0.125000 0.000000
vt 0.125000 0.250000
vt 0.375000 0.000000
vt 0.625000 0.000000
vt 0.625000 0.250000
vt 0.375000 0.250000
vt 0.625000 0.500000
vt 0.375000 0.500000
vt 0.625000 0.750000
vt 0.375000 0.750000
vt 0.625000 1.000000
vt 0.375000 1.000000
vt 0.875000 0.000000
vt 0.875000 0.250000
vt 0.125000 0.000000
vt 0.125000 0.250000
vt 0.375000 0.000000
vt 0.625000 0.000000
vt 0.625000 0.250000
vt 0.375000 0.250000
vt 0.625000 0.500000
vt 0.375000 0.500000
vt 0.625000 0.750000
vt 0.375000 0.750000
vt 0.625000 1.000000
vt 0.375000 1.000000
vt 0.875000 0.000000
vt 0.875000 0.250000
vt 0.125000 0.000000
vt 0.125000 0.250000
vt 0.375000 0.000000
vt 0.625000 0.000000
vt 0.625000 0.057469
vt 0.375000 0.057469
vt 0.375000 0.250000
vt 0.625000 0.250000
vt 0.625000 0.500000
vt 0.375000 0.500000
vt 0.375000 0.692531
vt 0.625000 0.692531
vt 0.625000 0.750000
vt 0.375000 0.750000
vt 0.625000 1.000000
vt 0.375000 1.000000
vt 0.625000 0.000000
vt 0.875000 0.000000
vt 0.875000 0.057469
vt 0.625000 0.057469
vt 0.125000 0.000000
vt 0.125000 0.057469
vt 0.125000 0.209292
vt 0.375000 0.209292
vt 0.125000 0.250000
vt 0.625000 0.540708
vt 0.375000 0.540708
vt 0.625000 0.209292
vt 0.875000 0.209292
vt 0.875000 0.250000
vt 0.125000 0.158533
vt 0.375000 0.158533
vt 0.625000 0.591467
vt 0.375000 0.591467
vt 0.625000 0.158533
vt 0.875000 0.158533
vt 0.875000 0.209292
vt 0.625000 0.209292
vt 0.625000 0.158533
vt 0.125000 0.109769
vt 0.375000 0.109769
vt 0.625000 0.640231
vt 0.375000 0.640231
vt 0.625000 0.109769
vt 0.875000 0.109769
vt 0.875000 0.158533
vt 0.625000 0.158533
vt 0.625000 0.109769
vt 0.625000 0.057469
vt 0.875000 0.057469
vt 0.875000 0.109769
vt 0.625000 0.109769
vt 0.875000 0.000000
vt 0.875000 0.000000
vt 0.625000 0.000000
vt 0.875000 0.057469
vt 0.875000 0.057469
vt 0.625000 0.057469
vt 0.875000 0.158533
vt 0.875000 0.109769
vt 0.875000 0.109769
vt 0.625000 0.109769
vt 0.875000 0.000000
vt 0.625000 0.000000
vt 0.875000 0.057469
vt 0.625000 0.057469
vt 0.875000 0.000000
vt 0.625000 0.000000
vt 0.375000 0.000000
vt 0.625000 0.000000
vt 0.625000 0.250000
vt 0.375000 0.250000
vt 0.625000 0.500000
vt 0.375000 0.500000
vt 0.625000 0.750000
vt 0.375000 0.750000
vt 0.625000 1.000000
vt 0.375000 1.000000
vt 0.875000 0.000000
vt 0.875000 0.250000
vt 0.125000 0.000000
vt 0.125000 0.250000
vt 0.375000 0.000000
vt 0.625000 0.000000
vt 0.625000 0.250000
vt 0.375000 0.250000
vt 0.625000 0.500000
vt 0.375000 0.500000
vt 0.625000 0.750000
vt 0.375000 0.750000
vt 0.625000 1.000000
vt 0.375000 1.000000
vt 0.875000 0.000000
vt 0.875000 0.250000
vt 0.125000 0.000000
vt 0.125000 0.250000
vt 0.375000 0.000000
vt 0.625000 0.000000
vt 0.625000 0.250000
vt 0.375000 0.250000
vt 0.625000 0.500000
vt 0.375000 0.500000
vt 0.625000 0.750000
vt 0.375000 0.750000
vt 0.625000 1.000000
vt 0.375000 1.000000
vt 0.875000 0.000000
vt 0.875000 0.250000
vt 0.125000 0.000000
vt 0.125000 0.250000
vt 0.375000 0.000000
vt 0.625000 0.000000
vt 0.625000 0.250000
vt 0.375000 0.250000
vt 0.625000 0.500000
vt 0.375000 0.500000
vt 0.625000 0.750000
vt 0.375000 0.750000
vt 0.625000 1.000000
vt 0.375000 1.000000
vt 0.875000 0.000000
vt 0.875000 0.250000
vt 0.125000 0.000000
vt 0.125000 0.250000
vt 0.375000 0.000000
vt 0.625000 0.000000
vt 0.625000 0.250000
vt 0.375000 0.250000
vt 0.625000 0.500000
vt 0.375000 0.500000
vt 0.625000 0.750000
vt 0.375000 0.750000
vt 0.625000 1.000000
vt 0.375000 1.000000
vt 0.875000 0.000000
vt 0.875000 0.250000
vt 0.125000 0.000000
vt 0.125000 0.250000
vt 0.375000 0.000000
vt 0.625000 0.000000
vt 0.625000 0.250000
vt 0.375000 0.250000
vt 0.625000 0.500000
vt 0.375000 0.500000
vt 0.625000 0.750000
vt 0.375000 0.750000
vt 0.625000 1.000000
vt 0.375000 1.000000
vt 0.875000 0.000000
vt 0.875000 0.250000
vt 0.125000 0.000000
vt 0.125000 0.250000
vt 0.375000 0.000000
vt 0.625000 0.000000
vt 0.625000 0.250000
vt 0.375000 0.250000
vt 0.625000 0.500000
vt 0.375000 0.500000
vt 0.625000 0.750000
vt 0.375000 0.750000
vt 0.625000 1.000000
vt 0.375000 1.000000
vt 0.875000 0.000000
vt 0.875000 0.250000
vt 0.125000 0.000000
vt 0.125000 0.250000
vt 0.375000 0.000000
vt 0.625000 0.000000
vt 0.625000 0.250000
vt 0.375000 0.250000
vt 0.625000 0.500000
vt 0.375000 0.500000
vt 0.625000 0.750000
vt 0.375000 0.750000
vt 0.625000 1.000000
vt 0.375000 1.000000
vt 0.875000 0.000000
vt 0.875000 0.250000
vt 0.125000 0.000000
vt 0.125000 0.250000
vt 0.375000 0.312500
vt 0.394231 0.312500
vt 0.394231 0.687500
vt 0.375000 0.687500
vt 0.413462 0.312500
vt 0.413462 0.687500
vt 0.432692 0.312500
vt 0.432692 0.687500
vt 0.451923 0.312500
vt 0.451923 0.687500
vt 0.471154 0.312500
vt 0.471154 0.687500
vt 0.490385 0.312500
vt 0.490385 0.687500
vt 0.509615 0.312500
vt 0.509615 0.687500
vt 0.528846 0.312500
vt 0.528846 0.687500
vt 0.548077 0.312500
vt 0.548077 0.687500
vt 0.567308 0.312500
vt 0.567308 0.687500
vt 0.586539 0.312500
vt 0.586539 0.687500
vt 0.605769 0.312500
vt 0.605769 0.687500
vt 0.625000 0.312500
vt 0.625000 0.687500
vt 0.588760 0.027659
vt 0.638353 0.083637
vt 0.500000 0.156250
vt 0.518834 0.001139
vt 0.444593 0.010154
vt 0.383045 0.052637
vt 0.348290 0.118857
vt 0.348290 0.193643
vt 0.383045 0.259863
vt 0.444593 0.302346
vt 0.518834 0.311361
vt 0.588760 0.284841
vt 0.638353 0.228863
vt 0.656250 0.156250
vt 0.638353 0.916363
vt 0.588760 0.972341
vt 0.500000 0.843750
vt 0.518834 0.998861
vt 0.444593 0.989846
vt 0.383045 0.947363
vt 0.348290 0.881143
vt 0.348290 0.806357
vt 0.383045 0.740137
vt 0.444593 0.697654
vt 0.518834 0.688639
vt 0.588760 0.715159
vt 0.638353 0.771137
vt 0.656250 0.843750
vt 0.375000 0.312500
vt 0.394231 0.312500
vt 0.394231 0.687500
vt 0.375000 0.687500
vt 0.413462 0.312500
vt 0.413462 0.687500
vt 0.432692 0.312500
vt 0.432692 0.687500
vt 0.451923 0.312500
vt 0.451923 0.687500
vt 0.471154 0.312500
vt 0.471154 0.687500
vt 0.490385 0.312500
vt 0.490385 0.687500
vt 0.509615 0.312500
vt 0.509615 0.687500
vt 0.528846 0.312500
vt 0.528846 0.687500
vt 0.548077 0.312500
vt 0.548077 0.687500
vt 0.567308 0.312500
vt 0.567308 0.687500
vt 0.586539 0.312500
vt 0.586539 0.687500
vt 0.605769 0.312500
vt 0.605769 0.687500
vt 0.625000 0.312500
vt 0.625000 0.687500
vt 0.588760 0.027659
vt 0.638353 0.083637
vt 0.500000 0.156250
vt 0.518834 0.001139
vt 0.444593 0.010154
vt 0.383045 0.052637
vt 0.348290 0.118857
vt 0.348290 0.193643
vt 0.383045 0.259863
vt 0.444593 0.302346
vt 0.518834 0.311361
vt 0.588760 0.284841
vt 0.638353 0.228863
vt 0.656250 0.156250
vt 0.638353 0.916363
vt 0.588760 0.972341
vt 0.500000 0.843750
vt 0.518834 0.998861
vt 0.444593 0.989846
vt 0.383045 0.947363
vt 0.348290 0.881143
vt 0.348290 0.806357
vt 0.383045 0.740137
vt 0.444593 0.697654
vt 0.518834 0.688639
vt 0.588760 0.715159
vt 0.638353 0.771137
vt 0.656250 0.843750
vt 0.375000 0.312500
vt 0.394231 0.312500
vt 0.394231 0.687500
vt 0.375000 0.687500
vt 0.413462 0.312500
vt 0.413462 0.687500
vt 0.432692 0.312500
vt 0.432692 0.687500
vt 0.451923 0.312500
vt 0.451923 0.687500
vt 0.471154 0.312500
vt 0.471154 0.687500
vt 0.490385 0.312500
vt 0.490385 0.687500
vt 0.509615 0.312500
vt 0.509615 0.687500
vt 0.528846 0.312500
vt 0.528846 0.687500
vt 0.548077 0.312500
vt 0.548077 0.687500
vt 0.567308 0.312500
vt 0.567308 0.687500
vt 0.586539 0.312500
vt 0.586539 0.687500
vt 0.605769 0.312500
vt 0.605769 0.687500
vt 0.625000 0.312500
vt 0.625000 0.687500
vt 0.588760 0.027659
vt 0.638353 0.083637
vt 0.500000 0.156250
vt 0.518834 0.001139
vt 0.444593 0.010154
vt 0.383045 0.052637
vt 0.348290 0.118857
vt 0.348290 0.193643
vt 0.383045 0.259863
vt 0.444593 0.302346
vt 0.518834 0.311361
vt 0.588760 0.284841
vt 0.638353 0.228863
vt 0.656250 0.156250
vt 0.638353 0.916363
vt 0.588760 0.972341
vt 0.500000 0.843750
vt 0.518834 0.998861
vt 0.444593 0.989846
vt 0.383045 0.947363
vt 0.348290 0.881143
vt 0.348290 0.806357
vt 0.383045 0.740137
vt 0.444593 0.697654
vt 0.518834 0.688639
vt 0.588760 0.715159
vt 0.638353 0.771137
vt 0.656250 0.843750
vt 0.375000 0.312500
vt 0.394231 0.312500
vt 0.394231 0.687500
vt 0.375000 0.687500
vt 0.413462 0.312500
vt 0.413462 0.687500
vt 0.432692 0.312500
vt 0.432692 0.687500
vt 0.451923 0.312500
vt 0.451923 0.687500
vt 0.471154 0.312500
vt 0.471154 0.687500
vt 0.490385 0.312500
vt 0.490385 0.687500
vt 0.509615 0.312500
vt 0.509615 0.687500
vt 0.528846 0.312500
vt 0.528846 0.687500
vt 0.548077 0.312500
vt 0.548077 0.687500
vt 0.567308 0.312500
vt 0.567308 0.687500
vt 0.586539 0.312500
vt 0.586539 0.687500
vt 0.605769 0.312500
vt 0.605769 0.687500
vt 0.625000 0.312500
vt 0.625000 0.687500
vt 0.588760 0.027659
vt 0.638353 0.083637
vt 0.500000 0.156250
vt 0.518834 0.001139
vt 0.444593 0.010154
vt 0.383045 0.052637
vt 0.348290 0.118857
vt 0.348290 0.193643
vt 0.383045 0.259863
vt 0.444593 0.302346
vt 0.518834 0.311361
vt 0.588760 0.284841
vt 0.638353 0.228863
vt 0.656250 0.156250
vt 0.638353 0.916363
vt 0.588760 0.972341
vt 0.500000 0.843750
vt 0.518834 0.998861
vt 0.444593 0.989846
vt 0.383045 0.947363
vt 0.348290 0.881143
vt 0.348290 0.806357
vt 0.383045 0.740137
vt 0.444593 0.697654
vt 0.518834 0.688639
vt 0.588760 0.715159
vt 0.638353 0.771137
vt 0.656250 0.843750
vt 0.375000 0.312500
vt 0.394231 0.312500
vt 0.394231 0.687500
vt 0.375000 0.687500
vt 0.413462 0.312500
vt 0.413462 0.687500
vt 0.432692 0.312500
vt 0.432692 0.687500
vt 0.451923 0.312500
vt 0.451923 0.687500
vt 0.471154 0.312500
vt 0.471154 0.687500
vt 0.490385 0.312500
vt 0.490385 0.687500
vt 0.509615 0.312500
vt 0.509615 0.687500
vt 0.528846 0.312500
vt 0.528846 0.687500
vt 0.548077 0.312500
vt 0.548077 0.687500
vt 0.567308 0.312500
vt 0.567308 0.687500
vt 0.586539 0.312500
vt 0.586539 0.687500
vt 0.605769 0.312500
vt 0.605769 0.687500
vt 0.625000 0.312500
vt 0.625000 0.687500
vt 0.588760 0.027659
vt 0.638353 0.083637
vt 0.500000 0.156250
vt 0.518834 0.001139
vt 0.444593 0.010154
vt 0.383045 0.052637
vt 0.348290 0.118857
vt 0.348290 0.193643
vt 0.383045 0.259863
vt 0.444593 0.302346
vt 0.518834 0.311361
vt 0.588760 0.284841
vt 0.638353 0.228863
vt 0.656250 0.156250
vt 0.638353 0.916363
vt 0.588760 0.972341
vt 0.500000 0.843750
vt 0.518834 0.998861
vt 0.444593 0.989846
vt 0.383045 0.947363
vt 0.348290 0.881143
vt 0.348290 0.806357
vt 0.383045 0.740137
vt 0.444593 0.697654
vt 0.518834 0.688639
vt 0.588760 0.715159
vt 0.638353 0.771137
vt 0.656250 0.843750
vt 0.375000 0.312500
vt 0.394231 0.312500
vt 0.394231 0.687500
vt 0.375000 0.687500
vt 0.413462 0.312500
vt 0.413462 0.687500
vt 0.432692 0.312500
vt 0.432692 0.687500
vt 0.451923 0.312500
vt 0.451923 0.687500
vt 0.471154 0.312500
vt 0.471154 0.687500
vt 0.490385 0.312500
vt 0.490385 0.687500
vt 0.509615 0.312500
vt 0.509615 0.687500
vt 0.528846 0.312500
vt 0.528846 0.687500
vt 0.548077 0.312500
vt 0.548077 0.687500
vt 0.567308 0.312500
vt 0.567308 0.687500
vt 0.586539 0.312500
vt 0.586539 0.687500
vt 0.605769 0.312500
vt 0.605769 0.687500
vt 0.625000 0.312500
vt 0.625000 0.687500
vt 0.588760 0.027659
vt 0.638353 0.083637
vt 0.500000 0.156250
vt 0.518834 0.001139
vt 0.444593 0.010154
vt 0.383045 0.052637
vt 0.348290 0.118857
vt 0.348290 0.193643
vt 0.383045 0.259863
vt 0.444593 0.302346
vt 0.518834 0.311361
vt 0.588760 0.284841
vt 0.638353 0.228863
vt 0.656250 0.156250
vt 0.638353 0.916363
vt 0.588760 0.972341
vt 0.500000 0.843750
vt 0.518834 0.998861
vt 0.444593 0.989846
vt 0.383045 0.947363
vt 0.348290 0.881143
vt 0.348290 0.806357
vt 0.383045 0.740137
vt 0.444593 0.697654
vt 0.518834 0.688639
vt 0.588760 0.715159
vt 0.638353 0.771137
vt 0.656250 0.843750
vt 0.375000 0.312500
vt 0.394231 0.312500
vt 0.394231 0.687500
vt 0.375000 0.687500
vt 0.413462 0.312500
vt 0.413462 0.687500
vt 0.432692 0.312500
vt 0.432692 0.687500
vt 0.451923 0.312500
vt 0.451923 0.687500
vt 0.471154 0.312500
vt 0.471154 0.687500
vt 0.490385 0.312500
vt 0.490385 0.687500
vt 0.509615 0.312500
vt 0.509615 0.687500
vt 0.528846 0.312500
vt 0.528846 0.687500
vt 0.548077 0.312500
vt 0.548077 0.687500
vt 0.567308 0.312500
vt 0.567308 0.687500
vt 0.586539 0.312500
vt 0.586539 0.687500
vt 0.605769 0.312500
vt 0.605769 0.687500
vt 0.625000 0.312500
vt 0.625000 0.687500
vt 0.588760 0.027659
vt 0.638353 0.083637
vt 0.500000 0.156250
vt 0.518834 0.001139
vt 0.444593 0.010154
vt 0.383045 0.052637
vt 0.348290 0.118857
vt 0.348290 0.193643
vt 0.383045 0.259863
vt 0.444593 0.302346
vt 0.518834 0.311361
vt 0.588760 0.284841
vt 0.638353 0.228863
vt 0.656250 0.156250
vt 0.638353 0.916363
vt 0.588760 0.972341
vt 0.500000 0.843750
vt 0.518834 0.998861
vt 0.444593 0.989846
vt 0.383045 0.947363
vt 0.348290 0.881143
vt 0.348290 0.806357
vt 0.383045 0.740137
vt 0.444593 0.697654
vt 0.518834 0.688639
vt 0.588760 0.715159
vt 0.638353 0.771137
vt 0.656250 0.843750
vt 0.375000 0.312500
vt 0.394231 0.312500
vt 0.394231 0.687500
vt 0.375000 0.687500
vt 0.413462 0.312500
vt 0.413462 0.687500
vt 0.432692 0.312500
vt 0.432692 0.687500
vt 0.451923 0.312500
vt 0.451923 0.687500
vt 0.471154 0.312500
vt 0.471154 0.687500
vt 0.490385 0.312500
vt 0.490385 0.687500
vt 0.509615 0.312500
vt 0.509615 0.687500
vt 0.528846 0.312500
vt 0.528846 0.687500
vt 0.548077 0.312500
vt 0.548077 0.687500
vt 0.567308 0.312500
vt 0.567308 0.687500
vt 0.586539 0.312500
vt 0.586539 0.687500
vt 0.605769 0.312500
vt 0.605769 0.687500
vt 0.625000 0.312500
vt 0.625000 0.687500
vt 0.588760 0.027659
vt 0.638353 0.083637
vt 0.500000 0.156250
vt 0.518834 0.001139
vt 0.444593 0.010154
vt 0.383045 0.052637
vt 0.348290 0.118857
vt 0.348290 0.193643
vt 0.383045 0.259863
vt 0.444593 0.302346
vt 0.518834 0.311361
vt 0.588760 0.284841
vt 0.638353 0.228863
vt 0.656250 0.156250
vt 0.638353 0.916363
vt 0.588760 0.972341
vt 0.500000 0.843750
vt 0.518834 0.998861
vt 0.444593 0.989846
vt 0.383045 0.947363
vt 0.348290 0.881143
vt 0.348290 0.806357
vt 0.383045 0.740137
vt 0.444593 0.697654
vt 0.518834 0.688639
vt 0.588760 0.715159
vt 0.638353 0.771137
vt 0.656250 0.843750
vt 0.375000 0.312500
vt 0.394231 0.312500
vt 0.394231 0.687500
vt 0.375000 0.687500
vt 0.413462 0.312500
vt 0.413462 0.687500
vt 0.432692 0.312500
vt 0.432692 0.687500
vt 0.451923 0.312500
vt 0.451923 0.687500
vt 0.471154 0.312500
vt 0.471154 0.687500
vt 0.490385 0.312500
vt 0.490385 0.687500
vt 0.509615 0.312500
vt 0.509615 0.687500
vt 0.528846 0.312500
vt 0.528846 0.687500
vt 0.548077 0.312500
vt 0.548077 0.687500
vt 0.567308 0.312500
vt 0.567308 0.687500
vt 0.586539 0.312500
vt 0.586539 0.687500
vt 0.605769 0.312500
vt 0.605769 0.687500
vt 0.625000 0.312500
vt 0.625000 0.687500
vt 0.588760 0.027659
vt 0.638353 0.083637
vt 0.500000 0.156250
vt 0.518834 0.001139
vt 0.444593 0.010154
vt 0.383045 0.052637
vt 0.348290 0.118857
vt 0.348290 0.193643
vt 0.383045 0.259863
vt 0.444593 0.302346
vt 0.518834 0.311361
vt 0.588760 0.284841
vt 0.638353 0.228863
vt 0.656250 0.156250
vt 0.638353 0.916363
vt 0.588760 0.972341
vt 0.500000 0.843750
vt 0.518834 0.998861
vt 0.444593 0.989846
vt 0.383045 0.947363
vt 0.348290 0.881143
vt 0.348290 0.806357
vt 0.383045 0.740137
vt 0.444593 0.697654
vt 0.518834 0.688639
vt 0.588760 0.715159
vt 0.638353 0.771137
vt 0.656250 0.843750
vt 0.375000 0.312500
vt 0.394231 0.312500
vt 0.394231 0.687500
vt 0.375000 0.687500
vt 0.413462 0.312500
vt 0.413462 0.687500
vt 0.432692 0.312500
vt 0.432692 0.687500
vt 0.451923 0.312500
vt 0.451923 0.687500
vt 0.471154 0.312500
vt 0.471154 0.687500
vt 0.490385 0.312500
vt 0.490385 0.687500
vt 0.509615 0.312500
vt 0.509615 0.687500
vt 0.528846 0.312500
vt 0.528846 0.687500
vt 0.548077 0.312500
vt 0.548077 0.687500
vt 0.567308 0.312500
vt 0.567308 0.687500
vt 0.586539 0.312500
vt 0.586539 0.687500
vt 0.605769 0.312500
vt 0.605769 0.687500
vt 0.625000 0.312500
vt 0.625000 0.687500
vt 0.588760 0.027659
vt 0.638353 0.083637
vt 0.500000 0.156250
vt 0.518834 0.001139
vt 0.444593 0.010154
vt 0.383045 0.052637
vt 0.348290 0.118857
vt 0.348290 0.193643
vt 0.383045 0.259863
vt 0.444593 0.302346
vt 0.518834 0.311361
vt 0.588760 0.284841
vt 0.638353 0.228863
vt 0.656250 0.156250
vt 0.638353 0.916363
vt 0.588760 0.972341
vt 0.500000 0.843750
vt 0.518834 0.998861
vt 0.444593 0.989846
vt 0.383045 0.947363
vt 0.348290 0.881143
vt 0.348290 0.806357
vt 0.383045 0.740137
vt 0.444593 0.697654
vt 0.518834 0.688639
vt 0.588760 0.715159
vt 0.638353 0.771137
vt 0.656250 0.843750
vt 0.375000 0.312500
vt 0.394231 0.312500
vt 0.394231 0.687500
vt 0.375000 0.687500
vt 0.413462 0.312500
vt 0.413462 0.687500
vt 0.432692 0.312500
vt 0.432692 0.687500
vt 0.451923 0.312500
vt 0.451923 0.687500
vt 0.471154 0.312500
vt 0.471154 0.687500
vt 0.490385 0.312500
vt 0.490385 0.687500
vt 0.509615 0.312500
vt 0.509615 0.687500
vt 0.528846 0.312500
vt 0.528846 0.687500
vt 0.548077 0.312500
vt 0.548077 0.687500
vt 0.567308 0.312500
vt 0.567308 0.687500
vt 0.586539 0.312500
vt 0.586539 0.687500
vt 0.605769 0.312500
vt 0.605769 0.687500
vt 0.625000 0.312500
vt 0.625000 0.687500
vt 0.588760 0.027659
vt 0.638353 0.083637
vt 0.500000 0.156250
vt 0.518834 0.001139
vt 0.444593 0.010154
vt 0.383045 0.052637
vt 0.348290 0.118857
vt 0.348290 0.193643
vt 0.383045 0.259863
vt 0.444593 0.302346
vt 0.518834 0.311361
vt 0.588760 0.284841
vt 0.638353 0.228863
vt 0.656250 0.156250
vt 0.638353 0.916363
vt 0.588760 0.972341
vt 0.500000 0.843750
vt 0.518834 0.998861
vt 0.444593 0.989846
vt 0.383045 0.947363
vt 0.348290 0.881143
vt 0.348290 0.806357
vt 0.383045 0.740137
vt 0.444593 0.697654
vt 0.518834 0.688639
vt 0.588760 0.715159
vt 0.638353 0.771137
vt 0.656250 0.843750
vt 0.375000 0.312500
vt 0.394231 0.312500
vt 0.394231 0.687500
vt 0.375000 0.687500
vt 0.413462 0.312500
vt 0.413462 0.687500
vt 0.432692 0.312500
vt 0.432692 0.687500
vt 0.451923 0.312500
vt 0.451923 0.687500
vt 0.471154 0.312500
vt 0.471154 0.687500
vt 0.490385 0.312500
vt 0.490385 0.687500
vt 0.509615 0.312500
vt 0.509615 0.687500
vt 0.528846 0.312500
vt 0.528846 0.687500
vt 0.548077 0.312500
vt 0.548077 0.687500
vt 0.567308 0.312500
vt 0.567308 0.687500
vt 0.586539 0.312500
vt 0.586539 0.687500
vt 0.605769 0.312500
vt 0.605769 0.687500
vt 0.625000 0.312500
vt 0.625000 0.687500
vt 0.588760 0.027659
vt 0.638353 0.083637
vt 0.500000 0.156250
vt 0.518834 0.001139
vt 0.444593 0.010154
vt 0.383045 0.052637
vt 0.348290 0.118857
vt 0.348290 0.193643
vt 0.383045 0.259863
vt 0.444593 0.302346
vt 0.518834 0.311361
vt 0.588760 0.284841
vt 0.638353 0.228863
vt 0.656250 0.156250
vt 0.638353 0.916363
vt 0.588760 0.972341
vt 0.500000 0.843750
vt 0.518834 0.998861
vt 0.444593 0.989846
vt 0.383045 0.947363
vt 0.348290 0.881143
vt 0.348290 0.806357
vt 0.383045 0.740137
vt 0.444593 0.697654
vt 0.518834 0.688639
vt 0.588760 0.715159
vt 0.638353 0.771137
vt 0.656250 0.843750
vt 0.375000 0.312500
vt 0.394231 0.312500
vt 0.394231 0.687500
vt 0.375000 0.687500
vt 0.413462 0.312500
vt 0.413462 0.687500
vt 0.432692 0.312500
vt 0.432692 0.687500
vt 0.451923 0.312500
vt 0.451923 0.687500
vt 0.471154 0.312500
vt 0.471154 0.687500
vt 0.490385 0.312500
vt 0.490385 0.687500
vt 0.509615 0.312500
vt 0.509615 0.687500
vt 0.528846 0.312500
vt 0.528846 0.687500
vt 0.548077 0.312500
vt 0.548077 0.687500
vt 0.567308 0.312500
vt 0.567308 0.687500
vt 0.586539 0.312500
vt 0.586539 0.687500
vt 0.605769 0.312500
vt 0.605769 0.687500
vt 0.625000 0.312500
vt 0.625000 0.687500
vt 0.588760 0.027659
vt 0.638353 0.083637
vt 0.500000 0.156250
vt 0.518834 0.001139
vt 0.444593 0.010154
vt 0.383045 0.052637
vt 0.348290 0.118857
vt 0.348290 0.193643
vt 0.383045 0.259863
vt 0.444593 0.302346
vt 0.518834 0.311361
vt 0.588760 0.284841
vt 0.638353 0.228863
vt 0.656250 0.156250
vt 0.638353 0.916363
vt 0.588760 0.972341
vt 0.500000 0.843750
vt 0.518834 0.998861
vt 0.444593 0.989846
vt 0.383045 0.947363
vt 0.348290 0.881143
vt 0.348290 0.806357
vt 0.383045 0.740137
vt 0.444593 0.697654
vt 0.518834 0.688639
vt 0.588760 0.715159
vt 0.638353 0.771137
vt 0.656250 0.843750
vt 0.375000 0.312500
vt 0.394231 0.312500
vt 0.394231 0.687500
vt 0.375000 0.687500
vt 0.413462 0.312500
vt 0.413462 0.687500
vt 0.432692 0.312500
vt 0.432692 0.687500
vt 0.451923 0.312500
vt 0.451923 0.687500
vt 0.471154 0.312500
vt 0.471154 0.687500
vt 0.490385 0.312500
vt 0.490385 0.687500
vt 0.509615 0.312500
vt 0.509615 0.687500
vt 0.528846 0.312500
vt 0.528846 0.687500
vt 0.548077 0.312500
vt 0.548077 0.687500
vt 0.567308 0.312500
vt 0.567308 0.687500
vt 0.586539 0.312500
vt 0.586539 0.687500
vt 0.605769 0.312500
vt 0.605769 0.687500
vt 0.625000 0.312500
vt 0.625000 0.687500
vt 0.588760 0.027659
vt 0.638353 0.083637
vt 0.500000 0.156250
vt 0.518834 0.001139
vt 0.444593 0.010154
vt 0.383045 0.052637
vt 0.348290 0.118857
vt 0.348290 0.193643
vt 0.383045 0.259863
vt 0.444593 0.302346
vt 0.518834 0.311361
vt 0.588760 0.284841
vt 0.638353 0.228863
vt 0.656250 0.156250
vt 0.638353 0.916363
vt 0.588760 0.972341
vt 0.500000 0.843750
vt 0.518834 0.998861
vt 0.444593 0.989846
vt 0.383045 0.947363
vt 0.348290 0.881143
vt 0.348290 0.806357
vt 0.383045 0.740137
vt 0.444593 0.697654
vt 0.518834 0.688639
vt 0.588760 0.715159
vt 0.638353 0.771137
vt 0.656250 0.843750
vt 0.375000 0.312500
vt 0.394231 0.312500
vt 0.394231 0.687500
vt 0.375000 0.687500
vt 0.413462 0.312500
vt 0.413462 0.687500
vt 0.432692 0.312500
vt 0.432692 0.687500
vt 0.451923 0.312500
vt 0.451923 0.687500
vt 0.471154 0.312500
vt 0.471154 0.687500
vt 0.490385 0.312500
vt 0.490385 0.687500
vt 0.509615 0.312500
vt 0.509615 0.687500
vt 0.528846 0.312500
vt 0.528846 0.687500
vt 0.548077 0.312500
vt 0.548077 0.687500
vt 0.567308 0.312500
vt 0.567308 0.687500
vt 0.586539 0.312500
vt 0.586539 0.687500
vt 0.605769 0.312500
vt 0.605769 0.687500
vt 0.625000 0.312500
vt 0.625000 0.687500
vt 0.588760 0.027659
vt 0.638353 0.083637
vt 0.500000 0.156250
vt 0.518834 0.001139
vt 0.444593 0.010154
vt 0.383045 0.052637
vt 0.348290 0.118857
vt 0.348290 0.193643
vt 0.383045 0.259863
vt 0.444593 0.302346
vt 0.518834 0.311361
vt 0.588760 0.284841
vt 0.638353 0.228863
vt 0.656250 0.156250
vt 0.638353 0.916363
vt 0.588760 0.972341
vt 0.500000 0.843750
vt 0.518834 0.998861
vt 0.444593 0.989846
vt 0.383045 0.947363
vt 0.348290 0.881143
vt 0.348290 0.806357
vt 0.383045 0.740137
vt 0.444593 0.697654
vt 0.518834 0.688639
vt 0.588760 0.715159
vt 0.638353 0.771137
vt 0.656250 0.843750
vt 0.375000 0.312500
vt 0.394231 0.312500
vt 0.394231 0.687500
vt 0.375000 0.687500
vt 0.413462 0.312500
vt 0.413462 0.687500
vt 0.432692 0.312500
vt 0.432692 0.687500
vt 0.451923 0.312500
vt 0.451923 0.687500
vt 0.471154 0.312500
vt 0.471154 0.687500
vt 0.490385 0.312500
vt 0.490385 0.687500
vt 0.509615 0.312500
vt 0.509615 0.687500
vt 0.528846 0.312500
vt 0.528846 0.687500
vt 0.548077 0.312500
vt 0.548077 0.687500
vt 0.567308 0.312500
vt 0.567308 0.687500
vt 0.586539 0.312500
vt 0.586539 0.687500
vt 0.605769 0.312500
vt 0.605769 0.687500
vt 0.625000 0.312500
vt 0.625000 0.687500
vt 0.588760 0.027659
vt 0.638353 0.083637
vt 0.500000 0.156250
vt 0.518834 0.001139
vt 0.444593 0.010154
vt 0.383045 0.052637
vt 0.348290 0.118857
vt 0.348290 0.193643
vt 0.383045 0.259863
vt 0.444593 0.302346
vt 0.518834 0.311361
vt 0.588760 0.284841
vt 0.638353 0.228863
vt 0.656250 0.156250
vt 0.638353 0.916363
vt 0.588760 0.972341
vt 0.500000 0.843750
vt 0.518834 0.998861
vt 0.444593 0.989846
vt 0.383045 0.947363
vt 0.348290 0.881143
vt 0.348290 0.806357
vt 0.383045 0.740137
vt 0.444593 0.697654
vt 0.518834 0.688639
vt 0.588760 0.715159
vt 0.638353 0.771137
vt 0.656250 0.843750
vt 0.375000 0.312500
vt 0.394231 0.312500
vt 0.394231 0.687500
vt 0.375000 0.687500
vt 0.413462 0.312500
vt 0.413462 0.687500
vt 0.432692 0.312500
vt 0.432692 0.687500
vt 0.451923 0.312500
vt 0.451923 0.687500
vt 0.471154 0.312500
vt 0.471154 0.687500
vt 0.490385 0.312500
vt 0.490385 0.687500
vt 0.509615 0.312500
vt 0.509615 0.687500
vt 0.528846 0.312500
vt 0.528846 0.687500
vt 0.548077 0.312500
vt 0.548077 0.687500
vt 0.567308 0.312500
vt 0.567308 0.687500
vt 0.586539 0.312500
vt 0.586539 0.687500
vt 0.605769 0.312500
vt 0.605769 0.687500
vt 0.625000 0.312500
vt 0.625000 0.687500
vt 0.588760 0.027659
vt 0.638353 0.083637
vt 0.500000 0.156250
vt 0.518834 0.001139
vt 0.444593 0.010154
vt 0.383045 0.052637
vt 0.348290 0.118857
vt 0.348290 0.193643
vt 0.383045 0.259863
vt 0.444593 0.302346
vt 0.518834 0.311361
vt 0.588760 0.284841
vt 0.638353 0.228863
vt 0.656250 0.156250
vt 0.638353 0.916363
vt 0.588760 0.972341
vt 0.500000 0.843750
vt 0.518834 0.998861
vt 0.444593 0.989846
vt 0.383045 0.947363
vt 0.348290 0.881143
vt 0.348290 0.806357
vt 0.383045 0.740137
vt 0.444593 0.697654
vt 0.518834 0.688639
vt 0.588760 0.715159
vt 0.638353 0.771137
vt 0.656250 0.843750
vt 0.375000 0.312500
vt 0.394231 0.312500
vt 0.394231 0.687500
vt 0.375000 0.687500
vt 0.413462 0.312500
vt 0.413462 0.687500
vt 0.432692 0.312500
vt 0.432692 0.687500
vt 0.451923 0.312500
vt 0.451923 0.687500
vt 0.471154 0.312500
vt 0.471154 0.687500
vt 0.490385 0.312500
vt 0.490385 0.687500
vt 0.509615 0.312500
vt 0.509615 0.687500
vt 0.528846 0.312500
vt 0.528846 0.687500
vt 0.548077 0.312500
vt 0.548077 0.687500
vt 0.567308 0.312500
vt 0.567308 0.687500
vt 0.586539 0.312500
vt 0.586539 0.687500
vt 0.605769 0.312500
vt 0.605769 0.687500
vt 0.625000 0.312500
vt 0.625000 0.687500
vt 0.588760 0.027659
vt 0.638353 0.083637
vt 0.500000 0.156250
vt 0.518834 0.001139
vt 0.444593 0.010154
vt 0.383045 0.052637
vt 0.348290 0.118857
vt 0.348290 0.193643
vt 0.383045 0.259863
vt 0.444593 0.302346
vt 0.518834 0.311361
vt 0.588760 0.284841
vt 0.638353 0.228863
vt 0.656250 0.156250
vt 0.638353 0.916363
vt 0.588760 0.972341
vt 0.500000 0.843750
vt 0.518834 0.998861
vt 0.444593 0.989846
vt 0.383045 0.947363
vt 0.348290 0.881143
vt 0.348290 0.806357
vt 0.383045 0.740137
vt 0.444593 0.697654
vt 0.518834 0.688639
vt 0.588760 0.715159
vt 0.638353 0.771137
vt 0.656250 0.843750
vt 0.375000 0.312500
vt 0.394231 0.312500
vt 0.394231 0.687500
vt 0.375000 0.687500
vt 0.413462 0.312500
vt 0.413462 0.687500
vt 0.432692 0.312500
vt 0.432692 0.687500
vt 0.451923 0.312500
vt 0.451923 0.687500
vt 0.471154 0.312500
vt 0.471154 0.687500
vt 0.490385 0.312500
vt 0.490385 0.687500
vt 0.509615 0.312500
vt 0.509615 0.687500
vt 0.528846 0.312500
vt 0.528846 0.687500
vt 0.548077 0.312500
vt 0.548077 0.687500
vt 0.567308 0.312500
vt 0.567308 0.687500
vt 0.586539 0.312500
vt 0.586539 0.687500
vt 0.605769 0.312500
vt 0.605769 0.687500
vt 0.625000 0.312500
vt 0.625000 0.687500
vt 0.588760 0.027659
vt 0.638353 0.083637
vt 0.500000 0.156250
vt 0.518834 0.001139
vt 0.444593 0.010154
vt 0.383045 0.052637
vt 0.348290 0.118857
vt 0.348290 0.193643
vt 0.383045 0.259863
vt 0.444593 0.302346
vt 0.518834 0.311361
vt 0.588760 0.284841
vt 0.638353 0.228863
vt 0.656250 0.156250
vt 0.638353 0.916363
vt 0.588760 0.972341
vt 0.500000 0.843750
vt 0.518834 0.998861
vt 0.444593 0.989846
vt 0.383045 0.947363
vt 0.348290 0.881143
vt 0.348290 0.806357
vt 0.383045 0.740137
vt 0.444593 0.697654
vt 0.518834 0.688639
vt 0.588760 0.715159
vt 0.638353 0.771137
vt 0.656250 0.843750
vt 0.375000 0.312500
vt 0.394231 0.312500
vt 0.394231 0.687500
vt 0.375000 0.687500
vt 0.413462 0.312500
vt 0.413462 0.687500
vt 0.432692 0.312500
vt 0.432692 0.687500
vt 0.451923 0.312500
vt 0.451923 0.687500
vt 0.471154 0.312500
vt 0.471154 0.687500
vt 0.490385 0.312500
vt 0.490385 0.687500
vt 0.509615 0.312500
vt 0.509615 0.687500
vt 0.528846 0.312500
vt 0.528846 0.687500
vt 0.548077 0.312500
vt 0.548077 0.687500
vt 0.567308 0.312500
vt 0.567308 0.687500
vt 0.586539 0.312500
vt 0.586539 0.687500
vt 0.605769 0.312500
vt 0.605769 0.687500
vt 0.625000 0.312500
vt 0.625000 0.687500
vt 0.588760 0.027659
vt 0.638353 0.083637
vt 0.500000 0.156250
vt 0.518834 0.001139
vt 0.444593 0.010154
vt 0.383045 0.052637
vt 0.348290 0.118857
vt 0.348290 0.193643
vt 0.383045 0.259863
vt 0.444593 0.302346
vt 0.518834 0.311361
vt 0.588760 0.284841
vt 0.638353 0.228863
vt 0.656250 0.156250
vt 0.638353 0.916363
vt 0.588760 0.972341
vt 0.500000 0.843750
vt 0.518834 0.998861
vt 0.444593 0.989846
vt 0.383045 0.947363
vt 0.348290 0.881143
vt 0.348290 0.806357
vt 0.383045 0.740137
vt 0.444593 0.697654
vt 0.518834 0.688639
vt 0.588760 0.715159
vt 0.638353 0.771137
vt 0.656250 0.843750
vt 0.375000 0.312500
vt 0.394231 0.312500
vt 0.394231 0.687500
vt 0.375000 0.687500
vt 0.413462 0.312500
vt 0.413462 0.687500
vt 0.432692 0.312500
vt 0.432692 0.687500
vt 0.451923 0.312500
vt 0.451923 0.687500
vt 0.471154 0.312500
vt 0.471154 0.687500
vt 0.490385 0.312500
vt 0.490385 0.687500
vt 0.509615 0.312500
vt 0.509615 0.687500
vt 0.528846 0.312500
vt 0.528846 0.687500
vt 0.548077 0.312500
vt 0.548077 0.687500
vt 0.567308 0.312500
vt 0.567308 0.687500
vt 0.586539 0.312500
vt 0.586539 0.687500
vt 0.605769 0.312500
vt 0.605769 0.687500
vt 0.625000 0.312500
vt 0.625000 0.687500
vt 0.588760 0.027659
vt 0.638353 0.083637
vt 0.500000 0.156250
vt 0.518834 0.001139
vt 0.444593 0.010154
vt 0.383045 0.052637
vt 0.348290 0.118857
vt 0.348290 0.193643
vt 0.383045 0.259863
vt 0.444593 0.302346
vt 0.518834 0.311361
vt 0.588760 0.284841
vt 0.638353 0.228863
vt 0.656250 0.156250
vt 0.638353 0.916363
vt 0.588760 0.972341
vt 0.500000 0.843750
vt 0.518834 0.998861
vt 0.444593 0.989846
vt 0.383045 0.947363
vt 0.348290 0.881143
vt 0.348290 0.806357
vt 0.383045 0.740137
vt 0.444593 0.697654
vt 0.518834 0.688639
vt 0.588760 0.715159
vt 0.638353 0.771137
vt 0.656250 0.843750
vt 0.375000 0.312500
vt 0.394231 0.312500
vt 0.394231 0.687500
vt 0.375000 0.687500
vt 0.413462 0.312500
vt 0.413462 0.687500
vt 0.432692 0.312500
vt 0.432692 0.687500
vt 0.451923 0.312500
vt 0.451923 0.687500
vt 0.471154 0.312500
vt 0.471154 0.687500
vt 0.490385 0.312500
vt 0.490385 0.687500
vt 0.509615 0.312500
vt 0.509615 0.687500
vt 0.528846 0.312500
vt 0.528846 0.687500
vt 0.548077 0.312500
vt 0.548077 0.687500
vt 0.567308 0.312500
vt 0.567308 0.687500
vt 0.586539 0.312500
vt 0.586539 0.687500
vt 0.605769 0.312500
vt 0.605769 0.687500
vt 0.625000 0.312500
vt 0.625000 0.687500
vt 0.588760 0.027659
vt 0.638353 0.083637
vt 0.500000 0.156250
vt 0.518834 0.001139
vt 0.444593 0.010154
vt 0.383045 0.052637
vt 0.348290 0.118857
vt 0.348290 0.193643
vt 0.383045 0.259863
vt 0.444593 0.302346
vt 0.518834 0.311361
vt 0.588760 0.284841
vt 0.638353 0.228863
vt 0.656250 0.156250
vt 0.638353 0.916363
vt 0.588760 0.972341
vt 0.500000 0.843750
vt 0.518834 0.998861
vt 0.444593 0.989846
vt 0.383045 0.947363
vt 0.348290 0.881143
vt 0.348290 0.806357
vt 0.383045 0.740137
vt 0.444593 0.697654
vt 0.518834 0.688639
vt 0.588760 0.715159
vt 0.638353 0.771137
vt 0.656250 0.843750
vt 0.375000 0.312500
vt 0.394231 0.312500
vt 0.394231 0.687500
vt 0.375000 0.687500
vt 0.413462 0.312500
vt 0.413462 0.687500
vt 0.432692 0.312500
vt 0.432692 0.687500
vt 0.451923 0.312500
vt 0.451923 0.687500
vt 0.471154 0.312500
vt 0.471154 0.687500
vt 0.490385 0.312500
vt 0.490385 0.687500
vt 0.509615 0.312500
vt 0.509615 0.687500
vt 0.528846 0.312500
vt 0.528846 0.687500
vt 0.548077 0.312500
vt 0.548077 0.687500
vt 0.567308 0.312500
vt 0.567308 0.687500
vt 0.586539 0.312500
vt 0.586539 0.687500
vt 0.605769 0.312500
vt 0.605769 0.687500
vt 0.625000 0.312500
vt 0.625000 0.687500
vt 0.588760 0.027659
vt 0.638353 0.083637
vt 0.500000 0.156250
vt 0.518834 0.001139
vt 0.444593 0.010154
vt 0.383045 0.052637
vt 0.348290 0.118857
vt 0.348290 0.193643
vt 0.383045 0.259863
vt 0.444593 0.302346
vt 0.518834 0.311361
vt 0.588760 0.284841
vt 0.638353 0.228863
vt 0.656250 0.156250
vt 0.638353 0.916363
vt 0.588760 0.972341
vt 0.500000 0.843750
vt 0.518834 0.998861
vt 0.444593 0.989846
vt 0.383045 0.947363
vt 0.348290 0.881143
vt 0.348290 0.806357
vt 0.383045 0.740137
vt 0.444593 0.697654
vt 0.518834 0.688639
vt 0.588760 0.715159
vt 0.638353 0.771137
vt 0.656250 0.843750
vt 0.375000 0.312500
vt 0.394231 0.312500
vt 0.394231 0.687500
vt 0.375000 0.687500
vt 0.413462 0.312500
vt 0.413462 0.687500
vt 0.432692 0.312500
vt 0.432692 0.687500
vt 0.451923 0.312500
vt 0.451923 0.687500
vt 0.471154 0.312500
vt 0.471154 0.687500
vt 0.490385 0.312500
vt 0.490385 0.687500
vt 0.509615 0.312500
vt 0.509615 0.687500
vt 0.528846 0.312500
vt 0.528846 0.687500
vt 0.548077 0.312500
vt 0.548077 0.687500
vt 0.567308 0.312500
vt 0.567308 0.687500
vt 0.586539 0.312500
vt 0.586539 0.687500
vt 0.605769 0.312500
vt 0.605769 0.687500
vt 0.625000 0.312500
vt 0.625000 0.687500
vt 0.588760 0.027659
vt 0.638353 0.083637
vt 0.500000 0.156250
vt 0.518834 0.001139
vt 0.444593 0.010154
vt 0.383045 0.052637
vt 0.348290 0.118857
vt 0.348290 0.193643
vt 0.383045 0.259863
vt 0.444593 0.302346
vt 0.518834 0.311361
vt 0.588760 0.284841
vt 0.638353 0.228863
vt 0.656250 0.156250
vt 0.638353 0.916363
vt 0.588760 0.972341
vt 0.500000 0.843750
vt 0.518834 0.998861
vt 0.444593 0.989846
vt 0.383045 0.947363
vt 0.348290 0.881143
vt 0.348290 0.806357
vt 0.383045 0.740137
vt 0.444593 0.697654
vt 0.518834 0.688639
vt 0.588760 0.715159
vt 0.638353 0.771137
vt 0.656250 0.843750
vt 0.375000 0.312500
vt 0.394231 0.312500
vt 0.394231 0.687500
vt 0.375000 0.687500
vt 0.413462 0.312500
vt 0.413462 0.687500
vt 0.432692 0.312500
vt 0.432692 0.687500
vt 0.451923 0.312500
vt 0.451923 0.687500
vt 0.471154 0.312500
vt 0.471154 0.687500
vt 0.490385 0.312500
vt 0.490385 0.687500
vt 0.509615 0.312500
vt 0.509615 0.687500
vt 0.528846 0.312500
vt 0.528846 0.687500
vt 0.548077 0.312500
vt 0.548077 0.687500
vt 0.567308 0.312500
vt 0.567308 0.687500
vt 0.586539 0.312500
vt 0.586539 0.687500
vt 0.605769 0.312500
vt 0.605769 0.687500
vt 0.625000 0.312500
vt 0.625000 0.687500
vt 0.588760 0.027659
vt 0.638353 0.083637
vt 0.500000 0.156250
vt 0.518834 0.001139
vt 0.444593 0.010154
vt 0.383045 0.052637
vt 0.348290 0.118857
vt 0.348290 0.193643
vt 0.383045 0.259863
vt 0.444593 0.302346
vt 0.518834 0.311361
vt 0.588760 0.284841
vt 0.638353 0.228863
vt 0.656250 0.156250
vt 0.638353 0.916363
vt 0.588760 0.972341
vt 0.500000 0.843750
vt 0.518834 0.998861
vt 0.444593 0.989846
vt 0.383045 0.947363
vt 0.348290 0.881143
vt 0.348290 0.806357
vt 0.383045 0.740137
vt 0.444593 0.697654
vt 0.518834 0.688639
vt 0.588760 0.715159
vt 0.638353 0.771137
vt 0.656250 0.843750
vt 0.375000 0.312500
vt 0.394231 0.312500
vt 0.394231 0.687500
vt 0.375000 0.687500
vt 0.413462 0.312500
vt 0.413462 0.687500
vt 0.432692 0.312500
vt 0.432692 0.687500
vt 0.451923 0.312500
vt 0.451923 0.687500
vt 0.471154 0.312500
vt 0.471154 0.687500
vt 0.490385 0.312500
vt 0.490385 0.687500
vt 0.509615 0.312500
vt 0.509615 0.687500
vt 0.528846 0.312500
vt 0.528846 0.687500
vt 0.548077 0.312500
vt 0.548077 0.687500
vt 0.567308 0.312500
vt 0.567308 0.687500
vt 0.586539 0.312500
vt 0.586539 0.687500
vt 0.605769 0.312500
vt 0.605769 0.687500
vt 0.625000 0.312500
vt 0.625000 0.687500
vt 0.588760 0.027659
vt 0.638353 0.083637
vt 0.500000 0.156250
vt 0.518834 0.001139
vt 0.444593 0.010154
vt 0.383045 0.052637
vt 0.348290 0.118857
vt 0.348290 0.193643
vt 0.383045 0.259863
vt 0.444593 0.302346
vt 0.518834 0.311361
vt 0.588760 0.284841
vt 0.638353 0.228863
vt 0.656250 0.156250
vt 0.638353 0.916363
vt 0.588760 0.972341
vt 0.500000 0.843750
vt 0.518834 0.998861
vt 0.444593 0.989846
vt 0.383045 0.947363
vt 0.348290 0.881143
vt 0.348290 0.806357
vt 0.383045 0.740137
vt 0.444593 0.697654
vt 0.518834 0.688639
vt 0.588760 0.715159
vt 0.638353 0.771137
vt 0.656250 0.843750
vt 0.375000 0.000000
vt 0.625000 0.000000
vt 0.625000 0.250000
vt 0.375000 0.250000
vt 0.625000 0.500000
vt 0.375000 0.500000
vt 0.625000 0.750000
vt 0.375000 0.750000
vt 0.625000 1.000000
vt 0.375000 1.000000
vt 0.875000 0.000000
vt 0.875000 0.250000
vt 0.125000 0.000000
vt 0.125000 0.250000
vt 0.375000 0.000000
vt 0.625000 0.000000
vt 0.625000 0.250000
vt 0.375000 0.250000
vt 0.625000 0.500000
vt 0.375000 0.500000
vt 0.625000 0.750000
vt 0.375000 0.750000
vt 0.625000 1.000000
vt 0.375000 1.000000
vt 0.875000 0.000000
vt 0.875000 0.250000
vt 0.125000 0.000000
vt 0.125000 0.250000
vt 0.375000 0.000000
vt 0.625000 0.000000
vt 0.625000 0.250000
vt 0.375000 0.250000
vt 0.375000 0.250000
vt 0.625000 0.250000
vt 0.625000 0.500000
vt 0.375000 0.500000
vt 0.375000 0.500000
vt 0.625000 0.500000
vt 0.625000 0.750000
vt 0.375000 0.750000
vt 0.625000 1.000000
vt 0.375000 1.000000
vt 0.875000 0.000000
vt 0.875000 0.250000
vt 0.125000 0.000000
vt 0.125000 0.250000
vt 0.625000 0.250000
vt 0.375000 0.250000
vt 0.625000 0.500000
vt 0.375000 0.500000
vt 0.625000 0.250000
vt 0.375000 0.250000
vt 0.625000 0.500000
vt 0.375000 0.500000
vt 0.625000 0.250000
vt 0.375000 0.250000
vt 0.625000 0.500000
vt 0.375000 0.500000
vt 0.625000 0.250000
vt 0.375000 0.250000
vt 0.625000 0.500000
vt 0.375000 0.500000
vt 0.625000 0.250000
vt 0.375000 0.250000
vt 0.625000 0.500000
vt 0.375000 0.500000
vt 0.625000 0.250000
vt 0.375000 0.250000
vt 0.625000 0.500000
vt 0.375000 0.500000
vt 0.625000 0.250000
vt 0.375000 0.250000
vt 0.625000 0.500000
vt 0.375000 0.500000
vt 0.625000 0.250000
vt 0.375000 0.250000
vt 0.625000 0.500000
vt 0.375000 0.500000
vt 0.625000 0.250000
vt 0.375000 0.250000
vt 0.625000 0.500000
vt 0.375000 0.500000
vt 0.625000 0.250000
vt 0.375000 0.250000
vt 0.625000 0.500000
vt 0.375000 0.500000
vt 0.625000 0.250000
vt 0.375000 0.250000
vt 0.625000 0.500000
vt 0.375000 0.500000
vt 0.625000 0.250000
vt 0.375000 0.250000
vt 0.625000 0.500000
vt 0.375000 0.500000
vt 0.625000 0.250000
vt 0.375000 0.250000
vt 0.625000 0.500000
vt 0.375000 0.500000
vt 0.625000 0.250000
vt 0.375000 0.250000
vt 0.625000 0.500000
vt 0.375000 0.500000
vt 0.625000 0.250000
vt 0.375000 0.250000
vt 0.625000 0.500000
vt 0.375000 0.500000
vt 0.625000 0.250000
vt 0.375000 0.250000
vt 0.625000 0.500000
vt 0.375000 0.500000
vt 0.375000 0.000000
vt 0.625000 0.000000
vt 0.625000 0.250000
vt 0.375000 0.250000
vt 0.375000 0.250000
vt 0.625000 0.250000
vt 0.625000 0.500000
vt 0.375000 0.500000
vt 0.375000 0.500000
vt 0.625000 0.500000
vt 0.625000 0.750000
vt 0.375000 0.750000
vt 0.625000 1.000000
vt 0.375000 1.000000
vt 0.875000 0.000000
vt 0.875000 0.250000
vt 0.125000 0.000000
vt 0.125000 0.250000
vt 0.625000 0.250000
vt 0.375000 0.250000
vt 0.625000 0.500000
vt 0.375000 0.500000
vt 0.625000 0.250000
vt 0.375000 0.250000
vt 0.625000 0.500000
vt 0.375000 0.500000
vt 0.625000 0.250000
vt 0.375000 0.250000
vt 0.625000 0.500000
vt 0.375000 0.500000
vt 0.625000 0.250000
vt 0.375000 0.250000
vt 0.625000 0.500000
vt 0.375000 0.500000
vt 0.625000 0.250000
vt 0.375000 0.250000
vt 0.625000 0.500000
vt 0.375000 0.500000
vt 0.625000 0.250000
vt 0.375000 0.250000
vt 0.625000 0.500000
vt 0.375000 0.500000
vt 0.625000 0.250000
vt 0.375000 0.250000
vt 0.625000 0.500000
vt 0.375000 0.500000
vt 0.625000 0.250000
vt 0.375000 0.250000
vt 0.625000 0.500000
vt 0.375000 0.500000
vt 0.625000 0.250000
vt 0.375000 0.250000
vt 0.625000 0.500000
vt 0.375000 0.500000
vt 0.625000 0.250000
vt 0.375000 0.250000
vt 0.625000 0.500000
vt 0.375000 0.500000
vt 0.625000 0.250000
vt 0.375000 0.250000
vt 0.625000 0.500000
vt 0.375000 0.500000
vt 0.625000 0.250000
vt 0.375000 0.250000
vt 0.625000 0.500000
vt 0.375000 0.500000
vt 0.625000 0.250000
vt 0.375000 0.250000
vt 0.625000 0.500000
vt 0.375000 0.500000
vt 0.625000 0.250000
vt 0.375000 0.250000
vt 0.625000 0.500000
vt 0.375000 0.500000
vt 0.625000 0.250000
vt 0.375000 0.250000
vt 0.625000 0.500000
vt 0.375000 0.500000
vt 0.625000 0.250000
vt 0.375000 0.250000
vt 0.625000 0.500000
vt 0.375000 0.500000
vt 0.375000 0.000000
vt 0.625000 0.000000
vt 0.625000 0.250000
vt 0.375000 0.250000
vt 0.625000 0.500000
vt 0.375000 0.500000
vt 0.625000 0.750000
vt 0.375000 0.750000
vt 0.625000 1.000000
vt 0.375000 1.000000
vt 0.875000 0.000000
vt 0.875000 0.250000
vt 0.125000 0.000000
vt 0.125000 0.250000
vt 0.375000 0.000000
vt 0.625000 0.000000
vt 0.625000 0.250000
vt 0.375000 0.250000
vt 0.625000 0.500000
vt 0.375000 0.500000
vt 0.625000 0.750000
vt 0.375000 0.750000
vt 0.625000 1.000000
vt 0.375000 1.000000
vt 0.875000 0.000000
vt 0.875000 0.250000
vt 0.125000 0.000000
vt 0.125000 0.250000
vt 0.375000 0.000000
vt 0.625000 0.000000
vt 0.625000 0.250000
vt 0.375000 0.250000
vt 0.625000 0.500000
vt 0.375000 0.500000
vt 0.625000 0.750000
vt 0.375000 0.750000
vt 0.625000 1.000000
vt 0.375000 1.000000
vt 0.875000 0.000000
vt 0.875000 0.250000
vt 0.125000 0.000000
vt 0.125000 0.250000
vt 0.375000 0.000000
vt 0.625000 0.000000
vt 0.625000 0.250000
vt 0.375000 0.250000
vt 0.625000 0.500000
vt 0.375000 0.500000
vt 0.625000 0.750000
vt 0.375000 0.750000
vt 0.625000 1.000000
vt 0.375000 1.000000
vt 0.875000 0.000000
vt 0.875000 0.250000
vt 0.125000 0.000000
vt 0.125000 0.250000
vt 0.375000 0.000000
vt 0.625000 0.000000
vt 0.625000 0.250000
vt 0.375000 0.250000
vt 0.375000 0.250000
vt 0.625000 0.250000
vt 0.625000 0.500000
vt 0.375000 0.500000
vt 0.375000 0.500000
vt 0.625000 0.500000
vt 0.625000 0.750000
vt 0.375000 0.750000
vt 0.625000 1.000000
vt 0.375000 1.000000
vt 0.875000 0.000000
vt 0.875000 0.250000
vt 0.125000 0.000000
vt 0.125000 0.250000
vt 0.375000 0.000000
vt 0.625000 0.000000
vt 0.625000 0.250000
vt 0.375000 0.250000
vt 0.375000 0.250000
vt 0.625000 0.250000
vt 0.625000 0.500000
vt 0.375000 0.500000
vt 0.375000 0.500000
vt 0.625000 0.500000
vt 0.625000 0.750000
vt 0.375000 0.750000
vt 0.625000 1.000000
vt 0.375000 1.000000
vt 0.875000 0.000000
vt 0.875000 0.250000
vt 0.125000 0.000000
vt 0.125000 0.250000
vt 0.375000 0.000000
vt 0.625000 0.000000
vt 0.625000 0.250000
vt 0.375000 0.250000
vt 0.625000 0.500000
vt 0.375000 0.500000
vt 0.625000 0.750000
vt 0.375000 0.750000
vt 0.625000 1.000000
vt 0.375000 1.000000
vt 0.875000 0.000000
vt 0.875000 0.250000
vt 0.125000 0.000000
vt 0.125000 0.250000
vt 0.375000 0.000000
vt 0.625000 0.000000
vt 0.625000 0.250000
vt 0.375000 0.250000
vt 0.625000 0.500000
vt 0.375000 0.500000
vt 0.625000 0.750000
vt 0.375000 0.750000
vt 0.625000 1.000000
vt 0.375000 1.000000
vt 0.875000 0.000000
vt 0.875000 0.250000
vt 0.125000 0.000000
vt 0.125000 0.250000
vt 0.375000 0.312500
vt 0.394231 0.312500
vt 0.394231 0.687500
vt 0.375000 0.687500
vt 0.413462 0.312500
vt 0.413462 0.687500
vt 0.432692 0.312500
vt 0.432692 0.687500
vt 0.451923 0.312500
vt 0.451923 0.687500
vt 0.471154 0.312500
vt 0.471154 0.687500
vt 0.490385 0.312500
vt 0.490385 0.687500
vt 0.509615 0.312500
vt 0.509615 0.687500
vt 0.528846 0.312500
vt 0.528846 0.687500
vt 0.548077 0.312500
vt 0.548077 0.687500
vt 0.567308 0.312500
vt 0.567308 0.687500
vt 0.586539 0.312500
vt 0.586539 0.687500
vt 0.605769 0.312500
vt 0.605769 0.687500
vt 0.625000 0.312500
vt 0.625000 0.687500
vt 0.588760 0.027659
vt 0.638353 0.083637
vt 0.500000 0.156250
vt 0.518834 0.001139
vt 0.444593 0.010154
vt 0.383045 0.052637
vt 0.348290 0.118857
vt 0.348290 0.193643
vt 0.383045 0.259863
vt 0.444593 0.302346
vt 0.518834 0.311361
vt 0.588760 0.284841
vt 0.638353 0.228863
vt 0.656250 0.156250
vt 0.638353 0.916363
vt 0.588760 0.972341
vt 0.500000 0.843750
vt 0.518834 0.998861
vt 0.444593 0.989846
vt 0.383045 0.947363
vt 0.348290 0.881143
vt 0.348290 0.806357
vt 0.383045 0.740137
vt 0.444593 0.697654
vt 0.518834 0.688639
vt 0.588760 0.715159
vt 0.638353 0.771137
vt 0.656250 0.843750
vt 0.375000 0.000000
vt 0.625000 0.000000
vt 0.625000 0.250000
vt 0.375000 0.250000
vt 0.625000 0.500000
vt 0.375000 0.500000
vt 0.625000 0.750000
vt 0.375000 0.750000
vt 0.625000 1.000000
vt 0.375000 1.000000
vt 0.875000 0.000000
vt 0.875000 0.250000
vt 0.125000 0.000000
vt 0.125000 0.250000
vt 0.375000 0.312500
vt 0.394231 0.312500
vt 0.394231 0.687500
vt 0.375000 0.687500
vt 0.413462 0.312500
vt 0.413462 0.687500
vt 0.432692 0.312500
vt 0.432692 0.687500
vt 0.451923 0.312500
vt 0.451923 0.687500
vt 0.471154 0.312500
vt 0.471154 0.687500
vt 0.490385 0.312500
vt 0.490385 0.687500
vt 0.509615 0.312500
vt 0.509615 0.687500
vt 0.528846 0.312500
vt 0.528846 0.687500
vt 0.548077 0.312500
vt 0.548077 0.687500
vt 0.567308 0.312500
vt 0.567308 0.687500
vt 0.586539 0.312500
vt 0.586539 0.687500
vt 0.605769 0.312500
vt 0.605769 0.687500
vt 0.625000 0.312500
vt 0.625000 0.687500
vt 0.588760 0.027659
vt 0.638353 0.083637
vt 0.500000 0.156250
vt 0.518834 0.001139
vt 0.444593 0.010154
vt 0.383045 0.052637
vt 0.348290 0.118857
vt 0.348290 0.193643
vt 0.383045 0.259863
vt 0.444593 0.302346
vt 0.518834 0.311361
vt 0.588760 0.284841
vt 0.638353 0.228863
vt 0.656250 0.156250
vt 0.638353 0.916363
vt 0.588760 0.972341
vt 0.500000 0.843750
vt 0.518834 0.998861
vt 0.444593 0.989846
vt 0.383045 0.947363
vt 0.348290 0.881143
vt 0.348290 0.806357
vt 0.383045 0.740137
vt 0.444593 0.697654
vt 0.518834 0.688639
vt 0.588760 0.715159
vt 0.638353 0.771137
vt 0.656250 0.843750
vt 0.375000 0.312500
vt 0.394231 0.312500
vt 0.394231 0.687500
vt 0.375000 0.687500
vt 0.413462 0.312500
vt 0.413462 0.687500
vt 0.432692 0.312500
vt 0.432692 0.687500
vt 0.451923 0.312500
vt 0.451923 0.687500
vt 0.471154 0.312500
vt 0.471154 0.687500
vt 0.490385 0.312500
vt 0.490385 0.687500
vt 0.509615 0.312500
vt 0.509615 0.687500
vt 0.528846 0.312500
vt 0.528846 0.687500
vt 0.548077 0.312500
vt 0.548077 0.687500
vt 0.567308 0.312500
vt 0.567308 0.687500
vt 0.586539 0.312500
vt 0.586539 0.687500
vt 0.605769 0.312500
vt 0.605769 0.687500
vt 0.625000 0.312500
vt 0.625000 0.687500
vt 0.588760 0.027659
vt 0.638353 0.083637
vt 0.500000 0.156250
vt 0.518834 0.001139
vt 0.444593 0.010154
vt 0.383045 0.052637
vt 0.348290 0.118857
vt 0.348290 0.193643
vt 0.383045 0.259863
vt 0.444593 0.302346
vt 0.518834 0.311361
vt 0.588760 0.284841
vt 0.638353 0.228863
vt 0.656250 0.156250
vt 0.638353 0.916363
vt 0.588760 0.972341
vt 0.500000 0.843750
vt 0.518834 0.998861
vt 0.444593 0.989846
vt 0.383045 0.947363
vt 0.348290 0.881143
vt 0.348290 0.806357
vt 0.383045 0.740137
vt 0.444593 0.697654
vt 0.518834 0.688639
vt 0.588760 0.715159
vt 0.638353 0.771137
vt 0.656250 0.843750
vt 0.375000 0.312500
vt 0.394231 0.312500
vt 0.394231 0.687500
vt 0.375000 0.687500
vt 0.413462 0.312500
vt 0.413462 0.687500
vt 0.432692 0.312500
vt 0.432692 0.687500
vt 0.451923 0.312500
vt 0.451923 0.687500
vt 0.471154 0.312500
vt 0.471154 0.687500
vt 0.490385 0.312500
vt 0.490385 0.687500
vt 0.509615 0.312500
vt 0.509615 0.687500
vt 0.528846 0.312500
vt 0.528846 0.687500
vt 0.548077 0.312500
vt 0.548077 0.687500
vt 0.567308 0.312500
vt 0.567308 0.687500
vt 0.586539 0.312500
vt 0.586539 0.687500
vt 0.605769 0.312500
vt 0.605769 0.687500
vt 0.625000 0.312500
vt 0.625000 0.687500
vt 0.588760 0.027659
vt 0.638353 0.083637
vt 0.500000 0.156250
vt 0.518834 0.001139
vt 0.444593 0.010154
vt 0.383045 0.052637
vt 0.348290 0.118857
vt 0.348290 0.193643
vt 0.383045 0.259863
vt 0.444593 0.302346
vt 0.518834 0.311361
vt 0.588760 0.284841
vt 0.638353 0.228863
vt 0.656250 0.156250
vt 0.638353 0.916363
vt 0.588760 0.972341
vt 0.500000 0.843750
vt 0.518834 0.998861
vt 0.444593 0.989846
vt 0.383045 0.947363
vt 0.348290 0.881143
vt 0.348290 0.806357
vt 0.383045 0.740137
vt 0.444593 0.697654
vt 0.518834 0.688639
vt 0.588760 0.715159
vt 0.638353 0.771137
vt 0.656250 0.843750
vt 0.375000 0.312500
vt 0.394231 0.312500
vt 0.394231 0.687500
vt 0.375000 0.687500
vt 0.413462 0.312500
vt 0.413462 0.687500
vt 0.432692 0.312500
vt 0.432692 0.687500
vt 0.451923 0.312500
vt 0.451923 0.687500
vt 0.471154 0.312500
vt 0.471154 0.687500
vt 0.490385 0.312500
vt 0.490385 0.687500
vt 0.509615 0.312500
vt 0.509615 0.687500
vt 0.528846 0.312500
vt 0.528846 0.687500
vt 0.548077 0.312500
vt 0.548077 0.687500
vt 0.567308 0.312500
vt 0.567308 0.687500
vt 0.586539 0.312500
vt 0.586539 0.687500
vt 0.605769 0.312500
vt 0.605769 0.687500
vt 0.625000 0.312500
vt 0.625000 0.687500
vt 0.588760 0.027659
vt 0.638353 0.083637
vt 0.500000 0.156250
vt 0.518834 0.001139
vt 0.444593 0.010154
vt 0.383045 0.052637
vt 0.348290 0.118857
vt 0.348290 0.193643
vt 0.383045 0.259863
vt 0.444593 0.302346
vt 0.518834 0.311361
vt 0.588760 0.284841
vt 0.638353 0.228863
vt 0.656250 0.156250
vt 0.638353 0.916363
vt 0.588760 0.972341
vt 0.500000 0.843750
vt 0.518834 0.998861
vt 0.444593 0.989846
vt 0.383045 0.947363
vt 0.348290 0.881143
vt 0.348290 0.806357
vt 0.383045 0.740137
vt 0.444593 0.697654
vt 0.518834 0.688639
vt 0.588760 0.715159
vt 0.638353 0.771137
vt 0.656250 0.843750
vt 0.375000 0.312500
vt 0.394231 0.312500
vt 0.394231 0.687500
vt 0.375000 0.687500
vt 0.413462 0.312500
vt 0.413462 0.687500
vt 0.432692 0.312500
vt 0.432692 0.687500
vt 0.451923 0.312500
vt 0.451923 0.687500
vt 0.471154 0.312500
vt 0.471154 0.687500
vt 0.490385 0.312500
vt 0.490385 0.687500
vt 0.509615 0.312500
vt 0.509615 0.687500
vt 0.528846 0.312500
vt 0.528846 0.687500
vt 0.548077 0.312500
vt 0.548077 0.687500
vt 0.567308 0.312500
vt 0.567308 0.687500
vt 0.586539 0.312500
vt 0.586539 0.687500
vt 0.605769 0.312500
vt 0.605769 0.687500
vt 0.625000 0.312500
vt 0.625000 0.687500
vt 0.588760 0.027659
vt 0.638353 0.083637
vt 0.500000 0.156250
vt 0.518834 0.001139
vt 0.444593 0.010154
vt 0.383045 0.052637
vt 0.348290 0.118857
vt 0.348290 0.193643
vt 0.383045 0.259863
vt 0.444593 0.302346
vt 0.518834 0.311361
vt 0.588760 0.284841
vt 0.638353 0.228863
vt 0.656250 0.156250
vt 0.638353 0.916363
vt 0.588760 0.972341
vt 0.500000 0.843750
vt 0.518834 0.998861
vt 0.444593 0.989846
vt 0.383045 0.947363
vt 0.348290 0.881143
vt 0.348290 0.806357
vt 0.383045 0.740137
vt 0.444593 0.697654
vt 0.518834 0.688639
vt 0.588760 0.715159
vt 0.638353 0.771137
vt 0.656250 0.843750
vt 0.375000 0.312500
vt 0.394231 0.312500
vt 0.394231 0.687500
vt 0.375000 0.687500
vt 0.413462 0.312500
vt 0.413462 0.687500
vt 0.432692 0.312500
vt 0.432692 0.687500
vt 0.451923 0.312500
vt 0.451923 0.687500
vt 0.471154 0.312500
vt 0.471154 0.687500
vt 0.490385 0.312500
vt 0.490385 0.687500
vt 0.509615 0.312500
vt 0.509615 0.687500
vt 0.528846 0.312500
vt 0.528846 0.687500
vt 0.548077 0.312500
vt 0.548077 0.687500
vt 0.567308 0.312500
vt 0.567308 0.687500
vt 0.586539 0.312500
vt 0.586539 0.687500
vt 0.605769 0.312500
vt 0.605769 0.687500
vt 0.625000 0.312500
vt 0.625000 0.687500
vt 0.588760 0.027659
vt 0.638353 0.083637
vt 0.500000 0.156250
vt 0.518834 0.001139
vt 0.444593 0.010154
vt 0.383045 0.052637
vt 0.348290 0.118857
vt 0.348290 0.193643
vt 0.383045 0.259863
vt 0.444593 0.302346
vt 0.518834 0.311361
vt 0.588760 0.284841
vt 0.638353 0.228863
vt 0.656250 0.156250
vt 0.638353 0.916363
vt 0.588760 0.972341
vt 0.500000 0.843750
vt 0.518834 0.998861
vt 0.444593 0.989846
vt 0.383045 0.947363
vt 0.348290 0.881143
vt 0.348290 0.806357
vt 0.383045 0.740137
vt 0.444593 0.697654
vt 0.518834 0.688639
vt 0.588760 0.715159
vt 0.638353 0.771137
vt 0.656250 0.843750
vt 0.375000 0.312500
vt 0.394231 0.312500
vt 0.394231 0.687500
vt 0.375000 0.687500
vt 0.413462 0.312500
vt 0.413462 0.687500
vt 0.432692 0.312500
vt 0.432692 0.687500
vt 0.451923 0.312500
vt 0.451923 0.687500
vt 0.471154 0.312500
vt 0.471154 0.687500
vt 0.490385 0.312500
vt 0.490385 0.687500
vt 0.509615 0.312500
vt 0.509615 0.687500
vt 0.528846 0.312500
vt 0.528846 0.687500
vt 0.548077 0.312500
vt 0.548077 0.687500
vt 0.567308 0.312500
vt 0.567308 0.687500
vt 0.586539 0.312500
vt 0.586539 0.687500
vt 0.605769 0.312500
vt 0.605769 0.687500
vt 0.625000 0.312500
vt 0.625000 0.687500
vt 0.588760 0.027659
vt 0.638353 0.083637
vt 0.500000 0.156250
vt 0.518834 0.001139
vt 0.444593 0.010154
vt 0.383045 0.052637
vt 0.348290 0.118857
vt 0.348290 0.193643
vt 0.383045 0.259863
vt 0.444593 0.302346
vt 0.518834 0.311361
vt 0.588760 0.284841
vt 0.638353 0.228863
vt 0.656250 0.156250
vt 0.638353 0.916363
vt 0.588760 0.972341
vt 0.500000 0.843750
vt 0.518834 0.998861
vt 0.444593 0.989846
vt 0.383045 0.947363
vt 0.348290 0.881143
vt 0.348290 0.806357
vt 0.383045 0.740137
vt 0.444593 0.697654
vt 0.518834 0.688639
vt 0.588760 0.715159
vt 0.638353 0.771137
vt 0.656250 0.843750
vt 0.375000 0.000000
vt 0.625000 0.000000
vt 0.625000 0.250000
vt 0.375000 0.250000
vt 0.625000 0.500000
vt 0.375000 0.500000
vt 0.625000 0.750000
vt 0.375000 0.750000
vt 0.625000 1.000000
vt 0.375000 1.000000
vt 0.875000 0.000000
vt 0.875000 0.250000
vt 0.125000 0.000000
vt 0.125000 0.250000
vt 0.375000 0.312500
vt 0.394231 0.312500
vt 0.394231 0.687500
vt 0.375000 0.687500
vt 0.413462 0.312500
vt 0.413462 0.687500
vt 0.432692 0.312500
vt 0.432692 0.687500
vt 0.451923 0.312500
vt 0.451923 0.687500
vt 0.471154 0.312500
vt 0.471154 0.687500
vt 0.490385 0.312500
vt 0.490385 0.687500
vt 0.509615 0.312500
vt 0.509615 0.687500
vt 0.528846 0.312500
vt 0.528846 0.687500
vt 0.548077 0.312500
vt 0.548077 0.687500
vt 0.567308 0.312500
vt 0.567308 0.687500
vt 0.586539 0.312500
vt 0.586539 0.687500
vt 0.605769 0.312500
vt 0.605769 0.687500
vt 0.625000 0.312500
vt 0.625000 0.687500
vt 0.588760 0.027659
vt 0.638353 0.083637
vt 0.500000 0.156250
vt 0.518834 0.001139
vt 0.444593 0.010154
vt 0.383045 0.052637
vt 0.348290 0.118857
vt 0.348290 0.193643
vt 0.383045 0.259863
vt 0.444593 0.302346
vt 0.518834 0.311361
vt 0.588760 0.284841
vt 0.638353 0.228863
vt 0.656250 0.156250
vt 0.638353 0.916363
vt 0.588760 0.972341
vt 0.500000 0.843750
vt 0.518834 0.998861
vt 0.444593 0.989846
vt 0.383045 0.947363
vt 0.348290 0.881143
vt 0.348290 0.806357
vt 0.383045 0.740137
vt 0.444593 0.697654
vt 0.518834 0.688639
vt 0.588760 0.715159
vt 0.638353 0.771137
vt 0.656250 0.843750
vt 0.375000 0.312500
vt 0.394231 0.312500
vt 0.394231 0.687500
vt 0.375000 0.687500
vt 0.413462 0.312500
vt 0.413462 0.687500
vt 0.432692 0.312500
vt 0.432692 0.687500
vt 0.451923 0.312500
vt 0.451923 0.687500
vt 0.471154 0.312500
vt 0.471154 0.687500
vt 0.490385 0.312500
vt 0.490385 0.687500
vt 0.509615 0.312500
vt 0.509615 0.687500
vt 0.528846 0.312500
vt 0.528846 0.687500
vt 0.548077 0.312500
vt 0.548077 0.687500
vt 0.567308 0.312500
vt 0.567308 0.687500
vt 0.586539 0.312500
vt 0.586539 0.687500
vt 0.605769 0.312500
vt 0.605769 0.687500
vt 0.625000 0.312500
vt 0.625000 0.687500
vt 0.588760 0.027659
vt 0.638353 0.083637
vt 0.500000 0.156250
vt 0.518834 0.001139
vt 0.444593 0.010154
vt 0.383045 0.052637
vt 0.348290 0.118857
vt 0.348290 0.193643
vt 0.383045 0.259863
vt 0.444593 0.302346
vt 0.518834 0.311361
vt 0.588760 0.284841
vt 0.638353 0.228863
vt 0.656250 0.156250
vt 0.638353 0.916363
vt 0.588760 0.972341
vt 0.500000 0.843750
vt 0.518834 0.998861
vt 0.444593 0.989846
vt 0.383045 0.947363
vt 0.348290 0.881143
vt 0.348290 0.806357
vt 0.383045 0.740137
vt 0.444593 0.697654
vt 0.518834 0.688639
vt 0.588760 0.715159
vt 0.638353 0.771137
vt 0.656250 0.843750
vt 0.375000 0.312500
vt 0.394231 0.312500
vt 0.394231 0.687500
vt 0.375000 0.687500
vt 0.413462 0.312500
vt 0.413462 0.687500
vt 0.432692 0.312500
vt 0.432692 0.687500
vt 0.451923 0.312500
vt 0.451923 0.687500
vt 0.471154 0.312500
vt 0.471154 0.687500
vt 0.490385 0.312500
vt 0.490385 0.687500
vt 0.509615 0.312500
vt 0.509615 0.687500
vt 0.528846 0.312500
vt 0.528846 0.687500
vt 0.548077 0.312500
vt 0.548077 0.687500
vt 0.567308 0.312500
vt 0.567308 0.687500
vt 0.586539 0.312500
vt 0.586539 0.687500
vt 0.605769 0.312500
vt 0.605769 0.687500
vt 0.625000 0.312500
vt 0.625000 0.687500
vt 0.588760 0.027659
vt 0.638353 0.083637
vt 0.500000 0.156250
vt 0.518834 0.001139
vt 0.444593 0.010154
vt 0.383045 0.052637
vt 0.348290 0.118857
vt 0.348290 0.193643
vt 0.383045 0.259863
vt 0.444593 0.302346
vt 0.518834 0.311361
vt 0.588760 0.284841
vt 0.638353 0.228863
vt 0.656250 0.156250
vt 0.638353 0.916363
vt 0.588760 0.972341
vt 0.500000 0.843750
vt 0.518834 0.998861
vt 0.444593 0.989846
vt 0.383045 0.947363
vt 0.348290 0.881143
vt 0.348290 0.806357
vt 0.383045 0.740137
vt 0.444593 0.697654
vt 0.518834 0.688639
vt 0.588760 0.715159
vt 0.638353 0.771137
vt 0.656250 0.843750
vt 0.375000 0.312500
vt 0.394231 0.312500
vt 0.394231 0.687500
vt 0.375000 0.687500
vt 0.413462 0.312500
vt 0.413462 0.687500
vt 0.432692 0.312500
vt 0.432692 0.687500
vt 0.451923 0.312500
vt 0.451923 0.687500
vt 0.471154 0.312500
vt 0.471154 0.687500
vt 0.490385 0.312500
vt 0.490385 0.687500
vt 0.509615 0.312500
vt 0.509615 0.687500
vt 0.528846 0.312500
vt 0.528846 0.687500
vt 0.548077 0.312500
vt 0.548077 0.687500
vt 0.567308 0.312500
vt 0.567308 0.687500
vt 0.586539 0.312500
vt 0.586539 0.687500
vt 0.605769 0.312500
vt 0.605769 0.687500
vt 0.625000 0.312500
vt 0.625000 0.687500
vt 0.588760 0.027659
vt 0.638353 0.083637
vt 0.500000 0.156250
vt 0.518834 0.001139
vt 0.444593 0.010154
vt 0.383045 0.052637
vt 0.348290 0.118857
vt 0.348290 0.193643
vt 0.383045 0.259863
vt 0.444593 0.302346
vt 0.518834 0.311361
vt 0.588760 0.284841
vt 0.638353 0.228863
vt 0.656250 0.156250
vt 0.638353 0.916363
vt 0.588760 0.972341
vt 0.500000 0.843750
vt 0.518834 0.998861
vt 0.444593 0.989846
vt 0.383045 0.947363
vt 0.348290 0.881143
vt 0.348290 0.806357
vt 0.383045 0.740137
vt 0.444593 0.697654
vt 0.518834 0.688639
vt 0.588760 0.715159
vt 0.638353 0.771137
vt 0.656250 0.843750
vt 0.375000 0.312500
vt 0.394231 0.312500
vt 0.394231 0.687500
vt 0.375000 0.687500
vt 0.413462 0.312500
vt 0.413462 0.687500
vt 0.432692 0.312500
vt 0.432692 0.687500
vt 0.451923 0.312500
vt 0.451923 0.687500
vt 0.471154 0.312500
vt 0.471154 0.687500
vt 0.490385 0.312500
vt 0.490385 0.687500
vt 0.509615 0.312500
vt 0.509615 0.687500
vt 0.528846 0.312500
vt 0.528846 0.687500
vt 0.548077 0.312500
vt 0.548077 0.687500
vt 0.567308 0.312500
vt 0.567308 0.687500
vt 0.586539 0.312500
vt 0.586539 0.687500
vt 0.605769 0.312500
vt 0.605769 0.687500
vt 0.625000 0.312500
vt 0.625000 0.687500
vt 0.588760 0.027659
vt 0.638353 0.083637
vt 0.500000 0.156250
vt 0.518834 0.001139
vt 0.444593 0.010154
vt 0.383045 0.052637
vt 0.348290 0.118857
vt 0.348290 0.193643
vt 0.383045 0.259863
vt 0.444593 0.302346
vt 0.518834 0.311361
vt 0.588760 0.284841
vt 0.638353 0.228863
vt 0.656250 0.156250
vt 0.638353 0.916363
vt 0.588760 0.972341
vt 0.500000 0.843750
vt 0.518834 0.998861
vt 0.444593 0.989846
vt 0.383045 0.947363
vt 0.348290 0.881143
vt 0.348290 0.806357
vt 0.383045 0.740137
vt 0.444593 0.697654
vt 0.518834 0.688639
vt 0.588760 0.715159
vt 0.638353 0.771137
vt 0.656250 0.843750
vt 0.375000 0.312500
vt 0.394231 0.312500
vt 0.394231 0.687500
vt 0.375000 0.687500
vt 0.413462 0.312500
vt 0.413462 0.687500
vt 0.432692 0.312500
vt 0.432692 0.687500
vt 0.451923 0.312500
vt 0.451923 0.687500
vt 0.471154 0.312500
vt 0.471154 0.687500
vt 0.490385 0.312500
vt 0.490385 0.687500
vt 0.509615 0.312500
vt 0.509615 0.687500
vt 0.528846 0.312500
vt 0.528846 0.687500
vt 0.548077 0.312500
vt 0.548077 0.687500
vt 0.567308 0.312500
vt 0.567308 0.687500
vt 0.586539 0.312500
vt 0.586539 0.687500
vt 0.605769 0.312500
vt 0.605769 0.687500
vt 0.625000 0.312500
vt 0.625000 0.687500
vt 0.588760 0.027659
vt 0.638353 0.083637
vt 0.500000 0.156250
vt 0.518834 0.001139
vt 0.444593 0.010154
vt 0.383045 0.052637
vt 0.348290 0.118857
vt 0.348290 0.193643
vt 0.383045 0.259863
vt 0.444593 0.302346
vt 0.518834 0.311361
vt 0.588760 0.284841
vt 0.638353 0.228863
vt 0.656250 0.156250
vt 0.638353 0.916363
vt 0.588760 0.972341
vt 0.500000 0.843750
vt 0.518834 0.998861
vt 0.444593 0.989846
vt 0.383045 0.947363
vt 0.348290 0.881143
vt 0.348290 0.806357
vt 0.383045 0.740137
vt 0.444593 0.697654
vt 0.518834 0.688639
vt 0.588760 0.715159
vt 0.638353 0.771137
vt 0.656250 0.843750
vt 0.625000 0.250000
vt 0.375000 0.250000
vt 0.625000 0.500000
vt 0.375000 0.500000
vt 0.625000 0.250000
vt 0.375000 0.250000
vt 0.625000 0.500000
vt 0.375000 0.500000
vt 0.625000 0.250000
vt 0.375000 0.250000
vt 0.625000 0.500000
vt 0.375000 0.500000
vt 0.625000 0.250000
vt 0.375000 0.250000
vt 0.625000 0.500000
vt 0.375000 0.500000
vt 0.625000 0.250000
vt 0.375000 0.250000
vt 0.625000 0.500000
vt 0.375000 0.500000
vt 0.625000 0.250000
vt 0.375000 0.250000
vt 0.625000 0.500000
vt 0.375000 0.500000
vt 0.375000 0.000000
vt 0.625000 0.000000
vt 0.625000 0.250000
vt 0.375000 0.250000
vt 0.625000 0.500000
vt 0.375000 0.500000
vt 0.625000 0.750000
vt 0.375000 0.750000
vt 0.625000 1.000000
vt 0.375000 1.000000
vt 0.875000 0.000000
vt 0.875000 0.250000
vt 0.125000 0.000000
vt 0.125000 0.250000
vt 0.375000 0.000000
vt 0.625000 0.000000
vt 0.625000 0.125012
vt 0.375000 0.125012
vt 0.375000 0.267076
vt 0.624998 0.267076
vt 0.625000 0.500000
vt 0.375000 0.500000
vt 0.625000 0.750000
vt 0.375000 0.750000
vt 0.625000 1.000000
vt 0.375000 1.000000
vt 0.875000 0.000000
vt 0.875000 0.250000
vt 0.642076 0.250000
vt 0.125000 0.000000
vt 0.357924 0.250000
vt 0.125000 0.249999
vt 0.375000 0.000000
vt 0.625000 0.000000
vt 0.625000 0.125012
vt 0.375000 0.125012
vt 0.375000 0.267076
vt 0.624998 0.267076
vt 0.625000 0.500000
vt 0.375000 0.500000
vt 0.625000 0.750000
vt 0.375000 0.750000
vt 0.625000 1.000000
vt 0.375000 1.000000
vt 0.875000 0.000000
vt 0.875000 0.250000
vt 0.642076 0.250000
vt 0.125000 0.000000
vt 0.357924 0.250000
vt 0.125000 0.249999
vt 0.375000 0.000000
vt 0.625000 0.000000
vt 0.625000 0.125012
vt 0.375000 0.125012
vt 0.375000 0.267076
vt 0.624998 0.267076
vt 0.625000 0.500000
vt 0.375000 0.500000
vt 0.625000 0.750000
vt 0.375000 0.750000
vt 0.625000 1.000000
vt 0.375000 1.000000
vt 0.875000 0.000000
vt 0.875000 0.250000
vt 0.642076 0.250000
vt 0.125000 0.000000
vt 0.357924 0.250000
vt 0.125000 0.249999
vt 0.375000 0.000000
vt 0.625000 0.000000
vt 0.625000 0.125012
vt 0.375000 0.125012
vt 0.375000 0.267076
vt 0.624998 0.267076
vt 0.625000 0.500000
vt 0.375000 0.500000
vt 0.625000 0.750000
vt 0.375000 0.750000
vt 0.625000 1.000000
vt 0.375000 1.000000
vt 0.875000 0.000000
vt 0.875000 0.250000
vt 0.642076 0.250000
vt 0.125000 0.000000
vt 0.357924 0.250000
vt 0.125000 0.249999
vt 0.375000 0.000000
vt 0.625000 0.000000
vt 0.625000 0.250000
vt 0.375000 0.250000
vt 0.625000 0.500000
vt 0.375000 0.500000
vt 0.625000 0.750000
vt 0.375000 0.750000
vt 0.625000 1.000000
vt 0.375000 1.000000
vt 0.875000 0.000000
vt 0.875000 0.250000
vt 0.125000 0.000000
vt 0.125000 0.250000
vt 0.375000 0.000000
vt 0.625000 0.000000
vt 0.625000 0.250000
vt 0.375000 0.250000
vt 0.625000 0.500000
vt 0.375000 0.500000
vt 0.625000 0.750000
vt 0.375000 0.750000
vt 0.625000 1.000000
vt 0.375000 1.000000
vt 0.875000 0.000000
vt 0.875000 0.250000
vt 0.125000 0.000000
vt 0.125000 0.250000
vt 0.375000 0.000000
vt 0.625000 0.000000
vt 0.625000 0.250000
vt 0.375000 0.250000
vt 0.625000 0.500000
vt 0.375000 0.500000
vt 0.625000 0.750000
vt 0.375000 0.750000
vt 0.625000 1.000000
vt 0.375000 1.000000
vt 0.875000 0.000000
vt 0.875000 0.250000
vt 0.125000 0.000000
vt 0.125000 0.250000
vt 0.375000 0.000000
vt 0.625000 0.000000
vt 0.625000 0.125012
vt 0.375000 0.125012
vt 0.375000 0.267076
vt 0.624998 0.267076
vt 0.625000 0.500000
vt 0.375000 0.500000
vt 0.625000 0.750000
vt 0.375000 0.750000
vt 0.625000 1.000000
vt 0.375000 1.000000
vt 0.875000 0.000000
vt 0.875000 0.250000
vt 0.642076 0.250000
vt 0.125000 0.000000
vt 0.357924 0.250000
vt 0.125000 0.249999
vt 0.375000 0.000000
vt 0.625000 0.000000
vt 0.625000 0.125012
vt 0.375000 0.125012
vt 0.375000 0.267076
vt 0.624998 0.267076
vt 0.625000 0.500000
vt 0.375000 0.500000
vt 0.625000 0.750000
vt 0.375000 0.750000
vt 0.625000 1.000000
vt 0.375000 1.000000
vt 0.875000 0.000000
vt 0.875000 0.250000
vt 0.642076 0.250000
vt 0.125000 0.000000
vt 0.357924 0.250000
vt 0.125000 0.249999
vt 0.375000 0.000000
vt 0.625000 0.000000
vt 0.625000 0.125012
vt 0.375000 0.125012
vt 0.375000 0.267076
vt 0.624998 0.267076
vt 0.625000 0.500000
vt 0.375000 0.500000
vt 0.625000 0.750000
vt 0.375000 0.750000
vt 0.625000 1.000000
vt 0.375000 1.000000
vt 0.875000 0.000000
vt 0.875000 0.250000
vt 0.642076 0.250000
vt 0.125000 0.000000
vt 0.357924 0.250000
vt 0.125000 0.249999
vt 0.375000 0.000000
vt 0.625000 0.000000
vt 0.625000 0.125012
vt 0.375000 0.125012
vt 0.375000 0.267076
vt 0.624998 0.267076
vt 0.625000 0.500000
vt 0.375000 0.500000
vt 0.625000 0.750000
vt 0.375000 0.750000
vt 0.625000 1.000000
vt 0.375000 1.000000
vt 0.875000 0.000000
vt 0.875000 0.250000
vt 0.642076 0.250000
vt 0.125000 0.000000
vt 0.357924 0.250000
vt 0.125000 0.249999
vt 0.375000 0.000000
vt 0.625000 0.000000
vt 0.625000 0.250000
vt 0.375000 0.250000
vt 0.625000 0.500000
vt 0.375000 0.500000
vt 0.625000 0.750000
vt 0.375000 0.750000
vt 0.625000 1.000000
vt 0.375000 1.000000
vt 0.875000 0.000000
vt 0.875000 0.250000
vt 0.125000 0.000000
vt 0.125000 0.250000
vt 0.375000 0.000000
vt 0.625000 0.000000
vt 0.625000 0.250000
vt 0.375000 0.250000
vt 0.625000 0.500000
vt 0.375000 0.500000
vt 0.625000 0.750000
vt 0.375000 0.750000
vt 0.625000 1.000000
vt 0.375000 1.000000
vt 0.875000 0.000000
vt 0.875000 0.250000
vt 0.125000 0.000000
vt 0.125000 0.250000
vn -0.612703 -0.000000 0.790313
vn -0.612703 -0.000000 0.790313
vn -0.612703 -0.000000 0.790313
vn -0.612703 0.000000 0.790313
vn 0.000000 1.000000 -0.000000
vn 0.000000 1.000000 -0.000000
vn 0.000000 1.000000 -0.000000
vn 0.000000 1.000000 -0.000000
vn -0.628275 0.000000 -0.777991
vn -0.628275 0.000000 -0.777991
vn -0.628275 0.000000 -0.777991
vn -0.628275 0.000000 -0.777991
vn 0.000000 -1.000000 0.000000
vn 0.000000 -1.000000 0.000000
vn 0.000000 -1.000000 -0.000000
vn 0.000000 -1.000000 -0.000000
vn 1.000000 0.000000 0.000000
vn 1.000000 0.000000 0.000000
vn 1.000000 0.000000 0.000000
vn 1.000000 0.000000 0.000000
vn -0.999987 0.000000 0.005018
vn -1.000000 0.000000 0.000000
vn -1.000000 0.000000 0.000000
vn -0.999987 0.000000 0.005018
vn -1.000000 0.000000 0.000000
vn -1.000000 0.000000 0.000000
vn -1.000000 0.000000 0.000000
vn -1.000000 0.000000 0.000000
vn 0.000000 -1.000000 0.000000
vn 0.000000 -1.000000 0.000000
vn 0.000000 -1.000000 0.000000
vn 0.000000 -1.000000 0.000000
vn 1.000000 0.000000 0.000000
vn 1.000000 0.000000 0.000000
vn 1.000000 0.000000 0.000000
vn 1.000000 0.000000 0.000000
vn 0.000000 1.000000 0.000000
vn 0.000000 1.000000 0.000000
vn 0.000000 1.000000 0.000000
vn 0.000000 1.000000 0.000000
vn -1.000000 0.000000 0.000000
vn -1.000000 0.000000 0.000000
vn 0.000000 1.000000 0.000000
vn 0.000000 1.000000 0.000000
vn 1.000000 0.000000 0.000000
vn 1.000000 0.000000 0.000000
vn 1.000000 0.000000 0.000000
vn 1.000000 0.000000 0.000000
vn 0.000000 -1.000000 0.000000
vn 0.000000 -1.000000 0.000000
vn 0.000000 -1.000000 0.000000
vn 0.000000 -1.000000 -0.000000
vn 0.973966 0.000000 0.226695
vn 0.973966 0.000000 0.226695
vn 0.973966 0.000000 0.226695
vn 0.973966 0.000000 0.226695
vn 0.000000 1.000000 0.000000
vn 0.000000 1.000000 0.000000
vn -0.999810 0.000000 0.019483
vn -0.999810 0.000000 0.019483
vn 0.000000 1.000000 -0.000000
vn 0.000000 1.000000 -0.000000
vn 0.000000 1.000000 -0.000000
vn 0.000000 1.000000 -0.000000
vn 0.973467 0.000000 -0.228829
vn 0.973467 0.000000 -0.228829
vn 0.973467 0.000000 -0.228829
vn 0.973467 0.000000 -0.228829
vn 0.000000 -1.000000 0.000000
vn 0.000000 -1.000000 0.000000
vn 0.000000 -1.000000 0.000000
vn 0.000000 -1.000000 0.000000
vn -0.999722 0.000000 0.023573
vn -0.999722 0.000000 0.023573
vn -0.999722 0.000000 0.023573
vn -0.999722 0.000000 0.023573
vn 0.000000 0.000000 0.000000
vn 0.000000 0.000000 0.000000
vn 0.000000 0.000000 0.000000
vn 0.000000 0.000000 0.000000
vn 0.000000 0.000000 0.000000
vn 0.000000 0.000000 0.000000
vn 0.000000 0.000000 0.000000
vn 0.000000 0.000000 0.000000
vn 0.000000 0.000000 0.000000
vn 0.000000 0.000000 0.000000
vn 0.000000 0.000000 0.000000
vn 0.000000 0.000000 0.000000
vn 0.000000 0.000000 0.000000
vn 0.000000 0.000000 0.000000
vn 0.000000 0.000000 0.000000
vn 1.000000 0.000000 0.000000
vn 0.000000 0.000000 0.000000
vn 0.000000 0.000000 0.000000
vn 1.000000 0.000000 0.000000
vn 0.000000 0.000000 0.000000
vn -1.000000 0.000000 0.000000
vn -0.999987 0.000000 0.005018
vn -1.000000 0.000000 0.000000
vn -1.000000 0.000000 0.000000
vn -1.000000 0.000000 0.000000
vn -0.999722 0.000000 0.023573
vn -0.999722 0.000000 0.023573
vn -0.628275 0.000000 -0.777991
vn -0.628275 0.000000 -0.777991
vn 0.973467 0.000000 -0.228829
vn 0.973467 0.000000 -0.228829
vn 0.973467 0.000000 -0.228829
vn 0.973467 0.000000 -0.228829
vn 1.000000 0.000000 0.000000
vn 1.000000 0.000000 0.000000
vn 1.000000 0.000000 0.000000
vn 1.000000 0.000000 0.000000
vn 1.000000 0.000000 0.000000
vn 1.000000 0.000000 0.000000
vn 1.000000 0.000000 0.000000
vn 1.000000 0.000000 0.000000
vn -0.612703 0.000000 0.790313
vn -0.612703 0.000000 0.790313
vn -0.999810 0.000000 0.019483
vn 1.000000 0.000000 0.000000
vn 1.000000 0.000000 0.000000
vn 1.000000 0.000000 0.000000
vn 1.000000 0.000000 0.000000
vn 0.973966 0.000000 0.226696
vn 0.973966 0.000000 0.226696
vn 0.973966 0.000000 0.226696
vn 0.973966 0.000000 0.226696
vn 0.973966 -0.000012 0.226695
vn 0.973966 -0.000012 0.226695
vn 0.973966 -0.000012 0.226695
vn 0.973966 -0.000012 0.226695
vn 0.973965 0.000000 0.226699
vn 0.973965 0.000000 0.226699
vn 0.973965 0.000000 0.226699
vn 0.973965 0.000000 0.226699
vn 0.973966 0.000014 0.226693
vn 0.973966 0.000014 0.226693
vn 0.973966 0.000014 0.226693
vn 0.973966 0.000014 0.226693
vn 0.973961 0.000000 0.226715
vn 0.973961 0.000000 0.226715
vn 0.973961 0.000000 0.226715
vn 0.973961 0.000000 0.226715
vn 0.973969 0.000000 0.226681
vn 0.973969 0.000000 0.226681
vn 0.973969 0.000000 0.226681
vn 0.973969 0.000000 0.226681
vn 0.973966 0.000006 0.226696
vn 0.973966 0.000006 0.226696
vn 0.973966 0.000006 0.226696
vn 0.973966 0.000006 0.226696
vn 0.973968 0.000000 0.226685
vn 0.973968 0.000000 0.226685
vn 0.973968 0.000000 0.226685
vn 0.973968 0.000000 0.226685
vn 0.973966 -0.000005 0.226695
vn 0.973966 -0.000005 0.226695
vn 0.973966 -0.000005 0.226695
vn 0.973966 -0.000005 0.226695
vn 1.000000 -0.000001 0.000000
vn 1.000000 -0.000001 0.000000
vn 1.000000 -0.000001 0.000000
vn 1.000000 -0.000001 0.000000
vn 1.000000 0.000000 0.000000
vn 1.000000 0.000000 0.000000
vn 1.000000 0.000000 0.000000
vn 1.000000 0.000000 0.000000
vn 1.000000 -0.000002 0.000000
vn 1.000000 -0.000002 0.000000
vn 1.000000 -0.000002 0.000000
vn 1.000000 -0.000002 0.000000
vn 1.000000 0.000000 0.000000
vn 1.000000 0.000000 0.000000
vn 1.000000 0.000000 0.000000
vn 1.000000 0.000000 0.000000
vn 1.000000 -0.000002 0.000000
vn 1.000000 -0.000002 0.000000
vn 1.000000 -0.000002 0.000000
vn 1.000000 -0.000002 0.000000
vn 1.000000 0.000000 0.000000
vn 1.000000 0.000000 0.000000
vn 1.000000 0.000000 0.000000
vn 1.000000 0.000000 0.000000
vn 1.000000 0.000003 0.000000
vn 1.000000 0.000003 0.000000
vn 1.000000 0.000003 0.000000
vn 1.000000 0.000003 0.000000
vn 1.000000 0.000000 0.000000
vn 1.000000 0.000000 0.000000
vn 1.000000 0.000000 0.000000
vn 1.000000 0.000000 0.000000
vn 1.000000 0.000000 0.000000
vn 1.000000 0.000000 0.000000
vn 1.000000 0.000000 0.000000
vn 1.000000 0.000000 0.000000
vn 1.000000 -0.000003 -0.000000
vn 1.000000 -0.000003 0.000000
vn 1.000000 -0.000003 -0.000000
vn 1.000000 -0.000003 -0.000000
vn 1.000000 0.000000 0.000000
vn 1.000000 0.000000 0.000000
vn 1.000000 0.000000 0.000000
vn 1.000000 0.000000 0.000000
vn 1.000000 0.000000 0.000000
vn 1.000000 0.000000 0.000000
vn 1.000000 0.000000 0.000000
vn 1.000000 0.000000 0.000000
vn 1.000000 0.000000 0.000000
vn 1.000000 0.000000 0.000000
vn 1.000000 0.000000 0.000000
vn 1.000000 0.000000 0.000000
vn 1.000000 0.000003 0.000000
vn 1.000000 0.000003 0.000000
vn 1.000000 0.000003 0.000000
vn 1.000000 0.000003 0.000000
vn 1.000000 0.000000 0.000000
vn 1.000000 0.000000 0.000000
vn 1.000000 0.000000 0.000000
vn 1.000000 0.000000 0.000000
vn 1.000000 -0.000004 0.000000
vn 1.000000 -0.000004 0.000000
vn 1.000000 -0.000004 0.000000
vn 1.000000 -0.000004 0.000000
vn 1.000000 -0.000003 0.000000
vn 1.000000 -0.000003 0.000000
vn 1.000000 -0.000003 0.000000
vn 1.000000 -0.000003 0.000000
vn 1.000000 0.000000 0.000000
vn 1.000000 0.000000 0.000000
vn 1.000000 0.000000 0.000000
vn 1.000000 0.000000 0.000000
vn 1.000000 -0.000002 0.000000
vn 1.000000 -0.000002 0.000000
vn 1.000000 -0.000002 0.000000
vn 1.000000 -0.000002 0.000000
vn 1.000000 0.000000 0.000000
vn 1.000000 0.000000 0.000000
vn 1.000000 0.000000 0.000000
vn 1.000000 0.000000 0.000000
vn 0.973466 0.000000 -0.228833
vn 0.973466 0.000000 -0.228833
vn 0.973466 0.000000 -0.228833
vn 0.973466 0.000000 -0.228833
vn 0.973466 -0.000026 -0.228830
vn 0.973466 -0.000026 -0.228830
vn 0.973466 -0.000026 -0.228830
vn 0.973466 -0.000026 -0.228830
vn 0.973461 0.000000 -0.228855
vn 0.973461 0.000000 -0.228855
vn 0.973461 0.000000 -0.228855
vn 0.973461 0.000000 -0.228855
vn 0.973467 0.000023 -0.228829
vn 0.973467 0.000023 -0.228829
vn 0.973467 0.000023 -0.228829
vn 0.973467 0.000023 -0.228829
vn 0.973467 -0.000014 -0.228829
vn 0.973467 -0.000014 -0.228829
vn 0.973467 -0.000014 -0.228829
vn 0.973467 -0.000014 -0.228829
vn 0.973465 0.000000 -0.228837
vn 0.973465 0.000000 -0.228837
vn 0.973465 0.000000 -0.228837
vn 0.973465 0.000000 -0.228837
vn 0.973466 0.000012 -0.228830
vn 0.973466 0.000012 -0.228830
vn 0.973466 0.000012 -0.228830
vn 0.973466 0.000012 -0.228830
vn 0.973468 0.000000 -0.228823
vn 0.973468 0.000000 -0.228823
vn 0.973468 0.000000 -0.228823
vn 0.973468 0.000000 -0.228823
vn 1.000000 0.000001 0.000000
vn 1.000000 0.000002 -0.000000
vn 1.000000 0.000002 -0.000000
vn 1.000000 0.000001 0.000000
vn 1.000000 0.000000 0.000000
vn 1.000000 0.000000 0.000000
vn 1.000000 0.000000 0.000000
vn 1.000000 0.000000 0.000000
vn 1.000000 -0.000007 0.000000
vn 1.000000 -0.000003 0.000000
vn 1.000000 0.000000 0.000000
vn 1.000000 0.000000 0.000000
vn 1.000000 0.000000 0.000000
vn 1.000000 0.000000 0.000000
vn 1.000000 0.000000 0.000000
vn 1.000000 0.000000 0.000000
vn -1.000000 0.000000 0.000000
vn -1.000000 0.000000 0.000000
vn -1.000000 0.000000 0.000000
vn 0.000000 -1.000000 0.000000
vn 0.000000 -1.000000 0.000000
vn 1.000000 0.000000 0.000000
vn 1.000000 0.000000 0.000000
vn 1.000000 0.000000 0.000000
vn 1.000000 0.000000 0.000000
vn 1.000000 -0.000001 0.000000
vn 1.000000 -0.000000 0.000000
vn 1.000000 -0.000000 0.000000
vn 1.000000 -0.000001 0.000000
vn 0.000000 1.000000 0.000000
vn 0.000000 1.000000 0.000000
vn 1.000000 0.000003 0.000000
vn 1.000000 -0.000002 0.000000
vn 1.000000 -0.000002 0.000000
vn 1.000000 0.000003 0.000000
vn 1.000000 0.000002 -0.000000
vn 1.000000 0.000001 -0.000000
vn 1.000000 0.000000 0.000000
vn 1.000000 0.000000 0.000000
vn 1.000000 0.000000 0.000000
vn 1.000000 0.000000 0.000000
vn 1.000000 0.000000 0.000000
vn 1.000000 0.000000 0.000000
vn 1.000000 0.000006 0.000000
vn 1.000000 0.000003 0.000000
vn 1.000000 -0.000008 0.000000
vn 1.000000 0.000006 0.000000
vn 1.000000 0.000000 -0.000000
vn 1.000000 0.000000 -0.000000
vn 1.000000 0.000000 -0.000000
vn 1.000000 0.000000 -0.000000
vn 0.000000 -1.000000 0.000000
vn 0.000000 -1.000000 0.000000
vn 0.000000 -1.000000 0.000000
vn 0.000000 -1.000000 0.000000
vn 0.746129 0.009159 -0.665739
vn 0.746129 0.009159 -0.665739
vn 0.746129 0.009159 -0.665739
vn 0.746129 0.009159 -0.665739
vn 0.000000 1.000000 0.000000
vn 0.000000 1.000000 0.000000
vn 0.000000 1.000000 0.000000
vn 0.000000 1.000000 0.000000
vn 0.000000 0.000000 1.000000
vn 0.000000 0.000000 1.000000
vn 0.000000 0.000000 1.000000
vn 0.000000 0.000000 1.000000
vn 0.803290 0.003301 0.595579
vn 0.803290 0.003301 0.595579
vn 0.803290 0.003301 0.595579
vn 0.803290 0.003301 0.595579
vn 0.000000 -1.000000 0.000000
vn 0.000000 -1.000000 0.000000
vn 0.000000 -1.000000 0.000000
vn 0.000000 -1.000000 0.000000
vn 0.000000 0.000000 -1.000000
vn 0.000000 0.000000 -1.000000
vn 0.000000 0.000000 -1.000000
vn 0.000000 0.000000 -1.000000
vn 0.000000 1.000000 0.000000
vn 0.000000 1.000000 0.000000
vn 0.000000 1.000000 0.000000
vn 0.000000 1.000000 0.000000
vn 0.000000 -0.013756 0.999905
vn 0.000000 -0.013756 0.999905
vn 0.000000 -0.013756 0.999905
vn 0.000000 -0.013756 0.999905
vn 0.000000 -1.000000 -0.000000
vn 0.000000 -1.000000 -0.000000
vn 0.000000 -1.000000 -0.000000
vn 0.000000 -1.000000 -0.000000
vn 0.000000 -0.005543 -0.999985
vn 0.000000 -0.005543 -0.999985
vn 0.000000 -0.005543 -0.999985
vn 0.000000 -0.005543 -0.999985
vn 0.000000 1.000000 0.000000
vn 0.000000 1.000000 0.000000
vn 0.000000 1.000000 0.000000
vn 0.000000 1.000000 0.000000
vn 0.000000 -1.000000 0.000000
vn 0.000000 -1.000000 0.000000
vn -0.612702 -0.000000 0.790314
vn -0.612702 -0.000000 0.790314
vn -0.612701 0.000000 0.790315
vn 0.000000 1.000000 -0.000003
vn 0.000000 1.000000 -0.000003
vn 0.000000 1.000000 -0.000003
vn 0.000000 1.000000 -0.000003
vn 0.000000 1.000000 0.000000
vn 0.000000 1.000000 0.000000
vn 0.000000 1.000000 0.000000
vn 0.000000 1.000000 0.000000
vn 0.000000 1.000000 0.000000
vn 0.000000 1.000000 0.000000
vn 0.000000 1.000000 0.000000
vn 0.000000 1.000000 0.000000
vn 0.000000 1.000000 0.000000
vn 0.000000 1.000000 0.000000
vn 0.000000 1.000000 0.000000
vn 0.000000 1.000000 0.000000
vn 0.000000 1.000000 0.000000
vn 0.000000 1.000000 0.000000
vn 0.000000 1.000000 0.000000
vn 0.000000 1.000000 0.000000
vn 0.000000 1.000000 0.000000
vn 0.000000 1.000000 0.000000
vn 0.000000 1.000000 0.000000
vn 0.000000 1.000000 0.000000
vn 0.000000 1.000000 -0.000001
vn 0.000000 1.000000 -0.000001
vn 0.000000 1.000000 -0.000001
vn 0.000000 1.000000 -0.000001
vn -0.628278 0.000000 -0.777989
vn -0.628278 0.000000 -0.777989
vn -0.628278 0.000000 -0.777989
vn 0.000000 -1.000000 0.000000
vn 0.000000 -1.000000 0.000000
vn 0.000000 -1.000000 0.000000
vn 0.000000 -1.000000 0.000000
vn 0.000000 -1.000000 0.000000
vn 0.000000 -1.000000 0.000000
vn 0.000000 -1.000000 0.000000
vn 0.000000 0.358708 -0.933450
vn 0.000000 0.358708 -0.933450
vn 0.000000 0.358708 -0.933450
vn 0.000000 0.358708 -0.933450
vn -0.974417 0.013833 -0.224322
vn -0.974417 0.013833 -0.224322
vn -0.974417 0.013833 -0.224322
vn -0.974417 0.013833 -0.224322
vn -0.575799 0.341799 0.742717
vn -0.575799 0.341799 0.742717
vn -0.575799 0.341799 0.742717
vn -0.575799 0.341799 0.742717
vn 0.973877 0.013498 0.226675
vn 0.973877 0.013498 0.226675
vn 0.973877 0.013498 0.226675
vn 0.973877 0.013498 0.226675
vn 0.000000 0.795055 -0.606537
vn 0.000000 0.795055 -0.606537
vn 0.000000 0.795055 -0.606537
vn 0.000000 0.795055 -0.606537
vn -0.973428 0.047126 -0.224092
vn -0.973428 0.047126 -0.224092
vn -0.973428 0.047126 -0.224092
vn -0.973428 0.047126 -0.224092
vn -0.384495 0.778574 0.495969
vn -0.384495 0.778574 0.495969
vn -0.384495 0.778574 0.495969
vn -0.384495 0.778574 0.495969
vn 0.972935 0.046002 0.226454
vn 0.972935 0.046002 0.226455
vn 0.972935 0.046002 0.226454
vn 0.972935 0.046002 0.226455
vn 0.000000 0.979994 -0.199026
vn 0.000000 0.979994 -0.199026
vn 0.000000 0.979994 -0.199026
vn 0.000000 0.979994 -0.199026
vn -0.959559 0.174498 -0.220902
vn -0.959559 0.174498 -0.220902
vn -0.959559 0.174498 -0.220902
vn -0.959559 0.174498 -0.220902
vn -0.128539 0.977746 0.165800
vn -0.128539 0.977746 0.165800
vn -0.128539 0.977746 0.165800
vn -0.128539 0.977746 0.165800
vn 0.959717 0.170426 0.223380
vn 0.959717 0.170426 0.223380
vn 0.959717 0.170426 0.223380
vn 0.959717 0.170426 0.223380
vn 0.000000 0.987948 -0.154789
vn 0.000000 0.987948 -0.154789
vn 0.000000 0.987948 -0.154789
vn 0.000000 0.987948 -0.154789
vn -0.949763 0.223924 -0.218649
vn -0.949763 0.223924 -0.218649
vn -0.949763 0.223924 -0.218649
vn -0.949763 0.223924 -0.218649
vn -0.100066 0.986574 0.129068
vn -0.100066 0.986574 0.129068
vn -0.100066 0.986574 0.129068
vn -0.100066 0.986574 0.129068
vn 0.950368 0.218784 0.221212
vn 0.950368 0.218784 0.221212
vn 0.950368 0.218784 0.221212
vn 0.950368 0.218784 0.221212
vn 0.000000 0.000000 -1.000000
vn 0.000000 0.000000 -1.000000
vn 0.000000 0.000000 -1.000000
vn 0.000000 0.000000 -1.000000
vn -0.974511 0.000000 -0.224341
vn -0.974511 0.000000 -0.224341
vn -0.974511 0.000000 -0.224341
vn -0.974511 0.000000 -0.224341
vn -0.612699 0.000000 0.790316
vn -0.612699 0.000000 0.790316
vn -0.612699 0.000000 0.790316
vn -0.612699 0.000000 0.790316
vn 0.973966 0.000000 0.226693
vn 0.973966 0.000000 0.226693
vn 0.973966 0.000000 0.226693
vn 0.973966 0.000000 0.226693
vn 0.000000 0.567367 -0.823465
vn 0.000000 0.567367 -0.823465
vn 0.000000 0.567367 -0.823465
vn 0.000000 0.567367 -0.823465
vn -0.974211 0.024795 -0.224274
vn -0.974211 0.024795 -0.224274
vn -0.974211 0.024795 -0.224274
vn -0.974211 0.024795 -0.224274
vn -0.513201 0.546219 0.662019
vn -0.513201 0.546219 0.662019
vn -0.513201 0.546219 0.662019
vn -0.513201 0.546219 0.662019
vn 0.973681 0.024197 0.226628
vn 0.973681 0.024197 0.226628
vn 0.973681 0.024197 0.226628
vn 0.973681 0.024197 0.226628
vn 0.000000 0.625348 -0.780346
vn 0.000000 0.625348 -0.780346
vn 0.000000 0.625348 -0.780346
vn 0.000000 0.625348 -0.780346
vn -0.974105 0.028827 -0.224251
vn -0.974105 0.028827 -0.224251
vn -0.974105 0.028827 -0.224251
vn -0.974105 0.028827 -0.224251
vn -0.488101 0.604338 0.629709
vn -0.488101 0.604338 0.629709
vn -0.488101 0.604338 0.629709
vn -0.488101 0.604338 0.629709
vn 0.973580 0.028132 0.226607
vn 0.973580 0.028132 0.226607
vn 0.973580 0.028132 0.226607
vn 0.973580 0.028132 0.226607
vn 0.000000 0.704722 -0.709483
vn 0.000000 0.704723 -0.709483
vn 0.000000 0.704723 -0.709483
vn 0.000000 0.704722 -0.709483
vn -0.973889 0.035716 -0.224200
vn -0.973889 0.035716 -0.224200
vn -0.973889 0.035716 -0.224200
vn -0.973889 0.035716 -0.224200
vn -0.446336 0.685007 0.575804
vn -0.446336 0.685007 0.575804
vn -0.446336 0.685007 0.575804
vn -0.446336 0.685007 0.575804
vn 0.973373 0.034875 0.226558
vn 0.973373 0.034875 0.226558
vn 0.973373 0.034875 0.226558
vn 0.973373 0.034875 0.226558
vn 0.000000 0.975344 -0.220690
vn 0.000000 0.975344 -0.220690
vn 0.000000 0.975344 -0.220690
vn 0.000000 0.975344 -0.220690
vn -0.962410 0.157098 -0.221555
vn -0.962410 0.157098 -0.221555
vn -0.962410 0.157098 -0.221555
vn -0.962410 0.157098 -0.221555
vn -0.142454 0.972592 0.183769
vn -0.142454 0.972592 0.183769
vn -0.142454 0.972592 0.183769
vn -0.142454 0.972592 0.183769
vn 0.962439 0.153393 0.224011
vn 0.962439 0.153393 0.224011
vn 0.962439 0.153393 0.224011
vn 0.962439 0.153393 0.224011
vn -0.995065 0.099223 0.000000
vn -0.995065 0.099223 0.000000
vn -0.995065 0.099223 0.000000
vn -0.995065 0.099223 0.000000
vn 0.000000 0.491894 0.870655
vn 0.000000 0.491894 0.870655
vn 0.000000 0.491894 0.870655
vn 0.000000 0.491894 0.870655
vn 0.995065 0.099223 0.000000
vn 0.995065 0.099223 0.000000
vn 0.995065 0.099223 0.000000
vn 0.995065 0.099223 0.000000
vn 0.000000 0.491908 -0.870647
vn 0.000000 0.491908 -0.870647
vn 0.000000 0.491908 -0.870647
vn 0.000000 0.491908 -0.870647
vn -0.995065 0.099220 0.000000
vn -0.995065 0.099220 0.000000
vn -0.995065 0.099220 0.000000
vn -0.995065 0.099220 0.000000
vn 0.000000 0.485730 0.874109
vn 0.000000 0.485730 0.874109
vn 0.000000 0.485730 0.874109
vn 0.000000 0.485730 0.874109
vn 0.995065 0.099222 0.000000
vn 0.995065 0.099222 0.000000
vn 0.995065 0.099222 0.000000
vn 0.995065 0.099222 0.000000
vn 0.000000 0.485730 -0.874109
vn 0.000000 0.485730 -0.874109
vn 0.000000 0.485730 -0.874109
vn 0.000000 0.485730 -0.874109
vn -0.964123 0.265456 0.000000
vn -0.964123 0.265456 0.000000
vn -0.964123 0.265456 0.000000
vn -0.964123 0.265456 0.000000
vn 0.000000 0.841893 0.539645
vn 0.000000 0.841893 0.539645
vn 0.000000 0.841893 0.539645
vn 0.000000 0.841893 0.539645
vn 0.964124 0.265451 0.000000
vn 0.964124 0.265451 0.000000
vn 0.964124 0.265451 0.000000
vn 0.964124 0.265451 0.000000
vn 0.000000 0.841894 -0.539642
vn 0.000000 0.841894 -0.539642
vn 0.000000 0.841894 -0.539642
vn 0.000000 0.841894 -0.539642
vn -0.964122 0.265460 0.000000
vn -0.964122 0.265460 0.000000
vn -0.964122 0.265461 0.000000
vn -0.964122 0.265460 0.000000
vn 0.000000 0.837777 0.546012
vn 0.000000 0.837777 0.546012
vn 0.000000 0.837777 0.546012
vn 0.000000 0.837777 0.546012
vn 0.964120 0.265466 0.000000
vn 0.964120 0.265466 0.000000
vn 0.964120 0.265466 0.000000
vn 0.964120 0.265466 0.000000
vn 0.000000 0.837777 -0.546013
vn 0.000000 0.837777 -0.546013
vn 0.000000 0.837777 -0.546013
vn 0.000000 0.837777 -0.546013
vn -0.998766 0.049668 0.000001
vn -0.998766 0.049668 0.000001
vn -0.998766 0.049668 0.000001
vn -0.998766 0.049668 0.000001
vn 0.000000 0.743503 0.668732
vn 0.000000 0.743503 0.668732
vn 0.000000 0.743503 0.668732
vn 0.000000 0.743503 0.668732
vn 0.998766 0.049672 0.000000
vn 0.998766 0.049672 0.000000
vn 0.998766 0.049672 0.000000
vn 0.998766 0.049672 0.000000
vn 0.000000 0.743498 -0.668738
vn 0.000000 0.743498 -0.668738
vn 0.000000 0.743498 -0.668738
vn 0.000000 0.743498 -0.668738
vn -0.996738 0.080701 0.000001
vn -0.996738 0.080701 0.000001
vn -0.996738 0.080701 0.000001
vn -0.996738 0.080701 0.000001
vn 0.000000 0.875359 0.483473
vn 0.000000 0.875359 0.483473
vn 0.000000 0.875359 0.483473
vn 0.000000 0.875359 0.483473
vn 0.996738 0.080699 0.000000
vn 0.996738 0.080699 0.000000
vn 0.996738 0.080699 0.000000
vn 0.996738 0.080699 0.000000
vn 0.000000 0.875360 -0.483472
vn 0.000000 0.875360 -0.483472
vn 0.000000 0.875360 -0.483472
vn 0.000000 0.875360 -0.483472
vn -1.000000 0.000000 0.000001
vn -1.000000 0.000000 0.000001
vn -1.000000 0.000000 0.000001
vn -1.000000 0.000000 0.000001
vn 0.000000 0.000000 1.000000
vn 0.000000 0.000000 1.000000
vn 0.000000 0.000000 1.000000
vn 0.000000 0.000000 1.000000
vn 1.000000 0.000000 0.000000
vn 1.000000 0.000000 0.000000
vn 1.000000 0.000000 0.000000
vn 1.000000 0.000000 0.000000
vn 0.000000 0.000000 -1.000000
vn 0.000000 0.000000 -1.000000
vn 0.000000 0.000000 -1.000000
vn 0.000000 0.000000 -1.000000
vn -0.998349 -0.057431 0.000001
vn -0.998349 -0.057431 0.000001
vn -0.998349 -0.057431 0.000001
vn -0.998349 -0.057431 0.000001
vn 0.000000 -0.789541 0.613698
vn 0.000000 -0.789541 0.613698
vn 0.000000 -0.789541 0.613698
vn 0.000000 -0.789541 0.613698
vn 0.998349 -0.057436 0.000000
vn 0.998349 -0.057436 0.000000
vn 0.998349 -0.057436 0.000000
vn 0.998349 -0.057436 0.000000
vn 0.000000 -0.789541 -0.613698
vn 0.000000 -0.789541 -0.613698
vn 0.000000 -0.789541 -0.613698
vn 0.000000 -0.789541 -0.613698
vn -0.997263 -0.073935 0.000001
vn -0.997263 -0.073935 0.000001
vn -0.999808 -0.019599 0.000001
vn -0.999808 -0.019599 0.000001
vn 0.000000 -0.856298 0.516483
vn 0.000000 -0.856298 0.516483
vn 0.000000 -0.856298 0.516483
vn 0.000000 -0.856298 0.516483
vn 0.997263 -0.073930 0.000000
vn 0.997263 -0.073930 0.000000
vn 0.999808 -0.019598 0.000000
vn 0.999808 -0.019598 0.000000
vn 0.000000 -0.856302 -0.516476
vn 0.000000 -0.856302 -0.516476
vn 0.000000 -0.856301 -0.516476
vn 0.000000 -0.856301 -0.516476
vn -1.000000 0.000000 0.000001
vn -1.000000 0.000000 0.000001
vn 0.000000 0.000000 1.000000
vn 0.000000 0.000000 1.000000
vn 0.000000 0.000000 1.000000
vn 0.000000 0.000000 1.000000
vn 1.000000 0.000000 0.000000
vn 1.000000 0.000000 0.000000
vn 0.000000 0.000000 -1.000000
vn 0.000000 0.000000 -1.000000
vn 0.000000 0.000000 -1.000000
vn 0.000000 0.000000 -1.000000
vn -0.997940 0.064155 0.000001
vn -0.997940 0.064155 0.000001
vn -0.997940 0.064155 0.000001
vn -0.997940 0.064155 0.000001
vn 0.000000 0.820953 0.570995
vn 0.000000 0.820953 0.570995
vn 0.000000 0.820953 0.570995
vn 0.000000 0.820953 0.570995
vn 0.997940 0.064157 0.000000
vn 0.997940 0.064157 0.000000
vn 0.997940 0.064157 0.000000
vn 0.997940 0.064157 0.000000
vn 0.000000 0.820958 -0.570988
vn 0.000000 0.820958 -0.570988
vn 0.000000 0.820958 -0.570988
vn 0.000000 0.820958 -0.570988
vn -0.961440 0.275014 0.000001
vn -0.961440 0.275014 0.000001
vn -0.961440 0.275014 0.000001
vn -0.961440 0.275014 0.000001
vn 0.000000 0.988001 0.154449
vn 0.000000 0.988001 0.154448
vn 0.000000 0.988001 0.154448
vn 0.000000 0.988001 0.154449
vn 0.961440 0.275013 0.000000
vn 0.961440 0.275013 0.000000
vn 0.961441 0.275013 0.000000
vn 0.961441 0.275013 0.000000
vn 0.000000 0.988001 -0.154447
vn 0.000000 0.988001 -0.154447
vn 0.000000 0.988001 -0.154447
vn 0.000000 0.988001 -0.154447
vn -1.000000 0.000000 0.000000
vn -1.000000 0.000000 0.000000
vn -1.000000 0.000000 0.000000
vn -1.000000 0.000000 0.000000
vn 0.000000 0.000000 1.000000
vn 0.000000 0.000000 1.000000
vn 0.000000 0.000000 1.000000
vn 0.000000 0.000000 1.000000
vn 1.000000 0.000000 0.000000
vn 1.000000 0.000000 0.000000
vn 1.000000 0.000000 0.000000
vn 1.000000 0.000000 0.000000
vn 0.000000 0.000000 -1.000000
vn 0.000000 0.000000 -1.000000
vn 0.000000 0.000000 -1.000000
vn 0.000000 0.000000 -1.000000
vn -0.998373 -0.057020 0.000000
vn -0.998373 -0.057020 0.000000
vn -0.998373 -0.057020 0.000000
vn -0.998373 -0.057020 0.000000
vn 0.000000 -0.787251 0.616633
vn 0.000000 -0.787251 0.616633
vn 0.000000 -0.787251 0.616633
vn 0.000000 -0.787251 0.616633
vn 0.998373 -0.057020 0.000000
vn 0.998373 -0.057020 0.000000
vn 0.998373 -0.057020 0.000000
vn 0.998373 -0.057020 0.000000
vn 0.000000 -0.787246 -0.616639
vn 0.000000 -0.787246 -0.616639
vn 0.000000 -0.787246 -0.616639
vn 0.000000 -0.787246 -0.616639
vn -1.000000 0.000000 0.000000
vn -1.000000 0.000000 0.000000
vn -1.000000 0.000000 0.000000
vn -1.000000 0.000000 0.000000
vn 0.000000 0.000000 1.000000
vn 0.000000 0.000000 1.000000
vn 0.000000 0.000000 1.000000
vn 0.000000 0.000000 1.000000
vn 1.000000 0.000000 0.000000
vn 1.000000 0.000000 0.000000
vn 1.000000 0.000000 0.000000
vn 1.000000 0.000000 0.000000
vn 0.000000 0.000000 -1.000000
vn 0.000000 0.000000 -1.000000
vn 0.000000 0.000000 -1.000000
vn 0.000000 0.000000 -1.000000
vn -0.999358 0.035820 0.000000
vn -0.999358 0.035820 0.000000
vn -0.999358 0.035820 0.000000
vn -0.999358 0.035820 0.000000
vn 0.000000 0.625412 0.780295
vn 0.000000 0.625412 0.780295
vn 0.000000 0.625412 0.780295
vn 0.000000 0.625412 0.780295
vn 0.999358 0.035819 0.000000
vn 0.999358 0.035819 0.000000
vn 0.999358 0.035819 0.000000
vn 0.999358 0.035819 0.000000
vn 0.000000 0.625415 -0.780292
vn 0.000000 0.625415 -0.780292
vn 0.000000 0.625415 -0.780292
vn 0.000000 0.625415 -0.780292
vn -0.992318 0.123714 0.000000
vn -0.992318 0.123714 0.000000
vn -0.992318 0.123714 0.000000
vn -0.992318 0.123714 0.000000
vn 0.000000 0.941287 0.337607
vn 0.000000 0.941287 0.337607
vn 0.000000 0.941287 0.337607
vn 0.000000 0.941287 0.337607
vn 0.992318 0.123716 0.000000
vn 0.992318 0.123716 0.000000
vn 0.992318 0.123716 0.000000
vn 0.992318 0.123716 0.000000
vn 0.000000 0.941286 -0.337610
vn 0.000000 0.941286 -0.337610
vn 0.000000 0.941286 -0.337610
vn 0.000000 0.941286 -0.337610
vn -1.000000 0.000000 0.000001
vn -1.000000 0.000000 0.000001
vn -1.000000 0.000000 0.000001
vn -1.000000 0.000000 0.000001
vn 0.000000 0.000000 1.000000
vn 0.000000 0.000000 1.000000
vn 0.000000 0.000000 1.000000
vn 0.000000 0.000000 1.000000
vn 1.000000 0.000000 0.000000
vn 1.000000 0.000000 0.000000
vn 1.000000 0.000000 0.000000
vn 1.000000 0.000000 0.000000
vn 0.000000 0.000000 -1.000000
vn 0.000000 0.000000 -1.000000
vn 0.000000 0.000000 -1.000000
vn 0.000000 0.000000 -1.000000
vn -0.960506 0.278259 0.000001
vn -0.960506 0.278259 0.000001
vn -0.960506 0.278259 0.000001
vn -0.960506 0.278259 0.000001
vn 0.000000 0.988283 0.152633
vn 0.000000 0.988283 0.152633
vn 0.000000 0.988283 0.152633
vn 0.000000 0.988283 0.152633
vn 0.960505 0.278263 0.000000
vn 0.960505 0.278263 0.000000
vn 0.960505 0.278263 0.000000
vn 0.960505 0.278263 0.000000
vn 0.000000 0.988283 -0.152631
vn 0.000000 0.988283 -0.152631
vn 0.000000 0.988283 -0.152631
vn 0.000000 0.988283 -0.152631
vn -0.898032 0.439930 0.000001
vn -0.898032 0.439930 0.000001
vn -0.898032 0.439930 0.000001
vn -0.898032 0.439930 0.000001
vn 0.000000 0.995861 0.090889
vn 0.000000 0.995861 0.090889
vn 0.000000 0.995861 0.090889
vn 0.000000 0.995861 0.090889
vn 0.898029 0.439936 0.000000
vn 0.898029 0.439936 0.000000
vn 0.898029 0.439936 0.000000
vn 0.898029 0.439936 0.000000
vn 0.000000 0.995861 -0.090889
vn 0.000000 0.995861 -0.090889
vn 0.000000 0.995861 -0.090889
vn 0.000000 0.995861 -0.090889
vn -1.000000 0.000000 0.000001
vn -1.000000 0.000000 0.000001
vn -1.000000 0.000000 0.000001
vn -1.000000 0.000000 0.000001
vn 0.000000 0.000000 1.000000
vn 0.000000 0.000000 1.000000
vn 0.000000 0.000000 1.000000
vn 0.000000 0.000000 1.000000
vn 1.000000 0.000000 0.000000
vn 1.000000 0.000000 0.000000
vn 1.000000 0.000000 0.000000
vn 1.000000 0.000000 0.000000
vn 0.000000 0.000000 -1.000000
vn 0.000000 0.000000 -1.000000
vn 0.000000 0.000000 -1.000000
vn 0.000000 0.000000 -1.000000
vn -0.988017 0.154342 0.000001
vn -0.988017 0.154342 0.000001
vn -0.988017 0.154342 0.000001
vn -0.988017 0.154342 0.000001
vn 0.000000 0.961353 0.275317
vn 0.000000 0.961353 0.275317
vn 0.000000 0.961353 0.275317
vn 0.000000 0.961353 0.275317
vn 0.988017 0.154344 0.000000
vn 0.988017 0.154344 0.000000
vn 0.988017 0.154344 0.000000
vn 0.988017 0.154344 0.000000
vn 0.000000 0.961352 -0.275321
vn 0.000000 0.961352 -0.275321
vn 0.000000 0.961352 -0.275321
vn 0.000000 0.961352 -0.275321
vn -0.973858 0.017714 0.226466
vn -0.973858 0.017714 0.226466
vn -0.973858 0.017714 0.226466
vn -0.973858 0.017714 0.226466
vn 0.000000 0.483638 0.875268
vn 0.000000 0.483638 0.875268
vn 0.000000 0.483638 0.875268
vn 0.000000 0.483638 0.875268
vn 0.973320 0.017321 -0.228797
vn 0.973320 0.017321 -0.228797
vn 0.973320 0.017321 -0.228797
vn 0.973320 0.017321 -0.228797
vn -0.557757 0.460326 -0.690657
vn -0.557757 0.460326 -0.690657
vn -0.557757 0.460326 -0.690657
vn -0.557757 0.460326 -0.690657
vn -0.972766 0.050554 0.226210
vn -0.972766 0.050554 0.226210
vn -0.972766 0.050554 0.226210
vn -0.972766 0.050554 0.226210
vn 0.000000 0.844624 0.535360
vn 0.000000 0.844624 0.535360
vn 0.000000 0.844624 0.535360
vn 0.000000 0.844624 0.535360
vn 0.972278 0.049410 -0.228550
vn 0.972278 0.049410 -0.228550
vn 0.972278 0.049410 -0.228550
vn 0.972278 0.049410 -0.228550
vn -0.351649 0.828686 -0.435457
vn -0.351649 0.828686 -0.435457
vn -0.351649 0.828686 -0.435457
vn -0.351649 0.828686 -0.435457
vn -0.957358 0.184127 0.222627
vn -0.957358 0.184127 0.222627
vn -0.957358 0.184127 0.222627
vn -0.957358 0.184127 0.222627
vn 0.000000 0.985660 0.168741
vn 0.000000 0.985660 0.168741
vn 0.000000 0.985660 0.168741
vn 0.000000 0.985660 0.168741
vn 0.957538 0.180159 -0.225086
vn 0.957538 0.180159 -0.225086
vn 0.957538 0.180159 -0.225086
vn 0.957538 0.180159 -0.225086
vn -0.112743 0.983766 -0.139619
vn -0.112743 0.983766 -0.139619
vn -0.112743 0.983766 -0.139619
vn -0.112743 0.983766 -0.139619
vn -0.949601 0.222473 0.220825
vn -0.949601 0.222473 0.220825
vn -0.967058 0.119271 0.224883
vn -0.967056 0.119291 0.224883
vn 0.000000 0.990264 0.139202
vn 0.000000 0.990264 0.139202
vn 0.000000 0.990264 0.139202
vn 0.000000 0.990264 0.139202
vn 0.950124 0.217677 -0.223339
vn 0.950124 0.217677 -0.223339
vn 0.966816 0.116699 -0.227264
vn 0.966821 0.116648 -0.227265
vn -0.093073 0.988966 -0.115256
vn -0.093073 0.988966 -0.115256
vn -0.093073 0.988966 -0.115256
vn -0.093073 0.988966 -0.115256
vn -0.974011 0.000000 0.226498
vn -0.974011 0.000000 0.226498
vn 0.000000 0.000000 1.000000
vn 0.000000 0.000000 1.000000
vn 0.000000 0.000000 1.000000
vn 0.000000 0.000000 1.000000
vn 0.973467 0.000000 -0.228828
vn 0.973467 0.000000 -0.228828
vn -0.628272 0.000000 -0.777994
vn -0.628272 0.000000 -0.777994
vn -0.628272 0.000000 -0.777994
vn -0.628272 0.000000 -0.777994
vn -0.972554 0.054692 0.226160
vn -0.972554 0.054692 0.226160
vn -0.972554 0.054692 0.226160
vn -0.972554 0.054692 0.226160
vn 0.000000 0.862929 0.505325
vn 0.000000 0.862929 0.505325
vn 0.000000 0.862929 0.505325
vn 0.000000 0.862929 0.505325
vn 0.972073 0.053479 -0.228502
vn 0.972073 0.053479 -0.228502
vn 0.972073 0.053479 -0.228502
vn 0.972073 0.053479 -0.228502
vn -0.332604 0.848378 -0.411862
vn -0.332604 0.848378 -0.411862
vn -0.332604 0.848378 -0.411862
vn -0.332604 0.848378 -0.411862
vn -0.970870 0.080247 0.225768
vn -0.970870 0.080247 0.225768
vn -0.970870 0.080247 0.225768
vn -0.970870 0.080247 0.225768
vn 0.000000 0.928969 0.370157
vn 0.000000 0.928969 0.370157
vn 0.000000 0.928969 0.370157
vn 0.000000 0.928969 0.370157
vn 0.970466 0.078453 -0.228123
vn 0.970466 0.078453 -0.228123
vn 0.970466 0.078453 -0.228123
vn 0.970466 0.078453 -0.228123
vn -0.245535 0.920464 -0.304070
vn -0.245535 0.920464 -0.304070
vn -0.245535 0.920464 -0.304070
vn -0.245535 0.920464 -0.304070
vn -0.963105 0.149229 0.223962
vn -0.963105 0.149229 0.223962
vn -0.962926 0.150442 0.223921
vn -0.962927 0.150433 0.223921
vn 0.000000 0.978158 0.207861
vn 0.000000 0.978158 0.207861
vn 0.000000 0.978158 0.207861
vn 0.000000 0.978158 0.207861
vn 0.963039 0.145975 -0.226378
vn 0.963039 0.145975 -0.226378
vn 0.962874 0.147121 -0.226340
vn 0.962870 0.147144 -0.226339
vn -0.138734 0.975311 -0.171820
vn -0.138734 0.975311 -0.171820
vn -0.138734 0.975311 -0.171820
vn -0.138734 0.975311 -0.171820
vn -0.960687 0.164839 0.223400
vn -0.960687 0.164839 0.223400
vn 0.000000 0.982080 0.188463
vn 0.000000 0.982080 0.188463
vn 0.000000 0.982080 0.188463
vn 0.000000 0.982080 0.188463
vn 0.960726 0.161260 -0.225834
vn 0.960726 0.161260 -0.225834
vn -0.125841 0.979729 -0.155871
vn -0.125841 0.979729 -0.155871
vn -0.125841 0.979729 -0.155871
vn -0.125841 0.979729 -0.155871
vn -0.956298 0.292395 -0.000001
vn -0.956298 0.292395 -0.000001
vn -0.956298 0.292395 -0.000001
vn -0.956298 0.292395 -0.000001
vn 0.000000 0.990493 0.137562
vn 0.000000 0.990493 0.137562
vn 0.000000 0.990493 0.137562
vn 0.000000 0.990493 0.137562
vn 0.956298 0.292394 0.000000
vn 0.956298 0.292394 0.000000
vn 0.956298 0.292394 0.000000
vn 0.956298 0.292394 0.000000
vn 0.000000 0.990493 -0.137562
vn 0.000000 0.990493 -0.137562
vn 0.000000 0.990493 -0.137562
vn 0.000000 0.990493 -0.137562
vn -0.956298 0.292394 0.000000
vn -0.956298 0.292394 0.000000
vn -0.956298 0.292394 0.000000
vn -0.956298 0.292394 0.000000
vn 0.000000 0.994945 0.100424
vn 0.000000 0.994945 0.100424
vn 0.000000 0.994945 0.100424
vn 0.000000 0.994945 0.100424
vn 0.956298 0.292394 0.000000
vn 0.956298 0.292394 0.000000
vn 0.956298 0.292394 0.000000
vn 0.956298 0.292394 0.000000
vn 0.000000 0.994945 -0.100424
vn 0.000000 0.994945 -0.100424
vn 0.000000 0.994945 -0.100424
vn 0.000000 0.994945 -0.100424
vn 0.000000 0.000000 0.000000
vn 0.000000 0.000000 0.000000
vn 0.000000 0.000000 0.000000
vn 0.000000 0.000000 0.000000
vn 0.000000 0.000000 0.000000
vn 0.000000 0.000000 0.000000
vn 0.000000 0.000000 0.000000
vn 0.000000 0.000000 0.000000
vn 0.000000 0.000000 0.000000
vn 0.000000 0.000000 0.000000
vn 0.000000 0.000000 0.000000
vn 0.000000 0.000000 0.000000
vn 0.000000 0.000000 0.000000
vn 0.000000 0.000000 0.000000
vn 0.000000 0.000000 0.000000
vn 0.000000 0.000000 0.000000
vn 0.000000 0.000000 0.000000
vn 0.000000 0.000000 0.000000
vn 0.000000 0.000000 0.000000
vn 0.000000 0.000000 0.000000
vn 0.000000 0.000000 0.000000
vn 0.000000 0.000000 0.000000
vn 0.000000 0.000000 0.000000
vn 0.000000 0.000000 0.000000
vn 0.000000 0.000000 0.000000
vn 0.000000 0.000000 0.000000
vn 0.000000 0.000000 0.000000
vn 0.000000 0.000000 0.000000
vn 0.000000 0.000000 0.000000
vn 0.000000 0.000000 0.000000
vn 0.000000 0.000000 0.000000
vn 0.000000 0.000000 0.000000
vn -0.998024 0.062832 -0.000001
vn -0.998024 0.062832 -0.000001
vn -0.998024 0.062832 -0.000001
vn -0.998024 0.062832 -0.000001
vn 0.000000 0.829028 0.559208
vn 0.000000 0.829028 0.559208
vn 0.000000 0.829028 0.559208
vn 0.000000 0.829028 0.559208
vn 0.998024 0.062834 0.000000
vn 0.998024 0.062834 0.000000
vn 0.998024 0.062834 0.000000
vn 0.998024 0.062834 0.000000
vn 0.000000 0.829029 -0.559206
vn 0.000000 0.829029 -0.559206
vn 0.000000 0.829029 -0.559206
vn 0.000000 0.829029 -0.559206
vn -0.998024 0.062830 0.000000
vn -0.998024 0.062830 0.000000
vn -0.998024 0.062830 0.000000
vn -0.998024 0.062830 0.000000
vn 0.000000 0.897908 0.440182
vn 0.000000 0.897908 0.440182
vn 0.000000 0.897908 0.440183
vn 0.000000 0.897908 0.440183
vn 0.998024 0.062831 0.000000
vn 0.998024 0.062831 0.000000
vn 0.998024 0.062831 0.000000
vn 0.998024 0.062831 0.000000
vn 0.000000 0.897914 -0.440171
vn 0.000000 0.897914 -0.440171
vn 0.000000 0.897914 -0.440171
vn 0.000000 0.897914 -0.440171
vn -0.996359 0.085260 -0.000001
vn -0.996359 0.085260 -0.000001
vn -0.996359 0.085260 -0.000001
vn -0.996359 0.085260 -0.000001
vn 0.000000 0.895786 0.444485
vn 0.000000 0.895786 0.444485
vn 0.000000 0.895786 0.444485
vn 0.000000 0.895786 0.444485
vn 0.996359 0.085258 0.000000
vn 0.996359 0.085258 0.000000
vn 0.996359 0.085258 0.000000
vn 0.996359 0.085258 0.000000
vn 0.000000 0.895786 -0.444486
vn 0.000000 0.895786 -0.444486
vn 0.000000 0.895786 -0.444486
vn 0.000000 0.895786 -0.444486
vn -0.996359 0.085256 0.000000
vn -0.996359 0.085256 0.000000
vn -0.996359 0.085256 0.000000
vn -0.996359 0.085256 0.000000
vn 0.000000 0.940702 0.339234
vn 0.000000 0.940702 0.339234
vn 0.000000 0.940702 0.339234
vn 0.000000 0.940702 0.339234
vn 0.996359 0.085262 0.000000
vn 0.996359 0.085262 0.000000
vn 0.996359 0.085262 0.000000
vn 0.996359 0.085262 0.000000
vn 0.000000 0.940699 -0.339243
vn 0.000000 0.940699 -0.339243
vn 0.000000 0.940699 -0.339243
vn 0.000000 0.940699 -0.339243
vn -1.000000 0.000000 -0.000001
vn -1.000000 0.000000 -0.000001
vn -1.000000 0.000000 -0.000001
vn -1.000000 0.000000 -0.000001
vn 0.000000 0.000000 1.000000
vn 0.000000 0.000000 1.000000
vn 0.000000 0.000000 1.000000
vn 0.000000 0.000000 1.000000
vn 1.000000 0.000000 0.000000
vn 1.000000 0.000000 0.000000
vn 1.000000 0.000000 0.000000
vn 1.000000 0.000000 0.000000
vn 0.000000 0.000000 -1.000000
vn 0.000000 0.000000 -1.000000
vn 0.000000 0.000000 -1.000000
vn 0.000000 0.000000 -1.000000
vn -1.000000 0.000000 0.000000
vn -1.000000 0.000000 0.000000
vn -1.000000 0.000000 0.000000
vn -1.000000 0.000000 0.000000
vn 0.000000 0.000000 1.000000
vn 0.000000 0.000000 1.000000
vn 0.000000 0.000000 1.000000
vn 0.000000 0.000000 1.000000
vn 1.000000 0.000000 0.000000
vn 1.000000 0.000000 0.000000
vn 1.000000 0.000000 0.000000
vn 1.000000 0.000000 0.000000
vn 0.000000 0.000000 -1.000000
vn 0.000000 0.000000 -1.000000
vn 0.000000 0.000000 -1.000000
vn 0.000000 0.000000 -1.000000
vn -0.999929 -0.011877 -0.000001
vn -0.999929 -0.011877 -0.000001
vn -0.999929 -0.011877 -0.000001
vn -0.999929 -0.011877 -0.000001
vn 0.000000 -0.269314 0.963053
vn 0.000000 -0.269314 0.963053
vn 0.000000 -0.269314 0.963053
vn 0.000000 -0.269314 0.963053
vn 0.999929 -0.011879 0.000000
vn 0.999929 -0.011879 0.000000
vn 0.999929 -0.011879 0.000000
vn 0.999929 -0.011879 0.000000
vn 0.000000 -0.269322 -0.963050
vn 0.000000 -0.269322 -0.963050
vn 0.000000 -0.269322 -0.963050
vn 0.000000 -0.269322 -0.963050
vn -0.999929 -0.011877 0.000000
vn -0.999929 -0.011877 0.000000
vn -0.999929 -0.011877 0.000000
vn -0.999929 -0.011877 0.000000
vn 0.000000 -0.359116 0.933293
vn 0.000000 -0.359116 0.933293
vn 0.000000 -0.359116 0.933293
vn 0.000000 -0.359116 0.933293
vn 0.999929 -0.011880 0.000000
vn 0.999929 -0.011880 0.000000
vn 0.999929 -0.011880 0.000000
vn 0.999929 -0.011880 0.000000
vn 0.000000 -0.359123 -0.933290
vn 0.000000 -0.359123 -0.933290
vn 0.000000 -0.359123 -0.933290
vn 0.000000 -0.359123 -0.933290
vn -0.999676 -0.025459 -0.000001
vn -0.999676 -0.025459 -0.000001
vn -0.999676 -0.025459 -0.000001
vn -0.999676 -0.025459 -0.000001
vn 0.000000 -0.514246 0.857643
vn 0.000000 -0.514246 0.857643
vn 0.000000 -0.514246 0.857643
vn 0.000000 -0.514246 0.857643
vn 0.999676 -0.025459 0.000000
vn 0.999676 -0.025459 0.000000
vn 0.999676 -0.025459 0.000000
vn 0.999676 -0.025459 0.000000
vn 0.000000 -0.514239 -0.857647
vn 0.000000 -0.514239 -0.857647
vn 0.000000 -0.514239 -0.857647
vn 0.000000 -0.514239 -0.857647
vn -0.999676 -0.025460 0.000000
vn -0.999676 -0.025460 0.000000
vn -0.999676 -0.025460 0.000000
vn -0.999676 -0.025460 0.000000
vn 0.000000 -0.636396 0.771362
vn 0.000000 -0.636396 0.771362
vn 0.000000 -0.636396 0.771362
vn 0.000000 -0.636396 0.771362
vn 0.999676 -0.025460 0.000000
vn 0.999676 -0.025460 0.000000
vn 0.999676 -0.025460 0.000000
vn 0.999676 -0.025460 0.000000
vn 0.000000 -0.636399 -0.771360
vn 0.000000 -0.636399 -0.771360
vn 0.000000 -0.636399 -0.771360
vn 0.000000 -0.636399 -0.771360
vn -0.999870 -0.016113 -0.000001
vn -0.999870 -0.016113 -0.000001
vn -0.999870 -0.016113 -0.000001
vn -0.999870 -0.016113 -0.000001
vn 0.000000 -0.354722 0.934972
vn 0.000000 -0.354722 0.934972
vn 0.000000 -0.354722 0.934972
vn 0.000000 -0.354722 0.934972
vn 0.999870 -0.016112 0.000000
vn 0.999870 -0.016112 0.000000
vn 0.999870 -0.016112 0.000000
vn 0.999870 -0.016112 0.000000
vn 0.000000 -0.354702 -0.934979
vn 0.000000 -0.354702 -0.934979
vn 0.000000 -0.354702 -0.934979
vn 0.000000 -0.354702 -0.934979
vn -0.999870 -0.016112 0.000000
vn -0.999870 -0.016112 0.000000
vn -0.999870 -0.016112 0.000000
vn -0.999870 -0.016112 0.000000
vn 0.000000 -0.462751 0.886488
vn 0.000000 -0.462751 0.886488
vn 0.000000 -0.462751 0.886488
vn 0.000000 -0.462751 0.886488
vn 0.999870 -0.016112 0.000000
vn 0.999870 -0.016112 0.000000
vn 0.999870 -0.016112 0.000000
vn 0.999870 -0.016112 0.000000
vn 0.000000 -0.462741 -0.886494
vn 0.000000 -0.462741 -0.886494
vn 0.000000 -0.462741 -0.886494
vn 0.000000 -0.462741 -0.886494
vn -1.000000 0.000000 -0.000001
vn -1.000000 0.000000 -0.000001
vn -1.000000 0.000000 -0.000001
vn -1.000000 0.000000 -0.000001
vn 0.000000 0.000000 1.000000
vn 0.000000 0.000000 1.000000
vn 0.000000 0.000000 1.000000
vn 0.000000 0.000000 1.000000
vn 1.000000 0.000000 0.000000
vn 1.000000 0.000000 0.000000
vn 1.000000 0.000000 0.000000
vn 1.000000 0.000000 0.000000
vn 0.000000 0.000000 -1.000000
vn 0.000000 0.000000 -1.000000
vn 0.000000 0.000000 -1.000000
vn 0.000000 0.000000 -1.000000
vn -1.000000 0.000000 0.000000
vn -1.000000 0.000000 0.000000
vn -1.000000 0.000000 0.000000
vn -1.000000 0.000000 0.000000
vn 0.000000 0.000000 1.000000
vn 0.000000 0.000000 1.000000
vn 0.000000 0.000000 1.000000
vn 0.000000 0.000000 1.000000
vn 1.000000 0.000000 0.000000
vn 1.000000 0.000000 0.000000
vn 1.000000 0.000000 0.000000
vn 1.000000 0.000000 0.000000
vn 0.000000 0.000000 -1.000000
vn 0.000000 0.000000 -1.000000
vn 0.000000 0.000000 -1.000000
vn 0.000000 0.000000 -1.000000
vn -0.999702 0.024402 -0.000001
vn -0.999702 0.024402 -0.000001
vn -0.999702 0.024402 -0.000001
vn -0.999702 0.024402 -0.000001
vn 0.000000 0.498339 0.866982
vn 0.000000 0.498339 0.866982
vn 0.000000 0.498339 0.866982
vn 0.000000 0.498339 0.866982
vn 0.999702 0.024403 0.000000
vn 0.999702 0.024403 0.000000
vn 0.999702 0.024403 0.000000
vn 0.999702 0.024403 0.000000
vn 0.000000 0.498360 -0.866970
vn 0.000000 0.498360 -0.866970
vn 0.000000 0.498360 -0.866970
vn 0.000000 0.498360 -0.866970
vn -0.999702 0.024403 0.000000
vn -0.999702 0.024403 0.000000
vn -0.999702 0.024403 0.000000
vn -0.999702 0.024403 0.000000
vn 0.000000 0.620355 0.784321
vn 0.000000 0.620355 0.784321
vn 0.000000 0.620355 0.784321
vn 0.000000 0.620355 0.784321
vn 0.999702 0.024402 0.000000
vn 0.999702 0.024402 0.000000
vn 0.999702 0.024402 0.000000
vn 0.999702 0.024402 0.000000
vn 0.000000 0.620355 -0.784321
vn 0.000000 0.620355 -0.784321
vn 0.000000 0.620355 -0.784321
vn 0.000000 0.620355 -0.784321
vn -0.997846 0.065600 -0.000001
vn -0.997846 0.065600 -0.000001
vn -0.997846 0.065600 -0.000001
vn -0.997846 0.065600 -0.000001
vn 0.000000 0.839886 0.542763
vn 0.000000 0.839886 0.542763
vn 0.000000 0.839886 0.542763
vn 0.000000 0.839886 0.542763
vn 0.997846 0.065599 0.000000
vn 0.997846 0.065599 0.000000
vn 0.997846 0.065599 0.000000
vn 0.997846 0.065599 0.000000
vn 0.000000 0.839886 -0.542763
vn 0.000000 0.839886 -0.542763
vn 0.000000 0.839886 -0.542763
vn 0.000000 0.839886 -0.542763
vn -0.997846 0.065599 0.000000
vn -0.997846 0.065599 0.000000
vn -0.997846 0.065599 0.000000
vn -0.997846 0.065599 0.000000
vn 0.000000 0.905145 0.425103
vn 0.000000 0.905145 0.425103
vn 0.000000 0.905145 0.425103
vn 0.000000 0.905145 0.425103
vn 0.997846 0.065600 0.000000
vn 0.997846 0.065600 0.000000
vn 0.997846 0.065600 0.000000
vn 0.997846 0.065600 0.000000
vn 0.000000 0.905145 -0.425104
vn 0.000000 0.905145 -0.425104
vn 0.000000 0.905145 -0.425104
vn 0.000000 0.905145 -0.425104
vn -0.996756 0.080477 -0.000002
vn -0.996756 0.080477 -0.000002
vn -0.996756 0.080477 -0.000002
vn -0.996756 0.080477 -0.000002
vn 0.000000 0.884999 0.465593
vn 0.000000 0.884999 0.465593
vn 0.000000 0.884999 0.465593
vn 0.000000 0.884999 0.465593
vn 0.996757 0.080476 0.000000
vn 0.996757 0.080476 0.000000
vn 0.996756 0.080476 0.000000
vn 0.996756 0.080476 0.000000
vn 0.000000 0.885000 -0.465591
vn 0.000000 0.885000 -0.465591
vn 0.000000 0.885000 -0.465591
vn 0.000000 0.885000 -0.465591
vn -0.996756 0.080476 0.000000
vn -0.996757 0.080476 0.000000
vn -0.996756 0.080476 0.000000
vn -0.996756 0.080476 0.000000
vn 0.000000 0.934054 0.357131
vn 0.000000 0.934054 0.357131
vn 0.000000 0.934054 0.357131
vn 0.000000 0.934054 0.357131
vn 0.996756 0.080477 0.000000
vn 0.996756 0.080477 0.000000
vn 0.996756 0.080477 0.000000
vn 0.996756 0.080477 0.000000
vn 0.000000 0.934052 -0.357138
vn 0.000000 0.934052 -0.357138
vn 0.000000 0.934052 -0.357138
vn 0.000000 0.934052 -0.357138
vn -1.000000 0.000000 -0.000002
vn -1.000000 0.000000 -0.000002
vn -1.000000 0.000000 -0.000002
vn -1.000000 0.000000 -0.000002
vn 0.000000 0.000000 1.000000
vn 0.000000 0.000000 1.000000
vn 0.000000 0.000000 1.000000
vn 0.000000 0.000000 1.000000
vn 1.000000 0.000000 0.000000
vn 1.000000 0.000000 0.000000
vn 1.000000 0.000000 0.000000
vn 1.000000 0.000000 0.000000
vn 0.000000 0.000000 -1.000000
vn 0.000000 0.000000 -1.000000
vn 0.000000 0.000000 -1.000000
vn 0.000000 0.000000 -1.000000
vn -1.000000 0.000000 0.000000
vn -1.000000 0.000000 0.000000
vn -1.000000 0.000000 0.000000
vn -1.000000 0.000000 0.000000
vn 0.000000 0.000000 1.000000
vn 0.000000 0.000000 1.000000
vn 0.000000 0.000000 1.000000
vn 0.000000 0.000000 1.000000
vn 1.000000 0.000000 0.000000
vn 1.000000 0.000000 0.000000
vn 1.000000 0.000000 0.000000
vn 1.000000 0.000000 0.000000
vn 0.000000 0.000000 -1.000000
vn 0.000000 0.000000 -1.000000
vn 0.000000 0.000000 -1.000000
vn 0.000000 0.000000 -1.000000
vn -0.998938 -0.046071 -0.000003
vn -0.998938 -0.046071 -0.000003
vn -0.998938 -0.046070 -0.000003
vn -0.998938 -0.046071 -0.000003
vn 0.000000 -0.735636 0.677378
vn 0.000000 -0.735636 0.677378
vn 0.000000 -0.735636 0.677377
vn 0.000000 -0.735636 0.677377
vn 0.998937 -0.046090 0.000000
vn 0.998937 -0.046090 0.000000
vn 0.998937 -0.046090 0.000000
vn 0.998937 -0.046090 0.000000
vn 0.000000 -0.735636 -0.677377
vn 0.000000 -0.735636 -0.677377
vn 0.000000 -0.735636 -0.677377
vn 0.000000 -0.735636 -0.677377
vn -0.998938 -0.046085 0.000000
vn -0.998938 -0.046085 0.000000
vn -0.998937 -0.046085 0.000000
vn -0.998937 -0.046085 0.000000
vn 0.000000 -0.831067 0.556172
vn 0.000000 -0.831067 0.556172
vn 0.000000 -0.831067 0.556172
vn 0.000000 -0.831067 0.556172
vn 0.998937 -0.046092 0.000000
vn 0.998937 -0.046092 0.000000
vn 0.998937 -0.046092 0.000000
vn 0.998937 -0.046092 0.000000
vn 0.000000 -0.831058 -0.556186
vn 0.000000 -0.831058 -0.556186
vn 0.000000 -0.831058 -0.556186
vn 0.000000 -0.831058 -0.556186
vn -0.999426 -0.033889 -0.000004
vn -0.999426 -0.033889 -0.000004
vn -0.999426 -0.033889 -0.000004
vn -0.999426 -0.033889 -0.000004
vn 0.000000 -0.623940 0.781472
vn 0.000000 -0.623940 0.781472
vn 0.000000 -0.623940 0.781472
vn 0.000000 -0.623940 0.781472
vn 0.999425 -0.033892 0.000000
vn 0.999425 -0.033892 0.000000
vn 0.999425 -0.033892 0.000000
vn 0.999425 -0.033892 0.000000
vn 0.000000 -0.623942 -0.781470
vn 0.000000 -0.623942 -0.781470
vn 0.000000 -0.623942 -0.781470
vn 0.000000 -0.623942 -0.781470
vn -0.999426 -0.033890 0.000000
vn -0.999426 -0.033890 0.000000
vn -0.999426 -0.033890 0.000000
vn -0.999426 -0.033890 0.000000
vn 0.000000 -0.739515 0.673140
vn 0.000000 -0.739515 0.673140
vn 0.000000 -0.739515 0.673140
vn 0.000000 -0.739515 0.673140
vn 0.999425 -0.033892 0.000000
vn 0.999425 -0.033892 0.000000
vn 0.999425 -0.033892 0.000000
vn 0.999425 -0.033892 0.000000
vn 0.000000 -0.739515 -0.673140
vn 0.000000 -0.739515 -0.673140
vn 0.000000 -0.739515 -0.673140
vn 0.000000 -0.739515 -0.673140
vn -1.000000 0.000000 -0.000004
vn -1.000000 0.000000 -0.000004
vn -1.000000 0.000000 -0.000004
vn -1.000000 0.000000 -0.000004
vn 0.000000 0.000000 1.000000
vn 0.000000 0.000000 1.000000
vn 0.000000 0.000000 1.000000
vn 0.000000 0.000000 1.000000
vn 1.000000 0.000000 0.000000
vn 1.000000 0.000000 0.000000
vn 1.000000 0.000000 0.000000
vn 1.000000 0.000000 0.000000
vn 0.000000 0.000000 -1.000000
vn 0.000000 0.000000 -1.000000
vn 0.000000 0.000000 -1.000000
vn 0.000000 0.000000 -1.000000
vn -1.000000 0.000000 0.000000
vn -1.000000 0.000000 0.000000
vn -1.000000 0.000000 0.000000
vn -1.000000 0.000000 0.000000
vn 0.000000 0.000000 1.000000
vn 0.000000 0.000000 1.000000
vn 0.000000 0.000000 1.000000
vn 0.000000 0.000000 1.000000
vn 1.000000 0.000000 0.000000
vn 1.000000 0.000000 0.000000
vn 1.000000 0.000000 0.000000
vn 1.000000 0.000000 0.000000
vn 0.000000 0.000000 -1.000000
vn 0.000000 0.000000 -1.000000
vn 0.000000 0.000000 -1.000000
vn 0.000000 0.000000 -1.000000
vn -0.998330 0.057762 -0.000004
vn -0.998330 0.057762 -0.000004
vn -0.998330 0.057762 -0.000004
vn -0.998330 0.057762 -0.000004
vn 0.000000 0.806097 0.591783
vn 0.000000 0.806097 0.591783
vn 0.000000 0.806097 0.591783
vn 0.000000 0.806097 0.591783
vn 0.998330 0.057762 0.000000
vn 0.998330 0.057762 0.000000
vn 0.998330 0.057762 0.000000
vn 0.998330 0.057762 0.000000
vn 0.000000 0.806096 -0.591784
vn 0.000000 0.806096 -0.591784
vn 0.000000 0.806096 -0.591784
vn 0.000000 0.806096 -0.591784
vn -0.998331 0.057757 0.000000
vn -0.998331 0.057757 0.000000
vn -0.998331 0.057757 0.000000
vn -0.998331 0.057757 0.000000
vn 0.000000 0.882279 0.470727
vn 0.000000 0.882279 0.470727
vn 0.000000 0.882279 0.470727
vn 0.000000 0.882279 0.470727
vn 0.998331 0.057758 0.000000
vn 0.998331 0.057758 0.000000
vn 0.998331 0.057758 0.000000
vn 0.998331 0.057758 0.000000
vn 0.000000 0.882271 -0.470743
vn 0.000000 0.882271 -0.470743
vn 0.000000 0.882271 -0.470743
vn 0.000000 0.882271 -0.470743
vn -0.983931 0.178551 -0.000005
vn -0.983931 0.178551 -0.000005
vn -0.983931 0.178551 -0.000005
vn -0.983931 0.178551 -0.000005
vn 0.000000 0.973693 0.227861
vn 0.000000 0.973694 0.227862
vn 0.000000 0.973693 0.227861
vn 0.000000 0.973694 0.227861
vn 0.983932 0.178545 0.000000
vn 0.983932 0.178545 0.000000
vn 0.983932 0.178545 0.000000
vn 0.983932 0.178545 0.000000
vn 0.000000 0.973693 -0.227863
vn 0.000000 0.973693 -0.227863
vn 0.000000 0.973693 -0.227863
vn 0.000000 0.973693 -0.227863
vn -0.983932 0.178542 0.000000
vn -0.983932 0.178542 0.000000
vn -0.983932 0.178542 0.000000
vn -0.983932 0.178542 0.000000
vn 0.000000 0.985844 0.167663
vn 0.000000 0.985844 0.167663
vn 0.000000 0.985844 0.167663
vn 0.000000 0.985844 0.167663
vn 0.983931 0.178551 0.000000
vn 0.983931 0.178551 0.000000
vn 0.983931 0.178551 0.000000
vn 0.983931 0.178551 0.000000
vn 0.000000 0.985844 -0.167664
vn 0.000000 0.985844 -0.167664
vn 0.000000 0.985844 -0.167664
vn 0.000000 0.985844 -0.167664
vn -0.979595 0.200983 -0.000007
vn -0.979595 0.200983 -0.000007
vn -0.979595 0.200983 -0.000007
vn -0.979595 0.200983 -0.000007
vn 0.000000 0.979245 0.202682
vn 0.000000 0.979245 0.202682
vn 0.000000 0.979245 0.202682
vn 0.000000 0.979245 0.202682
vn 0.979596 0.200976 0.000000
vn 0.979596 0.200976 0.000000
vn 0.979596 0.200976 0.000000
vn 0.979596 0.200976 0.000000
vn 0.000000 0.979245 -0.202681
vn 0.000000 0.979245 -0.202681
vn 0.000000 0.979245 -0.202681
vn 0.000000 0.979245 -0.202681
vn -0.979593 0.200991 0.000000
vn -0.979593 0.200991 0.000000
vn -0.979593 0.200991 0.000000
vn -0.979593 0.200991 0.000000
vn 0.000000 0.988874 0.148755
vn 0.000000 0.988874 0.148755
vn 0.000000 0.988874 0.148755
vn 0.000000 0.988874 0.148755
vn 0.979593 0.200991 0.000000
vn 0.979593 0.200991 0.000000
vn 0.979593 0.200991 0.000000
vn 0.979593 0.200991 0.000000
vn 0.000000 0.988874 -0.148757
vn 0.000000 0.988874 -0.148757
vn 0.000000 0.988874 -0.148757
vn 0.000000 0.988874 -0.148757
vn -0.999985 0.005442 -0.000009
vn -0.999985 0.005442 -0.000009
vn -0.999985 0.005442 -0.000009
vn -0.999985 0.005442 -0.000009
vn 0.000000 0.179645 0.983731
vn 0.000000 0.179645 0.983732
vn 0.000000 0.179645 0.983731
vn 0.000000 0.179645 0.983732
vn 0.999985 0.005443 0.000000
vn 0.999985 0.005443 0.000000
vn 0.999985 0.005443 0.000000
vn 0.999985 0.005443 0.000000
vn 0.000000 0.179655 -0.983730
vn 0.000000 0.179655 -0.983730
vn 0.000000 0.179655 -0.983730
vn 0.000000 0.179655 -0.983730
vn -0.999985 0.005443 0.000000
vn -0.999985 0.005443 0.000000
vn -0.999985 0.005443 0.000000
vn -0.999985 0.005443 0.000000
vn 0.000000 0.243705 0.969849
vn 0.000000 0.243705 0.969850
vn 0.000000 0.243705 0.969849
vn 0.000000 0.243705 0.969849
vn 0.999985 0.005445 0.000000
vn 0.999985 0.005445 0.000000
vn 0.999985 0.005445 0.000000
vn 0.999985 0.005445 0.000000
vn 0.000000 0.243705 -0.969850
vn 0.000000 0.243705 -0.969849
vn 0.000000 0.243705 -0.969849
vn 0.000000 0.243705 -0.969849
vn 0.000000 0.000000 1.000000
vn 0.000000 0.000000 1.000000
vn 0.000000 0.000000 1.000000
vn 0.000000 0.000000 1.000000
vn 0.000000 1.000000 0.000000
vn 0.000000 1.000000 0.000000
vn 0.000000 1.000000 0.000000
vn 0.000000 1.000000 0.000000
vn 0.000000 0.000000 -1.000000
vn 0.000000 0.000000 -1.000000
vn 0.000000 0.000000 -1.000000
vn 0.000000 0.000000 -1.000000
vn 0.000000 -1.000000 0.000000
vn 0.000000 -1.000000 0.000000
vn 0.000000 -1.000000 0.000000
vn 0.000000 -1.000000 0.000000
vn 1.000000 0.000000 0.000000
vn 1.000000 0.000000 0.000000
vn 1.000000 0.000000 0.000000
vn 1.000000 0.000000 0.000000
vn -1.000000 0.000000 0.000000
vn -1.000000 0.000000 0.000000
vn -1.000000 0.000000 0.000000
vn -1.000000 0.000000 0.000000
vn -1.000000 0.000000 0.000000
vn -1.000000 0.000000 0.000000
vn -1.000000 0.000000 0.000000
vn -1.000000 0.000000 0.000000
vn 0.000000 -1.000000 0.000000
vn 0.000000 -1.000000 0.000000
vn 0.000000 -1.000000 0.000000
vn 0.000000 -1.000000 0.000000
vn 1.000000 0.000000 0.000000
vn 1.000000 0.000000 0.000000
vn 1.000000 0.000000 0.000000
vn 1.000000 0.000000 0.000000
vn 0.000000 1.000000 0.000000
vn 0.000000 1.000000 0.000000
vn 0.000000 1.000000 0.000000
vn 0.000000 1.000000 0.000000
vn -1.000000 0.000000 0.000000
vn -1.000000 0.000000 0.000000
vn 0.000000 1.000000 0.000000
vn 0.000000 1.000000 0.000000
vn 1.000000 0.000000 0.000000
vn 1.000000 0.000000 0.000000
vn 1.000000 0.000000 0.000000
vn 1.000000 0.000000 0.000000
vn 0.000000 -1.000000 0.000000
vn 0.000000 -1.000000 0.000000
vn -1.000000 0.000000 0.000000
vn -1.000000 0.000000 0.000000
vn 0.000000 1.000000 0.000000
vn 0.000000 1.000000 0.000000
vn 1.000000 0.000000 0.000000
vn 1.000000 0.000000 0.000000
vn 1.000000 0.000000 0.000000
vn 1.000000 0.000000 0.000000
vn 0.000000 -1.000000 0.000000
vn 0.000000 -1.000000 0.000000
vn -1.000000 0.000000 0.000000
vn -1.000000 0.000000 0.000000
vn 0.000000 1.000000 0.000000
vn 0.000000 1.000000 0.000000
vn 1.000000 0.000000 0.000000
vn 1.000000 0.000000 0.000000
vn 1.000000 0.000000 0.000000
vn 1.000000 0.000000 0.000000
vn 0.000000 -1.000000 0.000000
vn 0.000000 -1.000000 0.000000
vn 0.000000 -1.000000 0.000000
vn 0.000000 -1.000000 0.000000
vn -1.000000 0.000000 0.000000
vn -1.000000 0.000000 0.000000
vn 0.000000 1.000000 0.000000
vn 0.000000 1.000000 0.000000
vn 1.000000 0.000000 0.000000
vn 1.000000 0.000000 0.000000
vn 1.000000 0.000000 0.000000
vn 1.000000 0.000000 0.000000
vn 0.000000 -1.000000 0.000000
vn 0.000000 -1.000000 0.000000
vn 0.000000 -1.000000 0.000000
vn 0.000000 -1.000000 0.000000
vn 1.000000 0.000000 0.000000
vn 1.000000 0.000000 0.000000
vn 1.000000 0.000000 0.000000
vn 1.000000 0.000000 0.000000
vn 0.000000 -1.000000 0.000000
vn 0.000000 -1.000000 0.000000
vn 1.000000 -0.000009 0.000000
vn 1.000000 -0.000009 0.000000
vn 1.000000 -0.000009 0.000000
vn 1.000000 -0.000009 0.000000
vn 1.000000 0.000000 0.000000
vn 1.000000 0.000000 0.000000
vn 1.000000 0.000000 0.000000
vn 1.000000 0.000000 0.000000
vn 1.000000 0.000009 0.000000
vn 1.000000 0.000009 0.000000
vn 1.000000 0.000009 0.000000
vn 1.000000 0.000009 0.000000
vn 1.000000 0.000000 0.000000
vn 1.000000 0.000000 0.000000
vn 1.000000 0.000000 0.000000
vn 1.000000 0.000000 0.000000
vn 1.000000 0.000000 0.000000
vn 1.000000 0.000000 0.000000
vn 1.000000 0.000000 0.000000
vn 1.000000 0.000000 0.000000
vn 1.000000 -0.000002 0.000000
vn 1.000000 -0.000002 0.000000
vn 1.000000 -0.000002 0.000000
vn 1.000000 -0.000002 0.000000
vn 1.000000 0.000000 0.000000
vn 1.000000 0.000000 0.000000
vn 1.000000 0.000000 0.000000
vn 1.000000 0.000000 0.000000
vn 1.000000 0.000005 0.000000
vn 1.000000 0.000005 0.000000
vn 1.000000 0.000005 0.000000
vn 1.000000 0.000005 0.000000
vn 1.000000 0.000000 0.000000
vn 1.000000 0.000000 0.000000
vn 1.000000 0.000000 0.000000
vn 1.000000 0.000000 0.000000
vn 1.000000 -0.000013 0.000000
vn 1.000000 -0.000013 0.000000
vn 1.000000 -0.000013 0.000000
vn 1.000000 -0.000013 0.000000
vn 1.000000 0.000000 0.000000
vn 1.000000 0.000000 0.000000
vn 1.000000 0.000000 0.000000
vn 1.000000 0.000000 0.000000
vn 1.000000 0.000009 0.000000
vn 1.000000 0.000009 0.000000
vn 1.000000 0.000009 0.000000
vn 1.000000 0.000009 0.000000
vn 0.000000 0.000000 0.000000
vn 0.000000 0.000000 0.000000
vn 0.000000 0.000000 0.000000
vn 0.000000 0.000000 0.000000
vn 0.000000 0.000000 0.000000
vn 0.000000 0.000000 0.000000
vn 0.000000 0.000000 0.000000
vn 0.000000 0.000000 0.000000
vn 0.000000 0.000000 0.000000
vn 0.000000 0.000000 0.000000
vn 0.000000 0.000000 0.000000
vn 0.000000 0.000000 0.000000
vn 0.000000 0.000000 0.000000
vn 0.000000 0.000000 0.000000
vn 0.000000 0.000000 0.000000
vn 0.000000 0.000000 0.000000
vn 0.000000 0.000000 0.000000
vn 0.000000 0.000000 0.000000
vn 0.000000 0.000000 0.000000
vn 0.000000 0.000000 0.000000
vn 0.000000 0.000000 0.000000
vn 0.000000 0.000000 0.000000
vn 0.000000 0.000000 0.000000
vn 0.000000 0.000000 0.000000
vn 1.000000 0.000000 0.000000
vn 1.000000 0.000000 0.000000
vn 1.000000 0.000000 0.000000
vn 1.000000 0.000000 0.000000
vn 1.000000 0.000000 0.000000
vn 1.000000 0.000000 0.000000
vn 1.000000 0.000000 0.000000
vn 1.000000 0.000000 0.000000
vn 1.000000 0.000000 0.000000
vn 1.000000 0.000000 0.000000
vn 1.000000 0.000000 0.000000
vn 1.000000 0.000000 0.000000
vn 1.000000 -0.000007 0.000000
vn 1.000000 -0.000007 0.000000
vn 1.000000 -0.000007 0.000000
vn 1.000000 -0.000007 0.000000
vn 1.000000 -0.000000 0.000000
vn 1.000000 -0.000000 0.000000
vn 1.000000 -0.000000 0.000000
vn 1.000000 -0.000000 0.000000
vn 1.000000 -0.000001 0.000000
vn 1.000000 -0.000001 0.000000
vn 1.000000 -0.000001 0.000000
vn 1.000000 -0.000001 0.000000
vn 1.000000 0.000000 0.000000
vn 1.000000 0.000000 0.000000
vn 1.000000 0.000000 0.000000
vn 1.000000 0.000000 0.000000
vn 1.000000 -0.000013 0.000000
vn 1.000000 -0.000013 0.000000
vn 1.000000 -0.000013 0.000000
vn 1.000000 -0.000013 0.000000
vn 1.000000 0.000000 0.000000
vn 1.000000 0.000000 0.000000
vn 1.000000 0.000000 0.000000
vn 1.000000 0.000000 0.000000
vn 1.000000 -0.000007 0.000000
vn 1.000000 -0.000007 0.000000
vn 1.000000 -0.000007 0.000000
vn 1.000000 -0.000007 0.000000
vn 1.000000 0.000000 0.000000
vn 1.000000 0.000000 0.000000
vn 1.000000 0.000000 0.000000
vn 1.000000 0.000000 0.000000
vn 1.000000 -0.000003 0.000000
vn 1.000000 -0.000003 0.000000
vn 1.000000 -0.000003 0.000000
vn 1.000000 -0.000003 0.000000
vn 0.000000 1.000000 0.000000
vn 0.000000 1.000000 0.000000
vn 0.000000 1.000000 0.000000
vn 0.000000 1.000000 0.000000
vn 0.000000 0.000000 1.000000
vn 0.000000 0.000000 1.000000
vn 0.000000 0.000000 1.000000
vn 0.000000 0.000000 1.000000
vn 0.000000 -1.000000 0.000000
vn 0.000000 -1.000000 0.000000
vn 0.000000 -1.000000 0.000000
vn 0.000000 -1.000000 0.000000
vn 0.000000 0.000000 -1.000000
vn 0.000000 0.000000 -1.000000
vn 0.000000 0.000000 -1.000000
vn 0.000000 0.000000 -1.000000
vn 0.000000 0.000000 -1.000000
vn 0.000000 0.000000 -1.000000
vn 0.000000 0.000000 -1.000000
vn 0.000000 0.000000 -1.000000
vn 0.000000 1.000000 0.000000
vn 0.000000 1.000000 0.000000
vn 0.000000 1.000000 0.000000
vn 0.000000 1.000000 0.000000
vn 0.000000 0.000000 1.000000
vn 0.000000 0.000000 1.000000
vn 0.000000 0.000000 1.000000
vn 0.000000 0.000000 1.000000
vn 0.000000 -1.000000 0.000000
vn 0.000000 -1.000000 0.000000
vn 0.000000 -1.000000 0.000000
vn 0.000000 -1.000000 0.000000
vn 0.000000 0.000000 -1.000000
vn 0.000000 0.000000 -1.000000
vn 0.000000 0.000000 -1.000000
vn 0.000000 0.000000 -1.000000
vn 0.000000 1.000000 0.000000
vn 0.000000 1.000000 0.000000
vn 0.000000 1.000000 0.000000
vn 0.000000 1.000000 0.000000
vn 0.000000 0.000000 1.000000
vn 0.000000 0.000000 1.000000
vn 0.000000 0.000000 1.000000
vn 0.000000 0.000000 1.000000
vn 0.000000 -1.000000 0.000000
vn 0.000000 -1.000000 0.000000
vn 0.000000 -1.000000 0.000000
vn 0.000000 -1.000000 0.000000
vn 0.000000 0.000000 -0.000000
vn 0.000000 0.000000 -0.000000
vn 0.000000 0.000000 -0.000000
vn 0.000000 0.000000 -0.000000
vn 0.000000 -1.000000 0.000000
vn 0.000000 -1.000000 0.000000
vn 0.000000 -1.000000 0.000000
vn 0.000000 -1.000000 0.000000
vn 0.000000 0.000000 -0.000000
vn 0.000000 0.000000 -0.000000
vn 0.000000 0.000000 -0.000000
vn 0.000000 0.000000 -0.000000
vn 0.000000 1.000000 0.000000
vn 0.000000 1.000000 0.000000
vn 0.000000 1.000000 0.000000
vn 0.000000 1.000000 0.000000
vn 0.000000 -0.000000 -1.000000
vn 0.000000 -0.000000 -1.000000
vn 0.000000 -0.000000 -1.000000
vn 0.000000 -0.000000 -1.000000
vn 0.000000 1.000000 0.000000
vn 0.000000 1.000000 0.000000
vn 0.000000 1.000000 0.000000
vn 0.000000 1.000000 0.000000
vn 0.000000 0.000000 1.000000
vn 0.000000 0.000000 1.000000
vn 0.000000 0.000000 1.000000
vn 0.000000 0.000000 1.000000
vn 0.000000 -1.000000 0.000000
vn 0.000000 -1.000000 0.000000
vn 0.000000 -1.000000 0.000000
vn 0.000000 -1.000000 0.000000
vn 0.000000 -0.000000 -1.000000
vn 0.000000 -0.000000 -1.000000
vn 0.000000 -0.000000 -1.000000
vn 0.000000 -0.000000 -1.000000
vn 0.000000 1.000000 0.000000
vn 0.000000 1.000000 0.000000
vn 0.000000 1.000000 0.000000
vn 0.000000 1.000000 0.000000
vn 0.000000 0.000000 1.000000
vn 0.000000 0.000000 1.000000
vn 0.000000 0.000000 1.000000
vn 0.000000 0.000000 1.000000
vn 0.000000 -1.000000 0.000000
vn 0.000000 -1.000000 0.000000
vn 0.000000 -1.000000 0.000000
vn 0.000000 -1.000000 0.000000
vn 0.000000 0.000000 -1.000000
vn 0.000000 0.000000 -1.000000
vn 0.000000 0.000000 -1.000000
vn 0.000000 0.000000 -1.000000
vn 0.000000 1.000000 0.000000
vn 0.000000 1.000000 0.000000
vn 0.000000 1.000000 0.000000
vn 0.000000 1.000000 0.000000
vn 0.000000 0.000000 1.000000
vn 0.000000 0.000000 1.000000
vn 0.000000 0.000000 1.000000
vn 0.000000 0.000000 1.000000
vn 0.000000 -1.000000 0.000000
vn 0.000000 -1.000000 0.000000
vn 0.000000 -1.000000 0.000000
vn 0.000000 -1.000000 0.000000
vn 0.000000 -0.144835 0.989456
vn 0.000000 -0.144835 0.989456
vn 0.000000 -0.144835 0.989456
vn 0.000000 -0.144835 0.989456
vn 0.000000 1.000000 0.000000
vn 0.000000 1.000000 0.000000
vn 0.000000 1.000000 0.000000
vn 0.000000 1.000000 0.000000
vn 0.000000 -0.040135 -0.999194
vn 0.000000 -0.040135 -0.999194
vn 0.000000 -0.040135 -0.999194
vn 0.000000 -0.040135 -0.999194
vn 0.000000 -1.000000 0.000000
vn 0.000000 -1.000000 0.000000
vn 0.000000 -1.000000 0.000000
vn 0.000000 -1.000000 0.000000
vn 0.995678 -0.092870 0.000000
vn 0.995678 -0.092870 0.000000
vn 0.995678 -0.092870 0.000000
vn 0.995678 -0.092870 0.000000
vn -0.995678 -0.092870 0.000000
vn -0.995678 -0.092870 0.000000
vn -0.995678 -0.092870 0.000000
vn -0.995678 -0.092870 0.000000
vn 0.000000 -0.144835 0.989456
vn 0.000000 -0.144835 0.989456
vn 0.000000 -0.144835 0.989456
vn 0.000000 -0.144835 0.989456
vn 0.000000 1.000000 0.000000
vn 0.000000 1.000000 0.000000
vn 0.000000 1.000000 0.000000
vn 0.000000 1.000000 0.000000
vn 0.000000 -0.040135 -0.999194
vn 0.000000 -0.040135 -0.999194
vn 0.000000 -0.040135 -0.999194
vn 0.000000 -0.040135 -0.999194
vn 0.000000 -1.000000 0.000000
vn 0.000000 -1.000000 0.000000
vn 0.000000 -1.000000 0.000000
vn 0.000000 -1.000000 0.000000
vn 0.995678 -0.092870 0.000000
vn 0.995678 -0.092870 0.000000
vn 0.995678 -0.092870 0.000000
vn 0.995678 -0.092870 0.000000
vn -0.995678 -0.092870 0.000000
vn -0.995678 -0.092870 0.000000
vn -0.995678 -0.092870 0.000000
vn -0.995678 -0.092870 0.000000
vn 0.000000 -0.144835 -0.989456
vn 0.000000 -0.144835 -0.989456
vn 0.000000 -0.144835 -0.989456
vn 0.000000 -0.144835 -0.989456
vn 0.000000 1.000000 0.000000
vn 0.000000 1.000000 0.000000
vn 0.000000 1.000000 0.000000
vn 0.000000 1.000000 0.000000
vn 0.000000 -0.040135 0.999194
vn 0.000000 -0.040135 0.999194
vn 0.000000 -0.040135 0.999194
vn 0.000000 -0.040135 0.999194
vn 0.000000 -1.000000 0.000000
vn 0.000000 -1.000000 0.000000
vn 0.000000 -1.000000 0.000000
vn 0.000000 -1.000000 0.000000
vn -0.995678 -0.092869 0.000000
vn -0.995678 -0.092869 0.000000
vn -0.995678 -0.092869 0.000000
vn -0.995678 -0.092869 0.000000
vn 0.995678 -0.092871 0.000000
vn 0.995678 -0.092871 0.000000
vn 0.995678 -0.092871 0.000000
vn 0.995678 -0.092871 0.000000
vn 0.000000 -0.144835 0.989456
vn 0.000000 -0.144835 0.989456
vn 0.000000 -0.144835 0.989456
vn 0.000000 -0.144835 0.989456
vn 0.000000 1.000000 0.000000
vn 0.000000 1.000000 0.000000
vn 0.000000 1.000000 0.000000
vn 0.000000 1.000000 0.000000
vn 0.000000 -0.040135 -0.999194
vn 0.000000 -0.040135 -0.999194
vn 0.000000 -0.040135 -0.999194
vn 0.000000 -0.040135 -0.999194
vn 0.000000 -1.000000 0.000000
vn 0.000000 -1.000000 0.000000
vn 0.000000 -1.000000 0.000000
vn 0.000000 -1.000000 0.000000
vn 0.995678 -0.092870 0.000000
vn 0.995678 -0.092870 0.000000
vn 0.995678 -0.092870 0.000000
vn 0.995678 -0.092870 0.000000
vn -0.995678 -0.092870 0.000000
vn -0.995678 -0.092870 0.000000
vn -0.995678 -0.092870 0.000000
vn -0.995678 -0.092870 0.000000
vn 0.000000 -0.144835 -0.989456
vn 0.000000 -0.144835 -0.989456
vn 0.000000 -0.144835 -0.989456
vn 0.000000 -0.144835 -0.989456
vn 0.000000 1.000000 0.000000
vn 0.000000 1.000000 0.000000
vn 0.000000 1.000000 0.000000
vn 0.000000 1.000000 0.000000
vn 0.000000 -0.040135 0.999194
vn 0.000000 -0.040135 0.999194
vn 0.000000 -0.040135 0.999194
vn 0.000000 -0.040135 0.999194
vn 0.000000 -1.000000 0.000000
vn 0.000000 -1.000000 0.000000
vn 0.000000 -1.000000 0.000000
vn 0.000000 -1.000000 0.000000
vn -0.995678 -0.092869 0.000000
vn -0.995678 -0.092869 0.000000
vn -0.995678 -0.092869 0.000000
vn -0.995678 -0.092869 0.000000
vn 0.995678 -0.092871 0.000000
vn 0.995678 -0.092871 0.000000
vn 0.995678 -0.092871 0.000000
vn 0.995678 -0.092871 0.000000
vn 0.000000 -0.144835 0.989456
vn 0.000000 -0.144835 0.989456
vn 0.000000 -0.144835 0.989456
vn 0.000000 -0.144835 0.989456
vn 0.000000 1.000000 0.000000
vn 0.000000 1.000000 0.000000
vn 0.000000 1.000000 0.000000
vn 0.000000 1.000000 0.000000
vn 0.000000 -0.040135 -0.999194
vn 0.000000 -0.040135 -0.999194
vn 0.000000 -0.040135 -0.999194
vn 0.000000 -0.040135 -0.999194
vn 0.000000 -1.000000 0.000000
vn 0.000000 -1.000000 0.000000
vn 0.000000 -1.000000 0.000000
vn 0.000000 -1.000000 0.000000
vn 0.995678 -0.092870 0.000000
vn 0.995678 -0.092870 0.000000
vn 0.995678 -0.092870 0.000000
vn 0.995678 -0.092870 0.000000
vn -0.995678 -0.092870 0.000000
vn -0.995678 -0.092870 0.000000
vn -0.995678 -0.092870 0.000000
vn -0.995678 -0.092870 0.000000
vn 0.000000 -0.144835 -0.989456
vn 0.000000 -0.144835 -0.989456
vn 0.000000 -0.144835 -0.989456
vn 0.000000 -0.144835 -0.989456
vn 0.000000 1.000000 0.000000
vn 0.000000 1.000000 0.000000
vn 0.000000 1.000000 0.000000
vn 0.000000 1.000000 0.000000
vn 0.000000 -0.040135 0.999194
vn 0.000000 -0.040135 0.999194
vn 0.000000 -0.040135 0.999194
vn 0.000000 -0.040135 0.999194
vn 0.000000 -1.000000 0.000000
vn 0.000000 -1.000000 0.000000
vn 0.000000 -1.000000 0.000000
vn 0.000000 -1.000000 0.000000
vn -0.995678 -0.092869 0.000000
vn -0.995678 -0.092869 0.000000
vn -0.995678 -0.092869 0.000000
vn -0.995678 -0.092869 0.000000
vn 0.995678 -0.092871 0.000000
vn 0.995678 -0.092871 0.000000
vn 0.995678 -0.092871 0.000000
vn 0.995678 -0.092871 0.000000
vn 0.000000 -0.144835 0.989456
vn 0.000000 -0.144835 0.989456
vn 0.000000 -0.144835 0.989456
vn 0.000000 -0.144835 0.989456
vn 0.000000 1.000000 0.000000
vn 0.000000 1.000000 0.000000
vn 0.000000 1.000000 0.000000
vn 0.000000 1.000000 0.000000
vn 0.000000 -0.040135 -0.999194
vn 0.000000 -0.040135 -0.999194
vn 0.000000 -0.040135 -0.999194
vn 0.000000 -0.040135 -0.999194
vn 0.000000 -1.000000 0.000000
vn 0.000000 -1.000000 0.000000
vn 0.000000 -1.000000 0.000000
vn 0.000000 -1.000000 0.000000
vn 0.995678 -0.092870 0.000000
vn 0.995678 -0.092870 0.000000
vn 0.995678 -0.092870 0.000000
vn 0.995678 -0.092870 0.000000
vn -0.995678 -0.092870 0.000000
vn -0.995678 -0.092870 0.000000
vn -0.995678 -0.092870 0.000000
vn -0.995678 -0.092870 0.000000
vn 0.000000 -0.144835 -0.989456
vn 0.000000 -0.144835 -0.989456
vn 0.000000 -0.144835 -0.989456
vn 0.000000 -0.144835 -0.989456
vn 0.000000 1.000000 0.000000
vn 0.000000 1.000000 0.000000
vn 0.000000 1.000000 0.000000
vn 0.000000 1.000000 0.000000
vn 0.000000 -0.040135 0.999194
vn 0.000000 -0.040135 0.999194
vn 0.000000 -0.040135 0.999194
vn 0.000000 -0.040135 0.999194
vn 0.000000 -1.000000 0.000000
vn 0.000000 -1.000000 0.000000
vn 0.000000 -1.000000 0.000000
vn 0.000000 -1.000000 0.000000
vn -0.995678 -0.092869 0.000000
vn -0.995678 -0.092869 0.000000
vn -0.995678 -0.092869 0.000000
vn -0.995678 -0.092869 0.000000
vn 0.995678 -0.092871 0.000000
vn 0.995678 -0.092871 0.000000
vn 0.995678 -0.092871 0.000000
vn 0.995678 -0.092871 0.000000
vn 0.000000 -0.144835 -0.989456
vn 0.000000 -0.144835 -0.989456
vn 0.000000 -0.144835 -0.989456
vn 0.000000 -0.144835 -0.989456
vn 0.000000 1.000000 0.000000
vn 0.000000 1.000000 0.000000
vn 0.000000 1.000000 0.000000
vn 0.000000 1.000000 0.000000
vn 0.000000 -0.040135 0.999194
vn 0.000000 -0.040135 0.999194
vn 0.000000 -0.040135 0.999194
vn 0.000000 -0.040135 0.999194
vn 0.000000 -1.000000 0.000000
vn 0.000000 -1.000000 0.000000
vn 0.000000 -1.000000 0.000000
vn 0.000000 -1.000000 0.000000
vn -0.995678 -0.092869 0.000000
vn -0.995678 -0.092869 0.000000
vn -0.995678 -0.092869 0.000000
vn -0.995678 -0.092869 0.000000
vn 0.995678 -0.092871 0.000000
vn 0.995678 -0.092871 0.000000
vn 0.995678 -0.092871 0.000000
vn 0.995678 -0.092871 0.000000
vn 0.000000 -0.144835 -0.989456
vn 0.000000 -0.144835 -0.989456
vn 0.000000 -0.144835 -0.989456
vn 0.000000 -0.144835 -0.989456
vn 0.000000 1.000000 0.000000
vn 0.000000 1.000000 0.000000
vn 0.000000 1.000000 0.000000
vn 0.000000 1.000000 0.000000
vn 0.000000 -0.040135 0.999194
vn 0.000000 -0.040135 0.999194
vn 0.000000 -0.040135 0.999194
vn 0.000000 -0.040135 0.999194
vn 0.000000 -1.000000 0.000000
vn 0.000000 -1.000000 0.000000
vn 0.000000 -1.000000 0.000000
vn 0.000000 -1.000000 0.000000
vn -0.995678 -0.092869 0.000000
vn -0.995678 -0.092869 0.000000
vn -0.995678 -0.092869 0.000000
vn -0.995678 -0.092869 0.000000
vn 0.995678 -0.092870 0.000000
vn 0.995678 -0.092869 0.000000
vn 0.995678 -0.092870 0.000000
vn 0.995678 -0.092870 0.000000
vn -0.989456 -0.144835 0.000000
vn -0.989456 -0.144835 0.000000
vn -0.989456 -0.144835 0.000000
vn -0.989456 -0.144835 0.000000
vn 0.000000 1.000000 0.000000
vn 0.000000 1.000000 0.000000
vn 0.000000 1.000000 0.000000
vn 0.000000 1.000000 0.000000
vn 0.999194 -0.040133 0.000000
vn 0.999194 -0.040133 0.000000
vn 0.999194 -0.040133 0.000000
vn 0.999194 -0.040133 0.000000
vn 0.000000 -1.000000 0.000000
vn 0.000000 -1.000000 0.000000
vn 0.000000 -1.000000 0.000000
vn 0.000000 -1.000000 0.000000
vn 0.000000 -0.092870 0.995678
vn 0.000000 -0.092870 0.995678
vn 0.000000 -0.092870 0.995678
vn 0.000000 -0.092870 0.995678
vn 0.000000 -0.092869 -0.995678
vn 0.000000 -0.092869 -0.995678
vn 0.000000 -0.092869 -0.995678
vn 0.000000 -0.092869 -0.995678
vn -0.989456 -0.144834 0.000000
vn -0.989456 -0.144834 0.000000
vn -0.989456 -0.144834 0.000000
vn -0.989456 -0.144834 0.000000
vn 0.000000 1.000000 0.000000
vn 0.000000 1.000000 0.000000
vn 0.000000 1.000000 0.000000
vn 0.000000 1.000000 0.000000
vn 0.999194 -0.040136 0.000000
vn 0.999194 -0.040136 0.000000
vn 0.999194 -0.040136 0.000000
vn 0.999194 -0.040136 0.000000
vn 0.000000 -1.000000 0.000000
vn 0.000000 -1.000000 0.000000
vn 0.000000 -1.000000 0.000000
vn 0.000000 -1.000000 0.000000
vn 0.000000 -0.092870 0.995678
vn 0.000000 -0.092870 0.995678
vn 0.000000 -0.092870 0.995678
vn 0.000000 -0.092870 0.995678
vn 0.000000 -0.092870 -0.995678
vn 0.000000 -0.092870 -0.995678
vn 0.000000 -0.092870 -0.995678
vn 0.000000 -0.092870 -0.995678
vn 0.000000 -0.144835 0.989456
vn 0.000000 -0.144835 0.989456
vn 0.000000 -0.144835 0.989456
vn 0.000000 -0.144835 0.989456
vn 0.000000 1.000000 0.000000
vn 0.000000 1.000000 0.000000
vn 0.000000 1.000000 0.000000
vn 0.000000 1.000000 0.000000
vn 0.000000 -0.040135 -0.999194
vn 0.000000 -0.040135 -0.999194
vn 0.000000 -0.040135 -0.999194
vn 0.000000 -0.040135 -0.999194
vn 0.000000 -1.000000 0.000000
vn 0.000000 -1.000000 0.000000
vn 0.000000 -1.000000 0.000000
vn 0.000000 -1.000000 0.000000
vn 0.995678 -0.092869 0.000000
vn 0.995678 -0.092869 0.000000
vn 0.995678 -0.092869 0.000000
vn 0.995678 -0.092869 0.000000
vn -0.995678 -0.092870 0.000000
vn -0.995678 -0.092870 0.000000
vn -0.995678 -0.092870 0.000000
vn -0.995678 -0.092870 0.000000
vn 0.000000 0.000000 1.000000
vn 0.000000 0.000000 1.000000
vn 0.000000 0.000000 1.000000
vn 0.000000 0.000000 1.000000
vn 0.000000 1.000000 0.000000
vn 0.000000 1.000000 0.000000
vn 0.000000 1.000000 0.000000
vn 0.000000 1.000000 0.000000
vn 0.000000 0.000000 -1.000000
vn 0.000000 0.000000 -1.000000
vn 0.000000 0.000000 -1.000000
vn 0.000000 0.000000 -1.000000
vn 0.000000 -1.000000 0.000000
vn 0.000000 -1.000000 0.000000
vn 0.000000 -1.000000 0.000000
vn 0.000000 -1.000000 0.000000
vn 1.000000 0.000000 0.000000
vn 1.000000 0.000000 0.000000
vn 1.000000 0.000000 0.000000
vn 1.000000 0.000000 0.000000
vn -1.000000 0.000000 0.000000
vn -1.000000 0.000000 0.000000
vn -1.000000 0.000000 0.000000
vn -1.000000 0.000000 0.000000
vn 0.000000 0.000000 1.000000
vn 0.000000 0.000000 1.000000
vn 0.000000 0.000000 1.000000
vn 0.000000 0.000000 1.000000
vn 0.000000 1.000000 0.000000
vn 0.000000 1.000000 0.000000
vn 0.000000 1.000000 0.000000
vn 0.000000 1.000000 0.000000
vn 0.000000 0.000000 -1.000000
vn 0.000000 0.000000 -1.000000
vn 0.000000 0.000000 -1.000000
vn 0.000000 0.000000 -1.000000
vn 0.000000 -1.000000 0.000000
vn 0.000000 -1.000000 0.000000
vn 0.000000 -1.000000 0.000000
vn 0.000000 -1.000000 0.000000
vn 1.000000 0.000000 0.000000
vn 1.000000 0.000000 0.000000
vn 1.000000 0.000000 0.000000
vn 1.000000 0.000000 0.000000
vn -1.000000 0.000000 0.000000
vn -1.000000 0.000000 0.000000
vn -1.000000 0.000000 0.000000
vn -1.000000 0.000000 0.000000
vn -1.000000 0.000001 0.000000
vn -1.000000 0.000001 0.000000
vn -1.000000 0.000002 0.000000
vn -1.000000 0.000002 0.000000
vn 0.000000 0.000001 -1.000000
vn 0.000000 0.000001 -1.000000
vn 0.000000 0.000000 -1.000000
vn 0.000000 0.000000 -1.000000
vn 1.000000 0.000000 0.000000
vn 1.000000 0.000000 0.000000
vn 1.000000 0.000000 0.000000
vn 1.000000 0.000000 0.000000
vn 0.000000 0.000000 1.000000
vn 0.000000 0.000000 1.000000
vn 0.000000 0.000000 1.000000
vn 0.000000 0.000000 1.000000
vn -1.000000 -0.000001 0.000000
vn -1.000000 -0.000001 0.000000
vn 0.000000 -0.000000 -1.000000
vn 0.000000 -0.000000 -1.000000
vn 1.000000 0.000000 0.000000
vn 1.000000 0.000000 0.000000
vn 1.000000 0.000000 0.000000
vn 1.000000 0.000000 0.000000
vn 0.000000 0.000000 1.000000
vn 0.000000 0.000000 1.000000
vn -1.000000 -0.000001 0.000000
vn -1.000000 -0.000001 0.000000
vn 0.000000 -0.000000 -1.000000
vn 0.000000 -0.000000 -1.000000
vn 1.000000 0.000000 0.000000
vn 1.000000 0.000000 0.000000
vn 1.000000 0.000000 0.000000
vn 1.000000 0.000000 0.000000
vn 0.000000 0.000000 1.000000
vn 0.000000 0.000000 1.000000
vn 1.000000 0.000000 0.000000
vn 1.000000 0.000000 0.000000
vn 1.000000 0.000000 0.000000
vn 1.000000 0.000000 0.000000
vn 0.000000 -1.000000 0.000000
vn 0.000000 -1.000000 0.000000
vn 0.000000 -1.000000 0.000000
vn 0.000000 -1.000000 0.000000
vn 0.000000 0.000000 -1.000000
vn 0.000000 0.000000 -1.000000
vn 0.000000 0.000000 -1.000000
vn 0.000000 0.000000 -1.000000
vn 0.000000 0.000000 1.000000
vn 0.000000 0.000000 1.000000
vn 0.000000 0.000000 1.000000
vn 0.000000 0.000000 1.000000
vn 0.000000 0.000000 -1.000000
vn 0.000000 0.000000 -1.000000
vn 0.000000 0.000000 -1.000000
vn 0.000000 0.000000 -1.000000
vn 0.000000 1.000000 -0.000000
vn 0.000000 1.000000 -0.000000
vn 0.000000 1.000000 -0.000000
vn 0.000000 1.000000 -0.000000
vn 0.000000 0.000000 1.000000
vn 0.000000 0.000000 1.000000
vn 0.000000 0.000000 1.000000
vn 0.000000 0.000000 1.000000
vn 0.000000 -0.000001 -1.000000
vn 0.000000 -0.000001 -1.000000
vn 0.000000 -0.000001 -1.000000
vn 0.000000 -0.000001 -1.000000
vn 0.000000 0.000000 1.000000
vn 0.000000 0.000000 1.000000
vn 0.000000 0.000000 1.000000
vn 0.000000 0.000000 1.000000
vn 0.000000 0.000000 -1.000000
vn 0.000000 0.000000 -1.000000
vn 0.000000 0.000000 -1.000000
vn 0.000000 0.000000 -1.000000
vn 0.000000 0.000000 1.000000
vn 0.000000 0.000000 1.000000
vn 0.000000 0.000000 1.000000
vn 0.000000 0.000000 1.000000
vn 0.000000 -1.000000 0.000000
vn 0.000000 -1.000000 0.000000
vn 0.000000 -1.000000 0.000000
vn 0.000000 -1.000000 0.000000
vn 0.000000 0.000000 -1.000000
vn 0.000000 0.000000 -1.000000
vn 0.000000 0.000000 -1.000000
vn 0.000000 0.000000 -1.000000
vn 0.000000 0.000000 1.000000
vn 0.000000 0.000000 1.000000
vn 0.000000 0.000000 1.000000
vn 0.000000 0.000000 1.000000
vn 0.000000 -0.000001 -1.000000
vn 0.000000 -0.000001 -1.000000
vn 0.000000 -0.000001 -1.000000
vn 0.000000 -0.000001 -1.000000
vn 0.000000 1.000000 0.000000
vn 0.000000 1.000000 0.000000
vn 0.000000 1.000000 0.000000
vn 0.000000 1.000000 0.000000
vn 0.000000 0.000000 1.000000
vn 0.000000 0.000000 1.000000
vn 0.000000 0.000000 1.000000
vn 0.000000 0.000000 1.000000
vn 0.000000 0.000000 -1.000000
vn 0.000000 0.000000 -1.000000
vn 0.000000 0.000000 -1.000000
vn 0.000000 0.000000 -1.000000
vn 0.000000 0.000000 1.000000
vn 0.000000 0.000000 1.000000
vn 0.000000 0.000000 1.000000
vn 0.000000 0.000000 1.000000
vn 0.000000 -1.000000 0.000000
vn 0.000000 -1.000000 0.000000
vn 0.000000 -1.000000 0.000000
vn 0.000000 -1.000000 0.000000
vn 0.000000 0.000000 -1.000000
vn 0.000000 0.000000 -1.000000
vn 0.000000 0.000000 -1.000000
vn 0.000000 0.000000 -1.000000
vn 0.000000 0.000000 1.000000
vn 0.000000 0.000000 1.000000
vn 0.000000 0.000000 1.000000
vn 0.000000 0.000000 1.000000
vn 0.000000 0.000000 -1.000000
vn 0.000000 0.000000 -1.000000
vn 0.000000 0.000000 -1.000000
vn 0.000000 0.000000 -1.000000
vn 0.000000 1.000000 -0.000000
vn 0.000000 1.000000 -0.000000
vn 0.000000 1.000000 -0.000000
vn 0.000000 1.000000 -0.000000
vn 0.000000 0.000000 1.000000
vn 0.000000 0.000000 1.000000
vn 0.000000 0.000000 1.000000
vn 0.000000 0.000000 1.000000
vn 0.000000 -1.000000 0.000000
vn 0.000000 -1.000000 0.000000
vn 0.000000 -1.000000 0.000000
vn 0.000000 -1.000000 0.000000
vn 0.000000 0.000000 -1.000000
vn 0.000000 0.000000 -1.000000
vn 0.000000 0.000000 -1.000000
vn 0.000000 0.000000 -1.000000
vn 0.000000 1.000000 0.000000
vn 0.000000 1.000000 0.000000
vn 0.000000 1.000000 0.000000
vn 0.000000 1.000000 0.000000
vn 0.000000 0.000000 1.000000
vn 0.000000 0.000000 1.000000
vn 0.000000 0.000000 1.000000
vn 0.000000 0.000000 1.000000
vn 0.000000 0.000000 1.000000
vn 0.000000 0.000000 1.000000
vn 0.000000 0.000000 1.000000
vn 0.000000 0.000000 1.000000
vn 0.000000 1.000000 0.000000
vn 0.000000 1.000000 0.000000
vn 0.000000 1.000000 0.000000
vn 0.000000 1.000000 0.000000
vn 0.000000 0.000000 -1.000000
vn 0.000000 0.000000 -1.000000
vn 0.000000 0.000000 -1.000000
vn 0.000000 0.000000 -1.000000
vn 0.000000 -1.000000 0.000000
vn 0.000000 -1.000000 0.000000
vn 0.000000 -1.000000 0.000000
vn 0.000000 -1.000000 0.000000
vn 1.000000 0.000000 0.000000
vn 1.000000 0.000000 0.000000
vn 1.000000 0.000000 0.000000
vn 1.000000 0.000000 0.000000
vn -1.000000 0.000000 0.000000
vn -1.000000 0.000000 0.000000
vn -1.000000 0.000000 0.000000
vn -1.000000 0.000000 0.000000
vn 0.000000 0.000000 1.000000
vn 0.000000 0.000000 1.000000
vn 0.000000 0.000000 1.000000
vn 0.000000 0.000000 1.000000
vn 0.000000 1.000000 0.000000
vn 0.000000 1.000000 0.000000
vn 0.000000 1.000000 0.000000
vn 0.000000 1.000000 0.000000
vn 0.000000 0.000000 -1.000000
vn 0.000000 0.000000 -1.000000
vn 0.000000 0.000000 -1.000000
vn 0.000000 0.000000 -1.000000
vn 0.000000 -1.000000 0.000000
vn 0.000000 -1.000000 0.000000
vn 0.000000 -1.000000 0.000000
vn 0.000000 -1.000000 0.000000
vn 1.000000 0.000000 0.000000
vn 1.000000 0.000000 0.000000
vn 1.000000 0.000000 0.000000
vn 1.000000 0.000000 0.000000
vn -1.000000 0.000000 0.000000
vn -1.000000 0.000000 0.000000
vn -1.000000 0.000000 0.000000
vn -1.000000 0.000000 0.000000
vn 0.000000 0.000000 1.000000
vn 0.000000 0.000000 1.000000
vn 0.000000 0.000000 1.000000
vn 0.000000 0.000000 1.000000
vn 0.000000 1.000000 0.000000
vn 0.000000 1.000000 0.000000
vn 0.000000 1.000000 0.000000
vn 0.000000 1.000000 0.000000
vn 0.000000 0.000000 -1.000000
vn 0.000000 0.000000 -1.000000
vn 0.000000 0.000000 -1.000000
vn 0.000000 0.000000 -1.000000
vn 0.000000 -1.000000 0.000000
vn 0.000000 -1.000000 0.000000
vn 0.000000 -1.000000 0.000000
vn 0.000000 -1.000000 0.000000
vn 1.000000 0.000000 0.000000
vn 1.000000 0.000000 0.000000
vn 1.000000 0.000000 0.000000
vn 1.000000 0.000000 0.000000
vn -1.000000 0.000000 0.000000
vn -1.000000 0.000000 0.000000
vn -1.000000 0.000000 0.000000
vn -1.000000 0.000000 0.000000
vn 0.000000 0.000000 1.000000
vn 0.000000 0.000000 1.000000
vn 0.000000 0.000000 1.000000
vn 0.000000 0.000000 1.000000
vn 0.000000 1.000000 0.000000
vn 0.000000 1.000000 0.000000
vn 0.000000 1.000000 0.000000
vn 0.000000 1.000000 0.000000
vn 0.000000 0.000000 -1.000000
vn 0.000000 0.000000 -1.000000
vn 0.000000 0.000000 -1.000000
vn 0.000000 0.000000 -1.000000
vn 0.000000 -1.000000 0.000000
vn 0.000000 -1.000000 0.000000
vn 0.000000 -1.000000 0.000000
vn 0.000000 -1.000000 0.000000
vn 1.000000 0.000000 0.000000
vn 1.000000 0.000000 0.000000
vn 1.000000 0.000000 0.000000
vn 1.000000 0.000000 0.000000
vn -1.000000 0.000000 0.000000
vn -1.000000 0.000000 0.000000
vn -1.000000 0.000000 0.000000
vn -1.000000 0.000000 0.000000
vn 0.000000 0.000000 1.000000
vn 0.000000 0.000000 1.000000
vn 0.000000 0.000000 1.000000
vn 0.000000 0.000000 1.000000
vn 0.000000 1.000000 0.000000
vn 0.000000 1.000000 0.000000
vn 0.000000 1.000000 0.000000
vn 0.000000 1.000000 0.000000
vn 0.000000 0.000000 -1.000000
vn 0.000000 0.000000 -1.000000
vn 0.000000 0.000000 -1.000000
vn 0.000000 0.000000 -1.000000
vn 0.000000 -1.000000 0.000000
vn 0.000000 -1.000000 0.000000
vn 0.000000 -1.000000 0.000000
vn 0.000000 -1.000000 0.000000
vn 1.000000 0.000000 0.000000
vn 1.000000 0.000000 0.000000
vn 1.000000 0.000000 0.000000
vn 1.000000 0.000000 0.000000
vn -1.000000 0.000000 0.000000
vn -1.000000 0.000000 0.000000
vn -1.000000 0.000000 0.000000
vn -1.000000 0.000000 0.000000
vn 0.000000 0.000000 1.000000
vn 0.000000 0.000000 1.000000
vn 0.000000 0.000000 1.000000
vn 0.000000 0.000000 1.000000
vn 0.000000 1.000000 0.000000
vn 0.000000 1.000000 0.000000
vn 0.000000 1.000000 0.000000
vn 0.000000 1.000000 0.000000
vn 0.000000 0.000000 -1.000000
vn 0.000000 0.000000 -1.000000
vn 0.000000 0.000000 -1.000000
vn 0.000000 0.000000 -1.000000
vn 0.000000 -1.000000 0.000000
vn 0.000000 -1.000000 0.000000
vn 0.000000 -1.000000 0.000000
vn 0.000000 -1.000000 0.000000
vn 1.000000 0.000000 0.000000
vn 1.000000 0.000000 0.000000
vn 1.000000 0.000000 0.000000
vn 1.000000 0.000000 0.000000
vn -1.000000 0.000000 0.000000
vn -1.000000 0.000000 0.000000
vn -1.000000 0.000000 0.000000
vn -1.000000 0.000000 0.000000
vn 0.000000 0.000000 1.000000
vn 0.000000 0.000000 1.000000
vn 0.000000 0.000000 1.000000
vn 0.000000 0.000000 1.000000
vn 0.000000 1.000000 0.000000
vn 0.000000 1.000000 0.000000
vn 0.000000 1.000000 0.000000
vn 0.000000 1.000000 0.000000
vn 0.000000 0.000000 -1.000000
vn 0.000000 0.000000 -1.000000
vn 0.000000 0.000000 -1.000000
vn 0.000000 0.000000 -1.000000
vn 0.000000 -1.000000 0.000000
vn 0.000000 -1.000000 0.000000
vn 0.000000 -1.000000 0.000000
vn 0.000000 -1.000000 0.000000
vn 1.000000 0.000000 0.000000
vn 1.000000 0.000000 0.000000
vn 1.000000 0.000000 0.000000
vn 1.000000 0.000000 0.000000
vn -1.000000 0.000000 0.000000
vn -1.000000 0.000000 0.000000
vn -1.000000 0.000000 0.000000
vn -1.000000 0.000000 0.000000
vn 0.000000 0.000000 1.000000
vn 0.000000 0.000000 1.000000
vn 0.000000 0.000000 1.000000
vn 0.000000 0.000000 1.000000
vn 0.000000 1.000000 0.000000
vn 0.000000 1.000000 0.000000
vn 0.000000 1.000000 0.000000
vn 0.000000 1.000000 0.000000
vn 0.000000 0.000000 -1.000000
vn 0.000000 0.000000 -1.000000
vn 0.000000 0.000000 -1.000000
vn 0.000000 0.000000 -1.000000
vn 0.000000 -1.000000 0.000000
vn 0.000000 -1.000000 0.000000
vn 0.000000 -1.000000 0.000000
vn 0.000000 -1.000000 0.000000
vn 1.000000 0.000000 0.000000
vn 1.000000 0.000000 0.000000
vn 1.000000 0.000000 0.000000
vn 1.000000 0.000000 0.000000
vn -1.000000 0.000000 0.000000
vn -1.000000 0.000000 0.000000
vn -1.000000 0.000000 0.000000
vn -1.000000 0.000000 0.000000
vn -0.885453 0.000000 0.464729
vn -0.568028 0.000000 0.823009
vn -0.568028 0.000000 0.823009
vn -0.885453 0.000000 0.464729
vn -0.120540 0.000000 0.992709
vn -0.120540 0.000000 0.992709
vn 0.354559 0.000000 0.935034
vn 0.354559 0.000000 0.935034
vn 0.748501 0.000000 0.663133
vn 0.748501 0.000000 0.663133
vn 0.970942 0.000000 0.239317
vn 0.970942 0.000000 0.239317
vn 0.970946 0.000000 -0.239300
vn 0.970946 0.000000 -0.239300
vn 0.748534 0.000000 -0.663097
vn 0.748534 0.000000 -0.663097
vn 0.354559 0.000000 -0.935034
vn 0.354559 0.000000 -0.935034
vn -0.120540 0.000000 -0.992709
vn -0.120540 0.000000 -0.992709
vn -0.568041 0.000000 -0.823000
vn -0.568041 0.000000 -0.823000
vn -0.885469 0.000000 -0.464698
vn -0.885469 0.000000 -0.464698
vn -1.000000 0.000000 0.000000
vn -1.000000 0.000000 0.000000
vn 0.000000 -1.000000 -0.000004
vn 0.000000 -1.000000 -0.000005
vn 0.000000 -1.000000 -0.000000
vn 0.000000 -1.000000 0.000001
vn 0.000000 -1.000000 0.000000
vn 0.000000 -1.000000 0.000000
vn 0.000000 -1.000000 0.000000
vn 0.000000 -1.000000 0.000000
vn 0.000000 -1.000000 0.000000
vn 0.000000 -1.000000 0.000001
vn 0.000000 -1.000000 0.000001
vn 0.000000 -1.000000 0.000000
vn 0.000000 -1.000000 0.000000
vn 0.000000 -1.000000 0.000000
vn 0.000000 1.000000 0.000019
vn 0.000000 1.000000 0.000010
vn 0.000000 1.000000 -0.000000
vn 0.000000 1.000000 -0.000010
vn 0.000000 1.000000 0.000005
vn 0.000000 1.000000 -0.000005
vn 0.000000 1.000000 -0.000010
vn 0.000000 1.000000 0.000000
vn 0.000000 1.000000 0.000000
vn 0.000000 1.000000 0.000000
vn 0.000000 1.000000 0.000005
vn 0.000000 1.000000 -0.000005
vn 0.000000 1.000000 -0.000010
vn 0.000000 1.000000 0.000000
vn -0.885469 0.000000 0.464698
vn -0.568041 0.000000 0.823000
vn -0.568041 0.000000 0.823000
vn -0.885469 0.000000 0.464698
vn -0.120540 0.000000 0.992709
vn -0.120540 0.000000 0.992709
vn 0.354559 0.000000 0.935034
vn 0.354559 0.000000 0.935034
vn 0.748534 0.000000 0.663097
vn 0.748534 0.000000 0.663097
vn 0.970943 0.000000 0.239313
vn 0.970943 0.000000 0.239313
vn 0.970942 0.000000 -0.239317
vn 0.970942 0.000000 -0.239317
vn 0.748526 0.000000 -0.663106
vn 0.748526 0.000000 -0.663106
vn 0.354559 0.000000 -0.935034
vn 0.354559 0.000000 -0.935034
vn -0.120540 0.000000 -0.992709
vn -0.120540 0.000000 -0.992709
vn -0.568028 0.000000 -0.823009
vn -0.568028 0.000000 -0.823009
vn -0.885453 0.000000 -0.464729
vn -0.885453 0.000000 -0.464729
vn -1.000000 0.000000 -0.000000
vn -1.000000 0.000000 -0.000000
vn 0.000000 -1.000000 -0.000004
vn 0.000000 -1.000000 -0.000005
vn 0.000000 -1.000000 -0.000000
vn 0.000000 -1.000000 0.000001
vn 0.000000 -1.000000 0.000000
vn 0.000000 -1.000000 0.000000
vn 0.000000 -1.000000 0.000000
vn 0.000000 -1.000000 0.000000
vn 0.000000 -1.000000 0.000000
vn 0.000000 -1.000000 0.000001
vn 0.000000 -1.000000 0.000001
vn 0.000000 -1.000000 0.000000
vn 0.000000 -1.000000 0.000000
vn 0.000000 -1.000000 0.000000
vn 0.000000 1.000000 0.000019
vn 0.000000 1.000000 0.000010
vn 0.000000 1.000000 -0.000000
vn 0.000000 1.000000 -0.000010
vn 0.000000 1.000000 0.000005
vn 0.000000 1.000000 -0.000005
vn 0.000000 1.000000 -0.000010
vn 0.000000 1.000000 0.000000
vn 0.000000 1.000000 0.000000
vn 0.000000 1.000000 0.000000
vn 0.000000 1.000000 0.000005
vn 0.000000 1.000000 -0.000005
vn 0.000000 1.000000 -0.000010
vn 0.000000 1.000000 0.000000
vn -0.885469 0.000000 0.464698
vn -0.568041 0.000000 0.823000
vn -0.568041 0.000000 0.823000
vn -0.885469 0.000000 0.464698
vn -0.120522 0.000000 0.992711
vn -0.120522 0.000000 0.992711
vn 0.354559 0.000000 0.935034
vn 0.354559 0.000000 0.935034
vn 0.748526 0.000000 0.663106
vn 0.748526 0.000000 0.663106
vn 0.970943 0.000000 0.239313
vn 0.970943 0.000000 0.239313
vn 0.970942 0.000000 -0.239317
vn 0.970942 0.000000 -0.239317
vn 0.748526 0.000000 -0.663106
vn 0.748526 0.000000 -0.663106
vn 0.354559 0.000000 -0.935034
vn 0.354559 0.000000 -0.935034
vn -0.120540 0.000000 -0.992709
vn -0.120540 0.000000 -0.992709
vn -0.568028 0.000000 -0.823009
vn -0.568028 0.000000 -0.823009
vn -0.885453 0.000000 -0.464729
vn -0.885453 0.000000 -0.464729
vn -1.000000 0.000000 -0.000000
vn -1.000000 0.000000 -0.000000
vn 0.000000 -1.000000 -0.000004
vn 0.000000 -1.000000 -0.000005
vn 0.000000 -1.000000 -0.000000
vn 0.000000 -1.000000 0.000001
vn 0.000000 -1.000000 0.000000
vn 0.000000 -1.000000 0.000000
vn 0.000000 -1.000000 0.000000
vn 0.000000 -1.000000 0.000000
vn 0.000000 -1.000000 0.000000
vn 0.000000 -1.000000 0.000001
vn 0.000000 -1.000000 0.000001
vn 0.000000 -1.000000 0.000000
vn 0.000000 -1.000000 0.000000
vn 0.000000 -1.000000 0.000000
vn 0.000000 1.000000 0.000019
vn 0.000000 1.000000 0.000010
vn 0.000000 1.000000 -0.000000
vn 0.000000 1.000000 -0.000010
vn 0.000000 1.000000 0.000005
vn 0.000000 1.000000 -0.000005
vn 0.000000 1.000000 -0.000010
vn 0.000000 1.000000 0.000000
vn 0.000000 1.000000 0.000000
vn 0.000000 1.000000 0.000000
vn 0.000000 1.000000 0.000005
vn 0.000000 1.000000 -0.000005
vn 0.000000 1.000000 -0.000010
vn 0.000000 1.000000 0.000000
vn -0.885461 0.000000 0.464713
vn -0.568065 0.000000 0.822983
vn -0.568065 0.000000 0.822983
vn -0.885461 0.000000 0.464713
vn -0.120540 0.000000 0.992709
vn -0.120540 0.000000 0.992709
vn 0.354623 0.000000 0.935010
vn 0.354623 0.000000 0.935010
vn 0.748509 0.000000 0.663124
vn 0.748509 0.000000 0.663124
vn 0.970943 0.000000 0.239313
vn 0.970943 0.000000 0.239313
vn 0.970945 0.000000 -0.239304
vn 0.970945 0.000000 -0.239304
vn 0.748509 0.000000 -0.663124
vn 0.748509 0.000000 -0.663124
vn 0.354591 0.000000 -0.935022
vn 0.354591 0.000000 -0.935022
vn -0.120540 0.000000 -0.992709
vn -0.120540 0.000000 -0.992709
vn -0.568065 0.000000 -0.822983
vn -0.568065 0.000000 -0.822983
vn -0.885457 0.000000 -0.464721
vn -0.885457 0.000000 -0.464721
vn -1.000000 0.000000 0.000000
vn -1.000000 0.000000 0.000000
vn 0.000000 -1.000000 -0.000004
vn 0.000000 -1.000000 -0.000005
vn 0.000000 -1.000000 -0.000000
vn 0.000000 -1.000000 0.000001
vn 0.000000 -1.000000 0.000000
vn 0.000000 -1.000000 0.000000
vn 0.000000 -1.000000 0.000000
vn 0.000000 -1.000000 0.000000
vn 0.000000 -1.000000 0.000000
vn 0.000000 -1.000000 0.000001
vn 0.000000 -1.000000 0.000001
vn 0.000000 -1.000000 0.000000
vn 0.000000 -1.000000 0.000000
vn 0.000000 -1.000000 0.000000
vn 0.000000 1.000000 0.000019
vn 0.000000 1.000000 0.000010
vn 0.000000 1.000000 -0.000000
vn 0.000000 1.000000 -0.000010
vn 0.000000 1.000000 0.000005
vn 0.000000 1.000000 -0.000005
vn 0.000000 1.000000 -0.000010
vn 0.000000 1.000000 0.000000
vn 0.000000 1.000000 0.000000
vn 0.000000 1.000000 0.000000
vn 0.000000 1.000000 0.000005
vn 0.000000 1.000000 -0.000005
vn 0.000000 1.000000 -0.000010
vn 0.000000 1.000000 0.000000
vn -0.885465 0.000000 0.464706
vn -0.568041 0.000000 0.823000
vn -0.568041 0.000000 0.823000
vn -0.885465 0.000000 0.464706
vn -0.120540 0.000000 0.992709
vn -0.120540 0.000000 0.992709
vn 0.354607 0.000000 0.935016
vn 0.354607 0.000000 0.935016
vn 0.748518 0.000000 0.663115
vn 0.748518 0.000000 0.663115
vn 0.970942 0.000000 0.239317
vn 0.970942 0.000000 0.239317
vn 0.970944 0.000000 -0.239308
vn 0.970944 0.000000 -0.239308
vn 0.748518 0.000000 -0.663115
vn 0.748518 0.000000 -0.663115
vn 0.354607 0.000000 -0.935016
vn 0.354607 0.000000 -0.935016
vn -0.120558 0.000000 -0.992706
vn -0.120558 0.000000 -0.992706
vn -0.568065 0.000000 -0.822983
vn -0.568065 0.000000 -0.822983
vn -0.885457 0.000000 -0.464721
vn -0.885457 0.000000 -0.464721
vn -1.000000 0.000000 0.000000
vn -1.000000 0.000000 0.000000
vn 0.000000 -1.000000 -0.000004
vn 0.000000 -1.000000 -0.000005
vn 0.000000 -1.000000 -0.000000
vn 0.000000 -1.000000 0.000001
vn 0.000000 -1.000000 0.000000
vn 0.000000 -1.000000 0.000000
vn 0.000000 -1.000000 0.000000
vn 0.000000 -1.000000 0.000000
vn 0.000000 -1.000000 0.000000
vn 0.000000 -1.000000 0.000001
vn 0.000000 -1.000000 0.000001
vn 0.000000 -1.000000 0.000000
vn 0.000000 -1.000000 0.000000
vn 0.000000 -1.000000 0.000000
vn 0.000000 1.000000 0.000019
vn 0.000000 1.000000 0.000010
vn 0.000000 1.000000 0.000000
vn 0.000000 1.000000 -0.000010
vn 0.000000 1.000000 0.000005
vn 0.000000 1.000000 -0.000005
vn 0.000000 1.000000 -0.000010
vn 0.000000 1.000000 0.000000
vn 0.000000 1.000000 0.000000
vn 0.000000 1.000000 0.000000
vn 0.000000 1.000000 0.000005
vn 0.000000 1.000000 -0.000005
vn 0.000000 1.000000 -0.000010
vn 0.000000 1.000000 0.000000
vn -0.885461 0.000000 0.464713
vn -0.568065 0.000000 0.822983
vn -0.568065 0.000000 0.822983
vn -0.885461 0.000000 0.464713
vn -0.120504 0.000000 0.992713
vn -0.120504 0.000000 0.992713
vn 0.354591 0.000000 0.935022
vn 0.354591 0.000000 0.935022
vn 0.748518 0.000000 0.663115
vn 0.748518 0.000000 0.663115
vn 0.970942 0.000000 0.239317
vn 0.970942 0.000000 0.239317
vn 0.970942 0.000000 -0.239317
vn 0.970942 0.000000 -0.239317
vn 0.748518 0.000000 -0.663115
vn 0.748518 0.000000 -0.663115
vn 0.354591 0.000000 -0.935022
vn 0.354591 0.000000 -0.935022
vn -0.120540 0.000000 -0.992709
vn -0.120540 0.000000 -0.992709
vn -0.568053 0.000000 -0.822992
vn -0.568053 0.000000 -0.822992
vn -0.885461 0.000000 -0.464713
vn -0.885461 0.000000 -0.464713
vn -1.000000 0.000000 0.000000
vn -1.000000 0.000000 0.000000
vn 0.000000 -1.000000 -0.000004
vn 0.000000 -1.000000 -0.000005
vn 0.000000 -1.000000 -0.000000
vn 0.000000 -1.000000 0.000001
vn 0.000000 -1.000000 0.000000
vn 0.000000 -1.000000 0.000000
vn 0.000000 -1.000000 0.000000
vn 0.000000 -1.000000 0.000000
vn 0.000000 -1.000000 0.000000
vn 0.000000 -1.000000 0.000001
vn 0.000000 -1.000000 0.000001
vn 0.000000 -1.000000 0.000000
vn 0.000000 -1.000000 0.000000
vn 0.000000 -1.000000 0.000000
vn 0.000000 1.000000 0.000019
vn 0.000000 1.000000 0.000010
vn 0.000000 1.000000 0.000000
vn 0.000000 1.000000 -0.000010
vn 0.000000 1.000000 0.000005
vn 0.000000 1.000000 -0.000005
vn 0.000000 1.000000 -0.000010
vn 0.000000 1.000000 0.000000
vn 0.000000 1.000000 0.000000
vn 0.000000 1.000000 0.000000
vn 0.000000 1.000000 0.000005
vn 0.000000 1.000000 -0.000005
vn 0.000000 1.000000 -0.000010
vn 0.000000 1.000000 0.000000
vn -0.885461 0.000000 0.464713
vn -0.568065 0.000000 0.822983
vn -0.568065 0.000000 0.822983
vn -0.885461 0.000000 0.464713
vn -0.120540 0.000000 0.992709
vn -0.120540 0.000000 0.992709
vn 0.354591 0.000000 0.935022
vn 0.354591 0.000000 0.935022
vn 0.748518 0.000000 0.663115
vn 0.748518 0.000000 0.663115
vn 0.970942 0.000000 0.239317
vn 0.970942 0.000000 0.239317
vn 0.970942 0.000000 -0.239317
vn 0.970942 0.000000 -0.239317
vn 0.748534 0.000000 -0.663097
vn 0.748534 0.000000 -0.663097
vn 0.354591 0.000000 -0.935022
vn 0.354591 0.000000 -0.935022
vn -0.120540 0.000000 -0.992709
vn -0.120540 0.000000 -0.992709
vn -0.568028 0.000000 -0.823009
vn -0.568028 0.000000 -0.823009
vn -0.885461 0.000000 -0.464713
vn -0.885461 0.000000 -0.464713
vn -1.000000 0.000000 -0.000000
vn -1.000000 0.000000 -0.000000
vn 0.000000 -1.000000 -0.000004
vn 0.000000 -1.000000 -0.000005
vn 0.000000 -1.000000 -0.000000
vn 0.000000 -1.000000 0.000001
vn 0.000000 -1.000000 0.000000
vn 0.000000 -1.000000 0.000000
vn 0.000000 -1.000000 0.000000
vn 0.000000 -1.000000 0.000000
vn 0.000000 -1.000000 0.000000
vn 0.000000 -1.000000 0.000001
vn 0.000000 -1.000000 0.000001
vn 0.000000 -1.000000 0.000000
vn 0.000000 -1.000000 0.000000
vn 0.000000 -1.000000 0.000000
vn 0.000000 1.000000 0.000019
vn 0.000000 1.000000 0.000010
vn 0.000000 1.000000 -0.000000
vn 0.000000 1.000000 -0.000010
vn 0.000000 1.000000 0.000005
vn 0.000000 1.000000 -0.000005
vn 0.000000 1.000000 -0.000010
vn 0.000000 1.000000 0.000000
vn 0.000000 1.000000 0.000000
vn 0.000000 1.000000 0.000000
vn 0.000000 1.000000 0.000005
vn 0.000000 1.000000 -0.000005
vn 0.000000 1.000000 -0.000010
vn 0.000000 1.000000 0.000000
vn -0.885461 0.000000 0.464713
vn -0.568053 0.000000 0.822992
vn -0.568053 0.000000 0.822992
vn -0.885461 0.000000 0.464713
vn -0.120540 0.000000 0.992709
vn -0.120540 0.000000 0.992709
vn 0.354591 0.000000 0.935022
vn 0.354591 0.000000 0.935022
vn 0.748509 0.000000 0.663124
vn 0.748509 0.000000 0.663124
vn 0.970942 0.000000 0.239313
vn 0.970942 0.000000 0.239313
vn 0.970944 0.000000 -0.239308
vn 0.970944 0.000000 -0.239308
vn 0.748509 0.000000 -0.663124
vn 0.748509 0.000000 -0.663124
vn 0.354591 0.000000 -0.935022
vn 0.354591 0.000000 -0.935022
vn -0.120522 0.000000 -0.992711
vn -0.120522 0.000000 -0.992711
vn -0.568065 0.000000 -0.822983
vn -0.568065 0.000000 -0.822983
vn -0.885457 0.000000 -0.464721
vn -0.885457 0.000000 -0.464721
vn -1.000000 0.000000 0.000000
vn -1.000000 0.000000 0.000000
vn 0.000000 -1.000000 -0.000004
vn 0.000000 -1.000000 -0.000005
vn 0.000000 -1.000000 -0.000000
vn 0.000000 -1.000000 0.000001
vn 0.000000 -1.000000 0.000000
vn 0.000000 -1.000000 0.000000
vn 0.000000 -1.000000 0.000000
vn 0.000000 -1.000000 0.000000
vn 0.000000 -1.000000 0.000000
vn 0.000000 -1.000000 0.000001
vn 0.000000 -1.000000 0.000001
vn 0.000000 -1.000000 0.000000
vn 0.000000 -1.000000 0.000000
vn 0.000000 -1.000000 0.000000
vn 0.000000 1.000000 0.000019
vn 0.000000 1.000000 0.000010
vn 0.000000 1.000000 -0.000000
vn 0.000000 1.000000 -0.000010
vn 0.000000 1.000000 0.000005
vn 0.000000 1.000000 -0.000005
vn 0.000000 1.000000 -0.000010
vn 0.000000 1.000000 0.000000
vn 0.000000 1.000000 0.000000
vn 0.000000 1.000000 0.000000
vn 0.000000 1.000000 0.000005
vn 0.000000 1.000000 -0.000005
vn 0.000000 1.000000 -0.000010
vn 0.000000 1.000000 0.000000
vn -0.885457 0.000000 0.464721
vn -0.568065 0.000000 0.822983
vn -0.568065 0.000000 0.822983
vn -0.885457 0.000000 0.464721
vn -0.120540 0.000000 0.992709
vn -0.120540 0.000000 0.992709
vn 0.354607 0.000000 0.935016
vn 0.354607 0.000000 0.935016
vn 0.748518 0.000000 0.663115
vn 0.748518 0.000000 0.663115
vn 0.970942 0.000000 0.239317
vn 0.970942 0.000000 0.239317
vn 0.970942 0.000000 -0.239317
vn 0.970942 0.000000 -0.239317
vn 0.748526 0.000000 -0.663106
vn 0.748526 0.000000 -0.663106
vn 0.354607 0.000000 -0.935015
vn 0.354607 0.000000 -0.935015
vn -0.120540 0.000000 -0.992709
vn -0.120540 0.000000 -0.992709
vn -0.568053 0.000000 -0.822992
vn -0.568053 0.000000 -0.822992
vn -0.885465 0.000000 -0.464706
vn -0.885465 0.000000 -0.464706
vn -1.000000 0.000000 0.000000
vn -1.000000 0.000000 0.000000
vn 0.000000 -1.000000 -0.000004
vn 0.000000 -1.000000 -0.000005
vn 0.000000 -1.000000 -0.000000
vn 0.000000 -1.000000 0.000001
vn 0.000000 -1.000000 0.000000
vn 0.000000 -1.000000 0.000000
vn 0.000000 -1.000000 0.000000
vn 0.000000 -1.000000 0.000000
vn 0.000000 -1.000000 0.000000
vn 0.000000 -1.000000 0.000001
vn 0.000000 -1.000000 0.000001
vn 0.000000 -1.000000 0.000000
vn 0.000000 -1.000000 0.000000
vn 0.000000 -1.000000 0.000000
vn 0.000000 1.000000 0.000019
vn 0.000000 1.000000 0.000010
vn 0.000000 1.000000 -0.000000
vn 0.000000 1.000000 -0.000010
vn 0.000000 1.000000 0.000005
vn 0.000000 1.000000 -0.000005
vn 0.000000 1.000000 -0.000010
vn 0.000000 1.000000 0.000000
vn 0.000000 1.000000 0.000000
vn 0.000000 1.000000 0.000000
vn 0.000000 1.000000 0.000005
vn 0.000000 1.000000 -0.000005
vn 0.000000 1.000000 -0.000010
vn 0.000000 1.000000 0.000000
vn -0.885461 0.000000 0.464713
vn -0.568053 0.000000 0.822992
vn -0.568053 0.000000 0.822992
vn -0.885461 0.000000 0.464713
vn -0.120540 0.000000 0.992709
vn -0.120540 0.000000 0.992709
vn 0.354591 0.000000 0.935022
vn 0.354591 0.000000 0.935022
vn 0.748518 0.000000 0.663115
vn 0.748518 0.000000 0.663115
vn 0.970942 0.000000 0.239317
vn 0.970942 0.000000 0.239317
vn 0.970942 0.000000 -0.239317
vn 0.970942 0.000000 -0.239317
vn 0.748526 0.000000 -0.663106
vn 0.748526 0.000000 -0.663106
vn 0.354591 0.000000 -0.935022
vn 0.354591 0.000000 -0.935022
vn -0.120522 0.000000 -0.992711
vn -0.120522 0.000000 -0.992711
vn -0.568053 0.000000 -0.822992
vn -0.568053 0.000000 -0.822992
vn -0.885461 0.000000 -0.464713
vn -0.885461 0.000000 -0.464713
vn -1.000000 0.000000 0.000000
vn -1.000000 0.000000 0.000000
vn 0.000000 -1.000000 -0.000004
vn 0.000000 -1.000000 -0.000005
vn 0.000000 -1.000000 -0.000000
vn 0.000000 -1.000000 0.000001
vn 0.000000 -1.000000 0.000000
vn 0.000000 -1.000000 0.000000
vn 0.000000 -1.000000 0.000000
vn 0.000000 -1.000000 0.000000
vn 0.000000 -1.000000 0.000000
vn 0.000000 -1.000000 0.000001
vn 0.000000 -1.000000 0.000001
vn 0.000000 -1.000000 0.000000
vn 0.000000 -1.000000 0.000000
vn 0.000000 -1.000000 0.000000
vn 0.000000 1.000000 0.000019
vn 0.000000 1.000000 0.000010
vn 0.000000 1.000000 -0.000000
vn 0.000000 1.000000 -0.000010
vn 0.000000 1.000000 0.000005
vn 0.000000 1.000000 -0.000005
vn 0.000000 1.000000 -0.000010
vn 0.000000 1.000000 0.000000
vn 0.000000 1.000000 0.000000
vn 0.000000 1.000000 0.000000
vn 0.000000 1.000000 0.000005
vn 0.000000 1.000000 -0.000005
vn 0.000000 1.000000 -0.000010
vn 0.000000 1.000000 0.000000
vn -0.885461 0.000000 0.464713
vn -0.568053 0.000000 0.822992
vn -0.568053 0.000000 0.822992
vn -0.885461 0.000000 0.464713
vn -0.120540 0.000000 0.992709
vn -0.120540 0.000000 0.992709
vn 0.354591 0.000000 0.935022
vn 0.354591 0.000000 0.935022
vn 0.748518 0.000000 0.663115
vn 0.748518 0.000000 0.663115
vn 0.970942 0.000000 0.239317
vn 0.970942 0.000000 0.239317
vn 0.970943 0.000000 -0.239313
vn 0.970943 0.000000 -0.239313
vn 0.748518 0.000000 -0.663115
vn 0.748518 0.000000 -0.663115
vn 0.354591 0.000000 -0.935022
vn 0.354591 0.000000 -0.935022
vn -0.120522 0.000000 -0.992711
vn -0.120522 0.000000 -0.992711
vn -0.568065 0.000000 -0.822983
vn -0.568065 0.000000 -0.822983
vn -0.885461 0.000000 -0.464713
vn -0.885461 0.000000 -0.464713
vn -1.000000 0.000000 -0.000000
vn -1.000000 0.000000 -0.000000
vn 0.000000 -1.000000 -0.000004
vn 0.000000 -1.000000 -0.000005
vn 0.000000 -1.000000 -0.000000
vn 0.000000 -1.000000 0.000001
vn 0.000000 -1.000000 0.000000
vn 0.000000 -1.000000 0.000000
vn 0.000000 -1.000000 0.000000
vn 0.000000 -1.000000 0.000000
vn 0.000000 -1.000000 0.000000
vn 0.000000 -1.000000 0.000001
vn 0.000000 -1.000000 0.000001
vn 0.000000 -1.000000 0.000000
vn 0.000000 -1.000000 0.000000
vn 0.000000 -1.000000 0.000000
vn 0.000000 1.000000 0.000019
vn 0.000000 1.000000 0.000010
vn 0.000000 1.000000 -0.000000
vn 0.000000 1.000000 -0.000010
vn 0.000000 1.000000 0.000005
vn 0.000000 1.000000 -0.000005
vn 0.000000 1.000000 -0.000010
vn 0.000000 1.000000 0.000000
vn 0.000000 1.000000 0.000000
vn 0.000000 1.000000 0.000000
vn 0.000000 1.000000 0.000005
vn 0.000000 1.000000 -0.000005
vn 0.000000 1.000000 -0.000010
vn 0.000000 1.000000 0.000000
vn -0.885459 0.000000 0.464717
vn -0.568072 0.000000 0.822979
vn -0.568072 0.000000 0.822979
vn -0.885459 0.000000 0.464717
vn -0.120522 0.000000 0.992711
vn -0.120522 0.000000 0.992711
vn 0.354607 0.000000 0.935015
vn 0.354607 0.000000 0.935015
vn 0.748514 0.000000 0.663119
vn 0.748514 0.000000 0.663119
vn 0.970942 0.000000 0.239315
vn 0.970942 0.000000 0.239315
vn 0.970942 0.000000 -0.239317
vn 0.970942 0.000000 -0.239317
vn 0.748518 0.000000 -0.663115
vn 0.748518 0.000000 -0.663115
vn 0.354607 0.000000 -0.935016
vn 0.354607 0.000000 -0.935016
vn -0.120540 0.000000 -0.992709
vn -0.120540 0.000000 -0.992709
vn -0.568059 0.000000 -0.822988
vn -0.568059 0.000000 -0.822988
vn -0.885461 0.000000 -0.464713
vn -0.885461 0.000000 -0.464713
vn -1.000000 0.000000 0.000000
vn -1.000000 0.000000 0.000000
vn 0.000000 -1.000000 -0.000004
vn 0.000000 -1.000000 -0.000005
vn 0.000000 -1.000000 -0.000000
vn 0.000000 -1.000000 0.000001
vn 0.000000 -1.000000 0.000000
vn 0.000000 -1.000000 0.000000
vn 0.000000 -1.000000 0.000000
vn 0.000000 -1.000000 0.000000
vn 0.000000 -1.000000 0.000000
vn 0.000000 -1.000000 0.000001
vn 0.000000 -1.000000 0.000001
vn 0.000000 -1.000000 0.000000
vn 0.000000 -1.000000 0.000000
vn 0.000000 -1.000000 0.000000
vn 0.000000 1.000000 0.000019
vn 0.000000 1.000000 0.000010
vn 0.000000 1.000000 -0.000000
vn 0.000000 1.000000 -0.000010
vn 0.000000 1.000000 0.000005
vn 0.000000 1.000000 -0.000005
vn 0.000000 1.000000 -0.000010
vn 0.000000 1.000000 0.000000
vn 0.000000 1.000000 0.000000
vn 0.000000 1.000000 0.000000
vn 0.000000 1.000000 0.000005
vn 0.000000 1.000000 -0.000005
vn 0.000000 1.000000 -0.000010
vn 0.000000 1.000000 0.000000
vn -0.885459 0.000000 0.464717
vn -0.568059 0.000000 0.822988
vn -0.568059 0.000000 0.822988
vn -0.885459 0.000000 0.464717
vn -0.120531 0.000000 0.992710
vn -0.120531 0.000000 0.992710
vn 0.354607 0.000000 0.935016
vn 0.354607 0.000000 0.935016
vn 0.748514 0.000000 0.663119
vn 0.748514 0.000000 0.663119
vn 0.970942 0.000000 0.239315
vn 0.970942 0.000000 0.239315
vn 0.970942 0.000000 -0.239315
vn 0.970942 0.000000 -0.239315
vn 0.748514 0.000000 -0.663119
vn 0.748514 0.000000 -0.663119
vn 0.354607 0.000000 -0.935016
vn 0.354607 0.000000 -0.935016
vn -0.120531 0.000000 -0.992710
vn -0.120531 0.000000 -0.992710
vn -0.568059 0.000000 -0.822988
vn -0.568059 0.000000 -0.822988
vn -0.885461 0.000000 -0.464713
vn -0.885461 0.000000 -0.464713
vn -1.000000 0.000000 -0.000000
vn -1.000000 0.000000 -0.000000
vn 0.000000 -1.000000 -0.000004
vn 0.000000 -1.000000 -0.000005
vn 0.000000 -1.000000 -0.000000
vn 0.000000 -1.000000 0.000001
vn 0.000000 -1.000000 0.000000
vn 0.000000 -1.000000 0.000000
vn 0.000000 -1.000000 0.000000
vn 0.000000 -1.000000 0.000000
vn 0.000000 -1.000000 0.000000
vn 0.000000 -1.000000 0.000001
vn 0.000000 -1.000000 0.000001
vn 0.000000 -1.000000 0.000000
vn 0.000000 -1.000000 0.000000
vn 0.000000 -1.000000 0.000000
vn 0.000000 1.000000 0.000019
vn 0.000000 1.000000 0.000010
vn 0.000000 1.000000 -0.000000
vn 0.000000 1.000000 -0.000010
vn 0.000000 1.000000 0.000005
vn 0.000000 1.000000 -0.000005
vn 0.000000 1.000000 -0.000010
vn 0.000000 1.000000 0.000000
vn 0.000000 1.000000 0.000000
vn 0.000000 1.000000 0.000000
vn 0.000000 1.000000 0.000005
vn 0.000000 1.000000 -0.000005
vn 0.000000 1.000000 -0.000010
vn 0.000000 1.000000 0.000000
vn 0.885461 0.000000 -0.464713
vn 0.568053 0.000000 -0.822992
vn 0.568053 0.000000 -0.822992
vn 0.885461 0.000000 -0.464713
vn 0.120540 0.000000 -0.992709
vn 0.120540 0.000000 -0.992709
vn -0.354591 0.000000 -0.935022
vn -0.354591 0.000000 -0.935022
vn -0.748509 0.000000 -0.663124
vn -0.748509 0.000000 -0.663124
vn -0.970942 0.000000 -0.239313
vn -0.970942 0.000000 -0.239313
vn -0.970944 0.000000 0.239308
vn -0.970944 0.000000 0.239308
vn -0.748518 0.000000 0.663115
vn -0.748518 0.000000 0.663115
vn -0.354591 0.000000 0.935022
vn -0.354591 0.000000 0.935022
vn 0.120540 0.000000 0.992709
vn 0.120540 0.000000 0.992709
vn 0.568053 0.000000 0.822992
vn 0.568053 0.000000 0.822992
vn 0.885457 0.000000 0.464721
vn 0.885457 0.000000 0.464721
vn 1.000000 0.000000 -0.000000
vn 1.000000 0.000000 -0.000000
vn 0.000000 -1.000000 0.000004
vn 0.000000 -1.000000 0.000005
vn 0.000000 -1.000000 0.000000
vn 0.000000 -1.000000 -0.000001
vn 0.000000 -1.000000 0.000000
vn 0.000000 -1.000000 0.000000
vn 0.000000 -1.000000 0.000000
vn 0.000000 -1.000000 0.000000
vn 0.000000 -1.000000 0.000000
vn 0.000000 -1.000000 -0.000001
vn 0.000000 -1.000000 -0.000001
vn 0.000000 -1.000000 0.000000
vn 0.000000 -1.000000 0.000000
vn 0.000000 -1.000000 0.000000
vn 0.000000 1.000000 -0.000019
vn 0.000000 1.000000 -0.000010
vn 0.000000 1.000000 0.000000
vn 0.000000 1.000000 0.000010
vn 0.000000 1.000000 -0.000005
vn 0.000000 1.000000 0.000005
vn 0.000000 1.000000 0.000010
vn 0.000000 1.000000 0.000000
vn 0.000000 1.000000 0.000000
vn 0.000000 1.000000 0.000000
vn 0.000000 1.000000 -0.000005
vn 0.000000 1.000000 0.000005
vn 0.000000 1.000000 0.000010
vn 0.000000 1.000000 0.000000
vn 0.885461 0.000000 -0.464713
vn 0.568053 0.000000 -0.822992
vn 0.568053 0.000000 -0.822992
vn 0.885461 0.000000 -0.464713
vn 0.120540 0.000000 -0.992709
vn 0.120540 0.000000 -0.992709
vn -0.354591 0.000000 -0.935022
vn -0.354591 0.000000 -0.935022
vn -0.748518 0.000000 -0.663115
vn -0.748518 0.000000 -0.663115
vn -0.970942 0.000000 -0.239317
vn -0.970942 0.000000 -0.239317
vn -0.970943 0.000000 0.239313
vn -0.970943 0.000000 0.239313
vn -0.748526 0.000000 0.663106
vn -0.748526 0.000000 0.663106
vn -0.354591 0.000000 0.935022
vn -0.354591 0.000000 0.935022
vn 0.120540 0.000000 0.992709
vn 0.120540 0.000000 0.992709
vn 0.568053 0.000000 0.822992
vn 0.568053 0.000000 0.822992
vn 0.885461 0.000000 0.464713
vn 0.885461 0.000000 0.464713
vn 1.000000 0.000000 0.000000
vn 1.000000 0.000000 0.000000
vn 0.000000 -1.000000 0.000004
vn 0.000000 -1.000000 0.000005
vn 0.000000 -1.000000 0.000000
vn 0.000000 -1.000000 -0.000001
vn 0.000000 -1.000000 0.000000
vn 0.000000 -1.000000 0.000000
vn 0.000000 -1.000000 0.000000
vn 0.000000 -1.000000 0.000000
vn 0.000000 -1.000000 0.000000
vn 0.000000 -1.000000 -0.000001
vn 0.000000 -1.000000 -0.000001
vn 0.000000 -1.000000 0.000000
vn 0.000000 -1.000000 0.000000
vn 0.000000 -1.000000 0.000000
vn 0.000000 1.000000 -0.000019
vn 0.000000 1.000000 -0.000010
vn 0.000000 1.000000 0.000000
vn 0.000000 1.000000 0.000010
vn 0.000000 1.000000 -0.000005
vn 0.000000 1.000000 0.000005
vn 0.000000 1.000000 0.000010
vn 0.000000 1.000000 0.000000
vn 0.000000 1.000000 0.000000
vn 0.000000 1.000000 0.000000
vn 0.000000 1.000000 -0.000005
vn 0.000000 1.000000 0.000005
vn 0.000000 1.000000 0.000010
vn 0.000000 1.000000 0.000000
vn 0.885461 0.000000 -0.464713
vn 0.568053 0.000000 -0.822992
vn 0.568053 0.000000 -0.822992
vn 0.885461 0.000000 -0.464713
vn 0.120540 0.000000 -0.992709
vn 0.120540 0.000000 -0.992709
vn -0.354591 0.000000 -0.935022
vn -0.354591 0.000000 -0.935022
vn -0.748518 0.000000 -0.663115
vn -0.748518 0.000000 -0.663115
vn -0.970942 0.000000 -0.239317
vn -0.970942 0.000000 -0.239317
vn -0.970943 0.000000 0.239313
vn -0.970943 0.000000 0.239313
vn -0.748526 0.000000 0.663106
vn -0.748526 0.000000 0.663106
vn -0.354591 0.000000 0.935022
vn -0.354591 0.000000 0.935022
vn 0.120540 0.000000 0.992709
vn 0.120540 0.000000 0.992709
vn 0.568053 0.000000 0.822992
vn 0.568053 0.000000 0.822992
vn 0.885461 0.000000 0.464713
vn 0.885461 0.000000 0.464713
vn 1.000000 0.000000 0.000000
vn 1.000000 0.000000 0.000000
vn 0.000000 -1.000000 0.000004
vn 0.000000 -1.000000 0.000005
vn 0.000000 -1.000000 0.000000
vn 0.000000 -1.000000 -0.000001
vn 0.000000 -1.000000 0.000000
vn 0.000000 -1.000000 0.000000
vn 0.000000 -1.000000 0.000000
vn 0.000000 -1.000000 0.000000
vn 0.000000 -1.000000 0.000000
vn 0.000000 -1.000000 -0.000001
vn 0.000000 -1.000000 -0.000001
vn 0.000000 -1.000000 0.000000
vn 0.000000 -1.000000 0.000000
vn 0.000000 -1.000000 0.000000
vn 0.000000 1.000000 -0.000019
vn 0.000000 1.000000 -0.000010
vn 0.000000 1.000000 0.000000
vn 0.000000 1.000000 0.000010
vn 0.000000 1.000000 -0.000005
vn 0.000000 1.000000 0.000005
vn 0.000000 1.000000 0.000010
vn 0.000000 1.000000 0.000000
vn 0.000000 1.000000 0.000000
vn 0.000000 1.000000 0.000000
vn 0.000000 1.000000 -0.000005
vn 0.000000 1.000000 0.000005
vn 0.000000 1.000000 0.000010
vn 0.000000 1.000000 0.000000
vn 0.885457 0.000000 -0.464721
vn 0.568065 0.000000 -0.822983
vn 0.568065 0.000000 -0.822983
vn 0.885457 0.000000 -0.464721
vn 0.120540 0.000000 -0.992709
vn 0.120540 0.000000 -0.992709
vn -0.354623 0.000000 -0.935010
vn -0.354623 0.000000 -0.935010
vn -0.748509 0.000000 -0.663124
vn -0.748509 0.000000 -0.663124
vn -0.970942 0.000000 -0.239317
vn -0.970942 0.000000 -0.239317
vn -0.970942 0.000000 0.239313
vn -0.970942 0.000000 0.239313
vn -0.748518 0.000000 0.663115
vn -0.748518 0.000000 0.663115
vn -0.354607 0.000000 0.935016
vn -0.354607 0.000000 0.935016
vn 0.120540 0.000000 0.992709
vn 0.120540 0.000000 0.992709
vn 0.568053 0.000000 0.822992
vn 0.568053 0.000000 0.822992
vn 0.885461 0.000000 0.464713
vn 0.885461 0.000000 0.464713
vn 1.000000 0.000000 0.000000
vn 1.000000 0.000000 0.000000
vn 0.000000 -1.000000 0.000004
vn 0.000000 -1.000000 0.000005
vn 0.000000 -1.000000 0.000000
vn 0.000000 -1.000000 -0.000001
vn 0.000000 -1.000000 0.000000
vn 0.000000 -1.000000 0.000000
vn 0.000000 -1.000000 0.000000
vn 0.000000 -1.000000 0.000000
vn 0.000000 -1.000000 0.000000
vn 0.000000 -1.000000 -0.000001
vn 0.000000 -1.000000 -0.000001
vn 0.000000 -1.000000 0.000000
vn 0.000000 -1.000000 0.000000
vn 0.000000 -1.000000 0.000000
vn 0.000000 1.000000 -0.000019
vn 0.000000 1.000000 -0.000010
vn 0.000000 1.000000 0.000000
vn 0.000000 1.000000 0.000010
vn 0.000000 1.000000 -0.000005
vn 0.000000 1.000000 0.000005
vn 0.000000 1.000000 0.000010
vn 0.000000 1.000000 0.000000
vn 0.000000 1.000000 0.000000
vn 0.000000 1.000000 0.000000
vn 0.000000 1.000000 -0.000005
vn 0.000000 1.000000 0.000005
vn 0.000000 1.000000 0.000010
vn 0.000000 1.000000 0.000000
vn 0.885461 0.000000 -0.464713
vn 0.568053 0.000000 -0.822992
vn 0.568053 0.000000 -0.822992
vn 0.885461 0.000000 -0.464713
vn 0.120540 0.000000 -0.992709
vn 0.120540 0.000000 -0.992709
vn -0.354591 0.000000 -0.935022
vn -0.354591 0.000000 -0.935022
vn -0.748509 0.000000 -0.663124
vn -0.748509 0.000000 -0.663124
vn -0.970942 0.000000 -0.239313
vn -0.970942 0.000000 -0.239313
vn -0.970942 0.000000 0.239313
vn -0.970942 0.000000 0.239313
vn -0.748518 0.000000 0.663115
vn -0.748518 0.000000 0.663115
vn -0.354607 0.000000 0.935016
vn -0.354607 0.000000 0.935016
vn 0.120522 0.000000 0.992711
vn 0.120522 0.000000 0.992711
vn 0.568053 0.000000 0.822992
vn 0.568053 0.000000 0.822992
vn 0.885461 0.000000 0.464713
vn 0.885461 0.000000 0.464713
vn 1.000000 0.000000 -0.000000
vn 1.000000 0.000000 -0.000000
vn 0.000000 -1.000000 0.000004
vn 0.000000 -1.000000 0.000005
vn 0.000000 -1.000000 0.000000
vn 0.000000 -1.000000 -0.000001
vn 0.000000 -1.000000 0.000000
vn 0.000000 -1.000000 0.000000
vn 0.000000 -1.000000 0.000000
vn 0.000000 -1.000000 0.000000
vn 0.000000 -1.000000 0.000000
vn 0.000000 -1.000000 -0.000001
vn 0.000000 -1.000000 -0.000001
vn 0.000000 -1.000000 0.000000
vn 0.000000 -1.000000 0.000000
vn 0.000000 -1.000000 0.000000
vn 0.000000 1.000000 -0.000019
vn 0.000000 1.000000 -0.000010
vn 0.000000 1.000000 0.000000
vn 0.000000 1.000000 0.000010
vn 0.000000 1.000000 -0.000005
vn 0.000000 1.000000 0.000005
vn 0.000000 1.000000 0.000010
vn 0.000000 1.000000 0.000000
vn 0.000000 1.000000 0.000000
vn 0.000000 1.000000 0.000000
vn 0.000000 1.000000 -0.000005
vn 0.000000 1.000000 0.000005
vn 0.000000 1.000000 0.000010
vn 0.000000 1.000000 0.000000
vn 0.885457 0.000000 -0.464721
vn 0.568053 0.000000 -0.822992
vn 0.568053 0.000000 -0.822992
vn 0.885457 0.000000 -0.464721
vn 0.120540 0.000000 -0.992709
vn 0.120540 0.000000 -0.992709
vn -0.354591 0.000000 -0.935022
vn -0.354591 0.000000 -0.935022
vn -0.748518 0.000000 -0.663115
vn -0.748518 0.000000 -0.663115
vn -0.970942 0.000000 -0.239317
vn -0.970942 0.000000 -0.239317
vn -0.970943 0.000000 0.239313
vn -0.970943 0.000000 0.239313
vn -0.748526 0.000000 0.663106
vn -0.748526 0.000000 0.663106
vn -0.354591 0.000000 0.935022
vn -0.354591 0.000000 0.935022
vn 0.120540 0.000000 0.992709
vn 0.120540 0.000000 0.992709
vn 0.568053 0.000000 0.822992
vn 0.568053 0.000000 0.822992
vn 0.885465 0.000000 0.464706
vn 0.885465 0.000000 0.464706
vn 1.000000 0.000000 0.000000
vn 1.000000 0.000000 0.000000
vn 0.000000 -1.000000 0.000004
vn 0.000000 -1.000000 0.000005
vn 0.000000 -1.000000 0.000000
vn 0.000000 -1.000000 -0.000001
vn 0.000000 -1.000000 0.000000
vn 0.000000 -1.000000 0.000000
vn 0.000000 -1.000000 0.000000
vn 0.000000 -1.000000 0.000000
vn 0.000000 -1.000000 0.000000
vn 0.000000 -1.000000 -0.000001
vn 0.000000 -1.000000 -0.000001
vn 0.000000 -1.000000 0.000000
vn 0.000000 -1.000000 0.000000
vn 0.000000 -1.000000 0.000000
vn 0.000000 1.000000 -0.000019
vn 0.000000 1.000000 -0.000010
vn 0.000000 1.000000 0.000000
vn 0.000000 1.000000 0.000010
vn 0.000000 1.000000 -0.000005
vn 0.000000 1.000000 0.000005
vn 0.000000 1.000000 0.000010
vn 0.000000 1.000000 0.000000
vn 0.000000 1.000000 0.000000
vn 0.000000 1.000000 0.000000
vn 0.000000 1.000000 -0.000005
vn 0.000000 1.000000 0.000005
vn 0.000000 1.000000 0.000010
vn 0.000000 1.000000 0.000000
vn 0.885465 0.000000 -0.464706
vn 0.568053 0.000000 -0.822992
vn 0.568053 0.000000 -0.822992
vn 0.885465 0.000000 -0.464706
vn 0.120540 0.000000 -0.992709
vn 0.120540 0.000000 -0.992709
vn -0.354591 0.000000 -0.935022
vn -0.354591 0.000000 -0.935022
vn -0.748526 0.000000 -0.663106
vn -0.748526 0.000000 -0.663106
vn -0.970942 0.000000 -0.239317
vn -0.970942 0.000000 -0.239317
vn -0.970942 0.000000 0.239317
vn -0.970942 0.000000 0.239317
vn -0.748526 0.000000 0.663106
vn -0.748526 0.000000 0.663106
vn -0.354591 0.000000 0.935022
vn -0.354591 0.000000 0.935022
vn 0.120540 0.000000 0.992709
vn 0.120540 0.000000 0.992709
vn 0.568053 0.000000 0.822992
vn 0.568053 0.000000 0.822992
vn 0.885457 0.000000 0.464721
vn 0.885457 0.000000 0.464721
vn 1.000000 0.000000 0.000000
vn 1.000000 0.000000 0.000000
vn 0.000000 -1.000000 0.000004
vn 0.000000 -1.000000 0.000005
vn 0.000000 -1.000000 0.000000
vn 0.000000 -1.000000 -0.000001
vn 0.000000 -1.000000 0.000000
vn 0.000000 -1.000000 0.000000
vn 0.000000 -1.000000 0.000000
vn 0.000000 -1.000000 0.000000
vn 0.000000 -1.000000 0.000000
vn 0.000000 -1.000000 -0.000001
vn 0.000000 -1.000000 -0.000001
vn 0.000000 -1.000000 0.000000
vn 0.000000 -1.000000 0.000000
vn 0.000000 -1.000000 0.000000
vn 0.000000 1.000000 -0.000019
vn 0.000000 1.000000 -0.000010
vn 0.000000 1.000000 0.000000
vn 0.000000 1.000000 0.000010
vn 0.000000 1.000000 -0.000005
vn 0.000000 1.000000 0.000005
vn 0.000000 1.000000 0.000010
vn 0.000000 1.000000 0.000000
vn 0.000000 1.000000 0.000000
vn 0.000000 1.000000 0.000000
vn 0.000000 1.000000 -0.000005
vn 0.000000 1.000000 0.000005
vn 0.000000 1.000000 0.000010
vn 0.000000 1.000000 0.000000
vn 0.885461 0.000000 -0.464713
vn 0.568065 0.000000 -0.822983
vn 0.568065 0.000000 -0.822983
vn 0.885461 0.000000 -0.464713
vn 0.120540 0.000000 -0.992709
vn 0.120540 0.000000 -0.992709
vn -0.354623 0.000000 -0.935010
vn -0.354623 0.000000 -0.935010
vn -0.748514 0.000000 -0.663119
vn -0.748514 0.000000 -0.663119
vn -0.970942 0.000000 -0.239317
vn -0.970942 0.000000 -0.239317
vn -0.970942 0.000000 0.239313
vn -0.970942 0.000000 0.239313
vn -0.748514 0.000000 0.663119
vn -0.748514 0.000000 0.663119
vn -0.354607 0.000000 0.935016
vn -0.354607 0.000000 0.935016
vn 0.120531 0.000000 0.992710
vn 0.120531 0.000000 0.992710
vn 0.568065 0.000000 0.822983
vn 0.568065 0.000000 0.822983
vn 0.885459 0.000000 0.464717
vn 0.885459 0.000000 0.464717
vn 1.000000 0.000000 0.000000
vn 1.000000 0.000000 0.000000
vn 0.000000 -1.000000 0.000004
vn 0.000000 -1.000000 0.000005
vn 0.000000 -1.000000 0.000000
vn 0.000000 -1.000000 -0.000001
vn 0.000000 -1.000000 0.000000
vn 0.000000 -1.000000 0.000000
vn 0.000000 -1.000000 0.000000
vn 0.000000 -1.000000 0.000000
vn 0.000000 -1.000000 0.000000
vn 0.000000 -1.000000 -0.000001
vn 0.000000 -1.000000 -0.000001
vn 0.000000 -1.000000 0.000000
vn 0.000000 -1.000000 0.000000
vn 0.000000 -1.000000 0.000000
vn 0.000000 1.000000 -0.000019
vn 0.000000 1.000000 -0.000010
vn 0.000000 1.000000 0.000000
vn 0.000000 1.000000 0.000010
vn 0.000000 1.000000 -0.000005
vn 0.000000 1.000000 0.000005
vn 0.000000 1.000000 0.000010
vn 0.000000 1.000000 0.000000
vn 0.000000 1.000000 0.000000
vn 0.000000 1.000000 0.000000
vn 0.000000 1.000000 -0.000005
vn 0.000000 1.000000 0.000005
vn 0.000000 1.000000 0.000010
vn 0.000000 1.000000 0.000000
vn 0.885459 0.000000 -0.464717
vn 0.568059 0.000000 -0.822988
vn 0.568059 0.000000 -0.822988
vn 0.885459 0.000000 -0.464717
vn 0.120540 0.000000 -0.992709
vn 0.120540 0.000000 -0.992709
vn -0.354607 0.000000 -0.935016
vn -0.354607 0.000000 -0.935016
vn -0.748514 0.000000 -0.663119
vn -0.748514 0.000000 -0.663119
vn -0.970942 0.000000 -0.239315
vn -0.970942 0.000000 -0.239315
vn -0.970942 0.000000 0.239313
vn -0.970942 0.000000 0.239313
vn -0.748518 0.000000 0.663115
vn -0.748518 0.000000 0.663115
vn -0.354607 0.000000 0.935016
vn -0.354607 0.000000 0.935016
vn 0.120540 0.000000 0.992709
vn 0.120540 0.000000 0.992709
vn 0.568059 0.000000 0.822988
vn 0.568059 0.000000 0.822988
vn 0.885461 0.000000 0.464713
vn 0.885461 0.000000 0.464713
vn 1.000000 0.000000 0.000000
vn 1.000000 0.000000 0.000000
vn 0.000000 -1.000000 0.000004
vn 0.000000 -1.000000 0.000005
vn 0.000000 -1.000000 0.000000
vn 0.000000 -1.000000 -0.000001
vn 0.000000 -1.000000 0.000000
vn 0.000000 -1.000000 0.000000
vn 0.000000 -1.000000 0.000000
vn 0.000000 -1.000000 0.000000
vn 0.000000 -1.000000 0.000000
vn 0.000000 -1.000000 -0.000001
vn 0.000000 -1.000000 -0.000001
vn 0.000000 -1.000000 0.000000
vn 0.000000 -1.000000 0.000000
vn 0.000000 -1.000000 0.000000
vn 0.000000 1.000000 -0.000019
vn 0.000000 1.000000 -0.000010
vn 0.000000 1.000000 0.000000
vn 0.000000 1.000000 0.000010
vn 0.000000 1.000000 -0.000005
vn 0.000000 1.000000 0.000005
vn 0.000000 1.000000 0.000010
vn 0.000000 1.000000 0.000000
vn 0.000000 1.000000 0.000000
vn 0.000000 1.000000 0.000000
vn 0.000000 1.000000 -0.000005
vn 0.000000 1.000000 0.000005
vn 0.000000 1.000000 0.000010
vn 0.000000 1.000000 0.000000
vn 0.885459 0.000000 -0.464717
vn 0.568065 0.000000 -0.822983
vn 0.568065 0.000000 -0.822983
vn 0.885459 0.000000 -0.464717
vn 0.120540 0.000000 -0.992709
vn 0.120540 0.000000 -0.992709
vn -0.354607 0.000000 -0.935016
vn -0.354607 0.000000 -0.935016
vn -0.748514 0.000000 -0.663119
vn -0.748514 0.000000 -0.663119
vn -0.970942 0.000000 -0.239315
vn -0.970942 0.000000 -0.239315
vn -0.970942 0.000000 0.239315
vn -0.970942 0.000000 0.239315
vn -0.748518 0.000000 0.663115
vn -0.748518 0.000000 0.663115
vn -0.354607 0.000000 0.935016
vn -0.354607 0.000000 0.935016
vn 0.120531 0.000000 0.992710
vn 0.120531 0.000000 0.992710
vn 0.568059 0.000000 0.822988
vn 0.568059 0.000000 0.822988
vn 0.885461 0.000000 0.464713
vn 0.885461 0.000000 0.464713
vn 1.000000 0.000000 0.000000
vn 1.000000 0.000000 0.000000
vn 0.000000 -1.000000 0.000004
vn 0.000000 -1.000000 0.000005
vn 0.000000 -1.000000 0.000000
vn 0.000000 -1.000000 -0.000001
vn 0.000000 -1.000000 0.000000
vn 0.000000 -1.000000 0.000000
vn 0.000000 -1.000000 0.000000
vn 0.000000 -1.000000 0.000000
vn 0.000000 -1.000000 0.000000
vn 0.000000 -1.000000 -0.000001
vn 0.000000 -1.000000 -0.000001
vn 0.000000 -1.000000 0.000000
vn 0.000000 -1.000000 0.000000
vn 0.000000 -1.000000 0.000000
vn 0.000000 1.000000 -0.000019
vn 0.000000 1.000000 -0.000010
vn 0.000000 1.000000 0.000000
vn 0.000000 1.000000 0.000010
vn 0.000000 1.000000 -0.000005
vn 0.000000 1.000000 0.000005
vn 0.000000 1.000000 0.000010
vn 0.000000 1.000000 0.000000
vn 0.000000 1.000000 0.000000
vn 0.000000 1.000000 0.000000
vn 0.000000 1.000000 -0.000005
vn 0.000000 1.000000 0.000005
vn 0.000000 1.000000 0.000010
vn 0.000000 1.000000 0.000000
vn 0.885459 0.000000 -0.464717
vn 0.568059 0.000000 -0.822988
vn 0.568059 0.000000 -0.822988
vn 0.885459 0.000000 -0.464717
vn 0.120540 0.000000 -0.992709
vn 0.120540 0.000000 -0.992709
vn -0.354607 0.000000 -0.935016
vn -0.354607 0.000000 -0.935016
vn -0.748514 0.000000 -0.663119
vn -0.748514 0.000000 -0.663119
vn -0.970942 0.000000 -0.239315
vn -0.970942 0.000000 -0.239315
vn -0.970942 0.000000 0.239313
vn -0.970942 0.000000 0.239313
vn -0.748514 0.000000 0.663119
vn -0.748514 0.000000 0.663119
vn -0.354607 0.000000 0.935016
vn -0.354607 0.000000 0.935016
vn 0.120531 0.000000 0.992710
vn 0.120531 0.000000 0.992710
vn 0.568065 0.000000 0.822983
vn 0.568065 0.000000 0.822983
vn 0.885461 0.000000 0.464713
vn 0.885461 0.000000 0.464713
vn 1.000000 0.000000 0.000000
vn 1.000000 0.000000 0.000000
vn 0.000000 -1.000000 0.000004
vn 0.000000 -1.000000 0.000005
vn 0.000000 -1.000000 0.000000
vn 0.000000 -1.000000 -0.000001
vn 0.000000 -1.000000 0.000000
vn 0.000000 -1.000000 0.000000
vn 0.000000 -1.000000 0.000000
vn 0.000000 -1.000000 0.000000
vn 0.000000 -1.000000 0.000000
vn 0.000000 -1.000000 -0.000001
vn 0.000000 -1.000000 -0.000001
vn 0.000000 -1.000000 0.000000
vn 0.000000 -1.000000 0.000000
vn 0.000000 -1.000000 0.000000
vn 0.000000 1.000000 -0.000019
vn 0.000000 1.000000 -0.000010
vn 0.000000 1.000000 0.000000
vn 0.000000 1.000000 0.000010
vn 0.000000 1.000000 -0.000005
vn 0.000000 1.000000 0.000005
vn 0.000000 1.000000 0.000010
vn 0.000000 1.000000 0.000000
vn 0.000000 1.000000 0.000000
vn 0.000000 1.000000 0.000000
vn 0.000000 1.000000 -0.000005
vn 0.000000 1.000000 0.000005
vn 0.000000 1.000000 0.000010
vn 0.000000 1.000000 0.000000
vn 0.885461 0.000000 -0.464713
vn 0.568053 0.000000 -0.822992
vn 0.568053 0.000000 -0.822992
vn 0.885461 0.000000 -0.464713
vn 0.120540 0.000000 -0.992709
vn 0.120540 0.000000 -0.992709
vn -0.354599 0.000000 -0.935019
vn -0.354599 0.000000 -0.935019
vn -0.748514 0.000000 -0.663119
vn -0.748514 0.000000 -0.663119
vn -0.970943 0.000000 -0.239313
vn -0.970943 0.000000 -0.239313
vn -0.970943 0.000000 0.239310
vn -0.970943 0.000000 0.239310
vn -0.748514 0.000000 0.663119
vn -0.748514 0.000000 0.663119
vn -0.354599 0.000000 0.935019
vn -0.354599 0.000000 0.935019
vn 0.120531 0.000000 0.992710
vn 0.120531 0.000000 0.992710
vn 0.568059 0.000000 0.822988
vn 0.568059 0.000000 0.822988
vn 0.885461 0.000000 0.464713
vn 0.885461 0.000000 0.464713
vn 1.000000 0.000000 -0.000000
vn 1.000000 0.000000 -0.000000
vn 0.000000 -1.000000 0.000004
vn 0.000000 -1.000000 0.000005
vn 0.000000 -1.000000 0.000000
vn 0.000000 -1.000000 -0.000001
vn 0.000000 -1.000000 0.000000
vn 0.000000 -1.000000 0.000000
vn 0.000000 -1.000000 0.000000
vn 0.000000 -1.000000 0.000000
vn 0.000000 -1.000000 0.000000
vn 0.000000 -1.000000 -0.000001
vn 0.000000 -1.000000 -0.000001
vn 0.000000 -1.000000 0.000000
vn 0.000000 -1.000000 0.000000
vn 0.000000 -1.000000 0.000000
vn 0.000000 1.000000 -0.000019
vn 0.000000 1.000000 -0.000010
vn 0.000000 1.000000 0.000000
vn 0.000000 1.000000 0.000010
vn 0.000000 1.000000 -0.000005
vn 0.000000 1.000000 0.000005
vn 0.000000 1.000000 0.000010
vn 0.000000 1.000000 0.000000
vn 0.000000 1.000000 0.000000
vn 0.000000 1.000000 0.000000
vn 0.000000 1.000000 -0.000005
vn 0.000000 1.000000 0.000005
vn 0.000000 1.000000 0.000010
vn 0.000000 1.000000 0.000000
vn 0.885460 0.000000 -0.464715
vn 0.568059 0.000000 -0.822988
vn 0.568059 0.000000 -0.822988
vn 0.885460 0.000000 -0.464715
vn 0.120535 0.000000 -0.992709
vn 0.120535 0.000000 -0.992709
vn -0.354603 0.000000 -0.935017
vn -0.354603 0.000000 -0.935017
vn -0.748514 0.000000 -0.663119
vn -0.748514 0.000000 -0.663119
vn -0.970942 0.000000 -0.239314
vn -0.970942 0.000000 -0.239314
vn -0.970942 0.000000 0.239313
vn -0.970942 0.000000 0.239313
vn -0.748516 0.000000 0.663117
vn -0.748516 0.000000 0.663117
vn -0.354603 0.000000 0.935017
vn -0.354603 0.000000 0.935017
vn 0.120535 0.000000 0.992709
vn 0.120535 0.000000 0.992709
vn 0.568059 0.000000 0.822988
vn 0.568059 0.000000 0.822988
vn 0.885461 0.000000 0.464713
vn 0.885461 0.000000 0.464713
vn 1.000000 0.000000 0.000000
vn 1.000000 0.000000 0.000000
vn 0.000000 -1.000000 0.000004
vn 0.000000 -1.000000 0.000005
vn 0.000000 -1.000000 0.000000
vn 0.000000 -1.000000 -0.000001
vn 0.000000 -1.000000 0.000000
vn 0.000000 -1.000000 0.000000
vn 0.000000 -1.000000 0.000000
vn 0.000000 -1.000000 0.000000
vn 0.000000 -1.000000 0.000000
vn 0.000000 -1.000000 -0.000001
vn 0.000000 -1.000000 -0.000001
vn 0.000000 -1.000000 0.000000
vn 0.000000 -1.000000 0.000000
vn 0.000000 -1.000000 0.000000
vn 0.000000 1.000000 -0.000019
vn 0.000000 1.000000 -0.000010
vn 0.000000 1.000000 0.000000
vn 0.000000 1.000000 0.000010
vn 0.000000 1.000000 -0.000005
vn 0.000000 1.000000 0.000005
vn 0.000000 1.000000 0.000010
vn 0.000000 1.000000 0.000000
vn 0.000000 1.000000 0.000000
vn 0.000000 1.000000 0.000000
vn 0.000000 1.000000 -0.000005
vn 0.000000 1.000000 0.000005
vn 0.000000 1.000000 0.000010
vn 0.000000 1.000000 0.000000
vn 0.000000 0.000000 1.000000
vn 0.000000 0.000000 1.000000
vn 0.000000 0.000000 1.000000
vn 0.000000 0.000000 1.000000
vn 0.000000 1.000000 0.000000
vn 0.000000 1.000000 0.000000
vn 0.000000 1.000000 0.000000
vn 0.000000 1.000000 0.000000
vn 0.000000 0.000000 -1.000000
vn 0.000000 0.000000 -1.000000
vn 0.000000 0.000000 -1.000000
vn 0.000000 0.000000 -1.000000
vn 0.000000 -1.000000 0.000000
vn 0.000000 -1.000000 0.000000
vn 0.000000 -1.000000 0.000000
vn 0.000000 -1.000000 0.000000
vn 1.000000 0.000000 0.000000
vn 1.000000 0.000000 0.000000
vn 1.000000 0.000000 0.000000
vn 1.000000 0.000000 0.000000
vn -1.000000 0.000000 0.000000
vn -1.000000 0.000000 0.000000
vn -1.000000 0.000000 0.000000
vn -1.000000 0.000000 0.000000
vn 0.000000 0.000000 1.000000
vn 0.000000 0.000000 1.000000
vn 0.000000 0.000000 1.000000
vn 0.000000 0.000000 1.000000
vn 0.000000 1.000000 0.000000
vn 0.000000 1.000000 0.000000
vn 0.000000 1.000000 0.000000
vn 0.000000 1.000000 0.000000
vn 0.000000 0.000000 -1.000000
vn 0.000000 0.000000 -1.000000
vn 0.000000 0.000000 -1.000000
vn 0.000000 0.000000 -1.000000
vn 0.000000 -1.000000 0.000000
vn 0.000000 -1.000000 0.000000
vn 0.000000 -1.000000 0.000000
vn 0.000000 -1.000000 0.000000
vn 1.000000 0.000000 0.000000
vn 1.000000 0.000000 0.000000
vn 1.000000 0.000000 0.000000
vn 1.000000 0.000000 0.000000
vn -1.000000 0.000000 0.000000
vn -1.000000 0.000000 0.000000
vn -1.000000 0.000000 0.000000
vn -1.000000 0.000000 0.000000
vn 0.000000 0.000000 1.000000
vn 0.000000 0.000000 1.000000
vn 0.000000 0.000000 1.000000
vn 0.000000 0.000000 1.000000
vn 0.000000 1.000000 0.000000
vn 0.000000 1.000000 0.000000
vn 0.000000 1.000000 0.000000
vn 0.000000 1.000000 0.000000
vn 0.000000 0.000000 -1.000000
vn 0.000000 0.000000 -1.000000
vn 0.000000 0.000000 -1.000000
vn 0.000000 0.000000 -1.000000
vn 0.000000 -1.000000 0.000000
vn 0.000000 -1.000000 0.000000
vn 0.000000 -1.000000 0.000000
vn 0.000000 -1.000000 0.000000
vn 1.000000 0.000000 0.000000
vn 1.000000 0.000000 0.000000
vn 1.000000 0.000000 0.000000
vn 1.000000 0.000000 0.000000
vn -1.000000 0.000000 0.000000
vn -1.000000 0.000000 0.000000
vn -1.000000 0.000000 0.000000
vn -1.000000 0.000000 0.000000
vn 0.000000 0.626086 0.779754
vn 0.000000 0.626086 0.779754
vn 0.000000 0.626086 0.779754
vn 0.000000 0.626086 0.779754
vn 0.762939 0.646470 0.000000
vn 0.762939 0.646470 0.000000
vn 0.762939 0.646470 0.000000
vn 0.762939 0.646470 0.000000
vn 0.000000 0.626086 -0.779754
vn 0.000000 0.626086 -0.779754
vn 0.000000 0.626086 -0.779754
vn 0.000000 0.626086 -0.779754
vn -0.762938 0.646472 0.000000
vn -0.762938 0.646472 0.000000
vn -0.762938 0.646472 0.000000
vn -0.762938 0.646472 0.000000
vn 0.000000 0.417783 0.908547
vn 0.000000 0.417783 0.908547
vn 0.000000 0.417783 0.908547
vn 0.000000 0.417783 0.908547
vn 0.899704 0.436500 0.000000
vn 0.899704 0.436500 0.000000
vn 0.899704 0.436500 0.000000
vn 0.899704 0.436500 0.000000
vn 0.000000 0.417783 -0.908547
vn 0.000000 0.417783 -0.908547
vn 0.000000 0.417783 -0.908547
vn 0.000000 0.417783 -0.908547
vn -0.899713 0.436483 0.000000
vn -0.899713 0.436483 0.000000
vn -0.899713 0.436483 0.000000
vn -0.899713 0.436483 0.000000
vn 0.000000 0.638418 0.769690
vn 0.000000 0.638418 0.769690
vn 0.000000 0.638418 0.769690
vn 0.000000 0.638418 0.769690
vn 0.752709 0.658353 0.000000
vn 0.752709 0.658353 0.000000
vn 0.752709 0.658353 0.000000
vn 0.752709 0.658353 0.000000
vn 0.000000 0.638418 -0.769690
vn 0.000000 0.638418 -0.769690
vn 0.000000 0.638418 -0.769690
vn 0.000000 0.638418 -0.769690
vn -0.752696 0.658369 0.000000
vn -0.752696 0.658369 0.000000
vn -0.752696 0.658369 0.000000
vn -0.752696 0.658369 0.000000
vn 0.000000 0.214128 0.976806
vn 0.000000 0.214128 0.976806
vn 0.000000 0.214128 0.976806
vn 0.000000 0.214128 0.976806
vn 0.974318 0.225177 0.000000
vn 0.974318 0.225177 0.000000
vn 0.974318 0.225177 0.000000
vn 0.974318 0.225177 0.000000
vn 0.000000 0.214104 -0.976811
vn 0.000000 0.214104 -0.976811
vn 0.000000 0.214104 -0.976811
vn 0.000000 0.214104 -0.976811
vn -0.974309 0.225216 0.000000
vn -0.974309 0.225216 0.000000
vn -0.974309 0.225216 0.000000
vn -0.974309 0.225216 0.000000
vn 0.000000 0.000000 1.000000
vn 0.000000 0.000000 1.000000
vn 0.000000 0.000000 1.000000
vn 0.000000 0.000000 1.000000
vn 1.000000 0.000000 0.000000
vn 1.000000 0.000000 0.000000
vn 1.000000 0.000000 0.000000
vn 1.000000 0.000000 0.000000
vn 0.000000 0.000000 -1.000000
vn 0.000000 0.000000 -1.000000
vn 0.000000 0.000000 -1.000000
vn 0.000000 0.000000 -1.000000
vn -1.000000 0.000000 0.000000
vn -1.000000 0.000000 0.000000
vn -1.000000 0.000000 0.000000
vn -1.000000 0.000000 0.000000
vn 0.000000 -0.105205 0.994451
vn 0.000000 -0.105205 0.994451
vn 0.000000 -0.105205 0.994451
vn 0.000000 -0.105205 0.994451
vn 0.993832 -0.110897 0.000000
vn 0.993832 -0.110897 0.000000
vn 0.993832 -0.110897 0.000000
vn 0.993832 -0.110897 0.000000
vn 0.000000 -0.105205 -0.994451
vn 0.000000 -0.105205 -0.994451
vn 0.000000 -0.105205 -0.994451
vn 0.000000 -0.105205 -0.994451
vn -0.993834 -0.110879 0.000000
vn -0.993834 -0.110879 0.000000
vn -0.993834 -0.110879 0.000000
vn -0.993834 -0.110879 0.000000
vn 0.000000 -0.454971 0.890506
vn 0.000000 -0.454971 0.890506
vn 0.000000 -0.454971 0.890506
vn 0.000000 -0.454971 0.890506
vn 0.880305 -0.474407 0.000000
vn 0.880305 -0.474407 0.000000
vn 0.880305 -0.474407 0.000000
vn 0.880305 -0.474407 0.000000
vn 0.000000 -0.454971 -0.890506
vn 0.000000 -0.454971 -0.890506
vn 0.000000 -0.454971 -0.890506
vn 0.000000 -0.454971 -0.890506
vn -0.880284 -0.474447 0.000000
vn -0.880284 -0.474447 0.000000
vn -0.880284 -0.474447 0.000000
vn -0.880284 -0.474447 0.000000
vn 0.000000 -0.436792 0.899562
vn 0.000000 -0.436792 0.899562
vn 0.000000 -0.436792 0.899562
vn 0.000000 -0.436792 0.899562
vn 0.890121 -0.455724 0.000000
vn 0.890121 -0.455724 0.000000
vn 0.890121 -0.455724 0.000000
vn 0.890121 -0.455724 0.000000
vn 0.000000 -0.436792 -0.899562
vn 0.000000 -0.436792 -0.899562
vn 0.000000 -0.436792 -0.899562
vn 0.000000 -0.436792 -0.899562
vn -0.890153 -0.455662 0.000000
vn -0.890153 -0.455662 0.000000
vn -0.890153 -0.455662 0.000000
vn -0.890153 -0.455662 0.000000
vn 0.000000 -0.526190 0.850367
vn 0.000000 -0.526190 0.850367
vn 0.000000 -0.526190 0.850367
vn 0.000000 -0.526190 0.850367
vn 0.837476 -0.546474 0.000000
vn 0.837476 -0.546474 0.000000
vn 0.837476 -0.546474 0.000000
vn 0.837476 -0.546474 0.000000
vn 0.000000 -0.526190 -0.850367
vn 0.000000 -0.526190 -0.850367
vn 0.000000 -0.526190 -0.850367
vn 0.000000 -0.526190 -0.850367
vn -0.837465 -0.546491 0.000000
vn -0.837465 -0.546491 0.000000
vn -0.837465 -0.546491 0.000000
vn -0.837465 -0.546491 0.000000
vn 0.000000 -0.593517 0.804821
vn 0.000000 -0.593517 0.804821
vn 0.000000 -0.593517 0.804821
vn 0.000000 -0.593517 0.804821
vn 0.789272 -0.614044 0.000000
vn 0.789272 -0.614044 0.000000
vn 0.789272 -0.614044 0.000000
vn 0.789272 -0.614044 0.000000
vn 0.000000 -0.593517 -0.804821
vn 0.000000 -0.593517 -0.804821
vn 0.000000 -0.593517 -0.804821
vn 0.000000 -0.593517 -0.804821
vn -0.789274 -0.614041 0.000000
vn -0.789274 -0.614041 0.000000
vn -0.789274 -0.614041 0.000000
vn -0.789274 -0.614041 0.000000
vn 0.000000 0.000000 1.000000
vn 0.000000 0.000000 1.000000
vn 0.000000 0.000000 1.000000
vn 0.000000 0.000000 1.000000
vn 1.000000 0.000000 0.000000
vn 1.000000 0.000000 0.000000
vn 1.000000 0.000000 0.000000
vn 1.000000 0.000000 0.000000
vn 0.000000 0.000000 -1.000000
vn 0.000000 0.000000 -1.000000
vn 0.000000 0.000000 -1.000000
vn 0.000000 0.000000 -1.000000
vn -1.000000 0.000000 0.000000
vn -1.000000 0.000000 0.000000
vn -1.000000 0.000000 0.000000
vn -1.000000 0.000000 0.000000
vn 0.000000 0.257282 0.966336
vn 0.000000 0.257282 0.966336
vn 0.000000 0.257282 0.966336
vn 0.000000 0.257282 0.966336
vn 0.962722 0.270494 0.000000
vn 0.962722 0.270494 0.000000
vn 0.962722 0.270494 0.000000
vn 0.962722 0.270494 0.000000
vn 0.000000 0.257282 -0.966336
vn 0.000000 0.257282 -0.966336
vn 0.000000 0.257282 -0.966336
vn 0.000000 0.257282 -0.966336
vn -0.962736 0.270442 0.000000
vn -0.962736 0.270442 0.000000
vn -0.962736 0.270442 0.000000
vn -0.962736 0.270442 0.000000
vn 0.000000 0.329948 0.943999
vn 0.000000 0.329948 0.943999
vn 0.000000 0.329948 0.943999
vn 0.000000 0.329948 0.943999
vn 0.938308 0.345801 0.000000
vn 0.938308 0.345801 0.000000
vn 0.938308 0.345801 0.000000
vn 0.938308 0.345801 0.000000
vn 0.000000 0.329948 -0.943999
vn 0.000000 0.329948 -0.943999
vn 0.000000 0.329948 -0.943999
vn 0.000000 0.329948 -0.943999
vn -0.938309 0.345796 0.000000
vn -0.938309 0.345796 0.000000
vn -0.938309 0.345796 0.000000
vn -0.938309 0.345796 0.000000
vn 0.000000 0.384177 0.923259
vn 0.000000 0.384178 0.923259
vn 0.000000 0.384177 0.923259
vn 0.000000 0.384177 0.923259
vn 0.915655 0.401965 0.000000
vn 0.915655 0.401965 0.000000
vn 0.915655 0.401965 0.000000
vn 0.915655 0.401965 0.000000
vn 0.000000 0.384180 -0.923258
vn 0.000000 0.384180 -0.923258
vn 0.000000 0.384180 -0.923258
vn 0.000000 0.384180 -0.923258
vn -0.915634 0.402014 0.000000
vn -0.915634 0.402014 0.000000
vn -0.915634 0.402014 0.000000
vn -0.915634 0.402014 0.000000
vn 0.000000 0.447757 0.894155
vn 0.000000 0.447757 0.894155
vn 0.000000 0.447757 0.894155
vn 0.000000 0.447757 0.894155
vn 0.884305 0.466910 0.000000
vn 0.884305 0.466910 0.000000
vn 0.884305 0.466910 0.000000
vn 0.884305 0.466910 0.000000
vn 0.000000 0.447757 -0.894155
vn 0.000000 0.447757 -0.894155
vn 0.000000 0.447757 -0.894155
vn 0.000000 0.447757 -0.894155
vn -0.884305 0.466910 0.000000
vn -0.884305 0.466910 0.000000
vn -0.884305 0.466910 0.000000
vn -0.884305 0.466910 0.000000
vn 0.000000 0.488840 0.872373
vn 0.000000 0.488840 0.872373
vn 0.000000 0.488840 0.872373
vn 0.000000 0.488840 0.872373
vn 0.860851 0.508858 0.000000
vn 0.860851 0.508858 0.000000
vn 0.860851 0.508858 0.000000
vn 0.860851 0.508858 0.000000
vn 0.000000 0.488849 -0.872369
vn 0.000000 0.488849 -0.872369
vn 0.000000 0.488849 -0.872369
vn 0.000000 0.488849 -0.872369
vn -0.860848 0.508862 0.000000
vn -0.860848 0.508862 0.000000
vn -0.860848 0.508862 0.000000
vn -0.860848 0.508862 0.000000
vn 0.000000 0.313781 0.949495
vn 0.000000 0.313781 0.949495
vn 0.000000 0.313781 0.949495
vn 0.000000 0.313781 0.949495
vn 0.944295 0.329101 0.000000
vn 0.944295 0.329101 0.000000
vn 0.944295 0.329102 0.000000
vn 0.944295 0.329102 0.000000
vn 0.000000 0.313791 -0.949492
vn 0.000000 0.313791 -0.949492
vn 0.000000 0.313791 -0.949492
vn 0.000000 0.313791 -0.949492
vn -0.944302 0.329080 0.000000
vn -0.944302 0.329080 0.000000
vn -0.944302 0.329080 0.000000
vn -0.944302 0.329080 0.000000
vn 0.000000 0.000000 1.000000
vn 0.000000 0.000000 1.000000
vn 0.000000 0.000000 1.000000
vn 0.000000 0.000000 1.000000
vn 0.000000 1.000000 0.000000
vn 0.000000 1.000000 0.000000
vn 0.000000 1.000000 0.000000
vn 0.000000 1.000000 0.000000
vn 0.000000 0.000000 -1.000000
vn 0.000000 0.000000 -1.000000
vn 0.000000 0.000000 -1.000000
vn 0.000000 0.000000 -1.000000
vn 0.000000 -1.000000 0.000000
vn 0.000000 -1.000000 0.000000
vn 0.000000 -1.000000 0.000000
vn 0.000000 -1.000000 0.000000
vn 1.000000 0.000000 0.000000
vn 1.000000 0.000000 0.000000
vn 1.000000 0.000000 0.000000
vn 1.000000 0.000000 0.000000
vn -1.000000 0.000000 0.000000
vn -1.000000 0.000000 0.000000
vn -1.000000 0.000000 0.000000
vn -1.000000 0.000000 0.000000
vn 0.000000 0.626086 0.779754
vn 0.000000 0.626086 0.779754
vn 0.000000 0.626086 0.779754
vn 0.000000 0.626086 0.779754
vn 0.762939 0.646470 0.000000
vn 0.762939 0.646470 0.000000
vn 0.762939 0.646470 0.000000
vn 0.762939 0.646470 0.000000
vn 0.000000 0.626086 -0.779754
vn 0.000000 0.626086 -0.779754
vn 0.000000 0.626086 -0.779754
vn 0.000000 0.626086 -0.779754
vn -0.762937 0.646472 0.000000
vn -0.762937 0.646472 0.000000
vn -0.762937 0.646472 0.000000
vn -0.762937 0.646472 0.000000
vn 0.000000 0.417783 0.908547
vn 0.000000 0.417783 0.908547
vn 0.000000 0.417783 0.908547
vn 0.000000 0.417783 0.908547
vn 0.899704 0.436501 0.000000
vn 0.899704 0.436501 0.000000
vn 0.899704 0.436501 0.000000
vn 0.899704 0.436501 0.000000
vn 0.000000 0.417783 -0.908547
vn 0.000000 0.417783 -0.908547
vn 0.000000 0.417783 -0.908547
vn 0.000000 0.417783 -0.908547
vn -0.899712 0.436483 0.000000
vn -0.899712 0.436483 0.000000
vn -0.899712 0.436483 0.000000
vn -0.899712 0.436483 0.000000
vn 0.000000 0.638418 0.769690
vn 0.000000 0.638418 0.769690
vn 0.000000 0.638418 0.769690
vn 0.000000 0.638418 0.769690
vn 0.752709 0.658353 0.000000
vn 0.752709 0.658353 0.000000
vn 0.752709 0.658353 0.000000
vn 0.752709 0.658353 0.000000
vn 0.000000 0.638418 -0.769690
vn 0.000000 0.638418 -0.769690
vn 0.000000 0.638418 -0.769690
vn 0.000000 0.638418 -0.769690
vn -0.752696 0.658369 0.000000
vn -0.752696 0.658369 0.000000
vn -0.752696 0.658369 0.000000
vn -0.752696 0.658369 0.000000
vn 0.000000 0.214128 0.976806
vn 0.000000 0.214128 0.976806
vn 0.000000 0.214128 0.976806
vn 0.000000 0.214128 0.976806
vn 0.974318 0.225178 0.000000
vn 0.974318 0.225178 0.000000
vn 0.974318 0.225178 0.000000
vn 0.974318 0.225178 0.000000
vn 0.000000 0.214104 -0.976811
vn 0.000000 0.214104 -0.976811
vn 0.000000 0.214104 -0.976811
vn 0.000000 0.214104 -0.976811
vn -0.974309 0.225217 0.000000
vn -0.974309 0.225217 0.000000
vn -0.974309 0.225217 0.000000
vn -0.974309 0.225217 0.000000
vn 0.000000 0.000000 1.000000
vn 0.000000 0.000000 1.000000
vn 0.000000 0.000000 1.000000
vn 0.000000 0.000000 1.000000
vn 1.000000 0.000000 0.000000
vn 1.000000 0.000000 0.000000
vn 1.000000 0.000000 0.000000
vn 1.000000 0.000000 0.000000
vn 0.000000 0.000000 -1.000000
vn 0.000000 0.000000 -1.000000
vn 0.000000 0.000000 -1.000000
vn 0.000000 0.000000 -1.000000
vn -1.000000 0.000000 0.000000
vn -1.000000 0.000000 0.000000
vn -1.000000 0.000000 0.000000
vn -1.000000 0.000000 0.000000
vn 0.000000 -0.105205 0.994451
vn 0.000000 -0.105205 0.994451
vn 0.000000 -0.105205 0.994451
vn 0.000000 -0.105205 0.994451
vn 0.993832 -0.110897 0.000000
vn 0.993832 -0.110897 0.000000
vn 0.993832 -0.110897 0.000000
vn 0.993832 -0.110897 0.000000
vn 0.000000 -0.105205 -0.994451
vn 0.000000 -0.105205 -0.994451
vn 0.000000 -0.105205 -0.994451
vn 0.000000 -0.105205 -0.994451
vn -0.993834 -0.110880 0.000000
vn -0.993834 -0.110880 0.000000
vn -0.993834 -0.110880 0.000000
vn -0.993834 -0.110880 0.000000
vn 0.000000 -0.454971 0.890506
vn 0.000000 -0.454971 0.890506
vn 0.000000 -0.454971 0.890506
vn 0.000000 -0.454971 0.890506
vn 0.880306 -0.474406 0.000000
vn 0.880306 -0.474406 0.000000
vn 0.880306 -0.474406 0.000000
vn 0.880306 -0.474406 0.000000
vn 0.000000 -0.454971 -0.890506
vn 0.000000 -0.454971 -0.890506
vn 0.000000 -0.454971 -0.890506
vn 0.000000 -0.454971 -0.890506
vn -0.880285 -0.474445 0.000000
vn -0.880285 -0.474445 0.000000
vn -0.880285 -0.474445 0.000000
vn -0.880285 -0.474445 0.000000
vn 0.000000 -0.436792 0.899562
vn 0.000000 -0.436792 0.899562
vn 0.000000 -0.436792 0.899562
vn 0.000000 -0.436792 0.899562
vn 0.890120 -0.455726 0.000000
vn 0.890120 -0.455726 0.000000
vn 0.890120 -0.455726 0.000000
vn 0.890120 -0.455726 0.000000
vn 0.000000 -0.436792 -0.899562
vn 0.000000 -0.436792 -0.899562
vn 0.000000 -0.436792 -0.899562
vn 0.000000 -0.436792 -0.899562
vn -0.890152 -0.455664 0.000000
vn -0.890152 -0.455664 0.000000
vn -0.890152 -0.455664 0.000000
vn -0.890152 -0.455664 0.000000
vn 0.000000 -0.526190 0.850367
vn 0.000000 -0.526190 0.850367
vn 0.000000 -0.526190 0.850367
vn 0.000000 -0.526190 0.850367
vn 0.837476 -0.546474 0.000000
vn 0.837476 -0.546474 0.000000
vn 0.837476 -0.546474 0.000000
vn 0.837476 -0.546474 0.000000
vn 0.000000 -0.526190 -0.850367
vn 0.000000 -0.526190 -0.850367
vn 0.000000 -0.526190 -0.850367
vn 0.000000 -0.526190 -0.850367
vn -0.837465 -0.546491 0.000000
vn -0.837465 -0.546491 0.000000
vn -0.837465 -0.546491 0.000000
vn -0.837465 -0.546491 0.000000
vn 0.000000 -0.593517 0.804821
vn 0.000000 -0.593517 0.804821
vn 0.000000 -0.593517 0.804821
vn 0.000000 -0.593517 0.804821
vn 0.789272 -0.614044 0.000000
vn 0.789272 -0.614044 0.000000
vn 0.789272 -0.614044 0.000000
vn 0.789272 -0.614044 0.000000
vn 0.000000 -0.593517 -0.804821
vn 0.000000 -0.593517 -0.804821
vn 0.000000 -0.593517 -0.804821
vn 0.000000 -0.593517 -0.804821
vn -0.789274 -0.614041 0.000000
vn -0.789274 -0.614041 0.000000
vn -0.789274 -0.614041 0.000000
vn -0.789274 -0.614041 0.000000
vn 0.000000 0.000000 1.000000
vn 0.000000 0.000000 1.000000
vn 0.000000 0.000000 1.000000
vn 0.000000 0.000000 1.000000
vn 1.000000 0.000000 0.000000
vn 1.000000 0.000000 0.000000
vn 1.000000 0.000000 0.000000
vn 1.000000 0.000000 0.000000
vn 0.000000 0.000000 -1.000000
vn 0.000000 0.000000 -1.000000
vn 0.000000 0.000000 -1.000000
vn 0.000000 0.000000 -1.000000
vn -1.000000 0.000000 0.000000
vn -1.000000 0.000000 0.000000
vn -1.000000 0.000000 0.000000
vn -1.000000 0.000000 0.000000
vn 0.000000 0.257282 0.966336
vn 0.000000 0.257282 0.966336
vn 0.000000 0.257282 0.966336
vn 0.000000 0.257282 0.966336
vn 0.962722 0.270494 0.000000
vn 0.962722 0.270494 0.000000
vn 0.962722 0.270494 0.000000
vn 0.962722 0.270494 0.000000
vn 0.000000 0.257282 -0.966336
vn 0.000000 0.257282 -0.966336
vn 0.000000 0.257282 -0.966336
vn 0.000000 0.257282 -0.966336
vn -0.962736 0.270442 0.000000
vn -0.962736 0.270442 0.000000
vn -0.962736 0.270442 0.000000
vn -0.962736 0.270442 0.000000
vn 0.000000 0.329948 0.943999
vn 0.000000 0.329948 0.943999
vn 0.000000 0.329948 0.943999
vn 0.000000 0.329948 0.943999
vn 0.938308 0.345801 0.000000
vn 0.938308 0.345801 0.000000
vn 0.938308 0.345801 0.000000
vn 0.938308 0.345801 0.000000
vn 0.000000 0.329948 -0.943999
vn 0.000000 0.329948 -0.943999
vn 0.000000 0.329948 -0.943999
vn 0.000000 0.329948 -0.943999
vn -0.938309 0.345796 0.000000
vn -0.938309 0.345796 0.000000
vn -0.938309 0.345796 0.000000
vn -0.938309 0.345796 0.000000
vn 0.000000 0.384177 0.923259
vn 0.000000 0.384178 0.923259
vn 0.000000 0.384177 0.923259
vn 0.000000 0.384177 0.923259
vn 0.915655 0.401966 0.000000
vn 0.915655 0.401966 0.000000
vn 0.915655 0.401966 0.000000
vn 0.915655 0.401966 0.000000
vn 0.000000 0.384180 -0.923258
vn 0.000000 0.384180 -0.923258
vn 0.000000 0.384180 -0.923258
vn 0.000000 0.384180 -0.923258
vn -0.915633 0.402014 0.000000
vn -0.915633 0.402014 0.000000
vn -0.915633 0.402014 0.000000
vn -0.915633 0.402014 0.000000
vn 0.000000 0.447757 0.894155
vn 0.000000 0.447757 0.894155
vn 0.000000 0.447757 0.894155
vn 0.000000 0.447757 0.894155
vn 0.884305 0.466909 0.000000
vn 0.884305 0.466909 0.000000
vn 0.884305 0.466909 0.000000
vn 0.884305 0.466909 0.000000
vn 0.000000 0.447757 -0.894155
vn 0.000000 0.447757 -0.894155
vn 0.000000 0.447757 -0.894155
vn 0.000000 0.447757 -0.894155
vn -0.884305 0.466909 0.000000
vn -0.884305 0.466909 0.000000
vn -0.884305 0.466909 0.000000
vn -0.884305 0.466909 0.000000
vn 0.000000 0.488840 0.872373
vn 0.000000 0.488840 0.872373
vn 0.000000 0.488840 0.872373
vn 0.000000 0.488840 0.872373
vn 0.860851 0.508857 0.000000
vn 0.860851 0.508857 0.000000
vn 0.860851 0.508857 0.000000
vn 0.860851 0.508857 0.000000
vn 0.000000 0.488849 -0.872369
vn 0.000000 0.488849 -0.872369
vn 0.000000 0.488849 -0.872369
vn 0.000000 0.488849 -0.872369
vn -0.860849 0.508861 0.000000
vn -0.860849 0.508861 0.000000
vn -0.860849 0.508861 0.000000
vn -0.860849 0.508861 0.000000
vn 0.000000 0.313781 0.949495
vn 0.000000 0.313781 0.949495
vn 0.000000 0.313781 0.949495
vn 0.000000 0.313781 0.949495
vn 0.944296 0.329098 0.000000
vn 0.944296 0.329098 0.000000
vn 0.944296 0.329098 0.000000
vn 0.944296 0.329098 0.000000
vn 0.000000 0.313791 -0.949492
vn 0.000000 0.313791 -0.949492
vn 0.000000 0.313791 -0.949492
vn 0.000000 0.313791 -0.949492
vn -0.944303 0.329077 0.000000
vn -0.944303 0.329077 0.000000
vn -0.944303 0.329077 0.000000
vn -0.944303 0.329077 0.000000
vn 0.000000 0.000000 1.000000
vn 0.000000 0.000000 1.000000
vn 0.000000 0.000000 1.000000
vn 0.000000 0.000000 1.000000
vn 0.000000 1.000000 0.000000
vn 0.000000 1.000000 0.000000
vn 0.000000 1.000000 0.000000
vn 0.000000 1.000000 0.000000
vn 0.000000 0.000000 -1.000000
vn 0.000000 0.000000 -1.000000
vn 0.000000 0.000000 -1.000000
vn 0.000000 0.000000 -1.000000
vn 0.000000 -1.000000 0.000000
vn 0.000000 -1.000000 0.000000
vn 0.000000 -1.000000 0.000000
vn 0.000000 -1.000000 0.000000
vn 1.000000 0.000000 0.000000
vn 1.000000 0.000000 0.000000
vn 1.000000 0.000000 0.000000
vn 1.000000 0.000000 0.000000
vn -1.000000 0.000000 0.000000
vn -1.000000 0.000000 0.000000
vn -1.000000 0.000000 0.000000
vn -1.000000 0.000000 0.000000
vn 0.000000 0.000000 1.000000
vn 0.000000 0.000000 1.000000
vn 0.000000 0.000000 1.000000
vn 0.000000 0.000000 1.000000
vn 0.000000 1.000000 0.000000
vn 0.000000 1.000000 0.000000
vn 0.000000 1.000000 0.000000
vn 0.000000 1.000000 0.000000
vn 0.000000 0.000000 -1.000000
vn 0.000000 0.000000 -1.000000
vn 0.000000 0.000000 -1.000000
vn 0.000000 0.000000 -1.000000
vn 0.000000 -1.000000 0.000000
vn 0.000000 -1.000000 0.000000
vn 0.000000 -1.000000 0.000000
vn 0.000000 -1.000000 0.000000
vn 1.000000 0.000000 0.000000
vn 1.000000 0.000000 0.000000
vn 1.000000 0.000000 0.000000
vn 1.000000 0.000000 0.000000
vn -1.000000 0.000000 0.000000
vn -1.000000 0.000000 0.000000
vn -1.000000 0.000000 0.000000
vn -1.000000 0.000000 0.000000
vn 0.000000 0.000000 1.000000
vn 0.000000 0.000000 1.000000
vn 0.000000 0.000000 1.000000
vn 0.000000 0.000000 1.000000
vn 0.000000 1.000000 0.000000
vn 0.000000 1.000000 0.000000
vn 0.000000 1.000000 0.000000
vn 0.000000 1.000000 0.000000
vn 0.000000 0.000000 -1.000000
vn 0.000000 0.000000 -1.000000
vn 0.000000 0.000000 -1.000000
vn 0.000000 0.000000 -1.000000
vn 0.000000 -1.000000 0.000000
vn 0.000000 -1.000000 0.000000
vn 0.000000 -1.000000 0.000000
vn 0.000000 -1.000000 0.000000
vn 1.000000 0.000000 0.000000
vn 1.000000 0.000000 0.000000
vn 1.000000 0.000000 0.000000
vn 1.000000 0.000000 0.000000
vn -1.000000 0.000000 0.000000
vn -1.000000 0.000000 0.000000
vn -1.000000 0.000000 0.000000
vn -1.000000 0.000000 0.000000
vn 0.000000 0.000000 1.000000
vn 0.000000 0.000000 1.000000
vn 0.000000 0.000000 1.000000
vn 0.000000 0.000000 1.000000
vn 0.000000 1.000000 0.000000
vn 0.000000 1.000000 0.000000
vn 0.000000 1.000000 0.000000
vn 0.000000 1.000000 0.000000
vn 0.000000 0.000000 -1.000000
vn 0.000000 0.000000 -1.000000
vn 0.000000 0.000000 -1.000000
vn 0.000000 0.000000 -1.000000
vn 0.000000 -1.000000 0.000000
vn 0.000000 -1.000000 0.000000
vn 0.000000 -1.000000 0.000000
vn 0.000000 -1.000000 0.000000
vn 1.000000 0.000000 0.000000
vn 1.000000 0.000000 0.000000
vn 1.000000 0.000000 0.000000
vn 1.000000 0.000000 0.000000
vn -1.000000 0.000000 0.000000
vn -1.000000 0.000000 0.000000
vn -1.000000 0.000000 0.000000
vn -1.000000 0.000000 0.000000
vn 0.000000 0.000000 1.000000
vn 0.000000 0.000000 1.000000
vn 0.000000 0.000000 1.000000
vn 0.000000 0.000000 1.000000
vn 0.000000 1.000000 0.000000
vn 0.000000 1.000000 0.000000
vn 0.000000 1.000000 0.000000
vn 0.000000 1.000000 0.000000
vn 0.000000 0.000000 -1.000000
vn 0.000000 0.000000 -1.000000
vn 0.000000 0.000000 -1.000000
vn 0.000000 0.000000 -1.000000
vn 0.000000 -1.000000 0.000000
vn 0.000000 -1.000000 0.000000
vn 0.000000 -1.000000 0.000000
vn 0.000000 -1.000000 0.000000
vn 1.000000 0.000000 0.000000
vn 1.000000 0.000000 0.000000
vn 1.000000 0.000000 0.000000
vn 1.000000 0.000000 0.000000
vn -1.000000 0.000000 0.000000
vn -1.000000 0.000000 0.000000
vn -1.000000 0.000000 0.000000
vn -1.000000 0.000000 0.000000
vn 0.000000 0.000000 1.000000
vn 0.000000 0.000000 1.000000
vn 0.000000 0.000000 1.000000
vn 0.000000 0.000000 1.000000
vn 0.000000 1.000000 0.000000
vn 0.000000 1.000000 0.000000
vn 0.000000 1.000000 0.000000
vn 0.000000 1.000000 0.000000
vn 0.000000 0.000000 -1.000000
vn 0.000000 0.000000 -1.000000
vn 0.000000 0.000000 -1.000000
vn 0.000000 0.000000 -1.000000
vn 0.000000 -1.000000 0.000000
vn 0.000000 -1.000000 0.000000
vn 0.000000 -1.000000 0.000000
vn 0.000000 -1.000000 0.000000
vn 1.000000 0.000000 0.000000
vn 1.000000 0.000000 0.000000
vn 1.000000 0.000000 0.000000
vn 1.000000 0.000000 0.000000
vn -1.000000 0.000000 0.000000
vn -1.000000 0.000000 0.000000
vn -1.000000 0.000000 0.000000
vn -1.000000 0.000000 0.000000
vn 0.000000 0.000000 1.000000
vn 0.000000 0.000000 1.000000
vn 0.000000 0.000000 1.000000
vn 0.000000 0.000000 1.000000
vn 0.493512 0.869739 0.000000
vn 0.493512 0.869739 0.000000
vn 0.493512 0.869739 0.000000
vn 0.493512 0.869739 0.000000
vn -0.000000 0.000000 -1.000000
vn -0.000000 0.000000 -1.000000
vn -0.000000 0.000000 -1.000000
vn -0.000000 0.000000 -1.000000
vn -0.493512 -0.869739 0.000000
vn -0.493512 -0.869739 0.000000
vn -0.493512 -0.869739 0.000000
vn -0.493512 -0.869739 0.000000
vn 0.869744 -0.493503 0.000000
vn 0.869744 -0.493503 0.000000
vn 0.869744 -0.493503 0.000000
vn 0.869744 -0.493503 0.000000
vn -0.869740 0.493510 0.000000
vn -0.869740 0.493510 0.000000
vn -0.869740 0.493510 0.000000
vn -0.869740 0.493510 0.000000
vn 0.000000 0.000000 1.000000
vn 0.000000 0.000000 1.000000
vn 0.000000 0.000000 1.000000
vn 0.000000 0.000000 1.000000
vn 0.493512 0.869739 0.000000
vn 0.493512 0.869739 0.000000
vn 0.493512 0.869739 0.000000
vn 0.493512 0.869739 0.000000
vn -0.000001 0.000000 -1.000000
vn -0.000001 0.000000 -1.000000
vn -0.000001 0.000000 -1.000000
vn -0.000001 0.000000 -1.000000
vn -0.493512 -0.869739 0.000000
vn -0.493512 -0.869739 0.000000
vn -0.493512 -0.869739 0.000000
vn -0.493512 -0.869739 0.000000
vn 0.869744 -0.493503 0.000000
vn 0.869744 -0.493503 0.000000
vn 0.869744 -0.493503 0.000000
vn 0.869744 -0.493503 0.000000
vn -0.869740 0.493510 0.000000
vn -0.869740 0.493510 0.000000
vn -0.869740 0.493510 0.000000
vn -0.869740 0.493510 0.000000
vn 0.885454 0.000000 -0.464726
vn 0.568068 0.000000 -0.822981
vn 0.568068 0.000000 -0.822981
vn 0.885454 0.000000 -0.464726
vn 0.120536 0.000000 -0.992709
vn 0.120536 0.000000 -0.992709
vn -0.354611 0.000000 -0.935014
vn -0.354611 0.000000 -0.935014
vn -0.748508 0.000000 -0.663126
vn -0.748508 0.000000 -0.663126
vn -0.970940 0.000000 -0.239325
vn -0.970940 0.000000 -0.239325
vn -0.970942 0.000000 0.239314
vn -0.970942 0.000000 0.239314
vn -0.748508 0.000000 0.663126
vn -0.748508 0.000000 0.663126
vn -0.354607 0.000000 0.935015
vn -0.354607 0.000000 0.935015
vn 0.120536 0.000000 0.992709
vn 0.120536 0.000000 0.992709
vn 0.568068 0.000000 0.822981
vn 0.568068 0.000000 0.822981
vn 0.885453 0.000000 0.464729
vn 0.885453 0.000000 0.464729
vn 1.000000 0.000000 0.000000
vn 1.000000 0.000000 0.000000
vn 0.000000 -1.000000 0.000002
vn 0.000000 -1.000000 0.000004
vn 0.000000 -1.000000 0.000000
vn 0.000000 -1.000000 -0.000002
vn 0.000000 -1.000000 -0.000004
vn 0.000000 -1.000000 -0.000004
vn 0.000000 -1.000000 0.000000
vn 0.000000 -1.000000 0.000000
vn 0.000000 -1.000000 0.000000
vn 0.000000 -1.000000 0.000000
vn 0.000000 -1.000000 0.000004
vn 0.000000 -1.000000 0.000004
vn 0.000000 -1.000000 0.000000
vn 0.000000 -1.000000 0.000000
vn 0.000000 1.000000 0.000000
vn 0.000000 1.000000 0.000000
vn 0.000000 1.000000 0.000001
vn 0.000000 1.000000 0.000000
vn 0.000000 1.000000 0.000004
vn 0.000000 1.000000 0.000004
vn 0.000000 1.000000 0.000000
vn 0.000000 1.000000 0.000000
vn 0.000000 1.000000 0.000000
vn 0.000000 1.000000 0.000000
vn 0.000000 1.000000 0.000000
vn 0.000000 1.000000 0.000000
vn 0.000000 1.000000 0.000000
vn 0.000000 1.000000 0.000000
vn 0.000000 0.000000 1.000000
vn 0.000000 0.000000 1.000000
vn 0.000000 0.000000 1.000000
vn 0.000000 0.000000 1.000000
vn 0.557834 0.829953 0.000000
vn 0.557834 0.829953 0.000000
vn 0.557834 0.829953 0.000000
vn 0.557834 0.829953 0.000000
vn 0.000000 0.000000 -1.000000
vn 0.000000 0.000000 -1.000000
vn 0.000000 0.000000 -1.000000
vn 0.000000 0.000000 -1.000000
vn 0.000000 -1.000000 0.000000
vn 0.000000 -1.000000 0.000000
vn 0.000000 -1.000000 0.000000
vn 0.000000 -1.000000 0.000000
vn 1.000000 0.000000 0.000000
vn 1.000000 0.000000 0.000000
vn 1.000000 0.000000 0.000000
vn 1.000000 0.000000 0.000000
vn -1.000000 0.000000 0.000000
vn -1.000000 0.000000 0.000000
vn -1.000000 0.000000 0.000000
vn -1.000000 0.000000 0.000000
vn 0.885453 0.000000 -0.464729
vn 0.568070 0.000000 -0.822980
vn 0.568070 0.000000 -0.822980
vn 0.885453 0.000000 -0.464729
vn 0.120538 0.000000 -0.992709
vn 0.120538 0.000000 -0.992709
vn -0.354610 0.000000 -0.935014
vn -0.354610 0.000000 -0.935014
vn -0.748509 0.000000 -0.663124
vn -0.748509 0.000000 -0.663124
vn -0.970940 0.000000 -0.239325
vn -0.970940 0.000000 -0.239325
vn -0.970942 0.000000 0.239315
vn -0.970942 0.000000 0.239315
vn -0.748507 0.000000 0.663127
vn -0.748507 0.000000 0.663127
vn -0.354606 0.000000 0.935016
vn -0.354606 0.000000 0.935016
vn 0.120533 0.000000 0.992709
vn 0.120533 0.000000 0.992709
vn 0.568066 0.000000 0.822983
vn 0.568066 0.000000 0.822983
vn 0.885454 0.000000 0.464726
vn 0.885454 0.000000 0.464726
vn 1.000000 0.000000 0.000000
vn 1.000000 0.000000 0.000000
vn 0.000000 -1.000000 0.000004
vn 0.000000 -1.000000 0.000004
vn 0.000000 -1.000000 0.000000
vn 0.000000 -1.000000 -0.000001
vn 0.000000 -1.000000 0.000000
vn 0.000000 -1.000000 0.000004
vn 0.000000 -1.000000 0.000004
vn 0.000000 -1.000000 0.000000
vn 0.000000 -1.000000 0.000000
vn 0.000000 -1.000000 -0.000001
vn 0.000000 -1.000000 -0.000001
vn 0.000000 -1.000000 -0.000004
vn 0.000000 -1.000000 -0.000004
vn 0.000000 -1.000000 0.000000
vn 0.000000 1.000000 -0.000009
vn 0.000000 1.000000 -0.000004
vn 0.000000 1.000000 0.000002
vn 0.000000 1.000000 0.000006
vn 0.000000 1.000000 -0.000002
vn 0.000000 1.000000 0.000004
vn 0.000000 1.000000 0.000009
vn 0.000000 1.000000 0.000000
vn 0.000000 1.000000 0.000009
vn 0.000000 1.000000 0.000009
vn 0.000000 1.000000 -0.000002
vn 0.000000 1.000000 0.000002
vn 0.000000 1.000000 0.000004
vn 0.000000 1.000000 0.000000
vn 0.885455 0.000000 -0.464725
vn 0.568065 0.000000 -0.822983
vn 0.568065 0.000000 -0.822983
vn 0.885455 0.000000 -0.464725
vn 0.120534 0.000000 -0.992709
vn 0.120534 0.000000 -0.992709
vn -0.354607 0.000000 -0.935015
vn -0.354607 0.000000 -0.935015
vn -0.748508 0.000000 -0.663126
vn -0.748508 0.000000 -0.663126
vn -0.970940 0.000000 -0.239325
vn -0.970940 0.000000 -0.239325
vn -0.970942 0.000000 0.239314
vn -0.970942 0.000000 0.239314
vn -0.748508 0.000000 0.663126
vn -0.748508 0.000000 0.663126
vn -0.354607 0.000000 0.935015
vn -0.354607 0.000000 0.935015
vn 0.120534 0.000000 0.992709
vn 0.120534 0.000000 0.992709
vn 0.568069 0.000000 0.822981
vn 0.568069 0.000000 0.822981
vn 0.885454 0.000000 0.464727
vn 0.885454 0.000000 0.464727
vn 1.000000 0.000000 0.000000
vn 1.000000 0.000000 0.000000
vn 0.000000 -1.000000 0.000002
vn 0.000000 -1.000000 -0.000004
vn 0.000000 -1.000000 0.000000
vn 0.000000 -1.000000 0.000002
vn 0.000000 -1.000000 0.000000
vn 0.000000 -1.000000 0.000000
vn 0.000000 -1.000000 0.000000
vn 0.000000 -1.000000 0.000004
vn 0.000000 -1.000000 0.000002
vn 0.000000 -1.000000 -0.000003
vn 0.000000 -1.000000 -0.000003
vn 0.000000 -1.000000 -0.000002
vn 0.000000 -1.000000 0.000004
vn 0.000000 -1.000000 0.000000
vn 0.000000 1.000000 0.000000
vn 0.000000 1.000000 0.000000
vn 0.000000 1.000000 -0.000001
vn 0.000000 1.000000 0.000000
vn 0.000000 1.000000 0.000004
vn 0.000000 1.000000 0.000004
vn 0.000000 1.000000 0.000000
vn 0.000000 1.000000 -0.000009
vn 0.000000 1.000000 -0.000009
vn 0.000000 1.000000 0.000000
vn 0.000000 1.000000 0.000000
vn 0.000000 1.000000 0.000000
vn 0.000000 1.000000 0.000000
vn 0.000000 1.000000 0.000000
vn 0.885454 0.000000 -0.464726
vn 0.568067 0.000000 -0.822982
vn 0.568067 0.000000 -0.822982
vn 0.885454 0.000000 -0.464726
vn 0.120534 0.000000 -0.992709
vn 0.120534 0.000000 -0.992709
vn -0.354609 0.000000 -0.935015
vn -0.354609 0.000000 -0.935015
vn -0.748509 0.000000 -0.663124
vn -0.748509 0.000000 -0.663124
vn -0.970939 0.000000 -0.239325
vn -0.970939 0.000000 -0.239325
vn -0.970942 0.000000 0.239315
vn -0.970942 0.000000 0.239315
vn -0.748507 0.000000 0.663126
vn -0.748507 0.000000 0.663126
vn -0.354609 0.000000 0.935015
vn -0.354609 0.000000 0.935015
vn 0.120534 0.000000 0.992709
vn 0.120534 0.000000 0.992709
vn 0.568067 0.000000 0.822982
vn 0.568067 0.000000 0.822982
vn 0.885453 0.000000 0.464728
vn 0.885453 0.000000 0.464728
vn 1.000000 0.000000 0.000000
vn 1.000000 0.000000 0.000000
vn 0.000000 -1.000000 0.000001
vn 0.000000 -1.000000 0.000000
vn 0.000000 -1.000000 0.000000
vn 0.000000 -1.000000 0.000002
vn 0.000000 -1.000000 0.000001
vn 0.000000 -1.000000 0.000000
vn 0.000000 -1.000000 0.000000
vn 0.000000 -1.000000 0.000000
vn 0.000000 -1.000000 0.000001
vn 0.000000 -1.000000 0.000001
vn 0.000000 -1.000000 -0.000001
vn 0.000000 -1.000000 0.000000
vn 0.000000 -1.000000 0.000000
vn 0.000000 -1.000000 0.000000
vn 0.000000 1.000000 0.000000
vn 0.000000 1.000000 -0.000004
vn 0.000000 1.000000 0.000001
vn 0.000000 1.000000 -0.000006
vn 0.000000 1.000000 -0.000002
vn 0.000000 1.000000 0.000009
vn 0.000000 1.000000 0.000009
vn 0.000000 1.000000 0.000000
vn 0.000000 1.000000 0.000000
vn 0.000000 1.000000 0.000000
vn 0.000000 1.000000 0.000002
vn 0.000000 1.000000 0.000002
vn 0.000000 1.000000 0.000000
vn 0.000000 1.000000 0.000000
vn 0.885454 0.000000 -0.464726
vn 0.568067 0.000000 -0.822982
vn 0.568067 0.000000 -0.822982
vn 0.885454 0.000000 -0.464726
vn 0.120534 0.000000 -0.992709
vn 0.120534 0.000000 -0.992709
vn -0.354609 0.000000 -0.935015
vn -0.354609 0.000000 -0.935015
vn -0.748507 0.000000 -0.663126
vn -0.748507 0.000000 -0.663126
vn -0.970939 0.000000 -0.239325
vn -0.970939 0.000000 -0.239325
vn -0.970942 0.000000 0.239314
vn -0.970942 0.000000 0.239314
vn -0.748507 0.000000 0.663126
vn -0.748507 0.000000 0.663126
vn -0.354605 0.000000 0.935016
vn -0.354605 0.000000 0.935016
vn 0.120534 0.000000 0.992709
vn 0.120534 0.000000 0.992709
vn 0.568067 0.000000 0.822982
vn 0.568067 0.000000 0.822982
vn 0.885453 0.000000 0.464728
vn 0.885453 0.000000 0.464728
vn 1.000000 0.000000 0.000000
vn 1.000000 0.000000 0.000000
vn 0.000000 -1.000000 0.000001
vn 0.000000 -1.000000 0.000002
vn 0.000000 -1.000000 -0.000000
vn 0.000000 -1.000000 -0.000002
vn 0.000000 -1.000000 0.000000
vn 0.000000 -1.000000 0.000000
vn 0.000000 -1.000000 0.000000
vn 0.000000 -1.000000 -0.000002
vn 0.000000 -1.000000 -0.000002
vn 0.000000 -1.000000 0.000001
vn 0.000000 -1.000000 0.000003
vn 0.000000 -1.000000 -0.000002
vn 0.000000 -1.000000 -0.000004
vn 0.000000 -1.000000 0.000000
vn 0.000000 1.000000 0.000000
vn 0.000000 1.000000 -0.000004
vn 0.000000 1.000000 -0.000001
vn 0.000000 1.000000 0.000002
vn 0.000000 1.000000 0.000002
vn 0.000000 1.000000 -0.000004
vn 0.000000 1.000000 -0.000009
vn 0.000000 1.000000 0.000000
vn 0.000000 1.000000 0.000000
vn 0.000000 1.000000 0.000000
vn 0.000000 1.000000 -0.000002
vn 0.000000 1.000000 0.000002
vn 0.000000 1.000000 -0.000004
vn 0.000000 1.000000 0.000000
vn 0.885454 0.000000 -0.464726
vn 0.568067 0.000000 -0.822982
vn 0.568067 0.000000 -0.822982
vn 0.885454 0.000000 -0.464726
vn 0.120534 0.000000 -0.992709
vn 0.120534 0.000000 -0.992709
vn -0.354609 0.000000 -0.935015
vn -0.354609 0.000000 -0.935015
vn -0.748507 0.000000 -0.663126
vn -0.748507 0.000000 -0.663126
vn -0.970939 0.000000 -0.239325
vn -0.970939 0.000000 -0.239325
vn -0.970942 0.000000 0.239314
vn -0.970942 0.000000 0.239314
vn -0.748507 0.000000 0.663126
vn -0.748507 0.000000 0.663126
vn -0.354605 0.000000 0.935016
vn -0.354605 0.000000 0.935016
vn 0.120534 0.000000 0.992709
vn 0.120534 0.000000 0.992709
vn 0.568067 0.000000 0.822982
vn 0.568067 0.000000 0.822982
vn 0.885453 0.000000 0.464728
vn 0.885453 0.000000 0.464728
vn 1.000000 0.000000 0.000000
vn 1.000000 0.000000 0.000000
vn 0.000000 -1.000000 0.000000
vn 0.000000 -1.000000 0.000000
vn 0.000000 -1.000000 0.000000
vn 0.000000 -1.000000 0.000000
vn 0.000000 -1.000000 0.000000
vn 0.000000 -1.000000 0.000002
vn 0.000000 -1.000000 0.000002
vn 0.000000 -1.000000 0.000000
vn 0.000000 -1.000000 0.000000
vn 0.000000 -1.000000 0.000000
vn 0.000000 -1.000000 0.000000
vn 0.000000 -1.000000 0.000000
vn 0.000000 -1.000000 -0.000002
vn 0.000000 -1.000000 -0.000002
vn 0.000000 1.000000 -0.000009
vn 0.000000 1.000000 -0.000009
vn 0.000000 1.000000 -0.000001
vn 0.000000 1.000000 0.000000
vn 0.000000 1.000000 -0.000002
vn 0.000000 1.000000 -0.000002
vn 0.000000 1.000000 0.000000
vn 0.000000 1.000000 0.000000
vn 0.000000 1.000000 0.000000
vn 0.000000 1.000000 0.000000
vn 0.000000 1.000000 -0.000002
vn 0.000000 1.000000 0.000002
vn 0.000000 1.000000 0.000004
vn 0.000000 1.000000 0.000000
vn 0.885454 0.000000 -0.464726
vn 0.568067 0.000000 -0.822982
vn 0.568067 0.000000 -0.822982
vn 0.885454 0.000000 -0.464726
vn 0.120534 0.000000 -0.992709
vn 0.120534 0.000000 -0.992709
vn -0.354609 0.000000 -0.935015
vn -0.354609 0.000000 -0.935015
vn -0.748507 0.000000 -0.663126
vn -0.748507 0.000000 -0.663126
vn -0.970939 0.000000 -0.239325
vn -0.970939 0.000000 -0.239325
vn -0.970942 0.000000 0.239314
vn -0.970942 0.000000 0.239314
vn -0.748507 0.000000 0.663126
vn -0.748507 0.000000 0.663126
vn -0.354605 0.000000 0.935016
vn -0.354605 0.000000 0.935016
vn 0.120534 0.000000 0.992709
vn 0.120534 0.000000 0.992709
vn 0.568067 0.000000 0.822982
vn 0.568067 0.000000 0.822982
vn 0.885453 0.000000 0.464728
vn 0.885453 0.000000 0.464728
vn 1.000000 0.000000 0.000000
vn 1.000000 0.000000 0.000000
vn 0.000000 -1.000000 -0.000001
vn 0.000000 -1.000000 -0.000001
vn 0.000000 -1.000000 0.000000
vn 0.000000 -1.000000 -0.000001
vn 0.000000 -1.000000 0.000001
vn 0.000000 -1.000000 0.000002
vn 0.000000 -1.000000 0.000000
vn 0.000000 -1.000000 0.000000
vn 0.000000 -1.000000 0.000000
vn 0.000000 -1.000000 0.000001
vn 0.000000 -1.000000 0.000001
vn 0.000000 -1.000000 0.000002
vn 0.000000 -1.000000 0.000002
vn 0.000000 -1.000000 0.000000
vn 0.000000 1.000000 -0.000009
vn 0.000000 1.000000 0.000004
vn 0.000000 1.000000 0.000001
vn 0.000000 1.000000 0.000005
vn 0.000000 1.000000 0.000001
vn 0.000000 1.000000 0.000004
vn 0.000000 1.000000 0.000004
vn 0.000000 1.000000 0.000000
vn 0.000000 1.000000 0.000000
vn 0.000000 1.000000 0.000000
vn 0.000000 1.000000 -0.000003
vn 0.000000 1.000000 -0.000003
vn 0.000000 1.000000 0.000009
vn 0.000000 1.000000 0.000000
vn 0.885454 0.000000 -0.464727
vn 0.568068 0.000000 -0.822981
vn 0.568068 0.000000 -0.822981
vn 0.885454 0.000000 -0.464727
vn 0.120533 0.000000 -0.992709
vn 0.120533 0.000000 -0.992709
vn -0.354611 0.000000 -0.935014
vn -0.354611 0.000000 -0.935014
vn -0.748508 0.000000 -0.663126
vn -0.748508 0.000000 -0.663126
vn -0.970939 0.000000 -0.239325
vn -0.970939 0.000000 -0.239325
vn -0.970942 0.000000 0.239314
vn -0.970942 0.000000 0.239314
vn -0.748508 0.000000 0.663126
vn -0.748508 0.000000 0.663126
vn -0.354607 0.000000 0.935015
vn -0.354607 0.000000 0.935015
vn 0.120533 0.000000 0.992709
vn 0.120533 0.000000 0.992709
vn 0.568068 0.000000 0.822981
vn 0.568068 0.000000 0.822981
vn 0.885454 0.000000 0.464726
vn 0.885454 0.000000 0.464726
vn 1.000000 0.000000 0.000000
vn 1.000000 0.000000 0.000000
vn 0.000000 -1.000000 0.000002
vn 0.000000 -1.000000 0.000004
vn 0.000000 -1.000000 0.000000
vn 0.000000 -1.000000 -0.000002
vn 0.000000 -1.000000 -0.000004
vn 0.000000 -1.000000 -0.000004
vn 0.000000 -1.000000 0.000000
vn 0.000000 -1.000000 0.000000
vn 0.000000 -1.000000 0.000000
vn 0.000000 -1.000000 0.000000
vn 0.000000 -1.000000 0.000004
vn 0.000000 -1.000000 0.000004
vn 0.000000 -1.000000 0.000000
vn 0.000000 -1.000000 0.000000
vn 0.000000 1.000000 0.000000
vn 0.000000 1.000000 0.000000
vn 0.000000 1.000000 0.000001
vn 0.000000 1.000000 0.000000
vn 0.000000 1.000000 0.000004
vn 0.000000 1.000000 0.000004
vn 0.000000 1.000000 0.000000
vn 0.000000 1.000000 0.000000
vn 0.000000 1.000000 0.000000
vn 0.000000 1.000000 0.000000
vn 0.000000 1.000000 0.000000
vn 0.000000 1.000000 0.000000
vn 0.000000 1.000000 0.000000
vn 0.000000 1.000000 0.000000
vn 0.000000 0.000000 1.000000
vn 0.000000 0.000000 1.000000
vn 0.000000 0.000000 1.000000
vn 0.000000 0.000000 1.000000
vn 0.557834 0.829953 0.000000
vn 0.557834 0.829953 0.000000
vn 0.557834 0.829953 0.000000
vn 0.557834 0.829953 0.000000
vn 0.000000 0.000000 -1.000000
vn 0.000000 0.000000 -1.000000
vn 0.000000 0.000000 -1.000000
vn 0.000000 0.000000 -1.000000
vn 0.000000 -1.000000 0.000000
vn 0.000000 -1.000000 0.000000
vn 0.000000 -1.000000 0.000000
vn 0.000000 -1.000000 0.000000
vn 1.000000 0.000000 0.000000
vn 1.000000 0.000000 0.000000
vn 1.000000 0.000000 0.000000
vn 1.000000 0.000000 0.000000
vn -1.000000 0.000000 0.000000
vn -1.000000 0.000000 0.000000
vn -1.000000 0.000000 0.000000
vn -1.000000 0.000000 0.000000
vn 0.885454 0.000000 -0.464727
vn 0.568067 0.000000 -0.822983
vn 0.568067 0.000000 -0.822983
vn 0.885454 0.000000 -0.464727
vn 0.120536 0.000000 -0.992709
vn 0.120536 0.000000 -0.992709
vn -0.354608 0.000000 -0.935015
vn -0.354608 0.000000 -0.935015
vn -0.748508 0.000000 -0.663125
vn -0.748508 0.000000 -0.663125
vn -0.970939 0.000000 -0.239325
vn -0.970939 0.000000 -0.239325
vn -0.970942 0.000000 0.239314
vn -0.970942 0.000000 0.239314
vn -0.748508 0.000000 0.663125
vn -0.748508 0.000000 0.663125
vn -0.354607 0.000000 0.935016
vn -0.354607 0.000000 0.935016
vn 0.120533 0.000000 0.992709
vn 0.120533 0.000000 0.992709
vn 0.568067 0.000000 0.822983
vn 0.568067 0.000000 0.822983
vn 0.885454 0.000000 0.464726
vn 0.885454 0.000000 0.464726
vn 1.000000 0.000000 0.000000
vn 1.000000 0.000000 0.000000
vn 0.000000 -1.000000 0.000004
vn 0.000000 -1.000000 0.000004
vn 0.000000 -1.000000 0.000000
vn 0.000000 -1.000000 -0.000001
vn 0.000000 -1.000000 0.000000
vn 0.000000 -1.000000 0.000004
vn 0.000000 -1.000000 0.000004
vn 0.000000 -1.000000 0.000000
vn 0.000000 -1.000000 0.000000
vn 0.000000 -1.000000 -0.000001
vn 0.000000 -1.000000 -0.000001
vn 0.000000 -1.000000 -0.000004
vn 0.000000 -1.000000 -0.000004
vn 0.000000 -1.000000 0.000000
vn 0.000000 1.000000 0.000009
vn 0.000000 1.000000 0.000000
vn 0.000000 1.000000 -0.000000
vn 0.000000 1.000000 -0.000001
vn 0.000000 1.000000 -0.000005
vn 0.000000 1.000000 -0.000004
vn 0.000000 1.000000 0.000000
vn 0.000000 1.000000 0.000000
vn 0.000000 1.000000 0.000000
vn 0.000000 1.000000 0.000000
vn 0.000000 1.000000 -0.000001
vn 0.000000 1.000000 0.000003
vn 0.000000 1.000000 -0.000004
vn 0.000000 1.000000 0.000000
vn 0.885454 0.000000 -0.464728
vn 0.568067 0.000000 -0.822982
vn 0.568067 0.000000 -0.822982
vn 0.885454 0.000000 -0.464728
vn 0.120536 0.000000 -0.992709
vn 0.120536 0.000000 -0.992709
vn -0.354611 0.000000 -0.935014
vn -0.354611 0.000000 -0.935014
vn -0.748509 0.000000 -0.663125
vn -0.748509 0.000000 -0.663125
vn -0.970939 0.000000 -0.239325
vn -0.970939 0.000000 -0.239325
vn -0.970942 0.000000 0.239314
vn -0.970942 0.000000 0.239314
vn -0.748508 0.000000 0.663126
vn -0.748508 0.000000 0.663126
vn -0.354605 0.000000 0.935016
vn -0.354605 0.000000 0.935016
vn 0.120534 0.000000 0.992709
vn 0.120534 0.000000 0.992709
vn 0.568067 0.000000 0.822982
vn 0.568067 0.000000 0.822982
vn 0.885454 0.000000 0.464726
vn 0.885454 0.000000 0.464726
vn 1.000000 0.000000 0.000000
vn 1.000000 0.000000 0.000000
vn 0.000000 -1.000000 -0.000002
vn 0.000000 -1.000000 -0.000002
vn 0.000000 -1.000000 -0.000000
vn 0.000000 -1.000000 0.000000
vn 0.000000 -1.000000 0.000000
vn 0.000000 -1.000000 0.000000
vn 0.000000 -1.000000 0.000000
vn 0.000000 -1.000000 0.000004
vn 0.000000 -1.000000 0.000002
vn 0.000000 -1.000000 -0.000002
vn 0.000000 -1.000000 0.000000
vn 0.000000 -1.000000 0.000000
vn 0.000000 -1.000000 0.000000
vn 0.000000 -1.000000 0.000000
vn 0.000000 1.000000 0.000000
vn 0.000000 1.000000 0.000000
vn 0.000000 1.000000 -0.000001
vn 0.000000 1.000000 0.000000
vn 0.000000 1.000000 0.000004
vn 0.000000 1.000000 0.000004
vn 0.000000 1.000000 0.000000
vn 0.000000 1.000000 -0.000009
vn 0.000000 1.000000 -0.000009
vn 0.000000 1.000000 0.000000
vn 0.000000 1.000000 0.000000
vn 0.000000 1.000000 0.000000
vn 0.000000 1.000000 0.000000
vn 0.000000 1.000000 0.000000
vn 0.885454 0.000000 -0.464727
vn 0.568067 0.000000 -0.822982
vn 0.568067 0.000000 -0.822982
vn 0.885454 0.000000 -0.464727
vn 0.120534 0.000000 -0.992709
vn 0.120534 0.000000 -0.992709
vn -0.354609 0.000000 -0.935015
vn -0.354609 0.000000 -0.935015
vn -0.748508 0.000000 -0.663125
vn -0.748508 0.000000 -0.663125
vn -0.970939 0.000000 -0.239325
vn -0.970939 0.000000 -0.239325
vn -0.970942 0.000000 0.239314
vn -0.970942 0.000000 0.239314
vn -0.748508 0.000000 0.663125
vn -0.748508 0.000000 0.663125
vn -0.354605 0.000000 0.935016
vn -0.354605 0.000000 0.935016
vn 0.120537 0.000000 0.992709
vn 0.120537 0.000000 0.992709
vn 0.568067 0.000000 0.822982
vn 0.568067 0.000000 0.822982
vn 0.885454 0.000000 0.464727
vn 0.885454 0.000000 0.464727
vn 1.000000 0.000000 0.000000
vn 1.000000 0.000000 0.000000
vn 0.000000 -1.000000 0.000000
vn 0.000000 -1.000000 0.000000
vn 0.000000 -1.000000 0.000000
vn 0.000000 -1.000000 0.000001
vn 0.000000 -1.000000 0.000001
vn 0.000000 -1.000000 0.000000
vn 0.000000 -1.000000 0.000000
vn 0.000000 -1.000000 0.000000
vn 0.000000 -1.000000 0.000001
vn 0.000000 -1.000000 0.000000
vn 0.000000 -1.000000 -0.000001
vn 0.000000 -1.000000 0.000000
vn 0.000000 -1.000000 0.000000
vn 0.000000 -1.000000 0.000000
vn 0.000000 1.000000 0.000000
vn 0.000000 1.000000 -0.000004
vn 0.000000 1.000000 0.000001
vn 0.000000 1.000000 -0.000006
vn 0.000000 1.000000 -0.000002
vn 0.000000 1.000000 0.000009
vn 0.000000 1.000000 0.000009
vn 0.000000 1.000000 0.000000
vn 0.000000 1.000000 0.000000
vn 0.000000 1.000000 0.000000
vn 0.000000 1.000000 0.000002
vn 0.000000 1.000000 0.000002
vn 0.000000 1.000000 0.000000
vn 0.000000 1.000000 0.000000
vn 0.885454 0.000000 -0.464727
vn 0.568067 0.000000 -0.822982
vn 0.568067 0.000000 -0.822982
vn 0.885454 0.000000 -0.464727
vn 0.120534 0.000000 -0.992709
vn 0.120534 0.000000 -0.992709
vn -0.354611 0.000000 -0.935014
vn -0.354611 0.000000 -0.935014
vn -0.748508 0.000000 -0.663125
vn -0.748508 0.000000 -0.663125
vn -0.970939 0.000000 -0.239326
vn -0.970939 0.000000 -0.239326
vn -0.970942 0.000000 0.239314
vn -0.970942 0.000000 0.239314
vn -0.748508 0.000000 0.663125
vn -0.748508 0.000000 0.663125
vn -0.354607 0.000000 0.935015
vn -0.354607 0.000000 0.935015
vn 0.120534 0.000000 0.992709
vn 0.120534 0.000000 0.992709
vn 0.568067 0.000000 0.822982
vn 0.568067 0.000000 0.822982
vn 0.885454 0.000000 0.464727
vn 0.885454 0.000000 0.464727
vn 1.000000 0.000000 0.000000
vn 1.000000 0.000000 0.000000
vn 0.000000 -1.000000 0.000001
vn 0.000000 -1.000000 0.000002
vn 0.000000 -1.000000 -0.000000
vn 0.000000 -1.000000 -0.000002
vn 0.000000 -1.000000 0.000000
vn 0.000000 -1.000000 0.000000
vn 0.000000 -1.000000 0.000000
vn 0.000000 -1.000000 -0.000002
vn 0.000000 -1.000000 -0.000002
vn 0.000000 -1.000000 0.000001
vn 0.000000 -1.000000 0.000003
vn 0.000000 -1.000000 -0.000002
vn 0.000000 -1.000000 -0.000004
vn 0.000000 -1.000000 0.000000
vn 0.000000 1.000000 0.000000
vn 0.000000 1.000000 -0.000004
vn 0.000000 1.000000 -0.000001
vn 0.000000 1.000000 0.000002
vn 0.000000 1.000000 0.000002
vn 0.000000 1.000000 -0.000004
vn 0.000000 1.000000 -0.000009
vn 0.000000 1.000000 0.000000
vn 0.000000 1.000000 0.000000
vn 0.000000 1.000000 0.000000
vn 0.000000 1.000000 -0.000002
vn 0.000000 1.000000 0.000002
vn 0.000000 1.000000 -0.000004
vn 0.000000 1.000000 0.000000
vn 0.885454 0.000000 -0.464727
vn 0.568067 0.000000 -0.822982
vn 0.568067 0.000000 -0.822982
vn 0.885454 0.000000 -0.464727
vn 0.120534 0.000000 -0.992709
vn 0.120534 0.000000 -0.992709
vn -0.354611 0.000000 -0.935014
vn -0.354611 0.000000 -0.935014
vn -0.748508 0.000000 -0.663125
vn -0.748508 0.000000 -0.663125
vn -0.970939 0.000000 -0.239326
vn -0.970939 0.000000 -0.239326
vn -0.970942 0.000000 0.239314
vn -0.970942 0.000000 0.239314
vn -0.748508 0.000000 0.663125
vn -0.748508 0.000000 0.663125
vn -0.354607 0.000000 0.935015
vn -0.354607 0.000000 0.935015
vn 0.120534 0.000000 0.992709
vn 0.120534 0.000000 0.992709
vn 0.568067 0.000000 0.822982
vn 0.568067 0.000000 0.822982
vn 0.885454 0.000000 0.464727
vn 0.885454 0.000000 0.464727
vn 1.000000 0.000000 0.000000
vn 1.000000 0.000000 0.000000
vn 0.000000 -1.000000 0.000000
vn 0.000000 -1.000000 0.000000
vn 0.000000 -1.000000 0.000000
vn 0.000000 -1.000000 0.000000
vn 0.000000 -1.000000 0.000000
vn 0.000000 -1.000000 0.000002
vn 0.000000 -1.000000 0.000002
vn 0.000000 -1.000000 0.000000
vn 0.000000 -1.000000 0.000000
vn 0.000000 -1.000000 0.000000
vn 0.000000 -1.000000 0.000000
vn 0.000000 -1.000000 0.000000
vn 0.000000 -1.000000 -0.000002
vn 0.000000 -1.000000 -0.000002
vn 0.000000 1.000000 -0.000009
vn 0.000000 1.000000 -0.000009
vn 0.000000 1.000000 -0.000001
vn 0.000000 1.000000 0.000000
vn 0.000000 1.000000 -0.000002
vn 0.000000 1.000000 -0.000002
vn 0.000000 1.000000 0.000000
vn 0.000000 1.000000 0.000000
vn 0.000000 1.000000 0.000000
vn 0.000000 1.000000 0.000000
vn 0.000000 1.000000 -0.000002
vn 0.000000 1.000000 0.000002
vn 0.000000 1.000000 0.000004
vn 0.000000 1.000000 0.000000
vn 0.885454 0.000000 -0.464727
vn 0.568067 0.000000 -0.822982
vn 0.568067 0.000000 -0.822982
vn 0.885454 0.000000 -0.464727
vn 0.120534 0.000000 -0.992709
vn 0.120534 0.000000 -0.992709
vn -0.354611 0.000000 -0.935014
vn -0.354611 0.000000 -0.935014
vn -0.748508 0.000000 -0.663125
vn -0.748508 0.000000 -0.663125
vn -0.970939 0.000000 -0.239326
vn -0.970939 0.000000 -0.239326
vn -0.970942 0.000000 0.239314
vn -0.970942 0.000000 0.239314
vn -0.748508 0.000000 0.663125
vn -0.748508 0.000000 0.663125
vn -0.354607 0.000000 0.935015
vn -0.354607 0.000000 0.935015
vn 0.120534 0.000000 0.992709
vn 0.120534 0.000000 0.992709
vn 0.568067 0.000000 0.822982
vn 0.568067 0.000000 0.822982
vn 0.885454 0.000000 0.464727
vn 0.885454 0.000000 0.464727
vn 1.000000 0.000000 0.000000
vn 1.000000 0.000000 0.000000
vn 0.000000 -1.000000 -0.000001
vn 0.000000 -1.000000 -0.000001
vn 0.000000 -1.000000 0.000000
vn 0.000000 -1.000000 -0.000001
vn 0.000000 -1.000000 0.000001
vn 0.000000 -1.000000 0.000002
vn 0.000000 -1.000000 0.000000
vn 0.000000 -1.000000 0.000000
vn 0.000000 -1.000000 0.000000
vn 0.000000 -1.000000 0.000001
vn 0.000000 -1.000000 0.000001
vn 0.000000 -1.000000 0.000002
vn 0.000000 -1.000000 0.000002
vn 0.000000 -1.000000 0.000000
vn 0.000000 1.000000 -0.000009
vn 0.000000 1.000000 0.000004
vn 0.000000 1.000000 0.000001
vn 0.000000 1.000000 0.000005
vn 0.000000 1.000000 0.000001
vn 0.000000 1.000000 0.000004
vn 0.000000 1.000000 0.000004
vn 0.000000 1.000000 0.000000
vn 0.000000 1.000000 0.000000
vn 0.000000 1.000000 0.000000
vn 0.000000 1.000000 -0.000003
vn 0.000000 1.000000 -0.000003
vn 0.000000 1.000000 0.000009
vn 0.000000 1.000000 0.000000
vn 0.000000 -0.815953 0.578118
vn 0.000000 -0.815953 0.578118
vn 0.000000 -0.815953 0.578119
vn 0.000000 -0.815953 0.578119
vn 0.554505 -0.832181 0.000000
vn 0.554505 -0.832181 0.000000
vn 0.554505 -0.832181 0.000000
vn 0.554505 -0.832181 0.000000
vn 0.000000 -0.815953 -0.578118
vn 0.000000 -0.815953 -0.578118
vn 0.000000 -0.815953 -0.578119
vn 0.000000 -0.815953 -0.578119
vn -0.554510 -0.832177 0.000000
vn -0.554510 -0.832177 0.000000
vn -0.554510 -0.832177 0.000000
vn -0.554510 -0.832177 0.000000
vn 0.000000 -0.815969 0.578096
vn 0.000000 -0.815969 0.578096
vn 0.000000 -0.815969 0.578096
vn 0.000000 -0.815969 0.578096
vn 0.554505 -0.832180 0.000000
vn 0.554505 -0.832180 0.000000
vn 0.554505 -0.832180 0.000000
vn 0.554505 -0.832180 0.000000
vn 0.000000 -0.815969 -0.578096
vn 0.000000 -0.815969 -0.578096
vn 0.000000 -0.815969 -0.578096
vn 0.000000 -0.815969 -0.578096
vn -0.554510 -0.832177 0.000000
vn -0.554510 -0.832177 0.000000
vn -0.554510 -0.832177 0.000000
vn -0.554510 -0.832177 0.000000
vn 0.000000 0.000000 1.000000
vn 0.000000 0.000000 1.000000
vn 0.000000 0.000000 1.000000
vn 0.000000 0.000000 1.000000
vn 1.000000 0.000000 0.000000
vn 1.000000 0.000000 0.000000
vn 1.000000 0.000000 0.000000
vn 1.000000 0.000000 0.000000
vn 0.000000 0.000000 -1.000000
vn 0.000000 0.000000 -1.000000
vn 0.000000 0.000000 -1.000000
vn 0.000000 0.000000 -1.000000
vn -1.000000 0.000000 0.000000
vn -1.000000 0.000000 0.000000
vn -1.000000 0.000000 0.000000
vn -1.000000 0.000000 0.000000
vn 0.000000 0.000000 1.000000
vn 0.000000 0.000000 1.000000
vn 0.000000 0.000000 1.000000
vn 0.000000 0.000000 1.000000
vn 1.000000 0.000000 0.000000
vn 1.000000 0.000000 0.000000
vn 1.000000 0.000000 0.000000
vn 1.000000 0.000000 0.000000
vn 0.000000 0.000000 -1.000000
vn 0.000000 0.000000 -1.000000
vn 0.000000 0.000000 -1.000000
vn 0.000000 0.000000 -1.000000
vn -1.000000 0.000000 0.000000
vn -1.000000 0.000000 0.000000
vn -1.000000 0.000000 0.000000
vn -1.000000 0.000000 0.000000
vn 0.000000 0.868814 0.495139
vn 0.000000 0.868814 0.495139
vn 0.000000 0.868814 0.495139
vn 0.000000 0.868814 0.495139
vn 0.472400 0.881384 0.000000
vn 0.472400 0.881384 0.000000
vn 0.472400 0.881384 0.000000
vn 0.472400 0.881384 0.000000
vn 0.000000 0.868814 -0.495139
vn 0.000000 0.868814 -0.495139
vn 0.000000 0.868814 -0.495139
vn 0.000000 0.868814 -0.495139
vn -0.472404 0.881382 0.000000
vn -0.472404 0.881382 0.000000
vn -0.472404 0.881382 0.000000
vn -0.472404 0.881382 0.000000
vn 0.000000 0.868814 0.495139
vn 0.000000 0.868814 0.495139
vn 0.000000 0.868814 0.495139
vn 0.000000 0.868814 0.495139
vn 0.472398 0.881385 0.000000
vn 0.472398 0.881385 0.000000
vn 0.472398 0.881385 0.000000
vn 0.472398 0.881385 0.000000
vn 0.000000 0.868814 -0.495139
vn 0.000000 0.868814 -0.495139
vn 0.000000 0.868814 -0.495139
vn 0.000000 0.868814 -0.495139
vn -0.472401 0.881383 0.000000
vn -0.472401 0.881383 0.000000
vn -0.472401 0.881384 0.000000
vn -0.472401 0.881384 0.000000
vn 0.000000 0.914198 0.405267
vn 0.000000 0.914198 0.405267
vn 0.000000 0.914198 0.405267
vn 0.000000 0.914198 0.405267
vn 0.384827 0.922989 0.000000
vn 0.384827 0.922989 0.000000
vn 0.384827 0.922989 0.000000
vn 0.384827 0.922989 0.000000
vn 0.000000 0.914198 -0.405267
vn 0.000000 0.914198 -0.405267
vn 0.000000 0.914198 -0.405267
vn 0.000000 0.914198 -0.405267
vn -0.384827 0.922989 0.000000
vn -0.384827 0.922989 0.000000
vn -0.384827 0.922989 0.000000
vn -0.384827 0.922989 0.000000
vn 0.000000 0.914197 0.405270
vn 0.000000 0.914197 0.405270
vn 0.000000 0.914197 0.405270
vn 0.000000 0.914197 0.405270
vn 0.384829 0.922988 0.000000
vn 0.384829 0.922988 0.000000
vn 0.384829 0.922988 0.000000
vn 0.384829 0.922988 0.000000
vn 0.000000 0.914197 -0.405269
vn 0.000000 0.914197 -0.405269
vn 0.000000 0.914197 -0.405269
vn 0.000000 0.914197 -0.405269
vn -0.384827 0.922988 0.000000
vn -0.384827 0.922988 0.000000
vn -0.384827 0.922988 0.000000
vn -0.384827 0.922988 0.000000
vn 1.000000 0.000000 0.000000
vn 1.000000 0.000000 0.000000
vn 1.000000 0.000000 0.000000
vn 1.000000 0.000000 0.000000
vn 0.000000 1.000000 0.000000
vn 0.000000 1.000000 0.000000
vn 0.000000 1.000000 0.000000
vn 0.000000 1.000000 0.000000
vn -1.000000 0.000000 0.000000
vn -1.000000 0.000000 0.000000
vn -1.000000 0.000000 0.000000
vn -1.000000 0.000000 0.000000
vn 0.000000 -1.000000 0.000000
vn 0.000000 -1.000000 0.000000
vn 0.000000 -1.000000 0.000000
vn 0.000000 -1.000000 0.000000
vn 0.000000 0.000000 -1.000000
vn 0.000000 0.000000 -1.000000
vn 0.000000 0.000000 -1.000000
vn 0.000000 0.000000 -1.000000
vn 0.000000 0.000000 1.000000
vn 0.000000 0.000000 1.000000
vn 0.000000 0.000000 1.000000
vn 0.000000 0.000000 1.000000
vn 0.000000 -0.018620 -0.999827
vn 0.000000 -0.018620 -0.999827
vn 0.000000 -0.018620 -0.999827
vn 0.000000 -0.018620 -0.999827
vn 0.000000 0.291576 0.956548
vn 0.000000 0.291576 0.956548
vn 0.000000 0.291576 0.956548
vn 0.000000 0.291576 0.956548
vn 0.000000 -0.996410 -0.084660
vn 0.000000 -0.996410 -0.084660
vn 0.000000 -0.996410 -0.084660
vn 0.000000 -0.996410 -0.084660
vn 0.000000 -0.273532 -0.961863
vn 0.000000 -0.273532 -0.961863
vn 0.000000 -0.273532 -0.961863
vn 0.000000 -0.273532 -0.961863
vn -1.000000 0.000000 0.000000
vn -1.000000 0.000000 0.000000
vn -1.000000 0.000000 0.000000
vn -1.000000 0.000000 0.000000
vn -1.000000 0.000000 0.000000
vn 1.000000 0.000001 0.000000
vn 1.000000 0.000001 0.000000
vn 1.000000 0.000001 0.000000
vn 1.000000 0.000001 0.000000
vn 1.000000 0.000001 0.000000
vn 0.000000 0.999424 -0.033934
vn 0.000000 0.999424 -0.033934
vn 0.000000 0.999424 -0.033934
vn 0.000000 0.999424 -0.033934
vn 0.000000 -0.018620 -0.999827
vn 0.000000 -0.018620 -0.999827
vn 0.000000 -0.018620 -0.999827
vn 0.000000 -0.018620 -0.999827
vn 0.000000 0.291576 0.956547
vn 0.000000 0.291576 0.956547
vn 0.000000 0.291576 0.956547
vn 0.000000 0.291576 0.956547
vn 0.000000 -0.996410 -0.084660
vn 0.000000 -0.996410 -0.084660
vn 0.000000 -0.996410 -0.084660
vn 0.000000 -0.996410 -0.084660
vn 0.000000 -0.273532 -0.961863
vn 0.000000 -0.273532 -0.961863
vn 0.000000 -0.273532 -0.961863
vn 0.000000 -0.273532 -0.961863
vn -1.000000 0.000000 0.000000
vn -1.000000 0.000000 0.000000
vn -1.000000 0.000000 0.000000
vn -1.000000 0.000000 0.000000
vn -1.000000 0.000000 0.000000
vn 1.000000 -0.000000 0.000000
vn 1.000000 -0.000000 0.000000
vn 1.000000 -0.000000 0.000000
vn 1.000000 -0.000000 0.000000
vn 1.000000 -0.000000 0.000000
vn 0.000000 0.999424 -0.033934
vn 0.000000 0.999424 -0.033934
vn 0.000000 0.999424 -0.033934
vn 0.000000 0.999424 -0.033934
vn 0.000000 -0.018626 0.999826
vn 0.000000 -0.018626 0.999826
vn 0.000000 -0.018626 0.999826
vn 0.000000 -0.018626 0.999826
vn 0.000000 0.291576 -0.956548
vn 0.000000 0.291576 -0.956548
vn 0.000000 0.291576 -0.956548
vn 0.000000 0.291576 -0.956548
vn 0.000000 -0.996410 0.084661
vn 0.000000 -0.996410 0.084661
vn 0.000000 -0.996410 0.084661
vn 0.000000 -0.996410 0.084661
vn 0.000000 -0.273532 0.961863
vn 0.000000 -0.273532 0.961863
vn 0.000000 -0.273532 0.961863
vn 0.000000 -0.273532 0.961863
vn 1.000000 -0.000001 0.000000
vn 1.000000 -0.000001 0.000000
vn 1.000000 -0.000001 0.000000
vn 1.000000 -0.000001 0.000000
vn 1.000000 -0.000001 0.000000
vn -1.000000 -0.000001 0.000000
vn -1.000000 -0.000001 0.000000
vn -1.000000 -0.000001 0.000000
vn -1.000000 -0.000001 0.000000
vn -1.000000 -0.000001 0.000000
vn 0.000000 0.999424 0.033932
vn 0.000000 0.999424 0.033932
vn 0.000000 0.999424 0.033932
vn 0.000000 0.999424 0.033932
vn 0.000000 -0.018626 0.999826
vn 0.000000 -0.018626 0.999826
vn 0.000000 -0.018626 0.999826
vn 0.000000 -0.018626 0.999826
vn 0.000000 0.291576 -0.956547
vn 0.000000 0.291576 -0.956547
vn 0.000000 0.291576 -0.956547
vn 0.000000 0.291576 -0.956547
vn 0.000000 -0.996410 0.084661
vn 0.000000 -0.996410 0.084661
vn 0.000000 -0.996410 0.084661
vn 0.000000 -0.996410 0.084661
vn 0.000000 -0.273532 0.961863
vn 0.000000 -0.273532 0.961863
vn 0.000000 -0.273532 0.961863
vn 0.000000 -0.273532 0.961863
vn 1.000000 -0.000000 0.000000
vn 1.000000 -0.000000 0.000000
vn 1.000000 -0.000000 0.000000
vn 1.000000 -0.000000 0.000000
vn 1.000000 -0.000000 0.000000
vn -1.000000 -0.000000 0.000000
vn -1.000000 -0.000000 0.000000
vn -1.000000 -0.000000 0.000000
vn -1.000000 -0.000000 0.000000
vn -1.000000 -0.000000 0.000000
vn 0.000000 0.999424 0.033934
vn 0.000000 0.999424 0.033934
vn 0.000000 0.999424 0.033934
vn 0.000000 0.999424 0.033934
vn 0.000000 0.267515 0.963554
vn 0.000000 0.267515 0.963554
vn 0.000000 0.267515 0.963554
vn 0.000000 0.267515 0.963554
vn 0.000000 1.000000 0.000000
vn 0.000000 1.000000 0.000000
vn 0.000000 1.000000 0.000000
vn 0.000000 1.000000 0.000000
vn 0.000000 0.239445 -0.970910
vn 0.000000 0.239445 -0.970910
vn 0.000000 0.239445 -0.970910
vn 0.000000 0.239445 -0.970910
vn 0.000000 -1.000000 0.000000
vn 0.000000 -1.000000 0.000000
vn 0.000000 -1.000000 0.000000
vn 0.000000 -1.000000 0.000000
vn 1.000000 0.000001 0.000000
vn 1.000000 0.000001 0.000000
vn 1.000000 0.000001 0.000000
vn 1.000000 0.000001 0.000000
vn -1.000000 -0.000001 0.000000
vn -1.000000 -0.000001 0.000000
vn -1.000000 -0.000001 0.000000
vn -1.000000 -0.000001 0.000000
vn 0.000000 0.267515 0.963554
vn 0.000000 0.267515 0.963554
vn 0.000000 0.267515 0.963554
vn 0.000000 0.267515 0.963554
vn 0.000000 1.000000 0.000000
vn 0.000000 1.000000 0.000000
vn 0.000000 1.000000 0.000000
vn 0.000000 1.000000 0.000000
vn 0.000000 0.239445 -0.970910
vn 0.000000 0.239445 -0.970910
vn 0.000000 0.239445 -0.970910
vn 0.000000 0.239445 -0.970910
vn 0.000000 -1.000000 0.000000
vn 0.000000 -1.000000 0.000000
vn 0.000000 -1.000000 0.000000
vn 0.000000 -1.000000 0.000000
vn 1.000000 0.000001 0.000000
vn 1.000000 0.000001 0.000000
vn 1.000000 0.000001 0.000000
vn 1.000000 0.000001 0.000000
vn -1.000000 -0.000001 0.000000
vn -1.000000 -0.000001 0.000000
vn -1.000000 -0.000001 0.000000
vn -1.000000 -0.000001 0.000000
vn 0.992837 0.000000 -0.119479
vn 0.992837 0.000000 -0.119479
vn 0.992837 0.000000 -0.119479
vn 0.992837 0.000000 -0.119479
vn 0.000000 1.000000 -0.000001
vn 0.000000 1.000000 -0.000001
vn 0.000000 1.000000 -0.000001
vn 0.000000 1.000000 -0.000001
vn -0.992837 0.000000 0.119478
vn -0.992837 0.000000 0.119478
vn -0.992837 0.000000 0.119478
vn -0.992837 0.000000 0.119478
vn 0.000000 -1.000000 0.000000
vn 0.000000 -1.000000 0.000000
vn 0.000000 -1.000000 0.000000
vn 0.000000 -1.000000 0.000000
vn -0.119478 0.000000 -0.992837
vn -0.119478 0.000000 -0.992837
vn -0.119478 0.000000 -0.992837
vn -0.119478 0.000000 -0.992837
vn 0.119478 0.000000 0.992837
vn 0.119478 0.000000 0.992837
vn 0.119478 0.000000 0.992837
vn 0.119478 0.000000 0.992837
vn -0.119465 -0.018617 -0.992664
vn -0.119465 -0.018617 -0.992664
vn -0.119465 -0.018617 -0.992664
vn -0.119465 -0.018617 -0.992664
vn 0.114283 0.291577 0.949696
vn 0.114283 0.291577 0.949696
vn 0.114283 0.291577 0.949696
vn 0.114283 0.291577 0.949696
vn -0.010116 -0.996410 -0.084054
vn -0.010116 -0.996410 -0.084054
vn -0.010116 -0.996410 -0.084054
vn -0.010116 -0.996410 -0.084054
vn -0.114927 -0.273533 -0.954972
vn -0.114927 -0.273533 -0.954972
vn -0.114927 -0.273533 -0.954972
vn -0.114927 -0.273533 -0.954972
vn -0.992836 0.000002 0.119482
vn -0.992836 0.000002 0.119482
vn -0.992836 0.000002 0.119482
vn -0.992836 0.000002 0.119482
vn -0.992836 0.000002 0.119482
vn 0.992837 0.000001 -0.119476
vn 0.992837 0.000001 -0.119476
vn 0.992837 0.000001 -0.119476
vn 0.992837 0.000001 -0.119476
vn 0.992837 0.000001 -0.119476
vn -0.004054 0.999424 -0.033687
vn -0.004054 0.999424 -0.033687
vn -0.004054 0.999424 -0.033687
vn -0.004054 0.999424 -0.033687
vn -0.119448 -0.018617 -0.992666
vn -0.119448 -0.018617 -0.992666
vn -0.119448 -0.018617 -0.992666
vn -0.119448 -0.018617 -0.992666
vn 0.114283 0.291577 0.949696
vn 0.114283 0.291577 0.949696
vn 0.114283 0.291577 0.949696
vn 0.114283 0.291576 0.949696
vn -0.010114 -0.996410 -0.084054
vn -0.010114 -0.996410 -0.084054
vn -0.010114 -0.996410 -0.084054
vn -0.010114 -0.996410 -0.084054
vn -0.114918 -0.273532 -0.954973
vn -0.114918 -0.273532 -0.954973
vn -0.114918 -0.273532 -0.954973
vn -0.114918 -0.273532 -0.954973
vn -0.992837 0.000001 0.119477
vn -0.992837 0.000001 0.119477
vn -0.992837 0.000001 0.119477
vn -0.992837 0.000001 0.119477
vn -0.992837 0.000001 0.119477
vn 0.992837 -0.000000 -0.119477
vn 0.992837 -0.000000 -0.119477
vn 0.992837 -0.000000 -0.119477
vn 0.992837 -0.000000 -0.119477
vn 0.992837 -0.000000 -0.119477
vn -0.004054 0.999424 -0.033693
vn -0.004054 0.999424 -0.033693
vn -0.004054 0.999424 -0.033693
vn -0.004054 0.999424 -0.033693
vn 0.119454 -0.018623 0.992665
vn 0.119454 -0.018623 0.992665
vn 0.119454 -0.018623 0.992665
vn 0.119454 -0.018623 0.992665
vn -0.114283 0.291576 -0.949696
vn -0.114283 0.291576 -0.949696
vn -0.114283 0.291576 -0.949696
vn -0.114283 0.291576 -0.949696
vn 0.010115 -0.996410 0.084055
vn 0.010115 -0.996410 0.084055
vn 0.010115 -0.996410 0.084055
vn 0.010115 -0.996410 0.084055
vn 0.114917 -0.273533 0.954973
vn 0.114917 -0.273532 0.954973
vn 0.114917 -0.273533 0.954973
vn 0.114917 -0.273532 0.954973
vn 0.992836 0.000000 -0.119481
vn 0.992837 0.000000 -0.119481
vn 0.992836 0.000000 -0.119481
vn 0.992836 0.000000 -0.119481
vn 0.992836 0.000000 -0.119481
vn -0.992837 0.000000 0.119477
vn -0.992837 0.000000 0.119477
vn -0.992837 0.000000 0.119477
vn -0.992837 0.000000 0.119477
vn -0.992837 0.000000 0.119477
vn 0.004054 0.999424 0.033691
vn 0.004054 0.999424 0.033691
vn 0.004054 0.999424 0.033691
vn 0.004054 0.999424 0.033691
vn 0.119454 -0.018623 0.992665
vn 0.119454 -0.018623 0.992665
vn 0.119454 -0.018623 0.992665
vn 0.119454 -0.018623 0.992665
vn -0.114283 0.291577 -0.949696
vn -0.114283 0.291577 -0.949696
vn -0.114283 0.291577 -0.949696
vn -0.114283 0.291577 -0.949696
vn 0.010115 -0.996410 0.084054
vn 0.010115 -0.996410 0.084054
vn 0.010115 -0.996410 0.084054
vn 0.010115 -0.996410 0.084054
vn 0.114918 -0.273532 0.954973
vn 0.114918 -0.273532 0.954973
vn 0.114918 -0.273532 0.954973
vn 0.114918 -0.273532 0.954973
vn 0.992837 -0.000001 -0.119477
vn 0.992837 -0.000001 -0.119477
vn 0.992837 -0.000001 -0.119477
vn 0.992837 -0.000001 -0.119477
vn 0.992837 -0.000001 -0.119477
vn -0.992837 0.000001 0.119476
vn -0.992837 0.000001 0.119476
vn -0.992837 0.000001 0.119476
vn -0.992837 0.000001 0.119476
vn -0.992837 0.000001 0.119476
vn 0.004054 0.999424 0.033686
vn 0.004054 0.999424 0.033686
vn 0.004054 0.999424 0.033686
vn 0.004054 0.999424 0.033686
vn 0.115121 0.267519 0.956651
vn 0.115121 0.267519 0.956651
vn 0.115121 0.267519 0.956651
vn 0.115121 0.267519 0.956651
vn 0.000000 1.000000 -0.000000
vn 0.000000 1.000000 -0.000000
vn 0.000000 1.000000 -0.000000
vn 0.000000 1.000000 -0.000000
vn -0.115999 0.239440 -0.963957
vn -0.115999 0.239440 -0.963957
vn -0.115999 0.239440 -0.963957
vn -0.115999 0.239440 -0.963957
vn 0.000000 -1.000000 0.000000
vn 0.000000 -1.000000 0.000000
vn 0.000000 -1.000000 0.000000
vn 0.000000 -1.000000 0.000000
vn 0.992837 -0.000003 -0.119477
vn 0.992837 -0.000003 -0.119477
vn 0.992837 -0.000003 -0.119477
vn 0.992837 -0.000003 -0.119477
vn -0.992837 0.000002 0.119479
vn -0.992837 0.000002 0.119479
vn -0.992837 0.000002 0.119479
vn -0.992837 0.000002 0.119479
vn 0.115121 0.267518 0.956651
vn 0.115121 0.267518 0.956651
vn 0.115121 0.267518 0.956651
vn 0.115121 0.267518 0.956651
vn 0.000000 1.000000 0.000000
vn 0.000000 1.000000 0.000000
vn 0.000000 1.000000 0.000000
vn 0.000000 1.000000 0.000000
vn -0.115999 0.239439 -0.963957
vn -0.115999 0.239439 -0.963957
vn -0.115999 0.239439 -0.963957
vn -0.115999 0.239438 -0.963957
vn 0.000000 -1.000000 0.000000
vn 0.000000 -1.000000 0.000000
vn 0.000000 -1.000000 0.000000
vn 0.000000 -1.000000 0.000000
vn 0.992837 0.000002 -0.119479
vn 0.992837 0.000002 -0.119479
vn 0.992837 0.000002 -0.119478
vn 0.992837 0.000002 -0.119478
vn -0.992837 0.000002 0.119479
vn -0.992837 0.000002 0.119479
vn -0.992837 0.000002 0.119479
vn -0.992837 0.000002 0.119479
s 1
g Front1
f 17/31/1 115/141/2 116/142/3 40/56/4
s 2
f 3/3/5 118/144/6 119/145/7 9/16/8
s 3
f 33/48/9 125/151/10 126/152/11 24/38/12
s 4
f 10/18/13 131/157/14 114/140/15 1/9/16
s off
f 55/71/17 54/72/18 56/73/19 57/74/20
s 5
f 29/43/21 30/44/22 10/17/23 1/1/24
f 7/13/25 13/23/26 31/45/27 32/46/28
s 4
f 7/7/29 127/153/30 128/154/31 13/24/32
s off
f 66/83/33 67/84/34 68/85/35 69/86/36
s 2
f 14/26/37 122/148/38 123/149/39 5/5/40
s 5
f 30/44/22 83/101/41 84/102/42 10/17/23
s 2
f 9/16/8 119/145/7 120/146/43 82/100/44
s off
f 102/127/45 103/128/46 104/129/47 105/130/48
s 4
f 84/103/49 130/156/50 131/157/14 10/18/13
f 1/1/16 114/139/15 115/141/51 17/31/52
s off
f 42/59/53 43/60/54 44/61/55 45/62/56
s 2
f 117/143/57 118/144/6 3/3/5 20/34/58
s 5
f 40/56/59 29/43/21 1/1/24 17/31/60
s off
f 5/5/61 123/149/62 124/150/63 21/35/64
f 74/91/65 75/92/66 76/93/67 77/94/68
s 9
f 126/152/69 127/153/70 7/7/71 24/38/72
s 10
f 7/7/73 32/47/74 33/48/75 24/38/76
s off
f 2/2/77 11/20/78 25/40/79 26/39/80
f 11/20/81 37/53/82 12/22/83 27/41/84 37/57/85 25/40/86
f 12/22/87 4/4/88 28/42/89 27/41/90
f 4/4/91 41/58/92 2/2/93 26/39/94 38/54/95 28/42/96
s 5
f 9/15/97 30/44/22 29/43/21 3/3/98
f 82/99/99 83/101/41 30/44/22 9/15/97
f 32/46/28 31/45/27 14/25/100 5/14/101
s 10
f 33/48/75 32/47/74 5/5/102 21/35/103
s 3
f 21/35/104 124/150/105 125/151/10 33/48/9
s off
f 70/87/106 71/88/107 72/89/108 73/90/109
f 62/79/110 63/80/111 64/81/112 65/82/113
s 11
f 59/75/114 58/76/115 87/107/116 88/108/117
s 1
f 40/56/4 116/142/3 117/143/118 20/34/119
s 5
f 3/3/98 29/43/21 40/56/59 20/34/120
s off
f 51/67/121 50/68/122 52/69/123 53/70/124
f 46/63/125 47/64/126 48/65/127 49/66/128
f 39/55/129 41/58/130 43/60/131 42/59/132
f 41/58/133 4/4/134 44/61/135 43/60/136
f 4/4/137 19/33/138 45/62/139 44/61/140
f 19/33/141 39/55/142 42/59/143 45/62/144
f 2/2/145 41/58/146 47/64/147 46/63/148
f 41/58/149 39/55/150 48/65/151 47/64/152
f 39/55/153 18/32/154 49/66/155 48/65/156
f 18/32/157 2/2/158 46/63/159 49/66/160
f 38/54/161 37/57/162 50/68/163 51/67/164
f 37/57/165 27/41/166 52/69/167 50/68/168
f 27/41/169 28/42/170 53/70/171 52/69/172
f 28/42/173 38/54/174 51/67/175 53/70/176
f 26/39/177 25/40/178 54/72/179 55/71/180
f 25/40/181 37/57/182 56/73/183 54/72/184
f 37/57/185 38/54/186 57/74/187 56/73/188
f 38/54/189 26/39/190 55/71/191 57/74/192
f 12/22/193 37/53/194 58/76/195 59/75/196
s 12
f 96/121/197 99/124/198 36/52/199 60/77/200
s off
f 36/52/201 15/28/202 61/78/203 60/77/204
s 13
f 88/108/205 89/110/206 12/22/207 59/75/208
s off
f 15/28/209 36/52/210 63/80/211 62/79/212
f 36/52/213 35/51/214 64/81/215 63/80/216
f 35/51/217 6/12/218 65/82/219 64/81/220
f 6/12/221 15/28/222 62/79/223 65/82/224
f 35/51/225 36/52/226 67/84/227 66/83/228
f 36/52/229 16/30/230 68/85/231 67/84/232
f 16/30/233 8/11/234 69/86/235 68/85/236
f 8/11/237 35/51/238 66/83/239 69/86/240
f 6/6/241 35/50/242 71/88/243 70/87/244
f 35/50/245 34/49/246 72/89/247 71/88/248
f 34/49/249 22/36/250 73/90/251 72/89/252
f 22/36/253 6/6/254 70/87/255 73/90/256
f 34/49/257 35/50/258 75/92/259 74/91/260
f 35/50/261 8/8/262 76/93/263 75/92/264
f 8/8/265 23/37/266 77/94/267 76/93/268
f 23/37/269 34/49/270 74/91/271 77/94/272
s 14
f 36/52/273 99/124/274 100/125/275 78/95/276
s off
f 37/53/277 11/20/278 80/97/279 79/96/280
s 15
f 101/126/281 90/112/282 16/30/283 81/98/284
s off
f 16/30/285 36/52/286 78/95/287 81/98/288
s 5
f 14/25/100 31/45/27 92/115/289 93/116/290
f 91/113/291 92/115/289 31/45/27 13/23/26
s 4
f 13/24/32 128/154/31 129/155/292 91/114/293
s 11
f 95/120/294 96/121/295 60/77/296 61/78/297
s 13
f 15/28/298 94/119/299 95/120/300 61/78/301
s 2
f 93/117/302 121/147/303 122/148/38 14/26/37
s 4
f 91/114/293 129/155/292 130/156/50 84/103/49
s 5
f 84/102/42 83/101/41 92/115/289 91/113/291
f 93/116/290 92/115/289 83/101/41 82/99/99
s 2
f 82/100/44 120/146/43 121/147/303 93/117/302
s 13
f 95/120/300 94/119/299 89/110/206 88/108/205
s 11
f 88/108/117 87/107/116 96/121/295 95/120/294
s 12
f 37/53/304 97/122/305 87/107/306 58/76/307
s 14
f 86/106/308 97/122/309 37/53/310 79/96/311
s off
f 107/131/312 106/132/313 108/133/314 109/134/315
s 15
f 11/20/316 85/105/317 98/123/318 80/97/319
s 12
f 87/107/306 97/122/305 99/124/198 96/121/197
s 14
f 100/125/275 99/124/274 97/122/309 86/106/308
s off
f 111/135/320 110/136/321 112/137/322 113/138/323
s 15
f 98/123/318 85/105/317 90/112/282 101/126/281
s off
f 78/95/324 100/125/325 103/128/326 102/127/327
f 100/125/328 101/126/329 104/129/330 103/128/331
f 101/126/332 81/98/333 105/130/334 104/129/335
f 81/98/336 78/95/337 102/127/338 105/130/339
f 98/123/340 86/106/341 106/132/342 107/131/343
f 86/106/344 79/96/345 108/133/346 106/132/347
f 79/96/348 80/97/349 109/134/350 108/133/351
f 80/97/352 98/123/353 107/131/354 109/134/355
f 101/126/356 100/125/357 110/136/358 111/135/359
f 100/125/360 86/106/361 112/137/362 110/136/363
f 86/106/364 98/123/365 113/138/366 112/137/367
f 98/123/368 101/126/369 111/135/370 113/138/371
s 4
f 115/141/51 114/139/15 2/2/372 18/32/373
s 1
f 116/142/3 115/141/2 18/32/374 39/55/375
f 117/143/118 116/142/3 39/55/375 19/33/376
s off
f 165/190/377 164/191/378 166/192/379 167/193/380
f 445/470/381 444/471/382 446/472/383 447/473/384
f 177/202/385 176/203/386 178/204/387 179/205/388
f 253/278/389 252/279/390 254/280/391 255/281/392
f 181/206/393 180/207/394 182/208/395 183/209/396
f 449/474/397 448/475/398 450/476/399 451/477/400
f 289/314/401 288/315/402 290/316/403 291/317/404
s 3
f 125/151/10 124/150/105 22/36/405 34/49/406
f 126/152/11 125/151/10 34/49/406 23/37/407
s 9
f 8/8/408 127/153/70 126/152/69 23/37/409
s 4
f 128/154/31 127/153/30 8/8/410 16/29/411
f 129/155/292 128/154/31 16/29/411 90/111/412
f 130/156/50 129/155/292 90/111/412 85/104/413
f 131/157/14 130/156/50 85/104/413 11/19/414
f 114/140/15 131/157/14 11/19/414 2/10/372
s off
f 4/4/415 118/144/416 132/159/417 133/158/418
f 118/144/419 117/143/420 134/160/421 132/159/422
f 117/143/423 19/33/424 135/161/425 134/160/426
f 19/33/427 4/4/428 133/158/429 135/161/430
f 133/158/431 132/159/432 136/163/433 137/162/434
f 132/159/435 134/160/436 138/164/437 136/163/438
f 134/160/439 135/161/440 139/165/441 138/164/442
f 135/161/443 133/158/444 137/162/445 139/165/446
f 137/162/447 136/163/448 140/167/449 141/166/450
f 136/163/451 138/164/452 142/168/453 140/167/454
f 138/164/455 139/165/456 143/169/457 142/168/458
f 139/165/459 137/162/460 141/166/461 143/169/462
f 141/166/463 140/167/464 144/171/465 145/170/466
f 140/167/467 142/168/468 146/172/469 144/171/470
f 142/168/471 143/169/472 147/173/473 146/172/474
f 143/169/475 141/166/476 145/170/477 147/173/478
f 145/170/479 144/171/480 148/175/481 149/174/482
f 144/171/483 146/172/484 150/176/485 148/175/486
f 146/172/487 147/173/488 151/177/489 150/176/490
f 147/173/491 145/170/492 149/174/493 151/177/494
f 149/174/495 148/175/496 152/179/497 153/178/498
f 148/175/499 150/176/500 154/180/501 152/179/502
f 150/176/503 151/177/504 155/181/505 154/180/506
f 151/177/507 149/174/508 153/178/509 155/181/510
f 153/178/511 152/179/512 156/183/513 157/182/514
f 152/179/515 154/180/516 158/184/517 156/183/518
f 154/180/519 155/181/520 159/185/521 158/184/522
f 155/181/523 153/178/524 157/182/525 159/185/526
f 157/182/527 156/183/528 160/187/529 161/186/530
f 156/183/531 158/184/532 162/188/533 160/187/534
f 158/184/535 159/185/536 163/189/537 162/188/538
f 159/185/539 157/182/540 161/186/541 163/189/542
f 161/186/543 160/187/544 164/191/545 165/190/546
f 160/187/547 162/188/548 166/192/549 164/191/550
f 162/188/551 163/189/552 167/193/553 166/192/554
f 163/189/555 161/186/556 165/190/557 167/193/558
f 120/146/559 119/145/560 168/195/561 169/194/562
f 119/145/563 12/21/564 170/196/565 168/195/566
f 12/21/567 89/109/568 171/197/569 170/196/570
f 89/109/571 120/146/572 169/194/573 171/197/574
f 122/148/575 121/147/576 172/199/577 173/198/578
f 121/147/579 94/118/580 174/200/581 172/199/582
f 94/118/583 15/27/584 175/201/585 174/200/586
f 15/27/587 122/148/588 173/198/589 175/201/590
f 169/194/591 168/195/592 176/203/593 177/202/594
f 168/195/595 170/196/596 178/204/597 176/203/598
f 170/196/599 171/197/600 179/205/601 178/204/602
f 171/197/603 169/194/604 177/202/605 179/205/606
f 173/198/607 172/199/608 180/207/609 181/206/610
f 172/199/611 174/200/612 182/208/613 180/207/614
f 174/200/615 175/201/616 183/209/617 182/208/618
f 175/201/619 173/198/620 181/206/621 183/209/622
f 121/147/623 120/146/624 184/211/625 185/210/626
f 120/146/627 89/109/628 186/212/629 184/211/630
f 89/109/631 94/118/632 187/213/633 186/212/634
f 94/118/635 121/147/636 185/210/637 187/213/638
f 185/210/639 184/211/640 188/215/641 189/214/642
f 184/211/643 186/212/644 190/216/645 188/215/646
f 186/212/647 187/213/648 191/217/649 190/216/650
f 187/213/651 185/210/652 189/214/653 191/217/654
f 189/214/655 188/215/656 192/219/657 193/218/658
f 188/215/659 190/216/660 194/220/661 192/219/662
f 190/216/663 191/217/664 195/221/665 194/220/666
f 191/217/667 189/214/668 193/218/669 195/221/670
f 193/218/671 192/219/672 196/223/673 197/222/674
f 192/219/675 194/220/676 198/224/677 196/223/678
f 194/220/679 195/221/680 199/225/681 198/224/682
f 195/221/683 193/218/684 197/222/685 199/225/686
s 16
f 197/222/687 196/223/688 200/227/689 201/226/690
s off
f 196/223/691 198/224/692 202/228/693 200/227/694
s 17
f 198/224/695 199/225/696 203/229/697 202/228/698
s off
f 199/225/699 197/222/700 201/226/701 203/229/702
s 16
f 201/226/690 200/227/689 204/231/703 205/230/704
s off
f 200/227/705 202/228/706 206/232/707 204/231/708
s 17
f 202/228/698 203/229/697 207/233/709 206/232/710
s off
f 203/229/711 201/226/712 205/230/713 207/233/714
f 205/230/715 204/231/716 208/235/717 209/234/718
f 204/231/719 206/232/720 210/236/721 208/235/722
f 206/232/723 207/233/724 211/237/725 210/236/726
f 207/233/727 205/230/728 209/234/729 211/237/730
f 209/234/731 208/235/732 212/239/733 213/238/734
f 208/235/735 210/236/736 214/240/737 212/239/738
f 210/236/739 211/237/740 215/241/741 214/240/742
f 211/237/743 209/234/744 213/238/745 215/241/746
f 213/238/747 212/239/748 216/243/749 217/242/750
f 212/239/751 214/240/752 218/244/753 216/243/754
f 214/240/755 215/241/756 219/245/757 218/244/758
f 215/241/759 213/238/760 217/242/761 219/245/762
f 217/242/763 216/243/764 220/247/765 221/246/766
f 216/243/767 218/244/768 222/248/769 220/247/770
f 218/244/771 219/245/772 223/249/773 222/248/774
f 219/245/775 217/242/776 221/246/777 223/249/778
f 221/246/779 220/247/780 224/251/781 225/250/782
f 220/247/783 222/248/784 226/252/785 224/251/786
f 222/248/787 223/249/788 227/253/789 226/252/790
f 223/249/791 221/246/792 225/250/793 227/253/794
f 225/250/795 224/251/796 228/255/797 229/254/798
f 224/251/799 226/252/800 230/256/801 228/255/802
f 226/252/803 227/253/804 231/257/805 230/256/806
f 227/253/807 225/250/808 229/254/809 231/257/810
f 229/254/811 228/255/812 232/259/813 233/258/814
f 228/255/815 230/256/816 234/260/817 232/259/818
f 230/256/819 231/257/820 235/261/821 234/260/822
f 231/257/823 229/254/824 233/258/825 235/261/826
f 233/258/827 232/259/828 236/263/829 237/262/830
f 232/259/831 234/260/832 238/264/833 236/263/834
f 234/260/835 235/261/836 239/265/837 238/264/838
f 235/261/839 233/258/840 237/262/841 239/265/842
f 237/262/843 236/263/844 240/267/845 241/266/846
f 236/263/847 238/264/848 242/268/849 240/267/850
f 238/264/851 239/265/852 243/269/853 242/268/854
f 239/265/855 237/262/856 241/266/857 243/269/858
f 241/266/859 240/267/860 244/271/861 245/270/862
f 240/267/863 242/268/864 246/272/865 244/271/866
f 242/268/867 243/269/868 247/273/869 246/272/870
f 243/269/871 241/266/872 245/270/873 247/273/874
f 245/270/875 244/271/876 248/275/877 249/274/878
f 244/271/879 246/272/880 250/276/881 248/275/882
f 246/272/883 247/273/884 251/277/885 250/276/886
f 247/273/887 245/270/888 249/274/889 251/277/890
f 249/274/891 248/275/892 252/279/893 253/278/894
f 248/275/895 250/276/896 254/280/897 252/279/898
f 250/276/899 251/277/900 255/281/901 254/280/902
f 251/277/903 249/274/904 253/278/905 255/281/906
f 124/150/907 123/149/908 256/283/909 257/282/910
f 123/149/911 6/6/912 258/284/913 256/283/914
f 6/6/915 22/36/916 259/285/917 258/284/918
f 22/36/919 124/150/920 257/282/921 259/285/922
f 257/282/923 256/283/924 260/287/925 261/286/926
f 256/283/927 258/284/928 262/288/929 260/287/930
f 258/284/931 259/285/932 263/289/933 262/288/934
f 259/285/935 257/282/936 261/286/937 263/289/938
f 261/286/939 260/287/940 264/291/941 265/290/942
f 260/287/943 262/288/944 266/292/945 264/291/946
f 262/288/947 263/289/948 267/293/949 266/292/950
f 263/289/951 261/286/952 265/290/953 267/293/954
s 18
f 265/290/955 264/291/956 268/295/957 269/294/958
s off
f 264/291/959 266/292/960 270/296/961 268/295/962
s 19
f 266/292/963 267/293/964 271/297/965 270/296/966
s off
f 267/293/967 265/290/968 269/294/969 271/297/970
s 18
f 269/294/958 268/295/957 272/299/971 273/298/972
s off
f 268/295/973 270/296/974 274/300/975 272/299/976
s 19
f 270/296/966 271/297/965 275/301/977 274/300/978
s off
f 271/297/979 269/294/980 273/298/981 275/301/982
f 273/298/983 272/299/984 276/303/985 277/302/986
f 272/299/987 274/300/988 278/304/989 276/303/990
f 274/300/991 275/301/992 279/305/993 278/304/994
f 275/301/995 273/298/996 277/302/997 279/305/998
f 277/302/999 276/303/1000 280/307/1001 281/306/1002
f 276/303/1003 278/304/1004 282/308/1005 280/307/1006
f 278/304/1007 279/305/1008 283/309/1009 282/308/1010
f 279/305/1011 277/302/1012 281/306/1013 283/309/1014
s 20
f 281/306/1015 280/307/1016 284/311/1017 285/310/1018
s off
f 280/307/1019 282/308/1020 286/312/1021 284/311/1022
s 21
f 282/308/1023 283/309/1024 287/313/1025 286/312/1026
s off
f 283/309/1027 281/306/1028 285/310/1029 287/313/1030
s 20
f 285/310/1018 284/311/1017 288/315/1031 289/314/1032
s off
f 284/311/1033 286/312/1034 290/316/1035 288/315/1036
s 21
f 286/312/1026 287/313/1025 291/317/1037 290/316/1038
s off
f 287/313/1039 285/310/1040 289/314/1041 291/317/1042
f 119/145/1043 118/144/1044 292/319/1045 293/318/1046
f 118/144/1047 4/4/1048 294/320/1049 292/319/1050
f 4/4/1051 12/21/1052 295/321/1053 294/320/1054
f 12/21/1055 119/145/1056 293/318/1057 295/321/1058
f 123/149/1059 122/148/1060 296/323/1061 297/322/1062
f 122/148/1063 15/27/1064 298/324/1065 296/323/1066
f 15/27/1067 6/6/1068 299/325/1069 298/324/1070
f 6/6/1071 123/149/1072 297/322/1073 299/325/1074
f 293/318/1075 292/319/1076 300/327/1077 301/326/1078
f 292/319/1079 294/320/1080 302/328/1081 300/327/1082
f 294/320/1083 295/321/1084 303/329/1085 302/328/1086
f 295/321/1087 293/318/1088 301/326/1089 303/329/1090
f 297/322/1091 296/323/1092 304/331/1093 305/330/1094
f 296/323/1095 298/324/1096 306/332/1097 304/331/1098
f 298/324/1099 299/325/1100 307/333/1101 306/332/1102
f 299/325/1103 297/322/1104 305/330/1105 307/333/1106
f 301/326/1107 300/327/1108 308/335/1109 309/334/1110
f 300/327/1111 302/328/1112 310/336/1113 308/335/1114
f 302/328/1115 303/329/1116 311/337/1117 310/336/1118
f 303/329/1119 301/326/1120 309/334/1121 311/337/1122
f 305/330/1123 304/331/1124 312/339/1125 313/338/1126
f 304/331/1127 306/332/1128 314/340/1129 312/339/1130
f 306/332/1131 307/333/1132 315/341/1133 314/340/1134
f 307/333/1135 305/330/1136 313/338/1137 315/341/1138
f 309/334/1139 308/335/1140 316/343/1141 317/342/1142
f 308/335/1143 310/336/1144 318/344/1145 316/343/1146
f 310/336/1147 311/337/1148 319/345/1149 318/344/1150
f 311/337/1151 309/334/1152 317/342/1153 319/345/1154
f 313/338/1155 312/339/1156 320/347/1157 321/346/1158
f 312/339/1159 314/340/1160 322/348/1161 320/347/1162
f 314/340/1163 315/341/1164 323/349/1165 322/348/1166
f 315/341/1167 313/338/1168 321/346/1169 323/349/1170
f 317/342/1171 316/343/1172 324/351/1173 325/350/1174
f 316/343/1175 318/344/1176 326/352/1177 324/351/1178
f 318/344/1179 319/345/1180 327/353/1181 326/352/1182
f 319/345/1183 317/342/1184 325/350/1185 327/353/1186
f 321/346/1187 320/347/1188 328/355/1189 329/354/1190
f 320/347/1191 322/348/1192 330/356/1193 328/355/1194
f 322/348/1195 323/349/1196 331/357/1197 330/356/1198
f 323/349/1199 321/346/1200 329/354/1201 331/357/1202
f 325/350/1203 324/351/1204 332/359/1205 333/358/1206
f 324/351/1207 326/352/1208 334/360/1209 332/359/1210
f 326/352/1211 327/353/1212 335/361/1213 334/360/1214
f 327/353/1215 325/350/1216 333/358/1217 335/361/1218
f 329/354/1219 328/355/1220 336/363/1221 337/362/1222
f 328/355/1223 330/356/1224 338/364/1225 336/363/1226
f 330/356/1227 331/357/1228 339/365/1229 338/364/1230
f 331/357/1231 329/354/1232 337/362/1233 339/365/1234
f 333/358/1235 332/359/1236 340/367/1237 341/366/1238
f 332/359/1239 334/360/1240 342/368/1241 340/367/1242
f 334/360/1243 335/361/1244 343/369/1245 342/368/1246
f 335/361/1247 333/358/1248 341/366/1249 343/369/1250
f 337/362/1251 336/363/1252 344/371/1253 345/370/1254
f 336/363/1255 338/364/1256 346/372/1257 344/371/1258
f 338/364/1259 339/365/1260 347/373/1261 346/372/1262
f 339/365/1263 337/362/1264 345/370/1265 347/373/1266
f 341/366/1267 340/367/1268 348/375/1269 349/374/1270
f 340/367/1271 342/368/1272 350/376/1273 348/375/1274
f 342/368/1275 343/369/1276 351/377/1277 350/376/1278
f 343/369/1279 341/366/1280 349/374/1281 351/377/1282
f 345/370/1283 344/371/1284 352/379/1285 353/378/1286
f 344/371/1287 346/372/1288 354/380/1289 352/379/1290
f 346/372/1291 347/373/1292 355/381/1293 354/380/1294
f 347/373/1295 345/370/1296 353/378/1297 355/381/1298
f 349/374/1299 348/375/1300 356/383/1301 357/382/1302
f 348/375/1303 350/376/1304 358/384/1305 356/383/1306
f 350/376/1307 351/377/1308 359/385/1309 358/384/1310
f 351/377/1311 349/374/1312 357/382/1313 359/385/1314
f 353/378/1315 352/379/1316 360/387/1317 361/386/1318
f 352/379/1319 354/380/1320 362/388/1321 360/387/1322
f 354/380/1323 355/381/1324 363/389/1325 362/388/1326
f 355/381/1327 353/378/1328 361/386/1329 363/389/1330
f 357/382/1331 356/383/1332 364/391/1333 365/390/1334
f 356/383/1335 358/384/1336 366/392/1337 364/391/1338
f 358/384/1339 359/385/1340 367/393/1341 366/392/1342
f 359/385/1343 357/382/1344 365/390/1345 367/393/1346
f 361/386/1347 360/387/1348 368/395/1349 369/394/1350
f 360/387/1351 362/388/1352 370/396/1353 368/395/1354
f 362/388/1355 363/389/1356 371/397/1357 370/396/1358
f 363/389/1359 361/386/1360 369/394/1361 371/397/1362
f 365/390/1363 364/391/1364 372/399/1365 373/398/1366
f 364/391/1367 366/392/1368 374/400/1369 372/399/1370
f 366/392/1371 367/393/1372 375/401/1373 374/400/1374
f 367/393/1375 365/390/1376 373/398/1377 375/401/1378
f 369/394/1379 368/395/1380 376/403/1381 377/402/1382
f 368/395/1383 370/396/1384 378/404/1385 376/403/1386
f 370/396/1387 371/397/1388 379/405/1389 378/404/1390
f 371/397/1391 369/394/1392 377/402/1393 379/405/1394
f 373/398/1395 372/399/1396 380/407/1397 381/406/1398
f 372/399/1399 374/400/1400 382/408/1401 380/407/1402
f 374/400/1403 375/401/1404 383/409/1405 382/408/1406
f 375/401/1407 373/398/1408 381/406/1409 383/409/1410
f 377/402/1411 376/403/1412 384/411/1413 385/410/1414
f 376/403/1415 378/404/1416 386/412/1417 384/411/1418
f 378/404/1419 379/405/1420 387/413/1421 386/412/1422
f 379/405/1423 377/402/1424 385/410/1425 387/413/1426
f 381/406/1427 380/407/1428 388/415/1429 389/414/1430
f 380/407/1431 382/408/1432 390/416/1433 388/415/1434
f 382/408/1435 383/409/1436 391/417/1437 390/416/1438
f 383/409/1439 381/406/1440 389/414/1441 391/417/1442
f 385/410/1443 384/411/1444 392/419/1445 393/418/1446
f 384/411/1447 386/412/1448 394/420/1449 392/419/1450
f 386/412/1451 387/413/1452 395/421/1453 394/420/1454
f 387/413/1455 385/410/1456 393/418/1457 395/421/1458
f 389/414/1459 388/415/1460 396/423/1461 397/422/1462
f 388/415/1463 390/416/1464 398/424/1465 396/423/1466
f 390/416/1467 391/417/1468 399/425/1469 398/424/1470
f 391/417/1471 389/414/1472 397/422/1473 399/425/1474
f 393/418/1475 392/419/1476 400/427/1477 401/426/1478
f 392/419/1479 394/420/1480 402/428/1481 400/427/1482
f 394/420/1483 395/421/1484 403/429/1485 402/428/1486
f 395/421/1487 393/418/1488 401/426/1489 403/429/1490
f 397/422/1491 396/423/1492 404/431/1493 405/430/1494
f 396/423/1495 398/424/1496 406/432/1497 404/431/1498
f 398/424/1499 399/425/1500 407/433/1501 406/432/1502
f 399/425/1503 397/422/1504 405/430/1505 407/433/1506
f 401/426/1507 400/427/1508 408/435/1509 409/434/1510
f 400/427/1511 402/428/1512 410/436/1513 408/435/1514
f 402/428/1515 403/429/1516 411/437/1517 410/436/1518
f 403/429/1519 401/426/1520 409/434/1521 411/437/1522
f 405/430/1523 404/431/1524 412/439/1525 413/438/1526
f 404/431/1527 406/432/1528 414/440/1529 412/439/1530
f 406/432/1531 407/433/1532 415/441/1533 414/440/1534
f 407/433/1535 405/430/1536 413/438/1537 415/441/1538
f 409/434/1539 408/435/1540 416/443/1541 417/442/1542
f 408/435/1543 410/436/1544 418/444/1545 416/443/1546
f 410/436/1547 411/437/1548 419/445/1549 418/444/1550
f 411/437/1551 409/434/1552 417/442/1553 419/445/1554
f 413/438/1555 412/439/1556 420/447/1557 421/446/1558
f 412/439/1559 414/440/1560 422/448/1561 420/447/1562
f 414/440/1563 415/441/1564 423/449/1565 422/448/1566
f 415/441/1567 413/438/1568 421/446/1569 423/449/1570
f 417/442/1571 416/443/1572 424/451/1573 425/450/1574
f 416/443/1575 418/444/1576 426/452/1577 424/451/1578
f 418/444/1579 419/445/1580 427/453/1581 426/452/1582
f 419/445/1583 417/442/1584 425/450/1585 427/453/1586
f 421/446/1587 420/447/1588 428/455/1589 429/454/1590
f 420/447/1591 422/448/1592 430/456/1593 428/455/1594
f 422/448/1595 423/449/1596 431/457/1597 430/456/1598
f 423/449/1599 421/446/1600 429/454/1601 431/457/1602
f 425/450/1603 424/451/1604 432/459/1605 433/458/1606
f 424/451/1607 426/452/1608 434/460/1609 432/459/1610
f 426/452/1611 427/453/1612 435/461/1613 434/460/1614
f 427/453/1615 425/450/1616 433/458/1617 435/461/1618
f 429/454/1619 428/455/1620 436/463/1621 437/462/1622
f 428/455/1623 430/456/1624 438/464/1625 436/463/1626
f 430/456/1627 431/457/1628 439/465/1629 438/464/1630
f 431/457/1631 429/454/1632 437/462/1633 439/465/1634
f 433/458/1635 432/459/1636 440/467/1637 441/466/1638
f 432/459/1639 434/460/1640 442/468/1641 440/467/1642
f 434/460/1643 435/461/1644 443/469/1645 442/468/1646
f 435/461/1647 433/458/1648 441/466/1649 443/469/1650
f 437/462/1651 436/463/1652 444/471/1653 445/470/1654
f 436/463/1655 438/464/1656 446/472/1657 444/471/1658
f 438/464/1659 439/465/1660 447/473/1661 446/472/1662
f 439/465/1663 437/462/1664 445/470/1665 447/473/1666
f 441/466/1667 440/467/1668 448/475/1669 449/474/1670
f 440/467/1671 442/468/1672 450/476/1673 448/475/1674
f 442/468/1675 443/469/1676 451/477/1677 450/476/1678
f 443/469/1679 441/466/1680 449/474/1681 451/477/1682
f 452/478/1683 453/479/1684 455/480/1685 454/481/1686
s 22
f 454/481/1687 455/480/1688 463/482/1689 460/483/1690
s off
f 456/484/1691 457/485/1692 459/486/1693 458/487/1694
s 23
f 461/488/1695 462/489/1696 453/490/1697 452/491/1698
s off
f 515/492/1699 514/493/1700 516/494/1701 517/495/1702
s 24
f 460/496/1703 461/497/1704 452/478/1705 454/481/1706
f 458/498/1707 480/499/1708 481/500/1709 456/501/1710
s 26
f 458/487/1711 459/486/1712 483/502/1713 480/503/1714
s off
f 538/504/1715 539/505/1716 540/506/1717 541/507/1718
s 22
f 481/508/1719 482/509/1720 457/485/1721 456/484/1722
s 24
f 465/510/1723 464/511/1724 461/497/1704 460/496/1703
s 22
f 460/483/1690 463/482/1689 466/512/1725 465/513/1726
s off
f 519/514/1727 518/515/1728 520/516/1729 521/517/1730
s 23
f 464/518/1731 467/519/1732 462/489/1696 461/488/1695
s 24
f 469/520/1733 468/521/1734 464/511/1724 465/510/1723
s 22
f 465/513/1726 466/512/1725 470/522/1735 469/523/1736
s off
f 522/524/1737 523/525/1738 524/526/1739 525/527/1740
s 23
f 468/528/1741 471/529/1742 467/519/1732 464/518/1731
s 24
f 473/530/1743 472/531/1744 468/521/1734 469/520/1733
s 22
f 469/523/1736 470/522/1735 474/532/1745 473/533/1746
s off
f 470/534/1747 471/535/1748 475/536/1749 474/537/1750
f 527/538/1751 526/539/1752 528/540/1753 529/541/1754
s 24
f 477/542/1755 476/543/1756 472/531/1744 473/530/1743
s 22
f 473/533/1746 474/532/1745 478/544/1757 477/545/1758
s off
f 530/546/1759 531/547/1760 532/548/1761 533/549/1762
f 500/550/1763 498/551/1764 497/552/1765 501/553/1766
s 24
f 481/500/1709 480/499/1708 476/543/1756 477/542/1755
s 22
f 477/545/1758 478/544/1757 482/509/1720 481/508/1719
s off
f 534/554/1767 535/555/1768 536/556/1769 537/557/1770
s 26
f 480/503/1714 483/502/1713 479/558/1771 476/559/1772
s off
f 453/479/1773 462/560/1774 484/561/1775 485/562/1776
f 462/560/1777 463/563/1778 486/564/1779 484/561/1780
f 463/563/1781 455/480/1782 487/565/1783 486/564/1784
f 455/480/1785 453/479/1786 485/562/1787 487/565/1788
f 463/563/1789 462/560/1790 488/566/1791 489/567/1792
f 462/560/1793 467/568/1794 490/569/1795 488/566/1796
f 467/568/1797 466/570/1798 491/571/1799 490/569/1800
f 466/570/1801 463/563/1802 489/567/1803 491/571/1804
f 466/570/1805 467/568/1806 493/572/1807 492/573/1808
f 467/568/1809 471/535/1810 494/574/1811 493/572/1812
f 471/535/1813 470/534/1814 495/575/1815 494/574/1816
f 470/534/1817 466/570/1818 492/573/1819 495/575/1820
f 474/537/1821 475/536/1822 497/576/1823 496/577/1824
f 479/578/1825 478/579/1826 499/580/1827 498/581/1828
f 478/579/1829 474/537/1830 496/577/1831 499/580/1832
f 476/559/1833 479/558/1834 498/551/1835 500/550/1836
f 475/582/1837 472/583/1838 501/553/1839 497/552/1840
f 472/583/1841 476/559/1842 500/550/1843 501/553/1844
f 496/577/1845 497/576/1846 503/584/1847 502/585/1848
f 497/576/1849 498/581/1850 504/586/1851 503/584/1852
f 498/581/1853 499/580/1854 505/587/1855 504/586/1856
f 499/580/1857 496/577/1858 502/585/1859 505/587/1860
f 478/579/1861 479/578/1862 507/588/1863 506/589/1864
f 479/578/1865 483/590/1866 508/591/1867 507/588/1868
f 483/590/1869 482/592/1870 509/593/1871 508/591/1872
f 482/592/1873 478/579/1874 506/589/1875 509/593/1876
f 482/592/1877 483/590/1878 511/594/1879 510/595/1880
f 483/590/1881 459/596/1882 512/597/1883 511/594/1884
f 459/596/1885 457/598/1886 513/599/1887 512/597/1888
f 457/598/1889 482/592/1890 510/595/1891 513/599/1892
f 485/562/1893 484/561/1894 514/493/1895 515/492/1896
f 484/561/1897 486/564/1898 516/494/1899 514/493/1900
f 486/564/1901 487/565/1902 517/495/1903 516/494/1904
f 487/565/1905 485/562/1906 515/492/1907 517/495/1908
f 489/567/1909 488/566/1910 518/515/1911 519/514/1912
f 488/566/1913 490/569/1914 520/516/1915 518/515/1916
f 490/569/1917 491/571/1918 521/517/1919 520/516/1920
f 491/571/1921 489/567/1922 519/514/1923 521/517/1924
f 492/573/1925 493/572/1926 523/525/1927 522/524/1928
f 493/572/1929 494/574/1930 524/526/1931 523/525/1932
f 494/574/1933 495/575/1934 525/527/1935 524/526/1936
f 495/575/1937 492/573/1938 522/524/1939 525/527/1940
f 472/583/1941 475/582/1942 526/539/1943 527/538/1944
f 475/582/1945 471/529/1946 528/540/1947 526/539/1948
f 471/529/1949 468/528/1950 529/541/1951 528/540/1952
f 468/528/1953 472/583/1954 527/538/1955 529/541/1956
f 502/585/1957 503/584/1958 531/547/1959 530/546/1960
f 503/584/1961 504/586/1962 532/548/1963 531/547/1964
f 504/586/1965 505/587/1966 533/549/1967 532/548/1968
f 505/587/1969 502/585/1970 530/546/1971 533/549/1972
f 506/589/1973 507/588/1974 535/555/1975 534/554/1976
f 507/588/1977 508/591/1978 536/556/1979 535/555/1980
f 508/591/1981 509/593/1982 537/557/1983 536/556/1984
f 509/593/1985 506/589/1986 534/554/1987 537/557/1988
f 510/595/1989 511/594/1990 539/505/1991 538/504/1992
f 511/594/1993 512/597/1994 540/506/1995 539/505/1996
f 512/597/1997 513/599/1998 541/507/1999 540/506/2000
f 513/599/2001 510/595/2002 538/504/2003 541/507/2004
f 542/600/2005 543/601/2006 545/602/2007 544/603/2008
f 544/603/2009 545/602/2010 547/604/2011 546/605/2012
f 546/605/2013 547/604/2014 549/606/2015 548/607/2016
f 548/607/2017 549/606/2018 543/608/2019 542/609/2020
f 543/601/2021 549/610/2022 547/611/2023 545/602/2024
f 548/612/2025 542/600/2026 544/603/2027 546/613/2028
f 550/614/2029 551/615/2030 553/616/2031 552/617/2032
f 552/617/2033 553/616/2034 555/618/2035 554/619/2036
f 554/619/2037 555/618/2038 557/620/2039 556/621/2040
f 556/621/2041 557/620/2042 551/622/2043 550/623/2044
f 551/615/2045 557/624/2046 555/625/2047 553/616/2048
f 556/626/2049 550/614/2050 552/617/2051 554/627/2052
f 558/628/2053 559/629/2054 561/630/2055 560/631/2056
f 560/631/2057 561/630/2058 563/632/2059 562/633/2060
f 562/633/2061 563/632/2062 565/634/2063 564/635/2064
f 564/635/2065 565/634/2066 559/636/2067 558/637/2068
f 559/629/2069 565/638/2070 563/639/2071 561/630/2072
f 564/640/2073 558/628/2074 560/631/2075 562/641/2076
f 566/642/2077 567/643/2078 569/644/2079 568/645/2080
f 568/645/2081 569/644/2082 571/646/2083 570/647/2084
f 570/647/2085 571/646/2086 573/648/2087 572/649/2088
f 572/649/2089 573/648/2090 567/650/2091 566/651/2092
f 567/643/2093 573/652/2094 571/653/2095 569/644/2096
f 572/654/2097 566/642/2098 568/645/2099 570/655/2100
f 574/656/2101 575/657/2102 577/658/2103 576/659/2104
f 576/659/2105 577/658/2106 579/660/2107 578/661/2108
f 578/661/2109 579/660/2110 581/662/2111 580/663/2112
f 580/663/2113 581/662/2114 575/664/2115 574/665/2116
f 575/657/2117 581/666/2118 579/667/2119 577/658/2120
f 580/668/2121 574/656/2122 576/659/2123 578/669/2124
f 582/670/2125 583/671/2126 585/672/2127 584/673/2128
f 584/673/2129 585/672/2130 587/674/2131 586/675/2132
f 586/675/2133 587/674/2134 589/676/2135 588/677/2136
f 588/677/2137 589/676/2138 583/678/2139 582/679/2140
f 583/671/2141 589/680/2142 587/681/2143 585/672/2144
f 588/682/2145 582/670/2146 584/673/2147 586/683/2148
f 590/684/2149 591/685/2150 593/686/2151 592/687/2152
f 592/687/2153 593/686/2154 595/688/2155 594/689/2156
f 594/689/2157 595/688/2158 597/690/2159 596/691/2160
f 596/691/2161 597/690/2162 591/692/2163 590/693/2164
f 591/685/2165 597/694/2166 595/695/2167 593/686/2168
f 596/696/2169 590/684/2170 592/687/2171 594/697/2172
f 598/698/2173 599/699/2174 601/700/2175 600/701/2176
f 600/701/2177 601/700/2178 603/702/2179 602/703/2180
f 602/703/2181 603/702/2182 605/704/2183 604/705/2184
f 604/705/2185 605/704/2186 599/706/2187 598/707/2188
f 599/699/2189 605/708/2190 603/709/2191 601/700/2192
f 604/710/2193 598/698/2194 600/701/2195 602/711/2196
f 606/712/2197 607/713/2198 609/714/2199 608/715/2200
f 608/715/2201 609/714/2202 611/716/2203 610/717/2204
f 610/717/2205 611/716/2206 613/718/2207 612/719/2208
f 612/719/2209 613/718/2210 607/720/2211 606/721/2212
f 607/713/2213 613/722/2214 611/723/2215 609/714/2216
f 612/724/2217 606/712/2218 608/715/2219 610/725/2220
f 614/726/2221 615/727/2222 617/728/2223 616/729/2224
f 616/729/2225 617/728/2226 619/730/2227 618/731/2228
f 618/731/2229 619/730/2230 621/732/2231 620/733/2232
f 620/733/2233 621/732/2234 615/734/2235 614/735/2236
f 615/727/2237 621/736/2238 619/737/2239 617/728/2240
f 620/738/2241 614/726/2242 616/729/2243 618/739/2244
f 622/740/2245 623/741/2246 625/742/2247 624/743/2248
f 624/743/2249 625/742/2250 627/744/2251 626/745/2252
f 626/745/2253 627/744/2254 629/746/2255 628/747/2256
f 628/747/2257 629/746/2258 623/748/2259 622/749/2260
f 623/741/2261 629/750/2262 627/751/2263 625/742/2264
f 628/752/2265 622/740/2266 624/743/2267 626/753/2268
f 630/754/2269 631/755/2270 633/756/2271 632/757/2272
f 632/757/2273 633/756/2274 635/758/2275 634/759/2276
f 634/759/2277 635/758/2278 637/760/2279 636/761/2280
f 636/761/2281 637/760/2282 631/762/2283 630/763/2284
f 631/755/2285 637/764/2286 635/765/2287 633/756/2288
f 636/766/2289 630/754/2290 632/757/2291 634/767/2292
f 638/768/2293 639/769/2294 641/770/2295 640/771/2296
f 640/771/2297 641/770/2298 643/772/2299 642/773/2300
f 642/773/2301 643/772/2302 645/774/2303 644/775/2304
f 644/775/2305 645/774/2306 639/776/2307 638/777/2308
f 639/769/2309 645/778/2310 643/779/2311 641/770/2312
f 644/780/2313 638/768/2314 640/771/2315 642/781/2316
f 646/782/2317 647/783/2318 649/784/2319 648/785/2320
f 648/785/2321 649/784/2322 651/786/2323 650/787/2324
f 650/787/2325 651/786/2326 653/788/2327 652/789/2328
f 652/789/2329 653/788/2330 647/790/2331 646/791/2332
f 647/783/2333 653/792/2334 651/793/2335 649/784/2336
f 652/794/2337 646/782/2338 648/785/2339 650/795/2340
f 654/796/2341 655/797/2342 657/798/2343 656/799/2344
f 656/799/2345 657/798/2346 659/800/2347 658/801/2348
f 658/801/2349 659/800/2350 661/802/2351 660/803/2352
f 660/803/2353 661/802/2354 655/804/2355 654/805/2356
f 655/797/2357 661/806/2358 659/807/2359 657/798/2360
f 660/808/2361 654/796/2362 656/799/2363 658/809/2364
s 28
f 662/810/2365 663/811/2366 685/812/2367 682/813/2368
s off
f 664/814/2369 665/815/2370 667/816/2371 666/817/2372
s 29
f 683/818/2373 684/819/2374 669/820/2375 668/821/2376
s off
f 668/821/2377 669/820/2378 663/822/2379 662/823/2380
f 711/824/2381 710/825/2382 712/826/2383 713/827/2384
s 30
f 668/828/2385 662/810/2386 682/813/2387 683/829/2388
f 671/830/2389 670/831/2390 664/814/2391 666/832/2392
s 29
f 666/817/2393 667/816/2394 672/833/2395 671/834/2396
s off
f 673/835/2397 672/836/2398 667/837/2399 665/815/2400
s 28
f 670/831/2401 673/835/2402 665/815/2403 664/814/2404
s 30
f 675/838/2405 674/839/2406 670/831/2390 671/830/2389
s 29
f 671/834/2396 672/833/2395 676/840/2407 675/841/2408
s off
f 691/842/2409 690/843/2410 692/844/2411 693/845/2412
s 28
f 674/839/2413 677/846/2414 673/835/2402 670/831/2401
s 30
f 679/847/2415 678/848/2416 674/839/2406 675/838/2405
s 29
f 675/841/2408 676/840/2407 680/849/2417 679/850/2418
s off
f 701/851/2419 700/852/2420 702/853/2421 703/854/2422
s 28
f 678/848/2423 681/855/2424 677/846/2414 674/839/2413
s 30
f 683/829/2388 682/813/2387 678/848/2416 679/847/2415
s 29
f 679/850/2418 680/849/2417 684/819/2374 683/818/2373
s off
f 707/856/2425 706/857/2426 708/858/2427 709/859/2428
s 28
f 682/813/2368 685/812/2367 681/855/2424 678/848/2423
s off
f 663/811/2429 669/860/2430 686/861/2431 687/862/2432
f 669/860/2433 684/863/2434 688/864/2435 686/861/2436
f 685/812/2437 663/811/2438 687/862/2439 689/865/2440
f 676/866/2441 672/836/2442 692/844/2443 690/843/2444
f 672/836/2445 673/835/2446 693/845/2447 692/844/2448
f 673/835/2449 677/846/2450 691/842/2451 693/845/2452
f 680/867/2453 676/866/2454 690/843/2455 694/868/2456
f 677/846/2457 681/855/2458 695/869/2459 691/842/2460
f 684/863/2461 680/867/2462 694/868/2463 688/864/2464
f 681/855/2465 685/812/2466 689/865/2467 695/869/2468
f 687/862/2469 686/861/2470 696/870/2471 697/871/2472
f 686/861/2473 688/864/2474 698/872/2475 696/870/2476
f 689/865/2477 687/862/2478 697/871/2479 699/873/2480
f 694/868/2481 690/843/2482 702/853/2483 700/852/2484
f 690/843/2485 691/842/2486 703/854/2487 702/853/2488
f 691/842/2489 695/869/2490 701/851/2491 703/854/2492
f 688/864/2493 694/868/2494 700/852/2495 698/872/2496
f 695/869/2497 689/865/2498 699/873/2499 701/851/2500
f 697/871/2501 696/870/2502 704/874/2503 705/875/2504
f 696/870/2505 698/872/2506 706/857/2507 704/874/2508
f 699/873/2509 697/871/2510 705/875/2511 707/856/2512
f 698/872/2513 700/852/2514 708/858/2515 706/857/2516
f 700/852/2517 701/851/2518 709/859/2519 708/858/2520
f 701/851/2521 699/873/2522 707/856/2523 709/859/2524
f 705/875/2525 704/874/2526 710/825/2527 711/824/2528
f 704/874/2529 706/857/2530 712/826/2531 710/825/2532
f 706/857/2533 707/856/2534 713/827/2535 712/826/2536
f 707/856/2537 705/875/2538 711/824/2539 713/827/2540
f 714/876/2541 715/877/2542 717/878/2543 716/879/2544
f 716/879/2545 717/878/2546 719/880/2547 718/881/2548
f 718/881/2549 719/880/2550 721/882/2551 720/883/2552
f 720/883/2553 721/882/2554 715/884/2555 714/885/2556
f 715/877/2557 721/886/2558 719/887/2559 717/878/2560
f 720/888/2561 714/876/2562 716/879/2563 718/889/2564
f 722/890/2565 723/891/2566 725/892/2567 724/893/2568
f 724/893/2569 725/892/2570 727/894/2571 726/895/2572
f 726/895/2573 727/894/2574 729/896/2575 728/897/2576
f 728/897/2577 729/896/2578 723/898/2579 722/899/2580
f 723/891/2581 729/900/2582 727/901/2583 725/892/2584
f 728/902/2585 722/890/2586 724/893/2587 726/903/2588
f 730/904/2589 731/905/2590 733/906/2591 732/907/2592
f 732/907/2593 733/906/2594 735/908/2595 734/909/2596
f 734/909/2597 735/908/2598 737/910/2599 736/911/2600
f 736/911/2601 737/910/2602 731/912/2603 730/913/2604
f 731/905/2605 737/914/2606 735/915/2607 733/906/2608
f 736/916/2609 730/904/2610 732/907/2611 734/917/2612
f 738/918/2613 739/919/2614 741/920/2615 740/921/2616
f 740/921/2617 741/920/2618 743/922/2619 742/923/2620
f 742/923/2621 743/922/2622 745/924/2623 744/925/2624
f 744/925/2625 745/924/2626 739/926/2627 738/927/2628
f 739/919/2629 745/928/2630 743/929/2631 741/920/2632
f 744/930/2633 738/918/2634 740/921/2635 742/931/2636
f 746/932/2637 747/933/2638 749/934/2639 748/935/2640
f 748/935/2641 749/934/2642 751/936/2643 750/937/2644
f 750/937/2645 751/936/2646 753/938/2647 752/939/2648
f 752/939/2649 753/938/2650 747/940/2651 746/941/2652
f 747/933/2653 753/942/2654 751/943/2655 749/934/2656
f 752/944/2657 746/932/2658 748/935/2659 750/945/2660
f 754/946/2661 755/947/2662 757/948/2663 756/949/2664
f 756/949/2665 757/948/2666 759/950/2667 758/951/2668
f 758/951/2669 759/950/2670 761/952/2671 760/953/2672
f 760/953/2673 761/952/2674 755/954/2675 754/955/2676
f 755/947/2677 761/956/2678 759/957/2679 757/948/2680
f 760/958/2681 754/946/2682 756/949/2683 758/959/2684
f 762/960/2685 763/961/2686 765/962/2687 764/963/2688
f 764/963/2689 765/962/2690 767/964/2691 766/965/2692
f 766/965/2693 767/964/2694 769/966/2695 768/967/2696
f 768/967/2697 769/966/2698 763/968/2699 762/969/2700
f 763/961/2701 769/970/2702 767/971/2703 765/962/2704
f 768/972/2705 762/960/2706 764/963/2707 766/973/2708
f 770/974/2709 771/975/2710 773/976/2711 772/977/2712
f 772/977/2713 773/976/2714 775/978/2715 774/979/2716
f 774/979/2717 775/978/2718 777/980/2719 776/981/2720
f 776/981/2721 777/980/2722 771/982/2723 770/983/2724
f 771/975/2725 777/984/2726 775/985/2727 773/976/2728
f 776/986/2729 770/974/2730 772/977/2731 774/987/2732
s 34
f 778/988/2733 779/989/2734 792/990/2735 791/991/2736
f 779/989/2734 780/992/2737 793/993/2738 792/990/2735
f 780/992/2737 781/994/2739 794/995/2740 793/993/2738
f 781/994/2739 782/996/2741 795/997/2742 794/995/2740
f 782/996/2741 783/998/2743 796/999/2744 795/997/2742
f 783/998/2743 784/1000/2745 797/1001/2746 796/999/2744
f 784/1000/2745 785/1002/2747 798/1003/2748 797/1001/2746
f 785/1002/2747 786/1004/2749 799/1005/2750 798/1003/2748
f 786/1004/2749 787/1006/2751 800/1007/2752 799/1005/2750
f 787/1006/2751 788/1008/2753 801/1009/2754 800/1007/2752
f 788/1008/2753 789/1010/2755 802/1011/2756 801/1009/2754
f 789/1010/2755 790/1012/2757 803/1013/2758 802/1011/2756
f 790/1012/2757 778/1014/2733 791/1015/2736 803/1013/2758
s 35
f 779/1016/2759 778/1017/2760 804/1018/2761
f 780/1019/2762 779/1016/2759 804/1018/2761
f 781/1020/2763 780/1019/2762 804/1018/2761
f 782/1021/2764 781/1020/2763 804/1018/2761
f 783/1022/2765 782/1021/2764 804/1018/2761
f 784/1023/2766 783/1022/2765 804/1018/2761
f 785/1024/2767 784/1023/2766 804/1018/2761
f 786/1025/2768 785/1024/2767 804/1018/2761
f 787/1026/2769 786/1025/2768 804/1018/2761
f 788/1027/2770 787/1026/2769 804/1018/2761
f 789/1028/2771 788/1027/2770 804/1018/2761
f 790/1029/2772 789/1028/2771 804/1018/2761
f 778/1017/2760 790/1029/2772 804/1018/2761
s 36
f 791/1030/2773 792/1031/2774 805/1032/2775
f 792/1031/2774 793/1033/2776 805/1032/2775
f 793/1033/2776 794/1034/2777 805/1032/2775
f 794/1034/2777 795/1035/2778 805/1032/2775
f 795/1035/2778 796/1036/2779 805/1032/2775
f 796/1036/2779 797/1037/2780 805/1032/2775
f 797/1037/2780 798/1038/2781 805/1032/2775
f 798/1038/2781 799/1039/2782 805/1032/2775
f 799/1039/2782 800/1040/2783 805/1032/2775
f 800/1040/2783 801/1041/2784 805/1032/2775
f 801/1041/2784 802/1042/2785 805/1032/2775
f 802/1042/2785 803/1043/2786 805/1032/2775
f 803/1043/2786 791/1030/2773 805/1032/2775
s 37
f 806/1044/2787 807/1045/2788 820/1046/2789 819/1047/2790
f 807/1045/2788 808/1048/2791 821/1049/2792 820/1046/2789
f 808/1048/2791 809/1050/2793 822/1051/2794 821/1049/2792
f 809/1050/2793 810/1052/2795 823/1053/2796 822/1051/2794
f 810/1052/2795 811/1054/2797 824/1055/2798 823/1053/2796
f 811/1054/2797 812/1056/2799 825/1057/2800 824/1055/2798
f 812/1056/2799 813/1058/2801 826/1059/2802 825/1057/2800
f 813/1058/2801 814/1060/2803 827/1061/2804 826/1059/2802
f 814/1060/2803 815/1062/2805 828/1063/2806 827/1061/2804
f 815/1062/2805 816/1064/2807 829/1065/2808 828/1063/2806
f 816/1064/2807 817/1066/2809 830/1067/2810 829/1065/2808
f 817/1066/2809 818/1068/2811 831/1069/2812 830/1067/2810
f 818/1068/2811 806/1070/2787 819/1071/2790 831/1069/2812
s 38
f 807/1072/2813 806/1073/2814 832/1074/2815
f 808/1075/2816 807/1072/2813 832/1074/2815
f 809/1076/2817 808/1075/2816 832/1074/2815
f 810/1077/2818 809/1076/2817 832/1074/2815
f 811/1078/2819 810/1077/2818 832/1074/2815
f 812/1079/2820 811/1078/2819 832/1074/2815
f 813/1080/2821 812/1079/2820 832/1074/2815
f 814/1081/2822 813/1080/2821 832/1074/2815
f 815/1082/2823 814/1081/2822 832/1074/2815
f 816/1083/2824 815/1082/2823 832/1074/2815
f 817/1084/2825 816/1083/2824 832/1074/2815
f 818/1085/2826 817/1084/2825 832/1074/2815
f 806/1073/2814 818/1085/2826 832/1074/2815
s 39
f 819/1086/2827 820/1087/2828 833/1088/2829
f 820/1087/2828 821/1089/2830 833/1088/2829
f 821/1089/2830 822/1090/2831 833/1088/2829
f 822/1090/2831 823/1091/2832 833/1088/2829
f 823/1091/2832 824/1092/2833 833/1088/2829
f 824/1092/2833 825/1093/2834 833/1088/2829
f 825/1093/2834 826/1094/2835 833/1088/2829
f 826/1094/2835 827/1095/2836 833/1088/2829
f 827/1095/2836 828/1096/2837 833/1088/2829
f 828/1096/2837 829/1097/2838 833/1088/2829
f 829/1097/2838 830/1098/2839 833/1088/2829
f 830/1098/2839 831/1099/2840 833/1088/2829
f 831/1099/2840 819/1086/2827 833/1088/2829
s 40
f 834/1100/2841 835/1101/2842 848/1102/2843 847/1103/2844
f 835/1101/2842 836/1104/2845 849/1105/2846 848/1102/2843
f 836/1104/2845 837/1106/2847 850/1107/2848 849/1105/2846
f 837/1106/2847 838/1108/2849 851/1109/2850 850/1107/2848
f 838/1108/2849 839/1110/2851 852/1111/2852 851/1109/2850
f 839/1110/2851 840/1112/2853 853/1113/2854 852/1111/2852
f 840/1112/2853 841/1114/2855 854/1115/2856 853/1113/2854
f 841/1114/2855 842/1116/2857 855/1117/2858 854/1115/2856
f 842/1116/2857 843/1118/2859 856/1119/2860 855/1117/2858
f 843/1118/2859 844/1120/2861 857/1121/2862 856/1119/2860
f 844/1120/2861 845/1122/2863 858/1123/2864 857/1121/2862
f 845/1122/2863 846/1124/2865 859/1125/2866 858/1123/2864
f 846/1124/2865 834/1126/2841 847/1127/2844 859/1125/2866
s 41
f 835/1128/2867 834/1129/2868 860/1130/2869
f 836/1131/2870 835/1128/2867 860/1130/2869
f 837/1132/2871 836/1131/2870 860/1130/2869
f 838/1133/2872 837/1132/2871 860/1130/2869
f 839/1134/2873 838/1133/2872 860/1130/2869
f 840/1135/2874 839/1134/2873 860/1130/2869
f 841/1136/2875 840/1135/2874 860/1130/2869
f 842/1137/2876 841/1136/2875 860/1130/2869
f 843/1138/2877 842/1137/2876 860/1130/2869
f 844/1139/2878 843/1138/2877 860/1130/2869
f 845/1140/2879 844/1139/2878 860/1130/2869
f 846/1141/2880 845/1140/2879 860/1130/2869
f 834/1129/2868 846/1141/2880 860/1130/2869
s 42
f 847/1142/2881 848/1143/2882 861/1144/2883
f 848/1143/2882 849/1145/2884 861/1144/2883
f 849/1145/2884 850/1146/2885 861/1144/2883
f 850/1146/2885 851/1147/2886 861/1144/2883
f 851/1147/2886 852/1148/2887 861/1144/2883
f 852/1148/2887 853/1149/2888 861/1144/2883
f 853/1149/2888 854/1150/2889 861/1144/2883
f 854/1150/2889 855/1151/2890 861/1144/2883
f 855/1151/2890 856/1152/2891 861/1144/2883
f 856/1152/2891 857/1153/2892 861/1144/2883
f 857/1153/2892 858/1154/2893 861/1144/2883
f 858/1154/2893 859/1155/2894 861/1144/2883
f 859/1155/2894 847/1142/2881 861/1144/2883
s 43
f 862/1156/2895 863/1157/2896 876/1158/2897 875/1159/2898
f 863/1157/2896 864/1160/2899 877/1161/2900 876/1158/2897
f 864/1160/2899 865/1162/2901 878/1163/2902 877/1161/2900
f 865/1162/2901 866/1164/2903 879/1165/2904 878/1163/2902
f 866/1164/2903 867/1166/2905 880/1167/2906 879/1165/2904
f 867/1166/2905 868/1168/2907 881/1169/2908 880/1167/2906
f 868/1168/2907 869/1170/2909 882/1171/2910 881/1169/2908
f 869/1170/2909 870/1172/2911 883/1173/2912 882/1171/2910
f 870/1172/2911 871/1174/2913 884/1175/2914 883/1173/2912
f 871/1174/2913 872/1176/2915 885/1177/2916 884/1175/2914
f 872/1176/2915 873/1178/2917 886/1179/2918 885/1177/2916
f 873/1178/2917 874/1180/2919 887/1181/2920 886/1179/2918
f 874/1180/2919 862/1182/2895 875/1183/2898 887/1181/2920
s 44
f 863/1184/2921 862/1185/2922 888/1186/2923
f 864/1187/2924 863/1184/2921 888/1186/2923
f 865/1188/2925 864/1187/2924 888/1186/2923
f 866/1189/2926 865/1188/2925 888/1186/2923
f 867/1190/2927 866/1189/2926 888/1186/2923
f 868/1191/2928 867/1190/2927 888/1186/2923
f 869/1192/2929 868/1191/2928 888/1186/2923
f 870/1193/2930 869/1192/2929 888/1186/2923
f 871/1194/2931 870/1193/2930 888/1186/2923
f 872/1195/2932 871/1194/2931 888/1186/2923
f 873/1196/2933 872/1195/2932 888/1186/2923
f 874/1197/2934 873/1196/2933 888/1186/2923
f 862/1185/2922 874/1197/2934 888/1186/2923
s 45
f 875/1198/2935 876/1199/2936 889/1200/2937
f 876/1199/2936 877/1201/2938 889/1200/2937
f 877/1201/2938 878/1202/2939 889/1200/2937
f 878/1202/2939 879/1203/2940 889/1200/2937
f 879/1203/2940 880/1204/2941 889/1200/2937
f 880/1204/2941 881/1205/2942 889/1200/2937
f 881/1205/2942 882/1206/2943 889/1200/2937
f 882/1206/2943 883/1207/2944 889/1200/2937
f 883/1207/2944 884/1208/2945 889/1200/2937
f 884/1208/2945 885/1209/2946 889/1200/2937
f 885/1209/2946 886/1210/2947 889/1200/2937
f 886/1210/2947 887/1211/2948 889/1200/2937
f 887/1211/2948 875/1198/2935 889/1200/2937
s 46
f 890/1212/2949 891/1213/2950 904/1214/2951 903/1215/2952
f 891/1213/2950 892/1216/2953 905/1217/2954 904/1214/2951
f 892/1216/2953 893/1218/2955 906/1219/2956 905/1217/2954
f 893/1218/2955 894/1220/2957 907/1221/2958 906/1219/2956
f 894/1220/2957 895/1222/2959 908/1223/2960 907/1221/2958
f 895/1222/2959 896/1224/2961 909/1225/2962 908/1223/2960
f 896/1224/2961 897/1226/2963 910/1227/2964 909/1225/2962
f 897/1226/2963 898/1228/2965 911/1229/2966 910/1227/2964
f 898/1228/2965 899/1230/2967 912/1231/2968 911/1229/2966
f 899/1230/2967 900/1232/2969 913/1233/2970 912/1231/2968
f 900/1232/2969 901/1234/2971 914/1235/2972 913/1233/2970
f 901/1234/2971 902/1236/2973 915/1237/2974 914/1235/2972
f 902/1236/2973 890/1238/2949 903/1239/2952 915/1237/2974
s 47
f 891/1240/2975 890/1241/2976 916/1242/2977
f 892/1243/2978 891/1240/2975 916/1242/2977
f 893/1244/2979 892/1243/2978 916/1242/2977
f 894/1245/2980 893/1244/2979 916/1242/2977
f 895/1246/2981 894/1245/2980 916/1242/2977
f 896/1247/2982 895/1246/2981 916/1242/2977
f 897/1248/2983 896/1247/2982 916/1242/2977
f 898/1249/2984 897/1248/2983 916/1242/2977
f 899/1250/2985 898/1249/2984 916/1242/2977
f 900/1251/2986 899/1250/2985 916/1242/2977
f 901/1252/2987 900/1251/2986 916/1242/2977
f 902/1253/2988 901/1252/2987 916/1242/2977
f 890/1241/2976 902/1253/2988 916/1242/2977
s 48
f 903/1254/2989 904/1255/2990 917/1256/2991
f 904/1255/2990 905/1257/2992 917/1256/2991
f 905/1257/2992 906/1258/2993 917/1256/2991
f 906/1258/2993 907/1259/2994 917/1256/2991
f 907/1259/2994 908/1260/2995 917/1256/2991
f 908/1260/2995 909/1261/2996 917/1256/2991
f 909/1261/2996 910/1262/2997 917/1256/2991
f 910/1262/2997 911/1263/2998 917/1256/2991
f 911/1263/2998 912/1264/2999 917/1256/2991
f 912/1264/2999 913/1265/3000 917/1256/2991
f 913/1265/3000 914/1266/3001 917/1256/2991
f 914/1266/3001 915/1267/3002 917/1256/2991
f 915/1267/3002 903/1254/2989 917/1256/2991
s 49
f 918/1268/3003 919/1269/3004 932/1270/3005 931/1271/3006
f 919/1269/3004 920/1272/3007 933/1273/3008 932/1270/3005
f 920/1272/3007 921/1274/3009 934/1275/3010 933/1273/3008
f 921/1274/3009 922/1276/3011 935/1277/3012 934/1275/3010
f 922/1276/3011 923/1278/3013 936/1279/3014 935/1277/3012
f 923/1278/3013 924/1280/3015 937/1281/3016 936/1279/3014
f 924/1280/3015 925/1282/3017 938/1283/3018 937/1281/3016
f 925/1282/3017 926/1284/3019 939/1285/3020 938/1283/3018
f 926/1284/3019 927/1286/3021 940/1287/3022 939/1285/3020
f 927/1286/3021 928/1288/3023 941/1289/3024 940/1287/3022
f 928/1288/3023 929/1290/3025 942/1291/3026 941/1289/3024
f 929/1290/3025 930/1292/3027 943/1293/3028 942/1291/3026
f 930/1292/3027 918/1294/3003 931/1295/3006 943/1293/3028
s 50
f 919/1296/3029 918/1297/3030 944/1298/3031
f 920/1299/3032 919/1296/3029 944/1298/3031
f 921/1300/3033 920/1299/3032 944/1298/3031
f 922/1301/3034 921/1300/3033 944/1298/3031
f 923/1302/3035 922/1301/3034 944/1298/3031
f 924/1303/3036 923/1302/3035 944/1298/3031
f 925/1304/3037 924/1303/3036 944/1298/3031
f 926/1305/3038 925/1304/3037 944/1298/3031
f 927/1306/3039 926/1305/3038 944/1298/3031
f 928/1307/3040 927/1306/3039 944/1298/3031
f 929/1308/3041 928/1307/3040 944/1298/3031
f 930/1309/3042 929/1308/3041 944/1298/3031
f 918/1297/3030 930/1309/3042 944/1298/3031
s 51
f 931/1310/3043 932/1311/3044 945/1312/3045
f 932/1311/3044 933/1313/3046 945/1312/3045
f 933/1313/3046 934/1314/3047 945/1312/3045
f 934/1314/3047 935/1315/3048 945/1312/3045
f 935/1315/3048 936/1316/3049 945/1312/3045
f 936/1316/3049 937/1317/3050 945/1312/3045
f 937/1317/3050 938/1318/3051 945/1312/3045
f 938/1318/3051 939/1319/3052 945/1312/3045
f 939/1319/3052 940/1320/3053 945/1312/3045
f 940/1320/3053 941/1321/3054 945/1312/3045
f 941/1321/3054 942/1322/3055 945/1312/3045
f 942/1322/3055 943/1323/3056 945/1312/3045
f 943/1323/3056 931/1310/3043 945/1312/3045
s 52
f 946/1324/3057 947/1325/3058 960/1326/3059 959/1327/3060
f 947/1325/3058 948/1328/3061 961/1329/3062 960/1326/3059
f 948/1328/3061 949/1330/3063 962/1331/3064 961/1329/3062
f 949/1330/3063 950/1332/3065 963/1333/3066 962/1331/3064
f 950/1332/3065 951/1334/3067 964/1335/3068 963/1333/3066
f 951/1334/3067 952/1336/3069 965/1337/3070 964/1335/3068
f 952/1336/3069 953/1338/3071 966/1339/3072 965/1337/3070
f 953/1338/3071 954/1340/3073 967/1341/3074 966/1339/3072
f 954/1340/3073 955/1342/3075 968/1343/3076 967/1341/3074
f 955/1342/3075 956/1344/3077 969/1345/3078 968/1343/3076
f 956/1344/3077 957/1346/3079 970/1347/3080 969/1345/3078
f 957/1346/3079 958/1348/3081 971/1349/3082 970/1347/3080
f 958/1348/3081 946/1350/3057 959/1351/3060 971/1349/3082
s 53
f 947/1352/3083 946/1353/3084 972/1354/3085
f 948/1355/3086 947/1352/3083 972/1354/3085
f 949/1356/3087 948/1355/3086 972/1354/3085
f 950/1357/3088 949/1356/3087 972/1354/3085
f 951/1358/3089 950/1357/3088 972/1354/3085
f 952/1359/3090 951/1358/3089 972/1354/3085
f 953/1360/3091 952/1359/3090 972/1354/3085
f 954/1361/3092 953/1360/3091 972/1354/3085
f 955/1362/3093 954/1361/3092 972/1354/3085
f 956/1363/3094 955/1362/3093 972/1354/3085
f 957/1364/3095 956/1363/3094 972/1354/3085
f 958/1365/3096 957/1364/3095 972/1354/3085
f 946/1353/3084 958/1365/3096 972/1354/3085
s 54
f 959/1366/3097 960/1367/3098 973/1368/3099
f 960/1367/3098 961/1369/3100 973/1368/3099
f 961/1369/3100 962/1370/3101 973/1368/3099
f 962/1370/3101 963/1371/3102 973/1368/3099
f 963/1371/3102 964/1372/3103 973/1368/3099
f 964/1372/3103 965/1373/3104 973/1368/3099
f 965/1373/3104 966/1374/3105 973/1368/3099
f 966/1374/3105 967/1375/3106 973/1368/3099
f 967/1375/3106 968/1376/3107 973/1368/3099
f 968/1376/3107 969/1377/3108 973/1368/3099
f 969/1377/3108 970/1378/3109 973/1368/3099
f 970/1378/3109 971/1379/3110 973/1368/3099
f 971/1379/3110 959/1366/3097 973/1368/3099
s 55
f 974/1380/3111 975/1381/3112 988/1382/3113 987/1383/3114
f 975/1381/3112 976/1384/3115 989/1385/3116 988/1382/3113
f 976/1384/3115 977/1386/3117 990/1387/3118 989/1385/3116
f 977/1386/3117 978/1388/3119 991/1389/3120 990/1387/3118
f 978/1388/3119 979/1390/3121 992/1391/3122 991/1389/3120
f 979/1390/3121 980/1392/3123 993/1393/3124 992/1391/3122
f 980/1392/3123 981/1394/3125 994/1395/3126 993/1393/3124
f 981/1394/3125 982/1396/3127 995/1397/3128 994/1395/3126
f 982/1396/3127 983/1398/3129 996/1399/3130 995/1397/3128
f 983/1398/3129 984/1400/3131 997/1401/3132 996/1399/3130
f 984/1400/3131 985/1402/3133 998/1403/3134 997/1401/3132
f 985/1402/3133 986/1404/3135 999/1405/3136 998/1403/3134
f 986/1404/3135 974/1406/3111 987/1407/3114 999/1405/3136
s 56
f 975/1408/3137 974/1409/3138 1000/1410/3139
f 976/1411/3140 975/1408/3137 1000/1410/3139
f 977/1412/3141 976/1411/3140 1000/1410/3139
f 978/1413/3142 977/1412/3141 1000/1410/3139
f 979/1414/3143 978/1413/3142 1000/1410/3139
f 980/1415/3144 979/1414/3143 1000/1410/3139
f 981/1416/3145 980/1415/3144 1000/1410/3139
f 982/1417/3146 981/1416/3145 1000/1410/3139
f 983/1418/3147 982/1417/3146 1000/1410/3139
f 984/1419/3148 983/1418/3147 1000/1410/3139
f 985/1420/3149 984/1419/3148 1000/1410/3139
f 986/1421/3150 985/1420/3149 1000/1410/3139
f 974/1409/3138 986/1421/3150 1000/1410/3139
s 57
f 987/1422/3151 988/1423/3152 1001/1424/3153
f 988/1423/3152 989/1425/3154 1001/1424/3153
f 989/1425/3154 990/1426/3155 1001/1424/3153
f 990/1426/3155 991/1427/3156 1001/1424/3153
f 991/1427/3156 992/1428/3157 1001/1424/3153
f 992/1428/3157 993/1429/3158 1001/1424/3153
f 993/1429/3158 994/1430/3159 1001/1424/3153
f 994/1430/3159 995/1431/3160 1001/1424/3153
f 995/1431/3160 996/1432/3161 1001/1424/3153
f 996/1432/3161 997/1433/3162 1001/1424/3153
f 997/1433/3162 998/1434/3163 1001/1424/3153
f 998/1434/3163 999/1435/3164 1001/1424/3153
f 999/1435/3164 987/1422/3151 1001/1424/3153
s 58
f 1002/1436/3165 1003/1437/3166 1016/1438/3167 1015/1439/3168
f 1003/1437/3166 1004/1440/3169 1017/1441/3170 1016/1438/3167
f 1004/1440/3169 1005/1442/3171 1018/1443/3172 1017/1441/3170
f 1005/1442/3171 1006/1444/3173 1019/1445/3174 1018/1443/3172
f 1006/1444/3173 1007/1446/3175 1020/1447/3176 1019/1445/3174
f 1007/1446/3175 1008/1448/3177 1021/1449/3178 1020/1447/3176
f 1008/1448/3177 1009/1450/3179 1022/1451/3180 1021/1449/3178
f 1009/1450/3179 1010/1452/3181 1023/1453/3182 1022/1451/3180
f 1010/1452/3181 1011/1454/3183 1024/1455/3184 1023/1453/3182
f 1011/1454/3183 1012/1456/3185 1025/1457/3186 1024/1455/3184
f 1012/1456/3185 1013/1458/3187 1026/1459/3188 1025/1457/3186
f 1013/1458/3187 1014/1460/3189 1027/1461/3190 1026/1459/3188
f 1014/1460/3189 1002/1462/3165 1015/1463/3168 1027/1461/3190
s 59
f 1003/1464/3191 1002/1465/3192 1028/1466/3193
f 1004/1467/3194 1003/1464/3191 1028/1466/3193
f 1005/1468/3195 1004/1467/3194 1028/1466/3193
f 1006/1469/3196 1005/1468/3195 1028/1466/3193
f 1007/1470/3197 1006/1469/3196 1028/1466/3193
f 1008/1471/3198 1007/1470/3197 1028/1466/3193
f 1009/1472/3199 1008/1471/3198 1028/1466/3193
f 1010/1473/3200 1009/1472/3199 1028/1466/3193
f 1011/1474/3201 1010/1473/3200 1028/1466/3193
f 1012/1475/3202 1011/1474/3201 1028/1466/3193
f 1013/1476/3203 1012/1475/3202 1028/1466/3193
f 1014/1477/3204 1013/1476/3203 1028/1466/3193
f 1002/1465/3192 1014/1477/3204 1028/1466/3193
s 60
f 1015/1478/3205 1016/1479/3206 1029/1480/3207
f 1016/1479/3206 1017/1481/3208 1029/1480/3207
f 1017/1481/3208 1018/1482/3209 1029/1480/3207
f 1018/1482/3209 1019/1483/3210 1029/1480/3207
f 1019/1483/3210 1020/1484/3211 1029/1480/3207
f 1020/1484/3211 1021/1485/3212 1029/1480/3207
f 1021/1485/3212 1022/1486/3213 1029/1480/3207
f 1022/1486/3213 1023/1487/3214 1029/1480/3207
f 1023/1487/3214 1024/1488/3215 1029/1480/3207
f 1024/1488/3215 1025/1489/3216 1029/1480/3207
f 1025/1489/3216 1026/1490/3217 1029/1480/3207
f 1026/1490/3217 1027/1491/3218 1029/1480/3207
f 1027/1491/3218 1015/1478/3205 1029/1480/3207
s 61
f 1030/1492/3219 1031/1493/3220 1044/1494/3221 1043/1495/3222
f 1031/1493/3220 1032/1496/3223 1045/1497/3224 1044/1494/3221
f 1032/1496/3223 1033/1498/3225 1046/1499/3226 1045/1497/3224
f 1033/1498/3225 1034/1500/3227 1047/1501/3228 1046/1499/3226
f 1034/1500/3227 1035/1502/3229 1048/1503/3230 1047/1501/3228
f 1035/1502/3229 1036/1504/3231 1049/1505/3232 1048/1503/3230
f 1036/1504/3231 1037/1506/3233 1050/1507/3234 1049/1505/3232
f 1037/1506/3233 1038/1508/3235 1051/1509/3236 1050/1507/3234
f 1038/1508/3235 1039/1510/3237 1052/1511/3238 1051/1509/3236
f 1039/1510/3237 1040/1512/3239 1053/1513/3240 1052/1511/3238
f 1040/1512/3239 1041/1514/3241 1054/1515/3242 1053/1513/3240
f 1041/1514/3241 1042/1516/3243 1055/1517/3244 1054/1515/3242
f 1042/1516/3243 1030/1518/3219 1043/1519/3222 1055/1517/3244
s 62
f 1031/1520/3245 1030/1521/3246 1056/1522/3247
f 1032/1523/3248 1031/1520/3245 1056/1522/3247
f 1033/1524/3249 1032/1523/3248 1056/1522/3247
f 1034/1525/3250 1033/1524/3249 1056/1522/3247
f 1035/1526/3251 1034/1525/3250 1056/1522/3247
f 1036/1527/3252 1035/1526/3251 1056/1522/3247
f 1037/1528/3253 1036/1527/3252 1056/1522/3247
f 1038/1529/3254 1037/1528/3253 1056/1522/3247
f 1039/1530/3255 1038/1529/3254 1056/1522/3247
f 1040/1531/3256 1039/1530/3255 1056/1522/3247
f 1041/1532/3257 1040/1531/3256 1056/1522/3247
f 1042/1533/3258 1041/1532/3257 1056/1522/3247
f 1030/1521/3246 1042/1533/3258 1056/1522/3247
s 63
f 1043/1534/3259 1044/1535/3260 1057/1536/3261
f 1044/1535/3260 1045/1537/3262 1057/1536/3261
f 1045/1537/3262 1046/1538/3263 1057/1536/3261
f 1046/1538/3263 1047/1539/3264 1057/1536/3261
f 1047/1539/3264 1048/1540/3265 1057/1536/3261
f 1048/1540/3265 1049/1541/3266 1057/1536/3261
f 1049/1541/3266 1050/1542/3267 1057/1536/3261
f 1050/1542/3267 1051/1543/3268 1057/1536/3261
f 1051/1543/3268 1052/1544/3269 1057/1536/3261
f 1052/1544/3269 1053/1545/3270 1057/1536/3261
f 1053/1545/3270 1054/1546/3271 1057/1536/3261
f 1054/1546/3271 1055/1547/3272 1057/1536/3261
f 1055/1547/3272 1043/1534/3259 1057/1536/3261
s 64
f 1058/1548/3273 1059/1549/3274 1072/1550/3275 1071/1551/3276
f 1059/1549/3274 1060/1552/3277 1073/1553/3278 1072/1550/3275
f 1060/1552/3277 1061/1554/3279 1074/1555/3280 1073/1553/3278
f 1061/1554/3279 1062/1556/3281 1075/1557/3282 1074/1555/3280
f 1062/1556/3281 1063/1558/3283 1076/1559/3284 1075/1557/3282
f 1063/1558/3283 1064/1560/3285 1077/1561/3286 1076/1559/3284
f 1064/1560/3285 1065/1562/3287 1078/1563/3288 1077/1561/3286
f 1065/1562/3287 1066/1564/3289 1079/1565/3290 1078/1563/3288
f 1066/1564/3289 1067/1566/3291 1080/1567/3292 1079/1565/3290
f 1067/1566/3291 1068/1568/3293 1081/1569/3294 1080/1567/3292
f 1068/1568/3293 1069/1570/3295 1082/1571/3296 1081/1569/3294
f 1069/1570/3295 1070/1572/3297 1083/1573/3298 1082/1571/3296
f 1070/1572/3297 1058/1574/3273 1071/1575/3276 1083/1573/3298
s 65
f 1059/1576/3299 1058/1577/3300 1084/1578/3301
f 1060/1579/3302 1059/1576/3299 1084/1578/3301
f 1061/1580/3303 1060/1579/3302 1084/1578/3301
f 1062/1581/3304 1061/1580/3303 1084/1578/3301
f 1063/1582/3305 1062/1581/3304 1084/1578/3301
f 1064/1583/3306 1063/1582/3305 1084/1578/3301
f 1065/1584/3307 1064/1583/3306 1084/1578/3301
f 1066/1585/3308 1065/1584/3307 1084/1578/3301
f 1067/1586/3309 1066/1585/3308 1084/1578/3301
f 1068/1587/3310 1067/1586/3309 1084/1578/3301
f 1069/1588/3311 1068/1587/3310 1084/1578/3301
f 1070/1589/3312 1069/1588/3311 1084/1578/3301
f 1058/1577/3300 1070/1589/3312 1084/1578/3301
s 66
f 1071/1590/3313 1072/1591/3314 1085/1592/3315
f 1072/1591/3314 1073/1593/3316 1085/1592/3315
f 1073/1593/3316 1074/1594/3317 1085/1592/3315
f 1074/1594/3317 1075/1595/3318 1085/1592/3315
f 1075/1595/3318 1076/1596/3319 1085/1592/3315
f 1076/1596/3319 1077/1597/3320 1085/1592/3315
f 1077/1597/3320 1078/1598/3321 1085/1592/3315
f 1078/1598/3321 1079/1599/3322 1085/1592/3315
f 1079/1599/3322 1080/1600/3323 1085/1592/3315
f 1080/1600/3323 1081/1601/3324 1085/1592/3315
f 1081/1601/3324 1082/1602/3325 1085/1592/3315
f 1082/1602/3325 1083/1603/3326 1085/1592/3315
f 1083/1603/3326 1071/1590/3313 1085/1592/3315
s 67
f 1086/1604/3327 1087/1605/3328 1100/1606/3329 1099/1607/3330
f 1087/1605/3328 1088/1608/3331 1101/1609/3332 1100/1606/3329
f 1088/1608/3331 1089/1610/3333 1102/1611/3334 1101/1609/3332
f 1089/1610/3333 1090/1612/3335 1103/1613/3336 1102/1611/3334
f 1090/1612/3335 1091/1614/3337 1104/1615/3338 1103/1613/3336
f 1091/1614/3337 1092/1616/3339 1105/1617/3340 1104/1615/3338
f 1092/1616/3339 1093/1618/3341 1106/1619/3342 1105/1617/3340
f 1093/1618/3341 1094/1620/3343 1107/1621/3344 1106/1619/3342
f 1094/1620/3343 1095/1622/3345 1108/1623/3346 1107/1621/3344
f 1095/1622/3345 1096/1624/3347 1109/1625/3348 1108/1623/3346
f 1096/1624/3347 1097/1626/3349 1110/1627/3350 1109/1625/3348
f 1097/1626/3349 1098/1628/3351 1111/1629/3352 1110/1627/3350
f 1098/1628/3351 1086/1630/3327 1099/1631/3330 1111/1629/3352
s 68
f 1087/1632/3353 1086/1633/3354 1112/1634/3355
f 1088/1635/3356 1087/1632/3353 1112/1634/3355
f 1089/1636/3357 1088/1635/3356 1112/1634/3355
f 1090/1637/3358 1089/1636/3357 1112/1634/3355
f 1091/1638/3359 1090/1637/3358 1112/1634/3355
f 1092/1639/3360 1091/1638/3359 1112/1634/3355
f 1093/1640/3361 1092/1639/3360 1112/1634/3355
f 1094/1641/3362 1093/1640/3361 1112/1634/3355
f 1095/1642/3363 1094/1641/3362 1112/1634/3355
f 1096/1643/3364 1095/1642/3363 1112/1634/3355
f 1097/1644/3365 1096/1643/3364 1112/1634/3355
f 1098/1645/3366 1097/1644/3365 1112/1634/3355
f 1086/1633/3354 1098/1645/3366 1112/1634/3355
s 69
f 1099/1646/3367 1100/1647/3368 1113/1648/3369
f 1100/1647/3368 1101/1649/3370 1113/1648/3369
f 1101/1649/3370 1102/1650/3371 1113/1648/3369
f 1102/1650/3371 1103/1651/3372 1113/1648/3369
f 1103/1651/3372 1104/1652/3373 1113/1648/3369
f 1104/1652/3373 1105/1653/3374 1113/1648/3369
f 1105/1653/3374 1106/1654/3375 1113/1648/3369
f 1106/1654/3375 1107/1655/3376 1113/1648/3369
f 1107/1655/3376 1108/1656/3377 1113/1648/3369
f 1108/1656/3377 1109/1657/3378 1113/1648/3369
f 1109/1657/3378 1110/1658/3379 1113/1648/3369
f 1110/1658/3379 1111/1659/3380 1113/1648/3369
f 1111/1659/3380 1099/1646/3367 1113/1648/3369
s 70
f 1114/1660/3381 1115/1661/3382 1128/1662/3383 1127/1663/3384
f 1115/1661/3382 1116/1664/3385 1129/1665/3386 1128/1662/3383
f 1116/1664/3385 1117/1666/3387 1130/1667/3388 1129/1665/3386
f 1117/1666/3387 1118/1668/3389 1131/1669/3390 1130/1667/3388
f 1118/1668/3389 1119/1670/3391 1132/1671/3392 1131/1669/3390
f 1119/1670/3391 1120/1672/3393 1133/1673/3394 1132/1671/3392
f 1120/1672/3393 1121/1674/3395 1134/1675/3396 1133/1673/3394
f 1121/1674/3395 1122/1676/3397 1135/1677/3398 1134/1675/3396
f 1122/1676/3397 1123/1678/3399 1136/1679/3400 1135/1677/3398
f 1123/1678/3399 1124/1680/3401 1137/1681/3402 1136/1679/3400
f 1124/1680/3401 1125/1682/3403 1138/1683/3404 1137/1681/3402
f 1125/1682/3403 1126/1684/3405 1139/1685/3406 1138/1683/3404
f 1126/1684/3405 1114/1686/3381 1127/1687/3384 1139/1685/3406
s 71
f 1115/1688/3407 1114/1689/3408 1140/1690/3409
f 1116/1691/3410 1115/1688/3407 1140/1690/3409
f 1117/1692/3411 1116/1691/3410 1140/1690/3409
f 1118/1693/3412 1117/1692/3411 1140/1690/3409
f 1119/1694/3413 1118/1693/3412 1140/1690/3409
f 1120/1695/3414 1119/1694/3413 1140/1690/3409
f 1121/1696/3415 1120/1695/3414 1140/1690/3409
f 1122/1697/3416 1121/1696/3415 1140/1690/3409
f 1123/1698/3417 1122/1697/3416 1140/1690/3409
f 1124/1699/3418 1123/1698/3417 1140/1690/3409
f 1125/1700/3419 1124/1699/3418 1140/1690/3409
f 1126/1701/3420 1125/1700/3419 1140/1690/3409
f 1114/1689/3408 1126/1701/3420 1140/1690/3409
s 72
f 1127/1702/3421 1128/1703/3422 1141/1704/3423
f 1128/1703/3422 1129/1705/3424 1141/1704/3423
f 1129/1705/3424 1130/1706/3425 1141/1704/3423
f 1130/1706/3425 1131/1707/3426 1141/1704/3423
f 1131/1707/3426 1132/1708/3427 1141/1704/3423
f 1132/1708/3427 1133/1709/3428 1141/1704/3423
f 1133/1709/3428 1134/1710/3429 1141/1704/3423
f 1134/1710/3429 1135/1711/3430 1141/1704/3423
f 1135/1711/3430 1136/1712/3431 1141/1704/3423
f 1136/1712/3431 1137/1713/3432 1141/1704/3423
f 1137/1713/3432 1138/1714/3433 1141/1704/3423
f 1138/1714/3433 1139/1715/3434 1141/1704/3423
f 1139/1715/3434 1127/1702/3421 1141/1704/3423
s 73
f 1142/1716/3435 1143/1717/3436 1156/1718/3437 1155/1719/3438
f 1143/1717/3436 1144/1720/3439 1157/1721/3440 1156/1718/3437
f 1144/1720/3439 1145/1722/3441 1158/1723/3442 1157/1721/3440
f 1145/1722/3441 1146/1724/3443 1159/1725/3444 1158/1723/3442
f 1146/1724/3443 1147/1726/3445 1160/1727/3446 1159/1725/3444
f 1147/1726/3445 1148/1728/3447 1161/1729/3448 1160/1727/3446
f 1148/1728/3447 1149/1730/3449 1162/1731/3450 1161/1729/3448
f 1149/1730/3449 1150/1732/3451 1163/1733/3452 1162/1731/3450
f 1150/1732/3451 1151/1734/3453 1164/1735/3454 1163/1733/3452
f 1151/1734/3453 1152/1736/3455 1165/1737/3456 1164/1735/3454
f 1152/1736/3455 1153/1738/3457 1166/1739/3458 1165/1737/3456
f 1153/1738/3457 1154/1740/3459 1167/1741/3460 1166/1739/3458
f 1154/1740/3459 1142/1742/3435 1155/1743/3438 1167/1741/3460
s 74
f 1143/1744/3461 1142/1745/3462 1168/1746/3463
f 1144/1747/3464 1143/1744/3461 1168/1746/3463
f 1145/1748/3465 1144/1747/3464 1168/1746/3463
f 1146/1749/3466 1145/1748/3465 1168/1746/3463
f 1147/1750/3467 1146/1749/3466 1168/1746/3463
f 1148/1751/3468 1147/1750/3467 1168/1746/3463
f 1149/1752/3469 1148/1751/3468 1168/1746/3463
f 1150/1753/3470 1149/1752/3469 1168/1746/3463
f 1151/1754/3471 1150/1753/3470 1168/1746/3463
f 1152/1755/3472 1151/1754/3471 1168/1746/3463
f 1153/1756/3473 1152/1755/3472 1168/1746/3463
f 1154/1757/3474 1153/1756/3473 1168/1746/3463
f 1142/1745/3462 1154/1757/3474 1168/1746/3463
s 75
f 1155/1758/3475 1156/1759/3476 1169/1760/3477
f 1156/1759/3476 1157/1761/3478 1169/1760/3477
f 1157/1761/3478 1158/1762/3479 1169/1760/3477
f 1158/1762/3479 1159/1763/3480 1169/1760/3477
f 1159/1763/3480 1160/1764/3481 1169/1760/3477
f 1160/1764/3481 1161/1765/3482 1169/1760/3477
f 1161/1765/3482 1162/1766/3483 1169/1760/3477
f 1162/1766/3483 1163/1767/3484 1169/1760/3477
f 1163/1767/3484 1164/1768/3485 1169/1760/3477
f 1164/1768/3485 1165/1769/3486 1169/1760/3477
f 1165/1769/3486 1166/1770/3487 1169/1760/3477
f 1166/1770/3487 1167/1771/3488 1169/1760/3477
f 1167/1771/3488 1155/1758/3475 1169/1760/3477
s 76
f 1170/1772/3489 1171/1773/3490 1184/1774/3491 1183/1775/3492
f 1171/1773/3490 1172/1776/3493 1185/1777/3494 1184/1774/3491
f 1172/1776/3493 1173/1778/3495 1186/1779/3496 1185/1777/3494
f 1173/1778/3495 1174/1780/3497 1187/1781/3498 1186/1779/3496
f 1174/1780/3497 1175/1782/3499 1188/1783/3500 1187/1781/3498
f 1175/1782/3499 1176/1784/3501 1189/1785/3502 1188/1783/3500
f 1176/1784/3501 1177/1786/3503 1190/1787/3504 1189/1785/3502
f 1177/1786/3503 1178/1788/3505 1191/1789/3506 1190/1787/3504
f 1178/1788/3505 1179/1790/3507 1192/1791/3508 1191/1789/3506
f 1179/1790/3507 1180/1792/3509 1193/1793/3510 1192/1791/3508
f 1180/1792/3509 1181/1794/3511 1194/1795/3512 1193/1793/3510
f 1181/1794/3511 1182/1796/3513 1195/1797/3514 1194/1795/3512
f 1182/1796/3513 1170/1798/3489 1183/1799/3492 1195/1797/3514
s 77
f 1171/1800/3515 1170/1801/3516 1196/1802/3517
f 1172/1803/3518 1171/1800/3515 1196/1802/3517
f 1173/1804/3519 1172/1803/3518 1196/1802/3517
f 1174/1805/3520 1173/1804/3519 1196/1802/3517
f 1175/1806/3521 1174/1805/3520 1196/1802/3517
f 1176/1807/3522 1175/1806/3521 1196/1802/3517
f 1177/1808/3523 1176/1807/3522 1196/1802/3517
f 1178/1809/3524 1177/1808/3523 1196/1802/3517
f 1179/1810/3525 1178/1809/3524 1196/1802/3517
f 1180/1811/3526 1179/1810/3525 1196/1802/3517
f 1181/1812/3527 1180/1811/3526 1196/1802/3517
f 1182/1813/3528 1181/1812/3527 1196/1802/3517
f 1170/1801/3516 1182/1813/3528 1196/1802/3517
s 78
f 1183/1814/3529 1184/1815/3530 1197/1816/3531
f 1184/1815/3530 1185/1817/3532 1197/1816/3531
f 1185/1817/3532 1186/1818/3533 1197/1816/3531
f 1186/1818/3533 1187/1819/3534 1197/1816/3531
f 1187/1819/3534 1188/1820/3535 1197/1816/3531
f 1188/1820/3535 1189/1821/3536 1197/1816/3531
f 1189/1821/3536 1190/1822/3537 1197/1816/3531
f 1190/1822/3537 1191/1823/3538 1197/1816/3531
f 1191/1823/3538 1192/1824/3539 1197/1816/3531
f 1192/1824/3539 1193/1825/3540 1197/1816/3531
f 1193/1825/3540 1194/1826/3541 1197/1816/3531
f 1194/1826/3541 1195/1827/3542 1197/1816/3531
f 1195/1827/3542 1183/1814/3529 1197/1816/3531
s 79
f 1198/1828/3543 1199/1829/3544 1212/1830/3545 1211/1831/3546
f 1199/1829/3544 1200/1832/3547 1213/1833/3548 1212/1830/3545
f 1200/1832/3547 1201/1834/3549 1214/1835/3550 1213/1833/3548
f 1201/1834/3549 1202/1836/3551 1215/1837/3552 1214/1835/3550
f 1202/1836/3551 1203/1838/3553 1216/1839/3554 1215/1837/3552
f 1203/1838/3553 1204/1840/3555 1217/1841/3556 1216/1839/3554
f 1204/1840/3555 1205/1842/3557 1218/1843/3558 1217/1841/3556
f 1205/1842/3557 1206/1844/3559 1219/1845/3560 1218/1843/3558
f 1206/1844/3559 1207/1846/3561 1220/1847/3562 1219/1845/3560
f 1207/1846/3561 1208/1848/3563 1221/1849/3564 1220/1847/3562
f 1208/1848/3563 1209/1850/3565 1222/1851/3566 1221/1849/3564
f 1209/1850/3565 1210/1852/3567 1223/1853/3568 1222/1851/3566
f 1210/1852/3567 1198/1854/3543 1211/1855/3546 1223/1853/3568
s 80
f 1199/1856/3569 1198/1857/3570 1224/1858/3571
f 1200/1859/3572 1199/1856/3569 1224/1858/3571
f 1201/1860/3573 1200/1859/3572 1224/1858/3571
f 1202/1861/3574 1201/1860/3573 1224/1858/3571
f 1203/1862/3575 1202/1861/3574 1224/1858/3571
f 1204/1863/3576 1203/1862/3575 1224/1858/3571
f 1205/1864/3577 1204/1863/3576 1224/1858/3571
f 1206/1865/3578 1205/1864/3577 1224/1858/3571
f 1207/1866/3579 1206/1865/3578 1224/1858/3571
f 1208/1867/3580 1207/1866/3579 1224/1858/3571
f 1209/1868/3581 1208/1867/3580 1224/1858/3571
f 1210/1869/3582 1209/1868/3581 1224/1858/3571
f 1198/1857/3570 1210/1869/3582 1224/1858/3571
s 81
f 1211/1870/3583 1212/1871/3584 1225/1872/3585
f 1212/1871/3584 1213/1873/3586 1225/1872/3585
f 1213/1873/3586 1214/1874/3587 1225/1872/3585
f 1214/1874/3587 1215/1875/3588 1225/1872/3585
f 1215/1875/3588 1216/1876/3589 1225/1872/3585
f 1216/1876/3589 1217/1877/3590 1225/1872/3585
f 1217/1877/3590 1218/1878/3591 1225/1872/3585
f 1218/1878/3591 1219/1879/3592 1225/1872/3585
f 1219/1879/3592 1220/1880/3593 1225/1872/3585
f 1220/1880/3593 1221/1881/3594 1225/1872/3585
f 1221/1881/3594 1222/1882/3595 1225/1872/3585
f 1222/1882/3595 1223/1883/3596 1225/1872/3585
f 1223/1883/3596 1211/1870/3583 1225/1872/3585
s 82
f 1226/1884/3597 1227/1885/3598 1240/1886/3599 1239/1887/3600
f 1227/1885/3598 1228/1888/3601 1241/1889/3602 1240/1886/3599
f 1228/1888/3601 1229/1890/3603 1242/1891/3604 1241/1889/3602
f 1229/1890/3603 1230/1892/3605 1243/1893/3606 1242/1891/3604
f 1230/1892/3605 1231/1894/3607 1244/1895/3608 1243/1893/3606
f 1231/1894/3607 1232/1896/3609 1245/1897/3610 1244/1895/3608
f 1232/1896/3609 1233/1898/3611 1246/1899/3612 1245/1897/3610
f 1233/1898/3611 1234/1900/3613 1247/1901/3614 1246/1899/3612
f 1234/1900/3613 1235/1902/3615 1248/1903/3616 1247/1901/3614
f 1235/1902/3615 1236/1904/3617 1249/1905/3618 1248/1903/3616
f 1236/1904/3617 1237/1906/3619 1250/1907/3620 1249/1905/3618
f 1237/1906/3619 1238/1908/3621 1251/1909/3622 1250/1907/3620
f 1238/1908/3621 1226/1910/3597 1239/1911/3600 1251/1909/3622
s 83
f 1227/1912/3623 1226/1913/3624 1252/1914/3625
f 1228/1915/3626 1227/1912/3623 1252/1914/3625
f 1229/1916/3627 1228/1915/3626 1252/1914/3625
f 1230/1917/3628 1229/1916/3627 1252/1914/3625
f 1231/1918/3629 1230/1917/3628 1252/1914/3625
f 1232/1919/3630 1231/1918/3629 1252/1914/3625
f 1233/1920/3631 1232/1919/3630 1252/1914/3625
f 1234/1921/3632 1233/1920/3631 1252/1914/3625
f 1235/1922/3633 1234/1921/3632 1252/1914/3625
f 1236/1923/3634 1235/1922/3633 1252/1914/3625
f 1237/1924/3635 1236/1923/3634 1252/1914/3625
f 1238/1925/3636 1237/1924/3635 1252/1914/3625
f 1226/1913/3624 1238/1925/3636 1252/1914/3625
s 84
f 1239/1926/3637 1240/1927/3638 1253/1928/3639
f 1240/1927/3638 1241/1929/3640 1253/1928/3639
f 1241/1929/3640 1242/1930/3641 1253/1928/3639
f 1242/1930/3641 1243/1931/3642 1253/1928/3639
f 1243/1931/3642 1244/1932/3643 1253/1928/3639
f 1244/1932/3643 1245/1933/3644 1253/1928/3639
f 1245/1933/3644 1246/1934/3645 1253/1928/3639
f 1246/1934/3645 1247/1935/3646 1253/1928/3639
f 1247/1935/3646 1248/1936/3647 1253/1928/3639
f 1248/1936/3647 1249/1937/3648 1253/1928/3639
f 1249/1937/3648 1250/1938/3649 1253/1928/3639
f 1250/1938/3649 1251/1939/3650 1253/1928/3639
f 1251/1939/3650 1239/1926/3637 1253/1928/3639
s 85
f 1254/1940/3651 1255/1941/3652 1268/1942/3653 1267/1943/3654
f 1255/1941/3652 1256/1944/3655 1269/1945/3656 1268/1942/3653
f 1256/1944/3655 1257/1946/3657 1270/1947/3658 1269/1945/3656
f 1257/1946/3657 1258/1948/3659 1271/1949/3660 1270/1947/3658
f 1258/1948/3659 1259/1950/3661 1272/1951/3662 1271/1949/3660
f 1259/1950/3661 1260/1952/3663 1273/1953/3664 1272/1951/3662
f 1260/1952/3663 1261/1954/3665 1274/1955/3666 1273/1953/3664
f 1261/1954/3665 1262/1956/3667 1275/1957/3668 1274/1955/3666
f 1262/1956/3667 1263/1958/3669 1276/1959/3670 1275/1957/3668
f 1263/1958/3669 1264/1960/3671 1277/1961/3672 1276/1959/3670
f 1264/1960/3671 1265/1962/3673 1278/1963/3674 1277/1961/3672
f 1265/1962/3673 1266/1964/3675 1279/1965/3676 1278/1963/3674
f 1266/1964/3675 1254/1966/3651 1267/1967/3654 1279/1965/3676
s 86
f 1255/1968/3677 1254/1969/3678 1280/1970/3679
f 1256/1971/3680 1255/1968/3677 1280/1970/3679
f 1257/1972/3681 1256/1971/3680 1280/1970/3679
f 1258/1973/3682 1257/1972/3681 1280/1970/3679
f 1259/1974/3683 1258/1973/3682 1280/1970/3679
f 1260/1975/3684 1259/1974/3683 1280/1970/3679
f 1261/1976/3685 1260/1975/3684 1280/1970/3679
f 1262/1977/3686 1261/1976/3685 1280/1970/3679
f 1263/1978/3687 1262/1977/3686 1280/1970/3679
f 1264/1979/3688 1263/1978/3687 1280/1970/3679
f 1265/1980/3689 1264/1979/3688 1280/1970/3679
f 1266/1981/3690 1265/1980/3689 1280/1970/3679
f 1254/1969/3678 1266/1981/3690 1280/1970/3679
s 87
f 1267/1982/3691 1268/1983/3692 1281/1984/3693
f 1268/1983/3692 1269/1985/3694 1281/1984/3693
f 1269/1985/3694 1270/1986/3695 1281/1984/3693
f 1270/1986/3695 1271/1987/3696 1281/1984/3693
f 1271/1987/3696 1272/1988/3697 1281/1984/3693
f 1272/1988/3697 1273/1989/3698 1281/1984/3693
f 1273/1989/3698 1274/1990/3699 1281/1984/3693
f 1274/1990/3699 1275/1991/3700 1281/1984/3693
f 1275/1991/3700 1276/1992/3701 1281/1984/3693
f 1276/1992/3701 1277/1993/3702 1281/1984/3693
f 1277/1993/3702 1278/1994/3703 1281/1984/3693
f 1278/1994/3703 1279/1995/3704 1281/1984/3693
f 1279/1995/3704 1267/1982/3691 1281/1984/3693
s 88
f 1282/1996/3705 1283/1997/3706 1296/1998/3707 1295/1999/3708
f 1283/1997/3706 1284/2000/3709 1297/2001/3710 1296/1998/3707
f 1284/2000/3709 1285/2002/3711 1298/2003/3712 1297/2001/3710
f 1285/2002/3711 1286/2004/3713 1299/2005/3714 1298/2003/3712
f 1286/2004/3713 1287/2006/3715 1300/2007/3716 1299/2005/3714
f 1287/2006/3715 1288/2008/3717 1301/2009/3718 1300/2007/3716
f 1288/2008/3717 1289/2010/3719 1302/2011/3720 1301/2009/3718
f 1289/2010/3719 1290/2012/3721 1303/2013/3722 1302/2011/3720
f 1290/2012/3721 1291/2014/3723 1304/2015/3724 1303/2013/3722
f 1291/2014/3723 1292/2016/3725 1305/2017/3726 1304/2015/3724
f 1292/2016/3725 1293/2018/3727 1306/2019/3728 1305/2017/3726
f 1293/2018/3727 1294/2020/3729 1307/2021/3730 1306/2019/3728
f 1294/2020/3729 1282/2022/3705 1295/2023/3708 1307/2021/3730
s 89
f 1283/2024/3731 1282/2025/3732 1308/2026/3733
f 1284/2027/3734 1283/2024/3731 1308/2026/3733
f 1285/2028/3735 1284/2027/3734 1308/2026/3733
f 1286/2029/3736 1285/2028/3735 1308/2026/3733
f 1287/2030/3737 1286/2029/3736 1308/2026/3733
f 1288/2031/3738 1287/2030/3737 1308/2026/3733
f 1289/2032/3739 1288/2031/3738 1308/2026/3733
f 1290/2033/3740 1289/2032/3739 1308/2026/3733
f 1291/2034/3741 1290/2033/3740 1308/2026/3733
f 1292/2035/3742 1291/2034/3741 1308/2026/3733
f 1293/2036/3743 1292/2035/3742 1308/2026/3733
f 1294/2037/3744 1293/2036/3743 1308/2026/3733
f 1282/2025/3732 1294/2037/3744 1308/2026/3733
s 90
f 1295/2038/3745 1296/2039/3746 1309/2040/3747
f 1296/2039/3746 1297/2041/3748 1309/2040/3747
f 1297/2041/3748 1298/2042/3749 1309/2040/3747
f 1298/2042/3749 1299/2043/3750 1309/2040/3747
f 1299/2043/3750 1300/2044/3751 1309/2040/3747
f 1300/2044/3751 1301/2045/3752 1309/2040/3747
f 1301/2045/3752 1302/2046/3753 1309/2040/3747
f 1302/2046/3753 1303/2047/3754 1309/2040/3747
f 1303/2047/3754 1304/2048/3755 1309/2040/3747
f 1304/2048/3755 1305/2049/3756 1309/2040/3747
f 1305/2049/3756 1306/2050/3757 1309/2040/3747
f 1306/2050/3757 1307/2051/3758 1309/2040/3747
f 1307/2051/3758 1295/2038/3745 1309/2040/3747
s 91
f 1310/2052/3759 1311/2053/3760 1324/2054/3761 1323/2055/3762
f 1311/2053/3760 1312/2056/3763 1325/2057/3764 1324/2054/3761
f 1312/2056/3763 1313/2058/3765 1326/2059/3766 1325/2057/3764
f 1313/2058/3765 1314/2060/3767 1327/2061/3768 1326/2059/3766
f 1314/2060/3767 1315/2062/3769 1328/2063/3770 1327/2061/3768
f 1315/2062/3769 1316/2064/3771 1329/2065/3772 1328/2063/3770
f 1316/2064/3771 1317/2066/3773 1330/2067/3774 1329/2065/3772
f 1317/2066/3773 1318/2068/3775 1331/2069/3776 1330/2067/3774
f 1318/2068/3775 1319/2070/3777 1332/2071/3778 1331/2069/3776
f 1319/2070/3777 1320/2072/3779 1333/2073/3780 1332/2071/3778
f 1320/2072/3779 1321/2074/3781 1334/2075/3782 1333/2073/3780
f 1321/2074/3781 1322/2076/3783 1335/2077/3784 1334/2075/3782
f 1322/2076/3783 1310/2078/3759 1323/2079/3762 1335/2077/3784
s 92
f 1311/2080/3785 1310/2081/3786 1336/2082/3787
f 1312/2083/3788 1311/2080/3785 1336/2082/3787
f 1313/2084/3789 1312/2083/3788 1336/2082/3787
f 1314/2085/3790 1313/2084/3789 1336/2082/3787
f 1315/2086/3791 1314/2085/3790 1336/2082/3787
f 1316/2087/3792 1315/2086/3791 1336/2082/3787
f 1317/2088/3793 1316/2087/3792 1336/2082/3787
f 1318/2089/3794 1317/2088/3793 1336/2082/3787
f 1319/2090/3795 1318/2089/3794 1336/2082/3787
f 1320/2091/3796 1319/2090/3795 1336/2082/3787
f 1321/2092/3797 1320/2091/3796 1336/2082/3787
f 1322/2093/3798 1321/2092/3797 1336/2082/3787
f 1310/2081/3786 1322/2093/3798 1336/2082/3787
s 93
f 1323/2094/3799 1324/2095/3800 1337/2096/3801
f 1324/2095/3800 1325/2097/3802 1337/2096/3801
f 1325/2097/3802 1326/2098/3803 1337/2096/3801
f 1326/2098/3803 1327/2099/3804 1337/2096/3801
f 1327/2099/3804 1328/2100/3805 1337/2096/3801
f 1328/2100/3805 1329/2101/3806 1337/2096/3801
f 1329/2101/3806 1330/2102/3807 1337/2096/3801
f 1330/2102/3807 1331/2103/3808 1337/2096/3801
f 1331/2103/3808 1332/2104/3809 1337/2096/3801
f 1332/2104/3809 1333/2105/3810 1337/2096/3801
f 1333/2105/3810 1334/2106/3811 1337/2096/3801
f 1334/2106/3811 1335/2107/3812 1337/2096/3801
f 1335/2107/3812 1323/2094/3799 1337/2096/3801
s 94
f 1338/2108/3813 1339/2109/3814 1352/2110/3815 1351/2111/3816
f 1339/2109/3814 1340/2112/3817 1353/2113/3818 1352/2110/3815
f 1340/2112/3817 1341/2114/3819 1354/2115/3820 1353/2113/3818
f 1341/2114/3819 1342/2116/3821 1355/2117/3822 1354/2115/3820
f 1342/2116/3821 1343/2118/3823 1356/2119/3824 1355/2117/3822
f 1343/2118/3823 1344/2120/3825 1357/2121/3826 1356/2119/3824
f 1344/2120/3825 1345/2122/3827 1358/2123/3828 1357/2121/3826
f 1345/2122/3827 1346/2124/3829 1359/2125/3830 1358/2123/3828
f 1346/2124/3829 1347/2126/3831 1360/2127/3832 1359/2125/3830
f 1347/2126/3831 1348/2128/3833 1361/2129/3834 1360/2127/3832
f 1348/2128/3833 1349/2130/3835 1362/2131/3836 1361/2129/3834
f 1349/2130/3835 1350/2132/3837 1363/2133/3838 1362/2131/3836
f 1350/2132/3837 1338/2134/3813 1351/2135/3816 1363/2133/3838
s 95
f 1339/2136/3839 1338/2137/3840 1364/2138/3841
f 1340/2139/3842 1339/2136/3839 1364/2138/3841
f 1341/2140/3843 1340/2139/3842 1364/2138/3841
f 1342/2141/3844 1341/2140/3843 1364/2138/3841
f 1343/2142/3845 1342/2141/3844 1364/2138/3841
f 1344/2143/3846 1343/2142/3845 1364/2138/3841
f 1345/2144/3847 1344/2143/3846 1364/2138/3841
f 1346/2145/3848 1345/2144/3847 1364/2138/3841
f 1347/2146/3849 1346/2145/3848 1364/2138/3841
f 1348/2147/3850 1347/2146/3849 1364/2138/3841
f 1349/2148/3851 1348/2147/3850 1364/2138/3841
f 1350/2149/3852 1349/2148/3851 1364/2138/3841
f 1338/2137/3840 1350/2149/3852 1364/2138/3841
s 96
f 1351/2150/3853 1352/2151/3854 1365/2152/3855
f 1352/2151/3854 1353/2153/3856 1365/2152/3855
f 1353/2153/3856 1354/2154/3857 1365/2152/3855
f 1354/2154/3857 1355/2155/3858 1365/2152/3855
f 1355/2155/3858 1356/2156/3859 1365/2152/3855
f 1356/2156/3859 1357/2157/3860 1365/2152/3855
f 1357/2157/3860 1358/2158/3861 1365/2152/3855
f 1358/2158/3861 1359/2159/3862 1365/2152/3855
f 1359/2159/3862 1360/2160/3863 1365/2152/3855
f 1360/2160/3863 1361/2161/3864 1365/2152/3855
f 1361/2161/3864 1362/2162/3865 1365/2152/3855
f 1362/2162/3865 1363/2163/3866 1365/2152/3855
f 1363/2163/3866 1351/2150/3853 1365/2152/3855
s 97
f 1366/2164/3867 1367/2165/3868 1380/2166/3869 1379/2167/3870
f 1367/2165/3868 1368/2168/3871 1381/2169/3872 1380/2166/3869
f 1368/2168/3871 1369/2170/3873 1382/2171/3874 1381/2169/3872
f 1369/2170/3873 1370/2172/3875 1383/2173/3876 1382/2171/3874
f 1370/2172/3875 1371/2174/3877 1384/2175/3878 1383/2173/3876
f 1371/2174/3877 1372/2176/3879 1385/2177/3880 1384/2175/3878
f 1372/2176/3879 1373/2178/3881 1386/2179/3882 1385/2177/3880
f 1373/2178/3881 1374/2180/3883 1387/2181/3884 1386/2179/3882
f 1374/2180/3883 1375/2182/3885 1388/2183/3886 1387/2181/3884
f 1375/2182/3885 1376/2184/3887 1389/2185/3888 1388/2183/3886
f 1376/2184/3887 1377/2186/3889 1390/2187/3890 1389/2185/3888
f 1377/2186/3889 1378/2188/3891 1391/2189/3892 1390/2187/3890
f 1378/2188/3891 1366/2190/3867 1379/2191/3870 1391/2189/3892
s 98
f 1367/2192/3893 1366/2193/3894 1392/2194/3895
f 1368/2195/3896 1367/2192/3893 1392/2194/3895
f 1369/2196/3897 1368/2195/3896 1392/2194/3895
f 1370/2197/3898 1369/2196/3897 1392/2194/3895
f 1371/2198/3899 1370/2197/3898 1392/2194/3895
f 1372/2199/3900 1371/2198/3899 1392/2194/3895
f 1373/2200/3901 1372/2199/3900 1392/2194/3895
f 1374/2201/3902 1373/2200/3901 1392/2194/3895
f 1375/2202/3903 1374/2201/3902 1392/2194/3895
f 1376/2203/3904 1375/2202/3903 1392/2194/3895
f 1377/2204/3905 1376/2203/3904 1392/2194/3895
f 1378/2205/3906 1377/2204/3905 1392/2194/3895
f 1366/2193/3894 1378/2205/3906 1392/2194/3895
s 99
f 1379/2206/3907 1380/2207/3908 1393/2208/3909
f 1380/2207/3908 1381/2209/3910 1393/2208/3909
f 1381/2209/3910 1382/2210/3911 1393/2208/3909
f 1382/2210/3911 1383/2211/3912 1393/2208/3909
f 1383/2211/3912 1384/2212/3913 1393/2208/3909
f 1384/2212/3913 1385/2213/3914 1393/2208/3909
f 1385/2213/3914 1386/2214/3915 1393/2208/3909
f 1386/2214/3915 1387/2215/3916 1393/2208/3909
f 1387/2215/3916 1388/2216/3917 1393/2208/3909
f 1388/2216/3917 1389/2217/3918 1393/2208/3909
f 1389/2217/3918 1390/2218/3919 1393/2208/3909
f 1390/2218/3919 1391/2219/3920 1393/2208/3909
f 1391/2219/3920 1379/2206/3907 1393/2208/3909
s 100
f 1394/2220/3921 1395/2221/3922 1408/2222/3923 1407/2223/3924
f 1395/2221/3922 1396/2224/3925 1409/2225/3926 1408/2222/3923
f 1396/2224/3925 1397/2226/3927 1410/2227/3928 1409/2225/3926
f 1397/2226/3927 1398/2228/3929 1411/2229/3930 1410/2227/3928
f 1398/2228/3929 1399/2230/3931 1412/2231/3932 1411/2229/3930
f 1399/2230/3931 1400/2232/3933 1413/2233/3934 1412/2231/3932
f 1400/2232/3933 1401/2234/3935 1414/2235/3936 1413/2233/3934
f 1401/2234/3935 1402/2236/3937 1415/2237/3938 1414/2235/3936
f 1402/2236/3937 1403/2238/3939 1416/2239/3940 1415/2237/3938
f 1403/2238/3939 1404/2240/3941 1417/2241/3942 1416/2239/3940
f 1404/2240/3941 1405/2242/3943 1418/2243/3944 1417/2241/3942
f 1405/2242/3943 1406/2244/3945 1419/2245/3946 1418/2243/3944
f 1406/2244/3945 1394/2246/3921 1407/2247/3924 1419/2245/3946
s 101
f 1395/2248/3947 1394/2249/3948 1420/2250/3949
f 1396/2251/3950 1395/2248/3947 1420/2250/3949
f 1397/2252/3951 1396/2251/3950 1420/2250/3949
f 1398/2253/3952 1397/2252/3951 1420/2250/3949
f 1399/2254/3953 1398/2253/3952 1420/2250/3949
f 1400/2255/3954 1399/2254/3953 1420/2250/3949
f 1401/2256/3955 1400/2255/3954 1420/2250/3949
f 1402/2257/3956 1401/2256/3955 1420/2250/3949
f 1403/2258/3957 1402/2257/3956 1420/2250/3949
f 1404/2259/3958 1403/2258/3957 1420/2250/3949
f 1405/2260/3959 1404/2259/3958 1420/2250/3949
f 1406/2261/3960 1405/2260/3959 1420/2250/3949
f 1394/2249/3948 1406/2261/3960 1420/2250/3949
s 102
f 1407/2262/3961 1408/2263/3962 1421/2264/3963
f 1408/2263/3962 1409/2265/3964 1421/2264/3963
f 1409/2265/3964 1410/2266/3965 1421/2264/3963
f 1410/2266/3965 1411/2267/3966 1421/2264/3963
f 1411/2267/3966 1412/2268/3967 1421/2264/3963
f 1412/2268/3967 1413/2269/3968 1421/2264/3963
f 1413/2269/3968 1414/2270/3969 1421/2264/3963
f 1414/2270/3969 1415/2271/3970 1421/2264/3963
f 1415/2271/3970 1416/2272/3971 1421/2264/3963
f 1416/2272/3971 1417/2273/3972 1421/2264/3963
f 1417/2273/3972 1418/2274/3973 1421/2264/3963
f 1418/2274/3973 1419/2275/3974 1421/2264/3963
f 1419/2275/3974 1407/2262/3961 1421/2264/3963
s 103
f 1422/2276/3975 1423/2277/3976 1436/2278/3977 1435/2279/3978
f 1423/2277/3976 1424/2280/3979 1437/2281/3980 1436/2278/3977
f 1424/2280/3979 1425/2282/3981 1438/2283/3982 1437/2281/3980
f 1425/2282/3981 1426/2284/3983 1439/2285/3984 1438/2283/3982
f 1426/2284/3983 1427/2286/3985 1440/2287/3986 1439/2285/3984
f 1427/2286/3985 1428/2288/3987 1441/2289/3988 1440/2287/3986
f 1428/2288/3987 1429/2290/3989 1442/2291/3990 1441/2289/3988
f 1429/2290/3989 1430/2292/3991 1443/2293/3992 1442/2291/3990
f 1430/2292/3991 1431/2294/3993 1444/2295/3994 1443/2293/3992
f 1431/2294/3993 1432/2296/3995 1445/2297/3996 1444/2295/3994
f 1432/2296/3995 1433/2298/3997 1446/2299/3998 1445/2297/3996
f 1433/2298/3997 1434/2300/3999 1447/2301/4000 1446/2299/3998
f 1434/2300/3999 1422/2302/3975 1435/2303/3978 1447/2301/4000
s 104
f 1423/2304/4001 1422/2305/4002 1448/2306/4003
f 1424/2307/4004 1423/2304/4001 1448/2306/4003
f 1425/2308/4005 1424/2307/4004 1448/2306/4003
f 1426/2309/4006 1425/2308/4005 1448/2306/4003
f 1427/2310/4007 1426/2309/4006 1448/2306/4003
f 1428/2311/4008 1427/2310/4007 1448/2306/4003
f 1429/2312/4009 1428/2311/4008 1448/2306/4003
f 1430/2313/4010 1429/2312/4009 1448/2306/4003
f 1431/2314/4011 1430/2313/4010 1448/2306/4003
f 1432/2315/4012 1431/2314/4011 1448/2306/4003
f 1433/2316/4013 1432/2315/4012 1448/2306/4003
f 1434/2317/4014 1433/2316/4013 1448/2306/4003
f 1422/2305/4002 1434/2317/4014 1448/2306/4003
s 105
f 1435/2318/4015 1436/2319/4016 1449/2320/4017
f 1436/2319/4016 1437/2321/4018 1449/2320/4017
f 1437/2321/4018 1438/2322/4019 1449/2320/4017
f 1438/2322/4019 1439/2323/4020 1449/2320/4017
f 1439/2323/4020 1440/2324/4021 1449/2320/4017
f 1440/2324/4021 1441/2325/4022 1449/2320/4017
f 1441/2325/4022 1442/2326/4023 1449/2320/4017
f 1442/2326/4023 1443/2327/4024 1449/2320/4017
f 1443/2327/4024 1444/2328/4025 1449/2320/4017
f 1444/2328/4025 1445/2329/4026 1449/2320/4017
f 1445/2329/4026 1446/2330/4027 1449/2320/4017
f 1446/2330/4027 1447/2331/4028 1449/2320/4017
f 1447/2331/4028 1435/2318/4015 1449/2320/4017
s 106
f 1450/2332/4029 1451/2333/4030 1464/2334/4031 1463/2335/4032
f 1451/2333/4030 1452/2336/4033 1465/2337/4034 1464/2334/4031
f 1452/2336/4033 1453/2338/4035 1466/2339/4036 1465/2337/4034
f 1453/2338/4035 1454/2340/4037 1467/2341/4038 1466/2339/4036
f 1454/2340/4037 1455/2342/4039 1468/2343/4040 1467/2341/4038
f 1455/2342/4039 1456/2344/4041 1469/2345/4042 1468/2343/4040
f 1456/2344/4041 1457/2346/4043 1470/2347/4044 1469/2345/4042
f 1457/2346/4043 1458/2348/4045 1471/2349/4046 1470/2347/4044
f 1458/2348/4045 1459/2350/4047 1472/2351/4048 1471/2349/4046
f 1459/2350/4047 1460/2352/4049 1473/2353/4050 1472/2351/4048
f 1460/2352/4049 1461/2354/4051 1474/2355/4052 1473/2353/4050
f 1461/2354/4051 1462/2356/4053 1475/2357/4054 1474/2355/4052
f 1462/2356/4053 1450/2358/4029 1463/2359/4032 1475/2357/4054
s 107
f 1451/2360/4055 1450/2361/4056 1476/2362/4057
f 1452/2363/4058 1451/2360/4055 1476/2362/4057
f 1453/2364/4059 1452/2363/4058 1476/2362/4057
f 1454/2365/4060 1453/2364/4059 1476/2362/4057
f 1455/2366/4061 1454/2365/4060 1476/2362/4057
f 1456/2367/4062 1455/2366/4061 1476/2362/4057
f 1457/2368/4063 1456/2367/4062 1476/2362/4057
f 1458/2369/4064 1457/2368/4063 1476/2362/4057
f 1459/2370/4065 1458/2369/4064 1476/2362/4057
f 1460/2371/4066 1459/2370/4065 1476/2362/4057
f 1461/2372/4067 1460/2371/4066 1476/2362/4057
f 1462/2373/4068 1461/2372/4067 1476/2362/4057
f 1450/2361/4056 1462/2373/4068 1476/2362/4057
s 108
f 1463/2374/4069 1464/2375/4070 1477/2376/4071
f 1464/2375/4070 1465/2377/4072 1477/2376/4071
f 1465/2377/4072 1466/2378/4073 1477/2376/4071
f 1466/2378/4073 1467/2379/4074 1477/2376/4071
f 1467/2379/4074 1468/2380/4075 1477/2376/4071
f 1468/2380/4075 1469/2381/4076 1477/2376/4071
f 1469/2381/4076 1470/2382/4077 1477/2376/4071
f 1470/2382/4077 1471/2383/4078 1477/2376/4071
f 1471/2383/4078 1472/2384/4079 1477/2376/4071
f 1472/2384/4079 1473/2385/4080 1477/2376/4071
f 1473/2385/4080 1474/2386/4081 1477/2376/4071
f 1474/2386/4081 1475/2387/4082 1477/2376/4071
f 1475/2387/4082 1463/2374/4069 1477/2376/4071
s 109
f 1478/2388/4083 1479/2389/4084 1492/2390/4085 1491/2391/4086
f 1479/2389/4084 1480/2392/4087 1493/2393/4088 1492/2390/4085
f 1480/2392/4087 1481/2394/4089 1494/2395/4090 1493/2393/4088
f 1481/2394/4089 1482/2396/4091 1495/2397/4092 1494/2395/4090
f 1482/2396/4091 1483/2398/4093 1496/2399/4094 1495/2397/4092
f 1483/2398/4093 1484/2400/4095 1497/2401/4096 1496/2399/4094
f 1484/2400/4095 1485/2402/4097 1498/2403/4098 1497/2401/4096
f 1485/2402/4097 1486/2404/4099 1499/2405/4100 1498/2403/4098
f 1486/2404/4099 1487/2406/4101 1500/2407/4102 1499/2405/4100
f 1487/2406/4101 1488/2408/4103 1501/2409/4104 1500/2407/4102
f 1488/2408/4103 1489/2410/4105 1502/2411/4106 1501/2409/4104
f 1489/2410/4105 1490/2412/4107 1503/2413/4108 1502/2411/4106
f 1490/2412/4107 1478/2414/4083 1491/2415/4086 1503/2413/4108
s 110
f 1479/2416/4109 1478/2417/4110 1504/2418/4111
f 1480/2419/4112 1479/2416/4109 1504/2418/4111
f 1481/2420/4113 1480/2419/4112 1504/2418/4111
f 1482/2421/4114 1481/2420/4113 1504/2418/4111
f 1483/2422/4115 1482/2421/4114 1504/2418/4111
f 1484/2423/4116 1483/2422/4115 1504/2418/4111
f 1485/2424/4117 1484/2423/4116 1504/2418/4111
f 1486/2425/4118 1485/2424/4117 1504/2418/4111
f 1487/2426/4119 1486/2425/4118 1504/2418/4111
f 1488/2427/4120 1487/2426/4119 1504/2418/4111
f 1489/2428/4121 1488/2427/4120 1504/2418/4111
f 1490/2429/4122 1489/2428/4121 1504/2418/4111
f 1478/2417/4110 1490/2429/4122 1504/2418/4111
s 111
f 1491/2430/4123 1492/2431/4124 1505/2432/4125
f 1492/2431/4124 1493/2433/4126 1505/2432/4125
f 1493/2433/4126 1494/2434/4127 1505/2432/4125
f 1494/2434/4127 1495/2435/4128 1505/2432/4125
f 1495/2435/4128 1496/2436/4129 1505/2432/4125
f 1496/2436/4129 1497/2437/4130 1505/2432/4125
f 1497/2437/4130 1498/2438/4131 1505/2432/4125
f 1498/2438/4131 1499/2439/4132 1505/2432/4125
f 1499/2439/4132 1500/2440/4133 1505/2432/4125
f 1500/2440/4133 1501/2441/4134 1505/2432/4125
f 1501/2441/4134 1502/2442/4135 1505/2432/4125
f 1502/2442/4135 1503/2443/4136 1505/2432/4125
f 1503/2443/4136 1491/2430/4123 1505/2432/4125
s off
f 1506/2444/4137 1507/2445/4138 1509/2446/4139 1508/2447/4140
f 1508/2447/4141 1509/2446/4142 1511/2448/4143 1510/2449/4144
f 1510/2449/4145 1511/2448/4146 1513/2450/4147 1512/2451/4148
f 1512/2451/4149 1513/2450/4150 1507/2452/4151 1506/2453/4152
f 1507/2445/4153 1513/2454/4154 1511/2455/4155 1509/2446/4156
f 1512/2456/4157 1506/2444/4158 1508/2447/4159 1510/2457/4160
f 1514/2458/4161 1515/2459/4162 1517/2460/4163 1516/2461/4164
f 1516/2461/4165 1517/2460/4166 1519/2462/4167 1518/2463/4168
f 1518/2463/4169 1519/2462/4170 1521/2464/4171 1520/2465/4172
f 1520/2465/4173 1521/2464/4174 1515/2466/4175 1514/2467/4176
f 1515/2459/4177 1521/2468/4178 1519/2469/4179 1517/2460/4180
f 1520/2470/4181 1514/2458/4182 1516/2461/4183 1518/2471/4184
f 1522/2472/4185 1523/2473/4186 1525/2474/4187 1524/2475/4188
f 1594/2476/4189 1595/2477/4190 1596/2478/4191 1597/2479/4192
f 1526/2480/4193 1527/2481/4194 1529/2482/4195 1528/2483/4196
f 1528/2483/4197 1529/2482/4198 1523/2484/4199 1522/2485/4200
f 1523/2473/4201 1529/2486/4202 1527/2487/4203 1525/2474/4204
f 1528/2488/4205 1522/2472/4206 1524/2475/4207 1526/2489/4208
f 1524/2475/4209 1525/2474/4210 1531/2490/4211 1530/2491/4212
f 1525/2474/4213 1527/2481/4214 1532/2492/4215 1531/2490/4216
f 1527/2481/4217 1526/2480/4218 1533/2493/4219 1532/2492/4220
f 1526/2480/4221 1524/2475/4222 1530/2491/4223 1533/2493/4224
f 1530/2491/4225 1531/2490/4226 1535/2494/4227 1534/2495/4228
f 1531/2490/4229 1532/2492/4230 1536/2496/4231 1535/2494/4232
f 1532/2492/4233 1533/2493/4234 1537/2497/4235 1536/2496/4236
f 1533/2493/4237 1530/2491/4238 1534/2495/4239 1537/2497/4240
f 1534/2495/4241 1535/2494/4242 1539/2498/4243 1538/2499/4244
f 1535/2494/4245 1536/2496/4246 1540/2500/4247 1539/2498/4248
f 1536/2496/4249 1537/2497/4250 1541/2501/4251 1540/2500/4252
f 1537/2497/4253 1534/2495/4254 1538/2499/4255 1541/2501/4256
f 1538/2499/4257 1539/2498/4258 1543/2502/4259 1542/2503/4260
f 1539/2498/4261 1540/2500/4262 1544/2504/4263 1543/2502/4264
f 1540/2500/4265 1541/2501/4266 1545/2505/4267 1544/2504/4268
f 1541/2501/4269 1538/2499/4270 1542/2503/4271 1545/2505/4272
f 1542/2503/4273 1543/2502/4274 1547/2506/4275 1546/2507/4276
f 1543/2502/4277 1544/2504/4278 1548/2508/4279 1547/2506/4280
f 1544/2504/4281 1545/2505/4282 1549/2509/4283 1548/2508/4284
f 1545/2505/4285 1542/2503/4286 1546/2507/4287 1549/2509/4288
f 1546/2507/4289 1547/2506/4290 1551/2510/4291 1550/2511/4292
f 1547/2506/4293 1548/2508/4294 1552/2512/4295 1551/2510/4296
f 1548/2508/4297 1549/2509/4298 1553/2513/4299 1552/2512/4300
f 1549/2509/4301 1546/2507/4302 1550/2511/4303 1553/2513/4304
f 1550/2511/4305 1551/2510/4306 1555/2514/4307 1554/2515/4308
f 1551/2510/4309 1552/2512/4310 1556/2516/4311 1555/2514/4312
f 1552/2512/4313 1553/2513/4314 1557/2517/4315 1556/2516/4316
f 1553/2513/4317 1550/2511/4318 1554/2515/4319 1557/2517/4320
f 1554/2515/4321 1555/2514/4322 1559/2518/4323 1558/2519/4324
f 1555/2514/4325 1556/2516/4326 1560/2520/4327 1559/2518/4328
f 1556/2516/4329 1557/2517/4330 1561/2521/4331 1560/2520/4332
f 1557/2517/4333 1554/2515/4334 1558/2519/4335 1561/2521/4336
f 1558/2519/4337 1559/2518/4338 1563/2522/4339 1562/2523/4340
f 1559/2518/4341 1560/2520/4342 1564/2524/4343 1563/2522/4344
f 1560/2520/4345 1561/2521/4346 1565/2525/4347 1564/2524/4348
f 1561/2521/4349 1558/2519/4350 1562/2523/4351 1565/2525/4352
f 1562/2523/4353 1563/2522/4354 1567/2526/4355 1566/2527/4356
f 1563/2522/4357 1564/2524/4358 1568/2528/4359 1567/2526/4360
f 1564/2524/4361 1565/2525/4362 1569/2529/4363 1568/2528/4364
f 1565/2525/4365 1562/2523/4366 1566/2527/4367 1569/2529/4368
f 1566/2527/4369 1567/2526/4370 1571/2530/4371 1570/2531/4372
f 1567/2526/4373 1568/2528/4374 1572/2532/4375 1571/2530/4376
f 1568/2528/4377 1569/2529/4378 1573/2533/4379 1572/2532/4380
f 1569/2529/4381 1566/2527/4382 1570/2531/4383 1573/2533/4384
f 1570/2531/4385 1571/2530/4386 1575/2534/4387 1574/2535/4388
f 1571/2530/4389 1572/2532/4390 1576/2536/4391 1575/2534/4392
f 1572/2532/4393 1573/2533/4394 1577/2537/4395 1576/2536/4396
f 1573/2533/4397 1570/2531/4398 1574/2535/4399 1577/2537/4400
f 1574/2535/4401 1575/2534/4402 1579/2538/4403 1578/2539/4404
f 1575/2534/4405 1576/2536/4406 1580/2540/4407 1579/2538/4408
f 1576/2536/4409 1577/2537/4410 1581/2541/4411 1580/2540/4412
f 1577/2537/4413 1574/2535/4414 1578/2539/4415 1581/2541/4416
f 1578/2539/4417 1579/2538/4418 1583/2542/4419 1582/2543/4420
f 1579/2538/4421 1580/2540/4422 1584/2544/4423 1583/2542/4424
f 1580/2540/4425 1581/2541/4426 1585/2545/4427 1584/2544/4428
f 1581/2541/4429 1578/2539/4430 1582/2543/4431 1585/2545/4432
f 1582/2543/4433 1583/2542/4434 1587/2546/4435 1586/2547/4436
f 1583/2542/4437 1584/2544/4438 1588/2548/4439 1587/2546/4440
f 1584/2544/4441 1585/2545/4442 1589/2549/4443 1588/2548/4444
f 1585/2545/4445 1582/2543/4446 1586/2547/4447 1589/2549/4448
f 1586/2547/4449 1587/2546/4450 1591/2550/4451 1590/2551/4452
f 1587/2546/4453 1588/2548/4454 1592/2552/4455 1591/2550/4456
f 1588/2548/4457 1589/2549/4458 1593/2553/4459 1592/2552/4460
f 1589/2549/4461 1586/2547/4462 1590/2551/4463 1593/2553/4464
f 1590/2551/4465 1591/2550/4466 1595/2477/4467 1594/2476/4468
f 1591/2550/4469 1592/2552/4470 1596/2478/4471 1595/2477/4472
f 1592/2552/4473 1593/2553/4474 1597/2479/4475 1596/2478/4476
f 1593/2553/4477 1590/2551/4478 1594/2476/4479 1597/2479/4480
f 1598/2554/4481 1599/2555/4482 1601/2556/4483 1600/2557/4484
f 1670/2558/4485 1671/2559/4486 1672/2560/4487 1673/2561/4488
f 1602/2562/4489 1603/2563/4490 1605/2564/4491 1604/2565/4492
f 1604/2565/4493 1605/2564/4494 1599/2566/4495 1598/2567/4496
f 1599/2555/4497 1605/2568/4498 1603/2569/4499 1601/2556/4500
f 1604/2570/4501 1598/2554/4502 1600/2557/4503 1602/2571/4504
f 1600/2557/4505 1601/2556/4506 1607/2572/4507 1606/2573/4508
f 1601/2556/4509 1603/2563/4510 1608/2574/4511 1607/2572/4512
f 1603/2563/4513 1602/2562/4514 1609/2575/4515 1608/2574/4516
f 1602/2562/4517 1600/2557/4518 1606/2573/4519 1609/2575/4520
f 1606/2573/4521 1607/2572/4522 1611/2576/4523 1610/2577/4524
f 1607/2572/4525 1608/2574/4526 1612/2578/4527 1611/2576/4528
f 1608/2574/4529 1609/2575/4530 1613/2579/4531 1612/2578/4532
f 1609/2575/4533 1606/2573/4534 1610/2577/4535 1613/2579/4536
f 1610/2577/4537 1611/2576/4538 1615/2580/4539 1614/2581/4540
f 1611/2576/4541 1612/2578/4542 1616/2582/4543 1615/2580/4544
f 1612/2578/4545 1613/2579/4546 1617/2583/4547 1616/2582/4548
f 1613/2579/4549 1610/2577/4550 1614/2581/4551 1617/2583/4552
f 1614/2581/4553 1615/2580/4554 1619/2584/4555 1618/2585/4556
f 1615/2580/4557 1616/2582/4558 1620/2586/4559 1619/2584/4560
f 1616/2582/4561 1617/2583/4562 1621/2587/4563 1620/2586/4564
f 1617/2583/4565 1614/2581/4566 1618/2585/4567 1621/2587/4568
f 1618/2585/4569 1619/2584/4570 1623/2588/4571 1622/2589/4572
f 1619/2584/4573 1620/2586/4574 1624/2590/4575 1623/2588/4576
f 1620/2586/4577 1621/2587/4578 1625/2591/4579 1624/2590/4580
f 1621/2587/4581 1618/2585/4582 1622/2589/4583 1625/2591/4584
f 1622/2589/4585 1623/2588/4586 1627/2592/4587 1626/2593/4588
f 1623/2588/4589 1624/2590/4590 1628/2594/4591 1627/2592/4592
f 1624/2590/4593 1625/2591/4594 1629/2595/4595 1628/2594/4596
f 1625/2591/4597 1622/2589/4598 1626/2593/4599 1629/2595/4600
f 1626/2593/4601 1627/2592/4602 1631/2596/4603 1630/2597/4604
f 1627/2592/4605 1628/2594/4606 1632/2598/4607 1631/2596/4608
f 1628/2594/4609 1629/2595/4610 1633/2599/4611 1632/2598/4612
f 1629/2595/4613 1626/2593/4614 1630/2597/4615 1633/2599/4616
f 1630/2597/4617 1631/2596/4618 1635/2600/4619 1634/2601/4620
f 1631/2596/4621 1632/2598/4622 1636/2602/4623 1635/2600/4624
f 1632/2598/4625 1633/2599/4626 1637/2603/4627 1636/2602/4628
f 1633/2599/4629 1630/2597/4630 1634/2601/4631 1637/2603/4632
f 1634/2601/4633 1635/2600/4634 1639/2604/4635 1638/2605/4636
f 1635/2600/4637 1636/2602/4638 1640/2606/4639 1639/2604/4640
f 1636/2602/4641 1637/2603/4642 1641/2607/4643 1640/2606/4644
f 1637/2603/4645 1634/2601/4646 1638/2605/4647 1641/2607/4648
f 1638/2605/4649 1639/2604/4650 1643/2608/4651 1642/2609/4652
f 1639/2604/4653 1640/2606/4654 1644/2610/4655 1643/2608/4656
f 1640/2606/4657 1641/2607/4658 1645/2611/4659 1644/2610/4660
f 1641/2607/4661 1638/2605/4662 1642/2609/4663 1645/2611/4664
f 1642/2609/4665 1643/2608/4666 1647/2612/4667 1646/2613/4668
f 1643/2608/4669 1644/2610/4670 1648/2614/4671 1647/2612/4672
f 1644/2610/4673 1645/2611/4674 1649/2615/4675 1648/2614/4676
f 1645/2611/4677 1642/2609/4678 1646/2613/4679 1649/2615/4680
f 1646/2613/4681 1647/2612/4682 1651/2616/4683 1650/2617/4684
f 1647/2612/4685 1648/2614/4686 1652/2618/4687 1651/2616/4688
f 1648/2614/4689 1649/2615/4690 1653/2619/4691 1652/2618/4692
f 1649/2615/4693 1646/2613/4694 1650/2617/4695 1653/2619/4696
f 1650/2617/4697 1651/2616/4698 1655/2620/4699 1654/2621/4700
f 1651/2616/4701 1652/2618/4702 1656/2622/4703 1655/2620/4704
f 1652/2618/4705 1653/2619/4706 1657/2623/4707 1656/2622/4708
f 1653/2619/4709 1650/2617/4710 1654/2621/4711 1657/2623/4712
f 1654/2621/4713 1655/2620/4714 1659/2624/4715 1658/2625/4716
f 1655/2620/4717 1656/2622/4718 1660/2626/4719 1659/2624/4720
f 1656/2622/4721 1657/2623/4722 1661/2627/4723 1660/2626/4724
f 1657/2623/4725 1654/2621/4726 1658/2625/4727 1661/2627/4728
f 1658/2625/4729 1659/2624/4730 1663/2628/4731 1662/2629/4732
f 1659/2624/4733 1660/2626/4734 1664/2630/4735 1663/2628/4736
f 1660/2626/4737 1661/2627/4738 1665/2631/4739 1664/2630/4740
f 1661/2627/4741 1658/2625/4742 1662/2629/4743 1665/2631/4744
f 1662/2629/4745 1663/2628/4746 1667/2632/4747 1666/2633/4748
f 1663/2628/4749 1664/2630/4750 1668/2634/4751 1667/2632/4752
f 1664/2630/4753 1665/2631/4754 1669/2635/4755 1668/2634/4756
f 1665/2631/4757 1662/2629/4758 1666/2633/4759 1669/2635/4760
f 1666/2633/4761 1667/2632/4762 1671/2559/4763 1670/2558/4764
f 1667/2632/4765 1668/2634/4766 1672/2560/4767 1671/2559/4768
f 1668/2634/4769 1669/2635/4770 1673/2561/4771 1672/2560/4772
f 1669/2635/4773 1666/2633/4774 1670/2558/4775 1673/2561/4776
f 1674/2636/4777 1675/2637/4778 1677/2638/4779 1676/2639/4780
f 1676/2639/4781 1677/2638/4782 1679/2640/4783 1678/2641/4784
f 1678/2641/4785 1679/2640/4786 1681/2642/4787 1680/2643/4788
f 1680/2643/4789 1681/2642/4790 1675/2644/4791 1674/2645/4792
f 1675/2637/4793 1681/2646/4794 1679/2647/4795 1677/2638/4796
f 1680/2648/4797 1674/2636/4798 1676/2639/4799 1678/2649/4800
f 1682/2650/4801 1683/2651/4802 1685/2652/4803 1684/2653/4804
f 1684/2653/4805 1685/2652/4806 1687/2654/4807 1686/2655/4808
f 1686/2655/4809 1687/2654/4810 1689/2656/4811 1688/2657/4812
f 1688/2657/4813 1689/2656/4814 1683/2658/4815 1682/2659/4816
f 1683/2651/4817 1689/2660/4818 1687/2661/4819 1685/2652/4820
f 1688/2662/4821 1682/2650/4822 1684/2653/4823 1686/2663/4824
f 1690/2664/4825 1691/2665/4826 1693/2666/4827 1692/2667/4828
f 1692/2667/4829 1693/2666/4830 1695/2668/4831 1694/2669/4832
f 1694/2669/4833 1695/2668/4834 1697/2670/4835 1696/2671/4836
f 1696/2671/4837 1697/2670/4838 1691/2672/4839 1690/2673/4840
f 1691/2665/4841 1697/2674/4842 1695/2675/4843 1693/2666/4844
f 1696/2676/4845 1690/2664/4846 1692/2667/4847 1694/2677/4848
f 1698/2678/4849 1699/2679/4850 1701/2680/4851 1700/2681/4852
f 1700/2681/4853 1701/2680/4854 1703/2682/4855 1702/2683/4856
f 1702/2683/4857 1703/2682/4858 1705/2684/4859 1704/2685/4860
f 1704/2685/4861 1705/2684/4862 1699/2686/4863 1698/2687/4864
f 1699/2679/4865 1705/2688/4866 1703/2689/4867 1701/2680/4868
f 1704/2690/4869 1698/2678/4870 1700/2681/4871 1702/2691/4872
f 1706/2692/4873 1707/2693/4874 1709/2694/4875 1708/2695/4876
f 2170/2696/4877 2171/2697/4878 2172/2698/4879 2173/2699/4880
f 1710/2700/4881 1711/2701/4882 1713/2702/4883 1712/2703/4884
f 1712/2703/4885 1713/2702/4886 1707/2704/4887 1706/2705/4888
f 1707/2693/4889 1713/2706/4890 1711/2707/4891 1709/2694/4892
f 1712/2708/4893 1706/2692/4894 1708/2695/4895 1710/2709/4896
f 1714/2710/4897 1715/2711/4898 1717/2712/4899 1716/2713/4900
f 2174/2714/4901 2175/2715/4902 2176/2716/4903 2177/2717/4904
f 1718/2718/4905 1719/2719/4906 1721/2720/4907 1720/2721/4908
f 1720/2721/4909 1721/2720/4910 1715/2722/4911 1714/2723/4912
f 1715/2711/4913 1721/2724/4914 1719/2725/4915 1717/2712/4916
f 1720/2726/4917 1714/2710/4918 1716/2713/4919 1718/2727/4920
f 1722/2728/4921 1723/2729/4922 1725/2730/4923 1724/2731/4924
f 1724/2731/4925 1725/2730/4926 1727/2732/4927 1726/2733/4928
f 1726/2733/4929 1727/2732/4930 1729/2734/4931 1728/2735/4932
f 1728/2735/4933 1729/2734/4934 1723/2736/4935 1722/2737/4936
f 1723/2729/4937 1729/2738/4938 1727/2739/4939 1725/2730/4940
f 1728/2740/4941 1722/2728/4942 1724/2731/4943 1726/2741/4944
f 1730/2742/4945 1731/2743/4946 1733/2744/4947 1732/2745/4948
f 1732/2745/4949 1733/2744/4950 1735/2746/4951 1734/2747/4952
f 1734/2747/4953 1735/2746/4954 1737/2748/4955 1736/2749/4956
f 1736/2749/4957 1737/2748/4958 1731/2750/4959 1730/2751/4960
f 1731/2743/4961 1737/2752/4962 1735/2753/4963 1733/2744/4964
f 1736/2754/4965 1730/2742/4966 1732/2745/4967 1734/2755/4968
s 112
f 1738/2756/4969 1739/2757/4970 1752/2758/4971 1751/2759/4972
f 1739/2757/4970 1740/2760/4973 1753/2761/4974 1752/2758/4971
f 1740/2760/4973 1741/2762/4975 1754/2763/4976 1753/2761/4974
f 1741/2762/4975 1742/2764/4977 1755/2765/4978 1754/2763/4976
f 1742/2764/4977 1743/2766/4979 1756/2767/4980 1755/2765/4978
f 1743/2766/4979 1744/2768/4981 1757/2769/4982 1756/2767/4980
f 1744/2768/4981 1745/2770/4983 1758/2771/4984 1757/2769/4982
f 1745/2770/4983 1746/2772/4985 1759/2773/4986 1758/2771/4984
f 1746/2772/4985 1747/2774/4987 1760/2775/4988 1759/2773/4986
f 1747/2774/4987 1748/2776/4989 1761/2777/4990 1760/2775/4988
f 1748/2776/4989 1749/2778/4991 1762/2779/4992 1761/2777/4990
f 1749/2778/4991 1750/2780/4993 1763/2781/4994 1762/2779/4992
f 1750/2780/4993 1738/2782/4969 1751/2783/4972 1763/2781/4994
s 113
f 1739/2784/4995 1738/2785/4996 1764/2786/4997
f 1740/2787/4998 1739/2784/4995 1764/2786/4997
f 1741/2788/4999 1740/2787/4998 1764/2786/4997
f 1742/2789/5000 1741/2788/4999 1764/2786/4997
f 1743/2790/5001 1742/2789/5000 1764/2786/4997
f 1744/2791/5002 1743/2790/5001 1764/2786/4997
f 1745/2792/5003 1744/2791/5002 1764/2786/4997
f 1746/2793/5004 1745/2792/5003 1764/2786/4997
f 1747/2794/5005 1746/2793/5004 1764/2786/4997
f 1748/2795/5006 1747/2794/5005 1764/2786/4997
f 1749/2796/5007 1748/2795/5006 1764/2786/4997
f 1750/2797/5008 1749/2796/5007 1764/2786/4997
f 1738/2785/4996 1750/2797/5008 1764/2786/4997
s 114
f 1751/2798/5009 1752/2799/5010 1765/2800/5011
f 1752/2799/5010 1753/2801/5012 1765/2800/5011
f 1753/2801/5012 1754/2802/5013 1765/2800/5011
f 1754/2802/5013 1755/2803/5014 1765/2800/5011
f 1755/2803/5014 1756/2804/5015 1765/2800/5011
f 1756/2804/5015 1757/2805/5016 1765/2800/5011
f 1757/2805/5016 1758/2806/5017 1765/2800/5011
f 1758/2806/5017 1759/2807/5018 1765/2800/5011
f 1759/2807/5018 1760/2808/5019 1765/2800/5011
f 1760/2808/5019 1761/2809/5020 1765/2800/5011
f 1761/2809/5020 1762/2810/5021 1765/2800/5011
f 1762/2810/5021 1763/2811/5022 1765/2800/5011
f 1763/2811/5022 1751/2798/5009 1765/2800/5011
s off
f 1766/2812/5023 1767/2813/5024 1769/2814/5025 1768/2815/5026
f 1768/2815/5027 1769/2814/5028 1771/2816/5029 1770/2817/5030
f 1770/2817/5031 1771/2816/5032 1773/2818/5033 1772/2819/5034
f 1772/2819/5035 1773/2818/5036 1767/2820/5037 1766/2821/5038
f 1767/2813/5039 1773/2822/5040 1771/2823/5041 1769/2814/5042
f 1772/2824/5043 1766/2812/5044 1768/2815/5045 1770/2825/5046
s 115
f 1774/2826/5047 1775/2827/5048 1788/2828/5049 1787/2829/5050
f 1775/2827/5048 1776/2830/5051 1789/2831/5052 1788/2828/5049
f 1776/2830/5051 1777/2832/5053 1790/2833/5054 1789/2831/5052
f 1777/2832/5053 1778/2834/5055 1791/2835/5056 1790/2833/5054
f 1778/2834/5055 1779/2836/5057 1792/2837/5058 1791/2835/5056
f 1779/2836/5057 1780/2838/5059 1793/2839/5060 1792/2837/5058
f 1780/2838/5059 1781/2840/5061 1794/2841/5062 1793/2839/5060
f 1781/2840/5061 1782/2842/5063 1795/2843/5064 1794/2841/5062
f 1782/2842/5063 1783/2844/5065 1796/2845/5066 1795/2843/5064
f 1783/2844/5065 1784/2846/5067 1797/2847/5068 1796/2845/5066
f 1784/2846/5067 1785/2848/5069 1798/2849/5070 1797/2847/5068
f 1785/2848/5069 1786/2850/5071 1799/2851/5072 1798/2849/5070
f 1786/2850/5071 1774/2852/5047 1787/2853/5050 1799/2851/5072
s 116
f 1775/2854/5073 1774/2855/5074 1800/2856/5075
f 1776/2857/5076 1775/2854/5073 1800/2856/5075
f 1777/2858/5077 1776/2857/5076 1800/2856/5075
f 1778/2859/5078 1777/2858/5077 1800/2856/5075
f 1779/2860/5079 1778/2859/5078 1800/2856/5075
f 1780/2861/5080 1779/2860/5079 1800/2856/5075
f 1781/2862/5081 1780/2861/5080 1800/2856/5075
f 1782/2863/5082 1781/2862/5081 1800/2856/5075
f 1783/2864/5083 1782/2863/5082 1800/2856/5075
f 1784/2865/5084 1783/2864/5083 1800/2856/5075
f 1785/2866/5085 1784/2865/5084 1800/2856/5075
f 1786/2867/5086 1785/2866/5085 1800/2856/5075
f 1774/2855/5074 1786/2867/5086 1800/2856/5075
s 117
f 1787/2868/5087 1788/2869/5088 1801/2870/5089
f 1788/2869/5088 1789/2871/5090 1801/2870/5089
f 1789/2871/5090 1790/2872/5091 1801/2870/5089
f 1790/2872/5091 1791/2873/5092 1801/2870/5089
f 1791/2873/5092 1792/2874/5093 1801/2870/5089
f 1792/2874/5093 1793/2875/5094 1801/2870/5089
f 1793/2875/5094 1794/2876/5095 1801/2870/5089
f 1794/2876/5095 1795/2877/5096 1801/2870/5089
f 1795/2877/5096 1796/2878/5097 1801/2870/5089
f 1796/2878/5097 1797/2879/5098 1801/2870/5089
f 1797/2879/5098 1798/2880/5099 1801/2870/5089
f 1798/2880/5099 1799/2881/5100 1801/2870/5089
f 1799/2881/5100 1787/2868/5087 1801/2870/5089
s 118
f 1802/2882/5101 1803/2883/5102 1816/2884/5103 1815/2885/5104
f 1803/2883/5102 1804/2886/5105 1817/2887/5106 1816/2884/5103
f 1804/2886/5105 1805/2888/5107 1818/2889/5108 1817/2887/5106
f 1805/2888/5107 1806/2890/5109 1819/2891/5110 1818/2889/5108
f 1806/2890/5109 1807/2892/5111 1820/2893/5112 1819/2891/5110
f 1807/2892/5111 1808/2894/5113 1821/2895/5114 1820/2893/5112
f 1808/2894/5113 1809/2896/5115 1822/2897/5116 1821/2895/5114
f 1809/2896/5115 1810/2898/5117 1823/2899/5118 1822/2897/5116
f 1810/2898/5117 1811/2900/5119 1824/2901/5120 1823/2899/5118
f 1811/2900/5119 1812/2902/5121 1825/2903/5122 1824/2901/5120
f 1812/2902/5121 1813/2904/5123 1826/2905/5124 1825/2903/5122
f 1813/2904/5123 1814/2906/5125 1827/2907/5126 1826/2905/5124
f 1814/2906/5125 1802/2908/5101 1815/2909/5104 1827/2907/5126
s 119
f 1803/2910/5127 1802/2911/5128 1828/2912/5129
f 1804/2913/5130 1803/2910/5127 1828/2912/5129
f 1805/2914/5131 1804/2913/5130 1828/2912/5129
f 1806/2915/5132 1805/2914/5131 1828/2912/5129
f 1807/2916/5133 1806/2915/5132 1828/2912/5129
f 1808/2917/5134 1807/2916/5133 1828/2912/5129
f 1809/2918/5135 1808/2917/5134 1828/2912/5129
f 1810/2919/5136 1809/2918/5135 1828/2912/5129
f 1811/2920/5137 1810/2919/5136 1828/2912/5129
f 1812/2921/5138 1811/2920/5137 1828/2912/5129
f 1813/2922/5139 1812/2921/5138 1828/2912/5129
f 1814/2923/5140 1813/2922/5139 1828/2912/5129
f 1802/2911/5128 1814/2923/5140 1828/2912/5129
s 120
f 1815/2924/5141 1816/2925/5142 1829/2926/5143
f 1816/2925/5142 1817/2927/5144 1829/2926/5143
f 1817/2927/5144 1818/2928/5145 1829/2926/5143
f 1818/2928/5145 1819/2929/5146 1829/2926/5143
f 1819/2929/5146 1820/2930/5147 1829/2926/5143
f 1820/2930/5147 1821/2931/5148 1829/2926/5143
f 1821/2931/5148 1822/2932/5149 1829/2926/5143
f 1822/2932/5149 1823/2933/5150 1829/2926/5143
f 1823/2933/5150 1824/2934/5151 1829/2926/5143
f 1824/2934/5151 1825/2935/5152 1829/2926/5143
f 1825/2935/5152 1826/2936/5153 1829/2926/5143
f 1826/2936/5153 1827/2937/5154 1829/2926/5143
f 1827/2937/5154 1815/2924/5141 1829/2926/5143
s 121
f 1830/2938/5155 1831/2939/5156 1844/2940/5157 1843/2941/5158
f 1831/2939/5156 1832/2942/5159 1845/2943/5160 1844/2940/5157
f 1832/2942/5159 1833/2944/5161 1846/2945/5162 1845/2943/5160
f 1833/2944/5161 1834/2946/5163 1847/2947/5164 1846/2945/5162
f 1834/2946/5163 1835/2948/5165 1848/2949/5166 1847/2947/5164
f 1835/2948/5165 1836/2950/5167 1849/2951/5168 1848/2949/5166
f 1836/2950/5167 1837/2952/5169 1850/2953/5170 1849/2951/5168
f 1837/2952/5169 1838/2954/5171 1851/2955/5172 1850/2953/5170
f 1838/2954/5171 1839/2956/5173 1852/2957/5174 1851/2955/5172
f 1839/2956/5173 1840/2958/5175 1853/2959/5176 1852/2957/5174
f 1840/2958/5175 1841/2960/5177 1854/2961/5178 1853/2959/5176
f 1841/2960/5177 1842/2962/5179 1855/2963/5180 1854/2961/5178
f 1842/2962/5179 1830/2964/5155 1843/2965/5158 1855/2963/5180
s 122
f 1831/2966/5181 1830/2967/5182 1856/2968/5183
f 1832/2969/5184 1831/2966/5181 1856/2968/5183
f 1833/2970/5185 1832/2969/5184 1856/2968/5183
f 1834/2971/5186 1833/2970/5185 1856/2968/5183
f 1835/2972/5187 1834/2971/5186 1856/2968/5183
f 1836/2973/5188 1835/2972/5187 1856/2968/5183
f 1837/2974/5189 1836/2973/5188 1856/2968/5183
f 1838/2975/5190 1837/2974/5189 1856/2968/5183
f 1839/2976/5191 1838/2975/5190 1856/2968/5183
f 1840/2977/5192 1839/2976/5191 1856/2968/5183
f 1841/2978/5193 1840/2977/5192 1856/2968/5183
f 1842/2979/5194 1841/2978/5193 1856/2968/5183
f 1830/2967/5182 1842/2979/5194 1856/2968/5183
s 123
f 1843/2980/5195 1844/2981/5196 1857/2982/5197
f 1844/2981/5196 1845/2983/5198 1857/2982/5197
f 1845/2983/5198 1846/2984/5199 1857/2982/5197
f 1846/2984/5199 1847/2985/5200 1857/2982/5197
f 1847/2985/5200 1848/2986/5201 1857/2982/5197
f 1848/2986/5201 1849/2987/5202 1857/2982/5197
f 1849/2987/5202 1850/2988/5203 1857/2982/5197
f 1850/2988/5203 1851/2989/5204 1857/2982/5197
f 1851/2989/5204 1852/2990/5205 1857/2982/5197
f 1852/2990/5205 1853/2991/5206 1857/2982/5197
f 1853/2991/5206 1854/2992/5207 1857/2982/5197
f 1854/2992/5207 1855/2993/5208 1857/2982/5197
f 1855/2993/5208 1843/2980/5195 1857/2982/5197
s 124
f 1858/2994/5209 1859/2995/5210 1872/2996/5211 1871/2997/5212
f 1859/2995/5210 1860/2998/5213 1873/2999/5214 1872/2996/5211
f 1860/2998/5213 1861/3000/5215 1874/3001/5216 1873/2999/5214
f 1861/3000/5215 1862/3002/5217 1875/3003/5218 1874/3001/5216
f 1862/3002/5217 1863/3004/5219 1876/3005/5220 1875/3003/5218
f 1863/3004/5219 1864/3006/5221 1877/3007/5222 1876/3005/5220
f 1864/3006/5221 1865/3008/5223 1878/3009/5224 1877/3007/5222
f 1865/3008/5223 1866/3010/5225 1879/3011/5226 1878/3009/5224
f 1866/3010/5225 1867/3012/5227 1880/3013/5228 1879/3011/5226
f 1867/3012/5227 1868/3014/5229 1881/3015/5230 1880/3013/5228
f 1868/3014/5229 1869/3016/5231 1882/3017/5232 1881/3015/5230
f 1869/3016/5231 1870/3018/5233 1883/3019/5234 1882/3017/5232
f 1870/3018/5233 1858/3020/5209 1871/3021/5212 1883/3019/5234
s 125
f 1859/3022/5235 1858/3023/5236 1884/3024/5237
f 1860/3025/5238 1859/3022/5235 1884/3024/5237
f 1861/3026/5239 1860/3025/5238 1884/3024/5237
f 1862/3027/5240 1861/3026/5239 1884/3024/5237
f 1863/3028/5241 1862/3027/5240 1884/3024/5237
f 1864/3029/5242 1863/3028/5241 1884/3024/5237
f 1865/3030/5243 1864/3029/5242 1884/3024/5237
f 1866/3031/5244 1865/3030/5243 1884/3024/5237
f 1867/3032/5245 1866/3031/5244 1884/3024/5237
f 1868/3033/5246 1867/3032/5245 1884/3024/5237
f 1869/3034/5247 1868/3033/5246 1884/3024/5237
f 1870/3035/5248 1869/3034/5247 1884/3024/5237
f 1858/3023/5236 1870/3035/5248 1884/3024/5237
s 126
f 1871/3036/5249 1872/3037/5250 1885/3038/5251
f 1872/3037/5250 1873/3039/5252 1885/3038/5251
f 1873/3039/5252 1874/3040/5253 1885/3038/5251
f 1874/3040/5253 1875/3041/5254 1885/3038/5251
f 1875/3041/5254 1876/3042/5255 1885/3038/5251
f 1876/3042/5255 1877/3043/5256 1885/3038/5251
f 1877/3043/5256 1878/3044/5257 1885/3038/5251
f 1878/3044/5257 1879/3045/5258 1885/3038/5251
f 1879/3045/5258 1880/3046/5259 1885/3038/5251
f 1880/3046/5259 1881/3047/5260 1885/3038/5251
f 1881/3047/5260 1882/3048/5261 1885/3038/5251
f 1882/3048/5261 1883/3049/5262 1885/3038/5251
f 1883/3049/5262 1871/3036/5249 1885/3038/5251
s 127
f 1886/3050/5263 1887/3051/5264 1900/3052/5265 1899/3053/5266
f 1887/3051/5264 1888/3054/5267 1901/3055/5268 1900/3052/5265
f 1888/3054/5267 1889/3056/5269 1902/3057/5270 1901/3055/5268
f 1889/3056/5269 1890/3058/5271 1903/3059/5272 1902/3057/5270
f 1890/3058/5271 1891/3060/5273 1904/3061/5274 1903/3059/5272
f 1891/3060/5273 1892/3062/5275 1905/3063/5276 1904/3061/5274
f 1892/3062/5275 1893/3064/5277 1906/3065/5278 1905/3063/5276
f 1893/3064/5277 1894/3066/5279 1907/3067/5280 1906/3065/5278
f 1894/3066/5279 1895/3068/5281 1908/3069/5282 1907/3067/5280
f 1895/3068/5281 1896/3070/5283 1909/3071/5284 1908/3069/5282
f 1896/3070/5283 1897/3072/5285 1910/3073/5286 1909/3071/5284
f 1897/3072/5285 1898/3074/5287 1911/3075/5288 1910/3073/5286
f 1898/3074/5287 1886/3076/5263 1899/3077/5266 1911/3075/5288
s 128
f 1887/3078/5289 1886/3079/5290 1912/3080/5291
f 1888/3081/5292 1887/3078/5289 1912/3080/5291
f 1889/3082/5293 1888/3081/5292 1912/3080/5291
f 1890/3083/5294 1889/3082/5293 1912/3080/5291
f 1891/3084/5295 1890/3083/5294 1912/3080/5291
f 1892/3085/5296 1891/3084/5295 1912/3080/5291
f 1893/3086/5297 1892/3085/5296 1912/3080/5291
f 1894/3087/5298 1893/3086/5297 1912/3080/5291
f 1895/3088/5299 1894/3087/5298 1912/3080/5291
f 1896/3089/5300 1895/3088/5299 1912/3080/5291
f 1897/3090/5301 1896/3089/5300 1912/3080/5291
f 1898/3091/5302 1897/3090/5301 1912/3080/5291
f 1886/3079/5290 1898/3091/5302 1912/3080/5291
s 129
f 1899/3092/5303 1900/3093/5304 1913/3094/5305
f 1900/3093/5304 1901/3095/5306 1913/3094/5305
f 1901/3095/5306 1902/3096/5307 1913/3094/5305
f 1902/3096/5307 1903/3097/5308 1913/3094/5305
f 1903/3097/5308 1904/3098/5309 1913/3094/5305
f 1904/3098/5309 1905/3099/5310 1913/3094/5305
f 1905/3099/5310 1906/3100/5311 1913/3094/5305
f 1906/3100/5311 1907/3101/5312 1913/3094/5305
f 1907/3101/5312 1908/3102/5313 1913/3094/5305
f 1908/3102/5313 1909/3103/5314 1913/3094/5305
f 1909/3103/5314 1910/3104/5315 1913/3094/5305
f 1910/3104/5315 1911/3105/5316 1913/3094/5305
f 1911/3105/5316 1899/3092/5303 1913/3094/5305
s 130
f 1914/3106/5317 1915/3107/5318 1928/3108/5319 1927/3109/5320
f 1915/3107/5318 1916/3110/5321 1929/3111/5322 1928/3108/5319
f 1916/3110/5321 1917/3112/5323 1930/3113/5324 1929/3111/5322
f 1917/3112/5323 1918/3114/5325 1931/3115/5326 1930/3113/5324
f 1918/3114/5325 1919/3116/5327 1932/3117/5328 1931/3115/5326
f 1919/3116/5327 1920/3118/5329 1933/3119/5330 1932/3117/5328
f 1920/3118/5329 1921/3120/5331 1934/3121/5332 1933/3119/5330
f 1921/3120/5331 1922/3122/5333 1935/3123/5334 1934/3121/5332
f 1922/3122/5333 1923/3124/5335 1936/3125/5336 1935/3123/5334
f 1923/3124/5335 1924/3126/5337 1937/3127/5338 1936/3125/5336
f 1924/3126/5337 1925/3128/5339 1938/3129/5340 1937/3127/5338
f 1925/3128/5339 1926/3130/5341 1939/3131/5342 1938/3129/5340
f 1926/3130/5341 1914/3132/5317 1927/3133/5320 1939/3131/5342
s 131
f 1915/3134/5343 1914/3135/5344 1940/3136/5345
f 1916/3137/5346 1915/3134/5343 1940/3136/5345
f 1917/3138/5347 1916/3137/5346 1940/3136/5345
f 1918/3139/5348 1917/3138/5347 1940/3136/5345
f 1919/3140/5349 1918/3139/5348 1940/3136/5345
f 1920/3141/5350 1919/3140/5349 1940/3136/5345
f 1921/3142/5351 1920/3141/5350 1940/3136/5345
f 1922/3143/5352 1921/3142/5351 1940/3136/5345
f 1923/3144/5353 1922/3143/5352 1940/3136/5345
f 1924/3145/5354 1923/3144/5353 1940/3136/5345
f 1925/3146/5355 1924/3145/5354 1940/3136/5345
f 1926/3147/5356 1925/3146/5355 1940/3136/5345
f 1914/3135/5344 1926/3147/5356 1940/3136/5345
s 132
f 1927/3148/5357 1928/3149/5358 1941/3150/5359
f 1928/3149/5358 1929/3151/5360 1941/3150/5359
f 1929/3151/5360 1930/3152/5361 1941/3150/5359
f 1930/3152/5361 1931/3153/5362 1941/3150/5359
f 1931/3153/5362 1932/3154/5363 1941/3150/5359
f 1932/3154/5363 1933/3155/5364 1941/3150/5359
f 1933/3155/5364 1934/3156/5365 1941/3150/5359
f 1934/3156/5365 1935/3157/5366 1941/3150/5359
f 1935/3157/5366 1936/3158/5367 1941/3150/5359
f 1936/3158/5367 1937/3159/5368 1941/3150/5359
f 1937/3159/5368 1938/3160/5369 1941/3150/5359
f 1938/3160/5369 1939/3161/5370 1941/3150/5359
f 1939/3161/5370 1927/3148/5357 1941/3150/5359
s 133
f 1942/3162/5371 1943/3163/5372 1956/3164/5373 1955/3165/5374
f 1943/3163/5372 1944/3166/5375 1957/3167/5376 1956/3164/5373
f 1944/3166/5375 1945/3168/5377 1958/3169/5378 1957/3167/5376
f 1945/3168/5377 1946/3170/5379 1959/3171/5380 1958/3169/5378
f 1946/3170/5379 1947/3172/5381 1960/3173/5382 1959/3171/5380
f 1947/3172/5381 1948/3174/5383 1961/3175/5384 1960/3173/5382
f 1948/3174/5383 1949/3176/5385 1962/3177/5386 1961/3175/5384
f 1949/3176/5385 1950/3178/5387 1963/3179/5388 1962/3177/5386
f 1950/3178/5387 1951/3180/5389 1964/3181/5390 1963/3179/5388
f 1951/3180/5389 1952/3182/5391 1965/3183/5392 1964/3181/5390
f 1952/3182/5391 1953/3184/5393 1966/3185/5394 1965/3183/5392
f 1953/3184/5393 1954/3186/5395 1967/3187/5396 1966/3185/5394
f 1954/3186/5395 1942/3188/5371 1955/3189/5374 1967/3187/5396
s 134
f 1943/3190/5397 1942/3191/5398 1968/3192/5399
f 1944/3193/5400 1943/3190/5397 1968/3192/5399
f 1945/3194/5401 1944/3193/5400 1968/3192/5399
f 1946/3195/5402 1945/3194/5401 1968/3192/5399
f 1947/3196/5403 1946/3195/5402 1968/3192/5399
f 1948/3197/5404 1947/3196/5403 1968/3192/5399
f 1949/3198/5405 1948/3197/5404 1968/3192/5399
f 1950/3199/5406 1949/3198/5405 1968/3192/5399
f 1951/3200/5407 1950/3199/5406 1968/3192/5399
f 1952/3201/5408 1951/3200/5407 1968/3192/5399
f 1953/3202/5409 1952/3201/5408 1968/3192/5399
f 1954/3203/5410 1953/3202/5409 1968/3192/5399
f 1942/3191/5398 1954/3203/5410 1968/3192/5399
s 135
f 1955/3204/5411 1956/3205/5412 1969/3206/5413
f 1956/3205/5412 1957/3207/5414 1969/3206/5413
f 1957/3207/5414 1958/3208/5415 1969/3206/5413
f 1958/3208/5415 1959/3209/5416 1969/3206/5413
f 1959/3209/5416 1960/3210/5417 1969/3206/5413
f 1960/3210/5417 1961/3211/5418 1969/3206/5413
f 1961/3211/5418 1962/3212/5419 1969/3206/5413
f 1962/3212/5419 1963/3213/5420 1969/3206/5413
f 1963/3213/5420 1964/3214/5421 1969/3206/5413
f 1964/3214/5421 1965/3215/5422 1969/3206/5413
f 1965/3215/5422 1966/3216/5423 1969/3206/5413
f 1966/3216/5423 1967/3217/5424 1969/3206/5413
f 1967/3217/5424 1955/3204/5411 1969/3206/5413
s off
f 1970/3218/5425 1971/3219/5426 1973/3220/5427 1972/3221/5428
f 1972/3221/5429 1973/3220/5430 1975/3222/5431 1974/3223/5432
f 1974/3223/5433 1975/3222/5434 1977/3224/5435 1976/3225/5436
f 1976/3225/5437 1977/3224/5438 1971/3226/5439 1970/3227/5440
f 1971/3219/5441 1977/3228/5442 1975/3229/5443 1973/3220/5444
f 1976/3230/5445 1970/3218/5446 1972/3221/5447 1974/3231/5448
s 136
f 1978/3232/5449 1979/3233/5450 1992/3234/5451 1991/3235/5452
f 1979/3233/5450 1980/3236/5453 1993/3237/5454 1992/3234/5451
f 1980/3236/5453 1981/3238/5455 1994/3239/5456 1993/3237/5454
f 1981/3238/5455 1982/3240/5457 1995/3241/5458 1994/3239/5456
f 1982/3240/5457 1983/3242/5459 1996/3243/5460 1995/3241/5458
f 1983/3242/5459 1984/3244/5461 1997/3245/5462 1996/3243/5460
f 1984/3244/5461 1985/3246/5463 1998/3247/5464 1997/3245/5462
f 1985/3246/5463 1986/3248/5465 1999/3249/5466 1998/3247/5464
f 1986/3248/5465 1987/3250/5467 2000/3251/5468 1999/3249/5466
f 1987/3250/5467 1988/3252/5469 2001/3253/5470 2000/3251/5468
f 1988/3252/5469 1989/3254/5471 2002/3255/5472 2001/3253/5470
f 1989/3254/5471 1990/3256/5473 2003/3257/5474 2002/3255/5472
f 1990/3256/5473 1978/3258/5449 1991/3259/5452 2003/3257/5474
s 137
f 1979/3260/5475 1978/3261/5476 2004/3262/5477
f 1980/3263/5478 1979/3260/5475 2004/3262/5477
f 1981/3264/5479 1980/3263/5478 2004/3262/5477
f 1982/3265/5480 1981/3264/5479 2004/3262/5477
f 1983/3266/5481 1982/3265/5480 2004/3262/5477
f 1984/3267/5482 1983/3266/5481 2004/3262/5477
f 1985/3268/5483 1984/3267/5482 2004/3262/5477
f 1986/3269/5484 1985/3268/5483 2004/3262/5477
f 1987/3270/5485 1986/3269/5484 2004/3262/5477
f 1988/3271/5486 1987/3270/5485 2004/3262/5477
f 1989/3272/5487 1988/3271/5486 2004/3262/5477
f 1990/3273/5488 1989/3272/5487 2004/3262/5477
f 1978/3261/5476 1990/3273/5488 2004/3262/5477
s 138
f 1991/3274/5489 1992/3275/5490 2005/3276/5491
f 1992/3275/5490 1993/3277/5492 2005/3276/5491
f 1993/3277/5492 1994/3278/5493 2005/3276/5491
f 1994/3278/5493 1995/3279/5494 2005/3276/5491
f 1995/3279/5494 1996/3280/5495 2005/3276/5491
f 1996/3280/5495 1997/3281/5496 2005/3276/5491
f 1997/3281/5496 1998/3282/5497 2005/3276/5491
f 1998/3282/5497 1999/3283/5498 2005/3276/5491
f 1999/3283/5498 2000/3284/5499 2005/3276/5491
f 2000/3284/5499 2001/3285/5500 2005/3276/5491
f 2001/3285/5500 2002/3286/5501 2005/3276/5491
f 2002/3286/5501 2003/3287/5502 2005/3276/5491
f 2003/3287/5502 1991/3274/5489 2005/3276/5491
s 139
f 2006/3288/5503 2007/3289/5504 2020/3290/5505 2019/3291/5506
f 2007/3289/5504 2008/3292/5507 2021/3293/5508 2020/3290/5505
f 2008/3292/5507 2009/3294/5509 2022/3295/5510 2021/3293/5508
f 2009/3294/5509 2010/3296/5511 2023/3297/5512 2022/3295/5510
f 2010/3296/5511 2011/3298/5513 2024/3299/5514 2023/3297/5512
f 2011/3298/5513 2012/3300/5515 2025/3301/5516 2024/3299/5514
f 2012/3300/5515 2013/3302/5517 2026/3303/5518 2025/3301/5516
f 2013/3302/5517 2014/3304/5519 2027/3305/5520 2026/3303/5518
f 2014/3304/5519 2015/3306/5521 2028/3307/5522 2027/3305/5520
f 2015/3306/5521 2016/3308/5523 2029/3309/5524 2028/3307/5522
f 2016/3308/5523 2017/3310/5525 2030/3311/5526 2029/3309/5524
f 2017/3310/5525 2018/3312/5527 2031/3313/5528 2030/3311/5526
f 2018/3312/5527 2006/3314/5503 2019/3315/5506 2031/3313/5528
s 140
f 2007/3316/5529 2006/3317/5530 2032/3318/5531
f 2008/3319/5532 2007/3316/5529 2032/3318/5531
f 2009/3320/5533 2008/3319/5532 2032/3318/5531
f 2010/3321/5534 2009/3320/5533 2032/3318/5531
f 2011/3322/5535 2010/3321/5534 2032/3318/5531
f 2012/3323/5536 2011/3322/5535 2032/3318/5531
f 2013/3324/5537 2012/3323/5536 2032/3318/5531
f 2014/3325/5538 2013/3324/5537 2032/3318/5531
f 2015/3326/5539 2014/3325/5538 2032/3318/5531
f 2016/3327/5540 2015/3326/5539 2032/3318/5531
f 2017/3328/5541 2016/3327/5540 2032/3318/5531
f 2018/3329/5542 2017/3328/5541 2032/3318/5531
f 2006/3317/5530 2018/3329/5542 2032/3318/5531
s 141
f 2019/3330/5543 2020/3331/5544 2033/3332/5545
f 2020/3331/5544 2021/3333/5546 2033/3332/5545
f 2021/3333/5546 2022/3334/5547 2033/3332/5545
f 2022/3334/5547 2023/3335/5548 2033/3332/5545
f 2023/3335/5548 2024/3336/5549 2033/3332/5545
f 2024/3336/5549 2025/3337/5550 2033/3332/5545
f 2025/3337/5550 2026/3338/5551 2033/3332/5545
f 2026/3338/5551 2027/3339/5552 2033/3332/5545
f 2027/3339/5552 2028/3340/5553 2033/3332/5545
f 2028/3340/5553 2029/3341/5554 2033/3332/5545
f 2029/3341/5554 2030/3342/5555 2033/3332/5545
f 2030/3342/5555 2031/3343/5556 2033/3332/5545
f 2031/3343/5556 2019/3330/5543 2033/3332/5545
s 142
f 2034/3344/5557 2035/3345/5558 2048/3346/5559 2047/3347/5560
f 2035/3345/5558 2036/3348/5561 2049/3349/5562 2048/3346/5559
f 2036/3348/5561 2037/3350/5563 2050/3351/5564 2049/3349/5562
f 2037/3350/5563 2038/3352/5565 2051/3353/5566 2050/3351/5564
f 2038/3352/5565 2039/3354/5567 2052/3355/5568 2051/3353/5566
f 2039/3354/5567 2040/3356/5569 2053/3357/5570 2052/3355/5568
f 2040/3356/5569 2041/3358/5571 2054/3359/5572 2053/3357/5570
f 2041/3358/5571 2042/3360/5573 2055/3361/5574 2054/3359/5572
f 2042/3360/5573 2043/3362/5575 2056/3363/5576 2055/3361/5574
f 2043/3362/5575 2044/3364/5577 2057/3365/5578 2056/3363/5576
f 2044/3364/5577 2045/3366/5579 2058/3367/5580 2057/3365/5578
f 2045/3366/5579 2046/3368/5581 2059/3369/5582 2058/3367/5580
f 2046/3368/5581 2034/3370/5557 2047/3371/5560 2059/3369/5582
s 143
f 2035/3372/5583 2034/3373/5584 2060/3374/5585
f 2036/3375/5586 2035/3372/5583 2060/3374/5585
f 2037/3376/5587 2036/3375/5586 2060/3374/5585
f 2038/3377/5588 2037/3376/5587 2060/3374/5585
f 2039/3378/5589 2038/3377/5588 2060/3374/5585
f 2040/3379/5590 2039/3378/5589 2060/3374/5585
f 2041/3380/5591 2040/3379/5590 2060/3374/5585
f 2042/3381/5592 2041/3380/5591 2060/3374/5585
f 2043/3382/5593 2042/3381/5592 2060/3374/5585
f 2044/3383/5594 2043/3382/5593 2060/3374/5585
f 2045/3384/5595 2044/3383/5594 2060/3374/5585
f 2046/3385/5596 2045/3384/5595 2060/3374/5585
f 2034/3373/5584 2046/3385/5596 2060/3374/5585
s 144
f 2047/3386/5597 2048/3387/5598 2061/3388/5599
f 2048/3387/5598 2049/3389/5600 2061/3388/5599
f 2049/3389/5600 2050/3390/5601 2061/3388/5599
f 2050/3390/5601 2051/3391/5602 2061/3388/5599
f 2051/3391/5602 2052/3392/5603 2061/3388/5599
f 2052/3392/5603 2053/3393/5604 2061/3388/5599
f 2053/3393/5604 2054/3394/5605 2061/3388/5599
f 2054/3394/5605 2055/3395/5606 2061/3388/5599
f 2055/3395/5606 2056/3396/5607 2061/3388/5599
f 2056/3396/5607 2057/3397/5608 2061/3388/5599
f 2057/3397/5608 2058/3398/5609 2061/3388/5599
f 2058/3398/5609 2059/3399/5610 2061/3388/5599
f 2059/3399/5610 2047/3386/5597 2061/3388/5599
s 145
f 2062/3400/5611 2063/3401/5612 2076/3402/5613 2075/3403/5614
f 2063/3401/5612 2064/3404/5615 2077/3405/5616 2076/3402/5613
f 2064/3404/5615 2065/3406/5617 2078/3407/5618 2077/3405/5616
f 2065/3406/5617 2066/3408/5619 2079/3409/5620 2078/3407/5618
f 2066/3408/5619 2067/3410/5621 2080/3411/5622 2079/3409/5620
f 2067/3410/5621 2068/3412/5623 2081/3413/5624 2080/3411/5622
f 2068/3412/5623 2069/3414/5625 2082/3415/5626 2081/3413/5624
f 2069/3414/5625 2070/3416/5627 2083/3417/5628 2082/3415/5626
f 2070/3416/5627 2071/3418/5629 2084/3419/5630 2083/3417/5628
f 2071/3418/5629 2072/3420/5631 2085/3421/5632 2084/3419/5630
f 2072/3420/5631 2073/3422/5633 2086/3423/5634 2085/3421/5632
f 2073/3422/5633 2074/3424/5635 2087/3425/5636 2086/3423/5634
f 2074/3424/5635 2062/3426/5611 2075/3427/5614 2087/3425/5636
s 146
f 2063/3428/5637 2062/3429/5638 2088/3430/5639
f 2064/3431/5640 2063/3428/5637 2088/3430/5639
f 2065/3432/5641 2064/3431/5640 2088/3430/5639
f 2066/3433/5642 2065/3432/5641 2088/3430/5639
f 2067/3434/5643 2066/3433/5642 2088/3430/5639
f 2068/3435/5644 2067/3434/5643 2088/3430/5639
f 2069/3436/5645 2068/3435/5644 2088/3430/5639
f 2070/3437/5646 2069/3436/5645 2088/3430/5639
f 2071/3438/5647 2070/3437/5646 2088/3430/5639
f 2072/3439/5648 2071/3438/5647 2088/3430/5639
f 2073/3440/5649 2072/3439/5648 2088/3430/5639
f 2074/3441/5650 2073/3440/5649 2088/3430/5639
f 2062/3429/5638 2074/3441/5650 2088/3430/5639
s 147
f 2075/3442/5651 2076/3443/5652 2089/3444/5653
f 2076/3443/5652 2077/3445/5654 2089/3444/5653
f 2077/3445/5654 2078/3446/5655 2089/3444/5653
f 2078/3446/5655 2079/3447/5656 2089/3444/5653
f 2079/3447/5656 2080/3448/5657 2089/3444/5653
f 2080/3448/5657 2081/3449/5658 2089/3444/5653
f 2081/3449/5658 2082/3450/5659 2089/3444/5653
f 2082/3450/5659 2083/3451/5660 2089/3444/5653
f 2083/3451/5660 2084/3452/5661 2089/3444/5653
f 2084/3452/5661 2085/3453/5662 2089/3444/5653
f 2085/3453/5662 2086/3454/5663 2089/3444/5653
f 2086/3454/5663 2087/3455/5664 2089/3444/5653
f 2087/3455/5664 2075/3442/5651 2089/3444/5653
s 148
f 2090/3456/5665 2091/3457/5666 2104/3458/5667 2103/3459/5668
f 2091/3457/5666 2092/3460/5669 2105/3461/5670 2104/3458/5667
f 2092/3460/5669 2093/3462/5671 2106/3463/5672 2105/3461/5670
f 2093/3462/5671 2094/3464/5673 2107/3465/5674 2106/3463/5672
f 2094/3464/5673 2095/3466/5675 2108/3467/5676 2107/3465/5674
f 2095/3466/5675 2096/3468/5677 2109/3469/5678 2108/3467/5676
f 2096/3468/5677 2097/3470/5679 2110/3471/5680 2109/3469/5678
f 2097/3470/5679 2098/3472/5681 2111/3473/5682 2110/3471/5680
f 2098/3472/5681 2099/3474/5683 2112/3475/5684 2111/3473/5682
f 2099/3474/5683 2100/3476/5685 2113/3477/5686 2112/3475/5684
f 2100/3476/5685 2101/3478/5687 2114/3479/5688 2113/3477/5686
f 2101/3478/5687 2102/3480/5689 2115/3481/5690 2114/3479/5688
f 2102/3480/5689 2090/3482/5665 2103/3483/5668 2115/3481/5690
s 149
f 2091/3484/5691 2090/3485/5692 2116/3486/5693
f 2092/3487/5694 2091/3484/5691 2116/3486/5693
f 2093/3488/5695 2092/3487/5694 2116/3486/5693
f 2094/3489/5696 2093/3488/5695 2116/3486/5693
f 2095/3490/5697 2094/3489/5696 2116/3486/5693
f 2096/3491/5698 2095/3490/5697 2116/3486/5693
f 2097/3492/5699 2096/3491/5698 2116/3486/5693
f 2098/3493/5700 2097/3492/5699 2116/3486/5693
f 2099/3494/5701 2098/3493/5700 2116/3486/5693
f 2100/3495/5702 2099/3494/5701 2116/3486/5693
f 2101/3496/5703 2100/3495/5702 2116/3486/5693
f 2102/3497/5704 2101/3496/5703 2116/3486/5693
f 2090/3485/5692 2102/3497/5704 2116/3486/5693
s 150
f 2103/3498/5705 2104/3499/5706 2117/3500/5707
f 2104/3499/5706 2105/3501/5708 2117/3500/5707
f 2105/3501/5708 2106/3502/5709 2117/3500/5707
f 2106/3502/5709 2107/3503/5710 2117/3500/5707
f 2107/3503/5710 2108/3504/5711 2117/3500/5707
f 2108/3504/5711 2109/3505/5712 2117/3500/5707
f 2109/3505/5712 2110/3506/5713 2117/3500/5707
f 2110/3506/5713 2111/3507/5714 2117/3500/5707
f 2111/3507/5714 2112/3508/5715 2117/3500/5707
f 2112/3508/5715 2113/3509/5716 2117/3500/5707
f 2113/3509/5716 2114/3510/5717 2117/3500/5707
f 2114/3510/5717 2115/3511/5718 2117/3500/5707
f 2115/3511/5718 2103/3498/5705 2117/3500/5707
s 151
f 2118/3512/5719 2119/3513/5720 2132/3514/5721 2131/3515/5722
f 2119/3513/5720 2120/3516/5723 2133/3517/5724 2132/3514/5721
f 2120/3516/5723 2121/3518/5725 2134/3519/5726 2133/3517/5724
f 2121/3518/5725 2122/3520/5727 2135/3521/5728 2134/3519/5726
f 2122/3520/5727 2123/3522/5729 2136/3523/5730 2135/3521/5728
f 2123/3522/5729 2124/3524/5731 2137/3525/5732 2136/3523/5730
f 2124/3524/5731 2125/3526/5733 2138/3527/5734 2137/3525/5732
f 2125/3526/5733 2126/3528/5735 2139/3529/5736 2138/3527/5734
f 2126/3528/5735 2127/3530/5737 2140/3531/5738 2139/3529/5736
f 2127/3530/5737 2128/3532/5739 2141/3533/5740 2140/3531/5738
f 2128/3532/5739 2129/3534/5741 2142/3535/5742 2141/3533/5740
f 2129/3534/5741 2130/3536/5743 2143/3537/5744 2142/3535/5742
f 2130/3536/5743 2118/3538/5719 2131/3539/5722 2143/3537/5744
s 152
f 2119/3540/5745 2118/3541/5746 2144/3542/5747
f 2120/3543/5748 2119/3540/5745 2144/3542/5747
f 2121/3544/5749 2120/3543/5748 2144/3542/5747
f 2122/3545/5750 2121/3544/5749 2144/3542/5747
f 2123/3546/5751 2122/3545/5750 2144/3542/5747
f 2124/3547/5752 2123/3546/5751 2144/3542/5747
f 2125/3548/5753 2124/3547/5752 2144/3542/5747
f 2126/3549/5754 2125/3548/5753 2144/3542/5747
f 2127/3550/5755 2126/3549/5754 2144/3542/5747
f 2128/3551/5756 2127/3550/5755 2144/3542/5747
f 2129/3552/5757 2128/3551/5756 2144/3542/5747
f 2130/3553/5758 2129/3552/5757 2144/3542/5747
f 2118/3541/5746 2130/3553/5758 2144/3542/5747
s 153
f 2131/3554/5759 2132/3555/5760 2145/3556/5761
f 2132/3555/5760 2133/3557/5762 2145/3556/5761
f 2133/3557/5762 2134/3558/5763 2145/3556/5761
f 2134/3558/5763 2135/3559/5764 2145/3556/5761
f 2135/3559/5764 2136/3560/5765 2145/3556/5761
f 2136/3560/5765 2137/3561/5766 2145/3556/5761
f 2137/3561/5766 2138/3562/5767 2145/3556/5761
f 2138/3562/5767 2139/3563/5768 2145/3556/5761
f 2139/3563/5768 2140/3564/5769 2145/3556/5761
f 2140/3564/5769 2141/3565/5770 2145/3556/5761
f 2141/3565/5770 2142/3566/5771 2145/3556/5761
f 2142/3566/5771 2143/3567/5772 2145/3556/5761
f 2143/3567/5772 2131/3554/5759 2145/3556/5761
s off
f 1708/2695/5773 1709/2694/5774 2147/3568/5775 2146/3569/5776
f 1709/2694/5777 1711/2701/5778 2148/3570/5779 2147/3568/5780
f 1711/2701/5781 1710/2700/5782 2149/3571/5783 2148/3570/5784
f 1710/2700/5785 1708/2695/5786 2146/3569/5787 2149/3571/5788
f 1716/2713/5789 1717/2712/5790 2151/3572/5791 2150/3573/5792
f 1717/2712/5793 1719/2719/5794 2152/3574/5795 2151/3572/5796
f 1719/2719/5797 1718/2718/5798 2153/3575/5799 2152/3574/5800
f 1718/2718/5801 1716/2713/5802 2150/3573/5803 2153/3575/5804
f 2146/3569/5805 2147/3568/5806 2155/3576/5807 2154/3577/5808
f 2147/3568/5809 2148/3570/5810 2156/3578/5811 2155/3576/5812
f 2148/3570/5813 2149/3571/5814 2157/3579/5815 2156/3578/5816
f 2149/3571/5817 2146/3569/5818 2154/3577/5819 2157/3579/5820
f 2150/3573/5821 2151/3572/5822 2159/3580/5823 2158/3581/5824
f 2151/3572/5825 2152/3574/5826 2160/3582/5827 2159/3580/5828
f 2152/3574/5829 2153/3575/5830 2161/3583/5831 2160/3582/5832
f 2153/3575/5833 2150/3573/5834 2158/3581/5835 2161/3583/5836
f 2154/3577/5837 2155/3576/5838 2163/3584/5839 2162/3585/5840
f 2155/3576/5841 2156/3578/5842 2164/3586/5843 2163/3584/5844
f 2156/3578/5845 2157/3579/5846 2165/3587/5847 2164/3586/5848
f 2157/3579/5849 2154/3577/5850 2162/3585/5851 2165/3587/5852
f 2158/3581/5853 2159/3580/5854 2167/3588/5855 2166/3589/5856
f 2159/3580/5857 2160/3582/5858 2168/3590/5859 2167/3588/5860
f 2160/3582/5861 2161/3583/5862 2169/3591/5863 2168/3590/5864
f 2161/3583/5865 2158/3581/5866 2166/3589/5867 2169/3591/5868
f 2162/3585/5869 2163/3584/5870 2171/2697/5871 2170/2696/5872
f 2163/3584/5873 2164/3586/5874 2172/2698/5875 2171/2697/5876
f 2164/3586/5877 2165/3587/5878 2173/2699/5879 2172/2698/5880
f 2165/3587/5881 2162/3585/5882 2170/2696/5883 2173/2699/5884
f 2166/3589/5885 2167/3588/5886 2175/2715/5887 2174/2714/5888
f 2167/3588/5889 2168/3590/5890 2176/2716/5891 2175/2715/5892
f 2168/3590/5893 2169/3591/5894 2177/2717/5895 2176/2716/5896
f 2169/3591/5897 2166/3589/5898 2174/2714/5899 2177/2717/5900
f 2178/3592/5901 2179/3593/5902 2181/3594/5903 2180/3595/5904
f 2180/3595/5905 2181/3594/5906 2183/3596/5907 2182/3597/5908
f 2182/3597/5909 2183/3596/5910 2185/3598/5911 2184/3599/5912
f 2184/3599/5913 2185/3598/5914 2179/3600/5915 2178/3601/5916
f 2179/3593/5917 2185/3602/5918 2183/3603/5919 2181/3594/5920
f 2184/3604/5921 2178/3592/5922 2180/3595/5923 2182/3605/5924
f 2186/3606/5925 2187/3607/5926 2195/3608/5927 2193/3609/5928
f 2192/3610/5929 2194/3611/5930 2189/3612/5931 2188/3613/5932
f 2188/3613/5933 2189/3612/5934 2191/3614/5935 2190/3615/5936
f 2190/3615/5937 2191/3614/5938 2187/3616/5939 2186/3617/5940
f 2187/3607/5941 2191/3618/5942 2189/3619/5943 2194/3620/5944 2195/3608/5945
f 2190/3621/5946 2186/3606/5947 2193/3609/5948 2192/3622/5949 2188/3623/5950
f 2192/3622/5951 2193/3609/5952 2195/3608/5953 2194/3620/5954
f 2196/3624/5955 2197/3625/5956 2205/3626/5957 2203/3627/5958
f 2202/3628/5959 2204/3629/5960 2199/3630/5961 2198/3631/5962
f 2198/3631/5963 2199/3630/5964 2201/3632/5965 2200/3633/5966
f 2200/3633/5967 2201/3632/5968 2197/3634/5969 2196/3635/5970
f 2197/3625/5971 2201/3636/5972 2199/3637/5973 2204/3638/5974 2205/3626/5975
f 2200/3639/5976 2196/3624/5977 2203/3627/5978 2202/3640/5979 2198/3641/5980
f 2202/3640/5981 2203/3627/5982 2205/3626/5983 2204/3638/5984
f 2206/3642/5985 2207/3643/5986 2215/3644/5987 2213/3645/5988
f 2212/3646/5989 2214/3647/5990 2209/3648/5991 2208/3649/5992
f 2208/3649/5993 2209/3648/5994 2211/3650/5995 2210/3651/5996
f 2210/3651/5997 2211/3650/5998 2207/3652/5999 2206/3653/6000
f 2207/3643/6001 2211/3654/6002 2209/3655/6003 2214/3656/6004 2215/3644/6005
f 2210/3657/6006 2206/3642/6007 2213/3645/6008 2212/3658/6009 2208/3659/6010
f 2212/3658/6011 2213/3645/6012 2215/3644/6013 2214/3656/6014
f 2216/3660/6015 2217/3661/6016 2225/3662/6017 2223/3663/6018
f 2222/3664/6019 2224/3665/6020 2219/3666/6021 2218/3667/6022
f 2218/3667/6023 2219/3666/6024 2221/3668/6025 2220/3669/6026
f 2220/3669/6027 2221/3668/6028 2217/3670/6029 2216/3671/6030
f 2217/3661/6031 2221/3672/6032 2219/3673/6033 2224/3674/6034 2225/3662/6035
f 2220/3675/6036 2216/3660/6037 2223/3663/6038 2222/3676/6039 2218/3677/6040
f 2222/3676/6041 2223/3663/6042 2225/3662/6043 2224/3674/6044
f 2226/3678/6045 2227/3679/6046 2229/3680/6047 2228/3681/6048
f 2228/3681/6049 2229/3680/6050 2231/3682/6051 2230/3683/6052
f 2230/3683/6053 2231/3682/6054 2233/3684/6055 2232/3685/6056
f 2232/3685/6057 2233/3684/6058 2227/3686/6059 2226/3687/6060
f 2227/3679/6061 2233/3688/6062 2231/3689/6063 2229/3680/6064
f 2232/3690/6065 2226/3678/6066 2228/3681/6067 2230/3691/6068
f 2234/3692/6069 2235/3693/6070 2237/3694/6071 2236/3695/6072
f 2236/3695/6073 2237/3694/6074 2239/3696/6075 2238/3697/6076
f 2238/3697/6077 2239/3696/6078 2241/3698/6079 2240/3699/6080
f 2240/3699/6081 2241/3698/6082 2235/3700/6083 2234/3701/6084
f 2235/3693/6085 2241/3702/6086 2239/3703/6087 2237/3694/6088
f 2240/3704/6089 2234/3692/6090 2236/3695/6091 2238/3705/6092
f 2242/3706/6093 2243/3707/6094 2245/3708/6095 2244/3709/6096
f 2244/3709/6097 2245/3708/6098 2247/3710/6099 2246/3711/6100
f 2246/3711/6101 2247/3710/6102 2249/3712/6103 2248/3713/6104
f 2248/3713/6105 2249/3712/6106 2243/3714/6107 2242/3715/6108
f 2243/3707/6109 2249/3716/6110 2247/3717/6111 2245/3708/6112
f 2248/3718/6113 2242/3706/6114 2244/3709/6115 2246/3719/6116
f 2250/3720/6117 2251/3721/6118 2259/3722/6119 2257/3723/6120
f 2256/3724/6121 2258/3725/6122 2253/3726/6123 2252/3727/6124
f 2252/3727/6125 2253/3726/6126 2255/3728/6127 2254/3729/6128
f 2254/3729/6129 2255/3728/6130 2251/3730/6131 2250/3731/6132
f 2251/3721/6133 2255/3732/6134 2253/3733/6135 2258/3734/6136 2259/3722/6137
f 2254/3735/6138 2250/3720/6139 2257/3723/6140 2256/3736/6141 2252/3737/6142
f 2256/3736/6143 2257/3723/6144 2259/3722/6145 2258/3734/6146
f 2260/3738/6147 2261/3739/6148 2269/3740/6149 2267/3741/6150
f 2266/3742/6151 2268/3743/6152 2263/3744/6153 2262/3745/6154
f 2262/3745/6155 2263/3744/6156 2265/3746/6157 2264/3747/6158
f 2264/3747/6159 2265/3746/6160 2261/3748/6161 2260/3749/6162
f 2261/3739/6163 2265/3750/6164 2263/3751/6165 2268/3752/6166 2269/3740/6167
f 2264/3753/6168 2260/3738/6169 2267/3741/6170 2266/3754/6171 2262/3755/6172
f 2266/3754/6173 2267/3741/6174 2269/3740/6175 2268/3752/6176
f 2270/3756/6177 2271/3757/6178 2279/3758/6179 2277/3759/6180
f 2276/3760/6181 2278/3761/6182 2273/3762/6183 2272/3763/6184
f 2272/3763/6185 2273/3762/6186 2275/3764/6187 2274/3765/6188
f 2274/3765/6189 2275/3764/6190 2271/3766/6191 2270/3767/6192
f 2271/3757/6193 2275/3768/6194 2273/3769/6195 2278/3770/6196 2279/3758/6197
f 2274/3771/6198 2270/3756/6199 2277/3759/6200 2276/3772/6201 2272/3773/6202
f 2276/3772/6203 2277/3759/6204 2279/3758/6205 2278/3770/6206
f 2280/3774/6207 2281/3775/6208 2289/3776/6209 2287/3777/6210
f 2286/3778/6211 2288/3779/6212 2283/3780/6213 2282/3781/6214
f 2282/3781/6215 2283/3780/6216 2285/3782/6217 2284/3783/6218
f 2284/3783/6219 2285/3782/6220 2281/3784/6221 2280/3785/6222
f 2281/3775/6223 2285/3786/6224 2283/3787/6225 2288/3788/6226 2289/3776/6227
f 2284/3789/6228 2280/3774/6229 2287/3777/6230 2286/3790/6231 2282/3791/6232
f 2286/3790/6233 2287/3777/6234 2289/3776/6235 2288/3788/6236
f 2290/3792/6237 2291/3793/6238 2293/3794/6239 2292/3795/6240
f 2292/3795/6241 2293/3794/6242 2295/3796/6243 2294/3797/6244
f 2294/3797/6245 2295/3796/6246 2297/3798/6247 2296/3799/6248
f 2296/3799/6249 2297/3798/6250 2291/3800/6251 2290/3801/6252
f 2291/3793/6253 2297/3802/6254 2295/3803/6255 2293/3794/6256
f 2296/3804/6257 2290/3792/6258 2292/3795/6259 2294/3805/6260
f 2298/3806/6261 2299/3807/6262 2301/3808/6263 2300/3809/6264
f 2300/3809/6265 2301/3808/6266 2303/3810/6267 2302/3811/6268
f 2302/3811/6269 2303/3810/6270 2305/3812/6271 2304/3813/6272
f 2304/3813/6273 2305/3812/6274 2299/3814/6275 2298/3815/6276
f 2299/3807/6277 2305/3816/6278 2303/3817/6279 2301/3808/6280
f 2304/3818/6281 2298/3806/6282 2300/3809/6283 2302/3819/6284
