# This file uses meters as units for non-parametric coordinates.

g default
v 1.053691 3.948016 0.035657
v 0.879645 3.948016 -0.305927
v 0.608562 3.948016 -0.577010
v 0.266978 3.948016 -0.751056
v -0.111670 3.948016 -0.811028
v -0.490320 3.948016 -0.751056
v -0.831904 3.948016 -0.577010
v -1.102986 3.948016 -0.305927
v -1.277031 3.948016 0.035657
v -1.337004 3.948016 0.414306
v -1.277031 3.948016 0.792954
v -1.102986 3.948016 1.134538
v -0.831903 3.948016 1.405620
v -0.490319 3.948016 1.579666
v -0.111670 3.948016 1.639639
v 0.266978 3.948016 1.579666
v 0.608562 3.948016 1.405620
v 0.879644 3.948016 1.134538
v 1.053690 3.948016 0.792954
v 1.113662 3.948016 0.414306
v 1.053691 4.034904 0.035657
v 0.879645 4.034904 -0.305927
v 0.608562 4.034904 -0.577010
v 0.266978 4.034904 -0.751056
v -0.111670 4.034904 -0.811028
v -0.490320 4.034904 -0.751056
v -0.831904 4.034904 -0.577010
v -1.102986 4.034904 -0.305927
v -1.277031 4.034904 0.035657
v -1.337004 4.034904 0.414306
v -1.277031 4.034904 0.792954
v -1.102986 4.034904 1.134538
v -0.831903 4.034904 1.405620
v -0.490319 4.034904 1.579666
v -0.111670 4.034904 1.639639
v 0.266978 4.034904 1.579666
v 0.608562 4.034904 1.405620
v 0.879644 4.034904 1.134538
v 1.053690 4.034904 0.792954
v 1.113662 4.034904 0.414306
v 0.837835 4.156260 0.105793
v 0.696027 4.156260 -0.172521
v -0.111670 4.156260 0.414306
v 0.475156 4.156260 -0.393392
v 0.196843 4.156260 -0.535199
v -0.111670 4.156260 -0.584063
v -0.420184 4.156260 -0.535199
v -0.698497 4.156260 -0.393392
v -0.919368 4.156260 -0.172521
v -1.061176 4.156260 0.105793
v -1.110039 4.156260 0.414306
v -1.061176 4.156260 0.722819
v -0.919368 4.156260 1.001132
v -0.698497 4.156260 1.222003
v -0.420184 4.156260 1.363811
v -0.111670 4.156260 1.412675
v 0.196842 4.156260 1.363811
v 0.475156 4.156260 1.222003
v 0.696027 4.156260 1.001132
v 0.837834 4.156260 0.722819
v 0.886698 4.156260 0.414306
v 0.932010 3.860322 0.075194
v 0.776137 3.860322 -0.230724
v 0.533359 3.860322 -0.473502
v 0.227442 3.860322 -0.629375
v -0.111670 3.860322 -0.683085
v -0.450783 3.860322 -0.629375
v -0.756701 3.860322 -0.473502
v -0.999479 3.860322 -0.230724
v -1.155351 3.860322 0.075194
v -1.209061 3.860322 0.414306
v -1.155351 3.860322 0.753418
v -0.999479 3.860322 1.059336
v -0.756701 3.860322 1.302113
v -0.450783 3.860322 1.457986
v -0.111670 3.860322 1.511696
v 0.227442 3.860322 1.457986
v 0.533359 3.860322 1.302113
v 0.776137 3.860322 1.059336
v 0.932009 3.860322 0.753418
v 0.985719 3.860322 0.414306
v 0.765462 3.842067 0.129308
v 0.634462 3.842067 -0.127792
v 0.430427 3.842067 -0.331827
v 0.173327 3.842067 -0.462826
v -0.111671 3.842067 -0.507966
v -0.396668 3.842067 -0.462826
v -0.653768 3.842067 -0.331827
v -0.857804 3.842067 -0.127791
v -0.988802 3.842067 0.129308
v -1.033942 3.842067 0.414306
v -0.988802 3.842067 0.699303
v -0.857804 3.842067 0.956403
v -0.653768 3.842067 1.160439
v -0.396668 3.842067 1.291438
v -0.111671 3.842067 1.336577
v 0.173327 3.842067 1.291438
v 0.430427 3.842067 1.160439
v 0.634462 3.842067 0.956403
v 0.765461 3.842067 0.699303
v 0.810600 3.842067 0.414306
v 0.829009 3.801758 0.108661
v 0.688519 3.801758 -0.167066
v 0.469701 3.801758 -0.385884
v 0.193975 3.801758 -0.526373
v -0.111671 3.801758 -0.574783
v -0.417316 3.801758 -0.526373
v -0.693043 3.801758 -0.385884
v -0.911860 3.801758 -0.167066
v -1.052350 3.801758 0.108661
v -1.100759 3.801758 0.414306
v -1.052350 3.801758 0.719951
v -0.911860 3.801758 0.995677
v -0.693042 3.801758 1.214495
v -0.417316 3.801758 1.354985
v -0.111671 3.801758 1.403394
v 0.193974 3.801758 1.354985
v 0.469701 3.801758 1.214495
v 0.688518 3.801758 0.995677
v 0.829008 3.801758 0.719951
v 0.877418 3.801758 0.414306
v 0.829009 3.766460 0.108661
v 0.688519 3.766460 -0.167066
v 0.469701 3.766460 -0.385884
v 0.193975 3.766460 -0.526373
v -0.111671 3.766460 -0.574783
v -0.417316 3.766460 -0.526373
v -0.693043 3.766460 -0.385884
v -0.911860 3.766460 -0.167066
v -1.052350 3.766460 0.108661
v -1.100759 3.766460 0.414306
v -1.052350 3.766460 0.719951
v -0.911860 3.766460 0.995677
v -0.693042 3.766460 1.214495
v -0.417316 3.766460 1.354985
v -0.111671 3.766460 1.403394
v 0.193974 3.766460 1.354985
v 0.469701 3.766460 1.214495
v 0.688518 3.766460 0.995677
v 0.829008 3.766460 0.719951
v 0.877418 3.766460 0.414306
v 0.575018 3.732368 0.191187
v 0.472461 3.732368 -0.010091
v -0.111671 3.732368 0.414306
v 0.312726 3.732368 -0.169827
v 0.111448 3.732368 -0.272383
v -0.111671 3.732368 -0.307721
v -0.334790 3.732368 -0.272383
v -0.536068 3.732368 -0.169827
v -0.695803 3.732368 -0.010091
v -0.798359 3.732368 0.191187
v -0.833698 3.732368 0.414306
v -0.798359 3.732368 0.637424
v -0.695803 3.732368 0.838702
v -0.536068 3.732368 0.998438
v -0.334789 3.732368 1.100994
v -0.111671 3.732368 1.136333
v 0.111448 3.732368 1.100994
v 0.312726 3.732368 0.998438
v 0.472461 3.732368 0.838702
v 0.575018 3.732368 0.637424
v 0.610356 3.732368 0.414306
v -0.904249 -0.126410 -0.709067
v -0.900466 -0.120966 -0.748783
v -0.909220 -0.114686 -0.787581
v -0.929653 -0.108186 -0.821663
v -0.959765 -0.102102 -0.847692
v -0.996610 -0.097029 -0.863121
v -1.036580 -0.093464 -0.866440
v -1.075763 -0.091756 -0.857323
v -1.110323 -0.092072 -0.836663
v -1.136877 -0.094381 -0.806483
v -1.152826 -0.098458 -0.769736
v -1.156610 -0.103902 -0.730021
v -1.147856 -0.110182 -0.691223
v -1.127423 -0.116682 -0.657141
v -1.097311 -0.122766 -0.631112
v -1.060466 -0.127839 -0.615683
v -1.020496 -0.131404 -0.612364
v -0.981313 -0.133112 -0.621481
v -0.946753 -0.132796 -0.642140
v -0.920199 -0.130487 -0.672321
v -0.626633 3.469712 -0.189642
v -0.622850 3.475157 -0.229358
v -0.631603 3.481436 -0.268156
v -0.652036 3.487936 -0.302238
v -0.682149 3.494021 -0.328267
v -0.718994 3.499094 -0.343696
v -0.758964 3.502658 -0.347015
v -0.798146 3.504366 -0.337898
v -0.832707 3.504050 -0.317238
v -0.859261 3.501741 -0.287058
v -0.875210 3.497665 -0.250311
v -0.878994 3.492220 -0.210596
v -0.870240 3.485940 -0.171798
v -0.849807 3.479440 -0.137716
v -0.819694 3.473356 -0.111687
v -0.782850 3.468283 -0.096257
v -0.742880 3.464718 -0.092939
v -0.703697 3.463010 -0.102056
v -0.669137 3.463326 -0.122715
v -0.642583 3.465635 -0.152896
v -1.028538 -0.112434 -0.739402
v -0.659408 3.736605 -0.164867
v -0.657236 3.739731 -0.187674
v -0.730778 3.744630 -0.182286
v -0.662262 3.743337 -0.209952
v -0.673995 3.747069 -0.229522
v -0.691287 3.750563 -0.244469
v -0.712444 3.753476 -0.253329
v -0.735396 3.755523 -0.255235
v -0.757895 3.756504 -0.249999
v -0.777740 3.756323 -0.238136
v -0.792988 3.754996 -0.220806
v -0.802147 3.752656 -0.199705
v -0.804319 3.749529 -0.176899
v -0.799293 3.745924 -0.154621
v -0.787560 3.742191 -0.135051
v -0.770268 3.738697 -0.120104
v -0.749111 3.735784 -0.111244
v -0.726160 3.733737 -0.109338
v -0.703660 3.732756 -0.114573
v -0.683815 3.732938 -0.126437
v -0.668567 3.734264 -0.143767
v 1.168216 -0.138517 -0.662942
v 1.170781 -0.132404 -0.702658
v 1.160912 -0.128086 -0.741455
v 1.139573 -0.125985 -0.775537
v 1.108853 -0.126308 -0.801566
v 1.071760 -0.129023 -0.816996
v 1.031925 -0.133864 -0.820314
v 0.993246 -0.140356 -0.811198
v 0.959510 -0.147866 -0.790538
v 0.934019 -0.155657 -0.760358
v 0.919269 -0.162967 -0.723611
v 0.916703 -0.169080 -0.683895
v 0.926573 -0.173398 -0.645097
v 0.947912 -0.175499 -0.611016
v 0.978631 -0.175176 -0.584986
v 1.015725 -0.172461 -0.569557
v 1.055560 -0.167620 -0.566238
v 1.094239 -0.161128 -0.575355
v 1.127975 -0.153618 -0.596015
v 1.153465 -0.145827 -0.626195
v 0.690513 3.436531 -0.143517
v 0.693079 3.442644 -0.183233
v 0.683210 3.446962 -0.222030
v 0.661871 3.449063 -0.256112
v 0.631151 3.448740 -0.282141
v 0.594058 3.446025 -0.297571
v 0.554223 3.441185 -0.300889
v 0.515544 3.434692 -0.291773
v 0.481808 3.427182 -0.271113
v 0.456318 3.419391 -0.240933
v 0.441567 3.412081 -0.204186
v 0.439002 3.405968 -0.164470
v 0.448871 3.401650 -0.125672
v 0.470210 3.399549 -0.091591
v 0.500930 3.399872 -0.065561
v 0.538023 3.402587 -0.050132
v 0.577858 3.407428 -0.046813
v 0.616537 3.413921 -0.055930
v 0.650273 3.421430 -0.076590
v 0.675763 3.429221 -0.106770
v 1.043742 -0.150742 -0.693276
v 0.575982 3.742683 -0.105250
v 0.577287 3.745794 -0.125460
v 0.512645 3.736463 -0.120687
v 0.572266 3.747992 -0.145203
v 0.561408 3.749060 -0.162544
v 0.545776 3.748896 -0.175788
v 0.526900 3.747514 -0.183640
v 0.506631 3.745051 -0.185329
v 0.486951 3.741748 -0.180691
v 0.469785 3.737927 -0.170177
v 0.456814 3.733962 -0.154820
v 0.449308 3.730243 -0.136122
v 0.448003 3.727132 -0.115913
v 0.453025 3.724935 -0.096171
v 0.463883 3.723866 -0.078829
v 0.479514 3.724030 -0.065583
v 0.498388 3.725412 -0.057733
v 0.518658 3.727875 -0.056045
v 0.538340 3.731179 -0.060684
v 0.555506 3.735000 -0.071197
v 0.568476 3.738964 -0.086554
v -0.968604 -0.124993 1.500086
v -0.964963 -0.129492 1.460238
v -0.973819 -0.132555 1.421078
v -0.994305 -0.133883 1.386439
v -1.024416 -0.133345 1.359711
v -1.061204 -0.130995 1.343512
v -1.101069 -0.127062 1.339426
v -1.140107 -0.121932 1.347853
v -1.174498 -0.116106 1.367969
v -1.200875 -0.110155 1.397805
v -1.216656 -0.104662 1.434440
v -1.220297 -0.100164 1.474287
v -1.211440 -0.097100 1.513447
v -1.190954 -0.095773 1.548086
v -1.160843 -0.096310 1.574814
v -1.124055 -0.098660 1.591013
v -1.084191 -0.102593 1.595099
v -1.045152 -0.107723 1.586672
v -1.010762 -0.113549 1.566556
v -0.984385 -0.119500 1.536720
v -0.575078 3.478694 1.129216
v -0.571438 3.474196 1.089368
v -0.580294 3.471133 1.050208
v -0.600780 3.469805 1.015569
v -0.630891 3.470342 0.988841
v -0.667679 3.472692 0.972641
v -0.707543 3.476625 0.968555
v -0.746582 3.481755 0.976983
v -0.780972 3.487581 0.997099
v -0.807349 3.493532 1.026934
v -0.823130 3.499026 1.063569
v -0.826771 3.503524 1.103417
v -0.817915 3.506587 1.142577
v -0.797429 3.507915 1.177216
v -0.767318 3.507377 1.203943
v -0.730529 3.505027 1.220143
v -0.690665 3.501095 1.224229
v -0.651627 3.495964 1.215802
v -0.617236 3.490139 1.195686
v -0.590859 3.484187 1.165850
v -1.092630 -0.114828 1.467263
v -0.599331 3.744513 1.088329
v -0.597240 3.741930 1.065447
v -0.670550 3.750351 1.069481
v -0.602326 3.740171 1.042961
v -0.614089 3.739409 1.023071
v -0.631380 3.739717 1.007723
v -0.652505 3.741067 0.998420
v -0.675396 3.743325 0.996074
v -0.697812 3.746271 1.000913
v -0.717560 3.749617 1.012465
v -0.732706 3.753033 1.029597
v -0.741768 3.756188 1.050633
v -0.743859 3.758771 1.073515
v -0.738773 3.760530 1.096002
v -0.727010 3.761292 1.115892
v -0.709719 3.760983 1.131239
v -0.688594 3.759634 1.140542
v -0.665704 3.757376 1.142888
v -0.643287 3.754430 1.138049
v -0.623539 3.751085 1.126497
v -0.608393 3.747667 1.109365
v 1.118981 -0.138752 1.507518
v 1.122020 -0.142425 1.467536
v 1.112612 -0.147650 1.428735
v 1.091679 -0.153914 1.394913
v 1.061271 -0.160605 1.369382
v 1.024362 -0.167068 1.354640
v 0.984567 -0.172669 1.352130
v 0.945781 -0.176861 1.362098
v 0.911800 -0.179234 1.383569
v 0.885951 -0.179554 1.414440
v 0.870764 -0.177791 1.451690
v 0.867725 -0.174118 1.491673
v 0.877133 -0.168893 1.530474
v 0.898065 -0.162629 1.564295
v 0.928474 -0.155938 1.589827
v 0.965382 -0.149476 1.604569
v 1.005177 -0.143874 1.607078
v 1.043964 -0.139682 1.597110
v 1.077945 -0.137309 1.575639
v 1.103794 -0.136989 1.544768
v 0.636335 3.454502 1.140700
v 0.639373 3.450828 1.100717
v 0.629966 3.445603 1.061916
v 0.609033 3.439339 1.028095
v 0.578624 3.432649 1.002563
v 0.541716 3.426186 0.987821
v 0.501921 3.420584 0.985312
v 0.463135 3.416392 0.995280
v 0.429154 3.414020 1.016751
v 0.403305 3.413699 1.047622
v 0.388117 3.415462 1.084872
v 0.385079 3.419136 1.124854
v 0.394486 3.424360 1.163655
v 0.415419 3.430624 1.197477
v 0.445828 3.437315 1.223008
v 0.482736 3.443778 1.237751
v 0.522531 3.449379 1.240260
v 0.561317 3.453572 1.230292
v 0.595298 3.455944 1.208821
v 0.621148 3.456264 1.177950
v 0.994872 -0.158272 1.479604
v 0.521459 3.760521 1.102405
v 0.523005 3.758652 1.082059
v 0.458307 3.750589 1.088199
v 0.518218 3.755993 1.062314
v 0.507567 3.752806 1.045106
v 0.492093 3.749402 1.032114
v 0.473311 3.746113 1.024613
v 0.453063 3.743263 1.023336
v 0.433328 3.741129 1.028407
v 0.416037 3.739923 1.039333
v 0.402884 3.739759 1.055042
v 0.395156 3.740656 1.073996
v 0.393610 3.742526 1.094341
v 0.398397 3.745184 1.114084
v 0.409049 3.748372 1.131294
v 0.424521 3.751776 1.144286
v 0.443301 3.755064 1.151787
v 0.463550 3.757915 1.153064
v 0.483287 3.760048 1.147991
v 0.500578 3.761255 1.137066
v 0.513730 3.761418 1.121357
v 0.648242 0.771920 1.414913
v 0.648341 0.773381 1.397163
v 0.648480 0.769285 1.379830
v 0.648645 0.760034 1.364611
v 0.648822 0.746533 1.352996
v 0.648991 0.730102 1.346123
v 0.649137 0.712352 1.344663
v 0.649246 0.695019 1.348759
v 0.649306 0.679800 1.358012
v 0.649312 0.668185 1.371514
v 0.649264 0.661310 1.387945
v 0.649165 0.659849 1.405696
v 0.649026 0.663945 1.423029
v 0.648861 0.673196 1.438247
v 0.648685 0.686698 1.449862
v 0.648515 0.703128 1.456736
v 0.648369 0.720878 1.458196
v 0.648260 0.738211 1.454099
v 0.648200 0.753430 1.444847
v 0.648194 0.765046 1.431344
v -0.791944 0.757982 1.403758
v -0.791845 0.759443 1.386008
v -0.791706 0.755347 1.368674
v -0.791541 0.746096 1.353456
v -0.791365 0.732594 1.341841
v -0.791196 0.716164 1.334967
v -0.791049 0.698414 1.333507
v -0.790941 0.681081 1.337604
v -0.790880 0.665862 1.346857
v -0.790874 0.654246 1.360359
v -0.790922 0.647372 1.376790
v -0.791021 0.645911 1.394540
v -0.791159 0.650007 1.411874
v -0.791325 0.659258 1.427092
v -0.791501 0.672760 1.438707
v -0.791671 0.689190 1.445581
v -0.791817 0.706940 1.447041
v -0.791926 0.724273 1.442944
v -0.791986 0.739492 1.433691
v -0.791992 0.751107 1.420189
v -0.896230 0.733423 1.397207
v -0.896173 0.734262 1.387014
v -0.895936 0.701665 1.389464
v -0.896093 0.731910 1.377062
v -0.895998 0.726598 1.368323
v -0.895896 0.718845 1.361653
v -0.895799 0.709410 1.357706
v -0.895716 0.699217 1.356868
v -0.895653 0.689265 1.359220
v -0.895618 0.680525 1.364533
v -0.895615 0.673856 1.372287
v -0.895643 0.669908 1.381722
v -0.895699 0.669069 1.391915
v -0.895778 0.671421 1.401868
v -0.895874 0.676733 1.410606
v -0.895975 0.684486 1.417276
v -0.896072 0.693921 1.421223
v -0.896157 0.704113 1.422061
v -0.896219 0.714066 1.419709
v -0.896253 0.722805 1.414396
v -0.896257 0.729475 1.406642
v 0.747343 0.753000 1.410300
v 0.747408 0.753961 1.398622
v 0.747680 0.716615 1.401429
v 0.747500 0.751266 1.387219
v 0.747609 0.745180 1.377207
v 0.747724 0.736297 1.369566
v 0.747836 0.725488 1.365044
v 0.747932 0.713811 1.364083
v 0.748004 0.702407 1.366779
v 0.748043 0.692395 1.372866
v 0.748047 0.684754 1.381749
v 0.748016 0.680231 1.392558
v 0.747951 0.679270 1.404236
v 0.747859 0.681964 1.415639
v 0.747750 0.688051 1.425651
v 0.747635 0.696933 1.433292
v 0.747523 0.707742 1.437814
v 0.747427 0.719420 1.438775
v 0.747355 0.730823 1.436080
v 0.747316 0.740835 1.429993
v 0.747312 0.748477 1.421110
v -0.955599 0.771920 -0.410255
v -0.973350 0.773381 -0.410362
v -0.990683 0.769285 -0.410513
v -1.005902 0.760034 -0.410694
v -1.017516 0.746533 -0.410886
v -1.024390 0.730102 -0.411070
v -1.025850 0.712352 -0.411230
v -1.021753 0.695019 -0.411348
v -1.012501 0.679800 -0.411414
v -0.998998 0.668185 -0.411421
v -0.982568 0.661310 -0.411368
v -0.964817 0.659849 -0.411261
v -0.947484 0.663945 -0.411109
v -0.932265 0.673196 -0.410929
v -0.920650 0.686698 -0.410737
v -0.913777 0.703128 -0.410552
v -0.912317 0.720878 -0.410393
v -0.916414 0.738211 -0.410274
v -0.925666 0.753430 -0.410209
v -0.939168 0.765046 -0.410202
v -0.966754 0.757982 1.158961
v -0.984505 0.759443 1.158854
v -1.001838 0.755347 1.158703
v -1.017057 0.746096 1.158522
v -1.028671 0.732594 1.158331
v -1.035545 0.716164 1.158146
v -1.037005 0.698414 1.157986
v -1.032908 0.681081 1.157868
v -1.023656 0.665862 1.157802
v -1.010153 0.654246 1.157795
v -0.993723 0.647372 1.157848
v -0.975972 0.645911 1.157956
v -0.958639 0.650007 1.158107
v -0.943420 0.659258 1.158287
v -0.931806 0.672760 1.158479
v -0.924932 0.689190 1.158664
v -0.923472 0.706940 1.158823
v -0.927569 0.724273 1.158942
v -0.936821 0.739492 1.159008
v -0.950324 0.751107 1.159014
v -0.973305 0.733423 1.272590
v -0.983498 0.734262 1.272528
v -0.981048 0.701665 1.272270
v -0.993451 0.731910 1.272442
v -1.002190 0.726598 1.272338
v -1.008859 0.718845 1.272227
v -1.012806 0.709410 1.272122
v -1.013645 0.699217 1.272030
v -1.011292 0.689265 1.271962
v -1.005979 0.680525 1.271924
v -0.998226 0.673856 1.271921
v -0.988791 0.669908 1.271951
v -0.978598 0.669069 1.272012
v -0.968645 0.671421 1.272099
v -0.959906 0.676733 1.272203
v -0.953237 0.684486 1.272313
v -0.949290 0.693921 1.272419
v -0.948452 0.704113 1.272511
v -0.950804 0.714066 1.272578
v -0.956117 0.722805 1.272616
v -0.963871 0.729475 1.272620
v -0.960212 0.753000 -0.518235
v -0.971890 0.753961 -0.518305
v -0.969083 0.716615 -0.518601
v -0.983293 0.751266 -0.518405
v -0.993305 0.745180 -0.518523
v -1.000947 0.736297 -0.518650
v -1.005469 0.725488 -0.518771
v -1.006429 0.713811 -0.518876
v -1.003734 0.702407 -0.518954
v -0.997647 0.692395 -0.518997
v -0.988764 0.684754 -0.519001
v -0.977954 0.680231 -0.518967
v -0.966276 0.679270 -0.518896
v -0.954873 0.681964 -0.518797
v -0.944861 0.688051 -0.518678
v -0.937220 0.696933 -0.518552
v -0.932698 0.707742 -0.518430
v -0.931737 0.719420 -0.518325
v -0.934433 0.730823 -0.518247
v -0.940520 0.740835 -0.518204
v -0.949403 0.748477 -0.518200
v 0.957444 0.771920 -0.336673
v 0.939694 0.773381 -0.336776
v 0.922361 0.769285 -0.336922
v 0.907142 0.760034 -0.337096
v 0.895527 0.746533 -0.337281
v 0.888654 0.730102 -0.337459
v 0.887194 0.712352 -0.337613
v 0.891290 0.695019 -0.337727
v 0.900543 0.679800 -0.337791
v 0.914045 0.668185 -0.337797
v 0.930476 0.661310 -0.337746
v 0.948227 0.659849 -0.337643
v 0.965560 0.663945 -0.337497
v 0.980779 0.673196 -0.337323
v 0.992393 0.686698 -0.337138
v 0.999267 0.703128 -0.336960
v 1.000727 0.720878 -0.336806
v 0.996630 0.738211 -0.336692
v 0.987378 0.753430 -0.336628
v 0.973875 0.765046 -0.336622
v 0.946289 0.757982 1.176736
v 0.928539 0.759443 1.176633
v 0.911205 0.755347 1.176487
v 0.895987 0.746096 1.176313
v 0.884372 0.732594 1.176128
v 0.877498 0.716164 1.175950
v 0.876038 0.698414 1.175796
v 0.880135 0.681081 1.175682
v 0.889388 0.665862 1.175619
v 0.902890 0.654246 1.175612
v 0.919321 0.647372 1.175663
v 0.937071 0.645911 1.175766
v 0.954405 0.650007 1.175912
v 0.969623 0.659258 1.176086
v 0.981238 0.672760 1.176271
v 0.988112 0.689190 1.176449
v 0.989572 0.706940 1.176603
v 0.985475 0.724273 1.176717
v 0.976222 0.739492 1.176781
v 0.962720 0.751107 1.176788
v 0.939739 0.733423 1.286324
v 0.929545 0.734262 1.286265
v 0.931995 0.701665 1.286016
v 0.919593 0.731910 1.286181
v 0.910854 0.726598 1.286081
v 0.904184 0.718845 1.285974
v 0.900237 0.709410 1.285872
v 0.899399 0.699217 1.285784
v 0.901751 0.689265 1.285719
v 0.907064 0.680525 1.285682
v 0.914818 0.673856 1.285678
v 0.924253 0.669908 1.285707
v 0.934446 0.669069 1.285767
v 0.944399 0.671421 1.285850
v 0.953137 0.676733 1.285951
v 0.959807 0.684486 1.286057
v 0.963754 0.693921 1.286159
v 0.964592 0.704113 1.286248
v 0.962240 0.714066 1.286313
v 0.956927 0.722805 1.286349
v 0.949173 0.729475 1.286353
v 0.952831 0.753000 -0.440812
v 0.941153 0.753961 -0.440881
v 0.943960 0.716615 -0.441166
v 0.929750 0.751266 -0.440977
v 0.919738 0.745180 -0.441091
v 0.912097 0.736297 -0.441213
v 0.907575 0.725488 -0.441330
v 0.906614 0.713811 -0.441431
v 0.909310 0.702407 -0.441506
v 0.915397 0.692395 -0.441548
v 0.924280 0.684754 -0.441552
v 0.935089 0.680231 -0.441519
v 0.946767 0.679270 -0.441451
v 0.958170 0.681964 -0.441355
v 0.968182 0.688051 -0.441240
v 0.975823 0.696933 -0.441118
v 0.980346 0.707742 -0.441001
v 0.981306 0.719420 -0.440900
v 0.978611 0.730823 -0.440825
v 0.972524 0.740835 -0.440783
v 0.963641 0.748477 -0.440779
v 0.707293 0.771920 -0.579303
v 0.707392 0.773381 -0.597054
v 0.707530 0.769286 -0.614387
v 0.707696 0.760034 -0.629606
v 0.707872 0.746533 -0.641220
v 0.708042 0.730102 -0.648094
v 0.708188 0.712352 -0.649554
v 0.708297 0.695019 -0.645457
v 0.708357 0.679800 -0.636205
v 0.708363 0.668185 -0.622702
v 0.708315 0.661310 -0.606271
v 0.708216 0.659849 -0.588521
v 0.708077 0.663945 -0.571188
v 0.707912 0.673196 -0.555969
v 0.707736 0.686698 -0.544354
v 0.707566 0.703128 -0.537481
v 0.707420 0.720878 -0.536021
v 0.707311 0.738211 -0.540118
v 0.707251 0.753430 -0.549370
v 0.707245 0.765046 -0.562873
v -0.732893 0.757982 -0.590458
v -0.732795 0.759443 -0.608209
v -0.732656 0.755347 -0.625542
v -0.732490 0.746096 -0.640761
v -0.732314 0.732594 -0.652375
v -0.732145 0.716164 -0.659249
v -0.731998 0.698414 -0.660709
v -0.731890 0.681081 -0.656612
v -0.731829 0.665862 -0.647360
v -0.731823 0.654246 -0.633857
v -0.731872 0.647372 -0.617427
v -0.731970 0.645911 -0.599676
v -0.732109 0.650007 -0.582343
v -0.732274 0.659258 -0.567124
v -0.732451 0.672760 -0.555510
v -0.732620 0.689190 -0.548636
v -0.732766 0.706940 -0.547176
v -0.732875 0.724273 -0.551273
v -0.732936 0.739492 -0.560525
v -0.732942 0.751107 -0.574028
v -0.837179 0.733423 -0.597009
v -0.837122 0.734262 -0.607202
v -0.836885 0.701665 -0.604752
v -0.837042 0.731910 -0.617155
v -0.836947 0.726598 -0.625894
v -0.836846 0.718845 -0.632563
v -0.836749 0.709410 -0.636510
v -0.836665 0.699217 -0.637349
v -0.836602 0.689265 -0.634996
v -0.836568 0.680525 -0.629683
v -0.836564 0.673855 -0.621930
v -0.836592 0.669908 -0.612495
v -0.836648 0.669069 -0.602302
v -0.836728 0.671421 -0.592349
v -0.836823 0.676733 -0.583610
v -0.836924 0.684486 -0.576941
v -0.837022 0.693921 -0.572994
v -0.837106 0.704113 -0.572155
v -0.837168 0.714066 -0.574508
v -0.837203 0.722805 -0.579821
v -0.837206 0.729475 -0.587574
v 0.806394 0.753000 -0.583916
v 0.806459 0.753961 -0.595594
v 0.806730 0.716615 -0.592787
v 0.806551 0.751266 -0.606997
v 0.806659 0.745180 -0.617009
v 0.806775 0.736297 -0.624651
v 0.806887 0.725488 -0.629173
v 0.806983 0.713811 -0.630133
v 0.807055 0.702408 -0.627438
v 0.807094 0.692395 -0.621351
v 0.807098 0.684754 -0.612468
v 0.807066 0.680231 -0.601658
v 0.807002 0.679270 -0.589980
v 0.806910 0.681964 -0.578577
v 0.806801 0.688051 -0.568565
v 0.806685 0.696933 -0.560924
v 0.806574 0.707742 -0.556402
v 0.806478 0.719420 -0.555442
v 0.806406 0.730823 -0.558137
v 0.806367 0.740835 -0.564224
v 0.806363 0.748477 -0.573107
v 0.407410 2.739827 1.178777
v 0.407482 2.740893 1.165830
v 0.407583 2.737906 1.153188
v 0.407704 2.731158 1.142088
v 0.407832 2.721311 1.133617
v 0.407956 2.709327 1.128604
v 0.408063 2.696381 1.127539
v 0.408142 2.683739 1.130527
v 0.408186 2.672639 1.137275
v 0.408190 2.664167 1.147124
v 0.408155 2.659153 1.159107
v 0.408083 2.658088 1.172054
v 0.407982 2.661075 1.184696
v 0.407861 2.667823 1.195796
v 0.407733 2.677670 1.204267
v 0.407609 2.689653 1.209280
v 0.407502 2.702600 1.210345
v 0.407423 2.715241 1.207357
v 0.407379 2.726342 1.200608
v 0.407375 2.734813 1.190760
v -0.642994 2.729661 1.170640
v -0.642922 2.730727 1.157694
v -0.642820 2.727740 1.145052
v -0.642700 2.720992 1.133952
v -0.642571 2.711145 1.125481
v -0.642448 2.699161 1.120468
v -0.642341 2.686215 1.119403
v -0.642262 2.673573 1.122391
v -0.642218 2.662473 1.129139
v -0.642213 2.654001 1.138987
v -0.642249 2.648988 1.150971
v -0.642320 2.647922 1.163918
v -0.642421 2.650909 1.176560
v -0.642542 2.657657 1.187659
v -0.642671 2.667504 1.196131
v -0.642794 2.679487 1.201144
v -0.642901 2.692434 1.202209
v -0.642980 2.705076 1.199221
v -0.643024 2.716176 1.192472
v -0.643029 2.724647 1.182624
v -0.719055 2.711749 1.165863
v -0.719013 2.712361 1.158428
v -0.718840 2.688587 1.160215
v -0.718955 2.710646 1.151170
v -0.718886 2.706771 1.144796
v -0.718811 2.701117 1.139931
v -0.718741 2.694235 1.137052
v -0.718680 2.686801 1.136441
v -0.718634 2.679542 1.138157
v -0.718609 2.673168 1.142032
v -0.718606 2.668303 1.147687
v -0.718626 2.665424 1.154568
v -0.718668 2.664813 1.162003
v -0.718726 2.666528 1.169262
v -0.718795 2.670403 1.175635
v -0.718869 2.676057 1.180500
v -0.718940 2.682938 1.183379
v -0.719001 2.690372 1.183990
v -0.719047 2.697631 1.182274
v -0.719072 2.704005 1.178399
v -0.719075 2.708870 1.172744
v 0.479690 2.726027 1.175412
v 0.479737 2.726728 1.166895
v 0.479935 2.699490 1.168942
v 0.479804 2.724763 1.158578
v 0.479883 2.720324 1.151275
v 0.479967 2.713846 1.145702
v 0.480049 2.705962 1.142404
v 0.480119 2.697445 1.141704
v 0.480171 2.689128 1.143669
v 0.480200 2.681825 1.148109
v 0.480203 2.676252 1.154588
v 0.480180 2.672953 1.162472
v 0.480133 2.672252 1.170989
v 0.480066 2.674218 1.179306
v 0.479986 2.678657 1.186609
v 0.479902 2.685135 1.192182
v 0.479821 2.693019 1.195480
v 0.479750 2.701536 1.196180
v 0.479698 2.709853 1.194214
v 0.479669 2.717155 1.189775
v 0.479666 2.722729 1.183296
v -0.762356 2.739827 -0.152414
v -0.775302 2.740893 -0.152493
v -0.787944 2.737906 -0.152603
v -0.799044 2.731158 -0.152734
v -0.807515 2.721311 -0.152875
v -0.812529 2.709327 -0.153009
v -0.813594 2.696381 -0.153125
v -0.810605 2.683739 -0.153212
v -0.803857 2.672639 -0.153260
v -0.794009 2.664167 -0.153265
v -0.782025 2.659153 -0.153226
v -0.769079 2.658088 -0.153148
v -0.756437 2.661075 -0.153037
v -0.745337 2.667823 -0.152906
v -0.736866 2.677670 -0.152766
v -0.731853 2.689653 -0.152631
v -0.730788 2.702600 -0.152515
v -0.733776 2.715241 -0.152429
v -0.740524 2.726342 -0.152381
v -0.750372 2.734813 -0.152376
v -0.770492 2.729661 0.992097
v -0.783439 2.730727 0.992019
v -0.796080 2.727740 0.991909
v -0.807180 2.720992 0.991777
v -0.815651 2.711145 0.991637
v -0.820665 2.699161 0.991503
v -0.821729 2.686215 0.991386
v -0.818742 2.673573 0.991300
v -0.811993 2.662473 0.991252
v -0.802145 2.654001 0.991247
v -0.790162 2.648988 0.991286
v -0.777215 2.647922 0.991364
v -0.764573 2.650909 0.991474
v -0.753473 2.657657 0.991606
v -0.745002 2.667504 0.991746
v -0.739989 2.679487 0.991880
v -0.738924 2.692434 0.991997
v -0.741912 2.705076 0.992083
v -0.748660 2.716176 0.992131
v -0.758508 2.724647 0.992136
v -0.775270 2.711749 1.074973
v -0.782704 2.712361 1.074928
v -0.780917 2.688587 1.074740
v -0.789963 2.710646 1.074865
v -0.796337 2.706771 1.074789
v -0.801201 2.701117 1.074708
v -0.804080 2.694235 1.074631
v -0.804692 2.686801 1.074564
v -0.802976 2.679542 1.074515
v -0.799101 2.673168 1.074487
v -0.793446 2.668303 1.074485
v -0.786564 2.665424 1.074507
v -0.779130 2.664813 1.074552
v -0.771871 2.666528 1.074615
v -0.765497 2.670403 1.074690
v -0.760633 2.676057 1.074771
v -0.757754 2.682938 1.074848
v -0.757143 2.690372 1.074915
v -0.758858 2.697631 1.074964
v -0.762734 2.704005 1.074992
v -0.768389 2.708870 1.074995
v -0.765721 2.726027 -0.231170
v -0.774238 2.726728 -0.231221
v -0.772191 2.699490 -0.231437
v -0.782555 2.724763 -0.231294
v -0.789857 2.720324 -0.231380
v -0.795430 2.713846 -0.231472
v -0.798728 2.705962 -0.231561
v -0.799429 2.697445 -0.231637
v -0.797463 2.689128 -0.231694
v -0.793024 2.681825 -0.231726
v -0.786545 2.676252 -0.231729
v -0.778661 2.672953 -0.231704
v -0.770143 2.672252 -0.231652
v -0.761827 2.674218 -0.231580
v -0.754524 2.678657 -0.231493
v -0.748951 2.685135 -0.231401
v -0.745653 2.693019 -0.231312
v -0.744952 2.701536 -0.231236
v -0.746918 2.709853 -0.231179
v -0.751358 2.717155 -0.231147
v -0.757837 2.722729 -0.231144
v 0.632927 2.739827 -0.098747
v 0.619981 2.740893 -0.098823
v 0.607339 2.737906 -0.098929
v 0.596239 2.731158 -0.099056
v 0.587768 2.721311 -0.099191
v 0.582755 2.709327 -0.099321
v 0.581690 2.696381 -0.099433
v 0.584678 2.683739 -0.099516
v 0.591426 2.672639 -0.099562
v 0.601274 2.664167 -0.099567
v 0.613258 2.659153 -0.099530
v 0.626204 2.658088 -0.099455
v 0.638846 2.661075 -0.099348
v 0.649946 2.667823 -0.099221
v 0.658417 2.677670 -0.099086
v 0.663431 2.689653 -0.098956
v 0.664495 2.702600 -0.098844
v 0.661507 2.715241 -0.098761
v 0.654759 2.726342 -0.098715
v 0.644911 2.734813 -0.098710
v 0.624791 2.729661 1.005062
v 0.611845 2.730727 1.004986
v 0.599203 2.727740 1.004880
v 0.588103 2.720992 1.004753
v 0.579632 2.711145 1.004618
v 0.574618 2.699161 1.004488
v 0.573554 2.686215 1.004376
v 0.576542 2.673573 1.004293
v 0.583290 2.662473 1.004246
v 0.593138 2.654001 1.004242
v 0.605122 2.648988 1.004279
v 0.618068 2.647922 1.004354
v 0.630710 2.650909 1.004461
v 0.641810 2.657657 1.004587
v 0.650281 2.667504 1.004723
v 0.655294 2.679487 1.004852
v 0.656359 2.692434 1.004965
v 0.653371 2.705076 1.005048
v 0.646623 2.716176 1.005094
v 0.636775 2.724647 1.005099
v 0.620013 2.711749 1.084990
v 0.612579 2.712361 1.084946
v 0.614366 2.688587 1.084765
v 0.605320 2.710646 1.084885
v 0.598946 2.706771 1.084812
v 0.594082 2.701117 1.084734
v 0.591203 2.694235 1.084660
v 0.590591 2.686801 1.084596
v 0.592307 2.679542 1.084548
v 0.596182 2.673168 1.084522
v 0.601837 2.668303 1.084519
v 0.608719 2.665424 1.084540
v 0.616153 2.664813 1.084584
v 0.623412 2.666528 1.084644
v 0.629786 2.670403 1.084717
v 0.634650 2.676057 1.084795
v 0.637529 2.682938 1.084869
v 0.638140 2.690372 1.084934
v 0.636425 2.697631 1.084982
v 0.632550 2.704005 1.085008
v 0.626895 2.708870 1.085011
v 0.629563 2.726027 -0.174702
v 0.621045 2.726728 -0.174751
v 0.623093 2.699490 -0.174959
v 0.612728 2.724763 -0.174821
v 0.605426 2.720324 -0.174905
v 0.599853 2.713846 -0.174994
v 0.596555 2.705962 -0.175079
v 0.595854 2.697445 -0.175153
v 0.597820 2.689128 -0.175208
v 0.602260 2.681825 -0.175238
v 0.608739 2.676252 -0.175241
v 0.616622 2.672953 -0.175217
v 0.625140 2.672252 -0.175167
v 0.633457 2.674218 -0.175097
v 0.640759 2.678657 -0.175013
v 0.646332 2.685135 -0.174925
v 0.649630 2.693019 -0.174839
v 0.650331 2.701536 -0.174766
v 0.648365 2.709853 -0.174711
v 0.643925 2.717155 -0.174680
v 0.637447 2.722729 -0.174677
v 0.450479 2.739827 -0.275710
v 0.450551 2.740893 -0.288657
v 0.450652 2.737906 -0.301298
v 0.450773 2.731158 -0.312398
v 0.450901 2.721311 -0.320870
v 0.451025 2.709327 -0.325883
v 0.451131 2.696381 -0.326948
v 0.451211 2.683739 -0.323960
v 0.451255 2.672639 -0.317211
v 0.451259 2.664168 -0.307363
v 0.451224 2.659153 -0.295380
v 0.451152 2.658088 -0.282433
v 0.451051 2.661075 -0.269791
v 0.450930 2.667823 -0.258691
v 0.450801 2.677670 -0.250220
v 0.450678 2.689653 -0.245207
v 0.450571 2.702600 -0.244142
v 0.450492 2.715242 -0.247130
v 0.450448 2.726342 -0.253878
v 0.450444 2.734813 -0.263726
v -0.599925 2.729661 -0.283846
v -0.599853 2.730727 -0.296793
v -0.599752 2.727740 -0.309435
v -0.599631 2.720992 -0.320535
v -0.599502 2.711145 -0.329006
v -0.599379 2.699161 -0.334019
v -0.599272 2.686215 -0.335084
v -0.599193 2.673573 -0.332096
v -0.599149 2.662473 -0.325347
v -0.599144 2.654001 -0.315499
v -0.599180 2.648988 -0.303516
v -0.599251 2.647922 -0.290569
v -0.599353 2.650909 -0.277927
v -0.599473 2.657657 -0.266827
v -0.599602 2.667504 -0.258356
v -0.599725 2.679487 -0.253343
v -0.599832 2.692434 -0.252278
v -0.599911 2.705076 -0.255266
v -0.599956 2.716176 -0.262015
v -0.599960 2.724647 -0.271863
v -0.675986 2.711749 -0.288624
v -0.675944 2.712361 -0.296058
v -0.675772 2.688587 -0.294271
v -0.675886 2.710646 -0.303318
v -0.675817 2.706771 -0.309691
v -0.675743 2.701117 -0.314555
v -0.675672 2.694235 -0.317434
v -0.675611 2.686801 -0.318046
v -0.675565 2.679542 -0.316330
v -0.675540 2.673168 -0.312455
v -0.675537 2.668303 -0.306800
v -0.675558 2.665424 -0.299919
v -0.675599 2.664813 -0.292484
v -0.675657 2.666528 -0.285225
v -0.675726 2.670403 -0.278852
v -0.675800 2.676057 -0.273987
v -0.675871 2.682938 -0.271108
v -0.675932 2.690372 -0.270497
v -0.675978 2.697631 -0.272213
v -0.676003 2.704005 -0.276088
v -0.676006 2.708870 -0.281743
v 0.522758 2.726027 -0.279075
v 0.522806 2.726728 -0.287592
v 0.523004 2.699490 -0.285545
v 0.522872 2.724763 -0.295909
v 0.522952 2.720324 -0.303211
v 0.523036 2.713846 -0.308784
v 0.523118 2.705962 -0.312083
v 0.523188 2.697445 -0.312783
v 0.523240 2.689128 -0.310817
v 0.523269 2.681825 -0.306378
v 0.523272 2.676252 -0.299899
v 0.523249 2.672953 -0.292015
v 0.523201 2.672252 -0.283498
v 0.523135 2.674218 -0.275181
v 0.523055 2.678657 -0.267878
v 0.522971 2.685135 -0.262305
v 0.522889 2.693019 -0.259007
v 0.522819 2.701536 -0.258307
v 0.522767 2.709853 -0.260272
v 0.522738 2.717155 -0.264712
v 0.522735 2.722729 -0.271191
vt 0.648603 0.107966
vt 0.626409 0.064408
vt 0.591842 0.029841
vt 0.548284 0.007647
vt 0.500000 -0.000000
vt 0.451716 0.007647
vt 0.408159 0.029841
vt 0.373591 0.064409
vt 0.351397 0.107966
vt 0.343750 0.156250
vt 0.351397 0.204534
vt 0.373591 0.248091
vt 0.408159 0.282659
vt 0.451716 0.304853
vt 0.500000 0.312500
vt 0.548284 0.304853
vt 0.591841 0.282659
vt 0.626409 0.248091
vt 0.648603 0.204534
vt 0.656250 0.156250
vt 0.375000 0.312500
vt 0.387500 0.312500
vt 0.400000 0.312500
vt 0.412500 0.312500
vt 0.425000 0.312500
vt 0.437500 0.312500
vt 0.450000 0.312500
vt 0.462500 0.312500
vt 0.475000 0.312500
vt 0.487500 0.312500
vt 0.500000 0.312500
vt 0.512500 0.312500
vt 0.525000 0.312500
vt 0.537500 0.312500
vt 0.550000 0.312500
vt 0.562500 0.312500
vt 0.575000 0.312500
vt 0.587500 0.312500
vt 0.600000 0.312500
vt 0.612500 0.312500
vt 0.625000 0.312500
vt 0.375000 0.687500
vt 0.387500 0.687500
vt 0.400000 0.687500
vt 0.412500 0.687500
vt 0.425000 0.687500
vt 0.437500 0.687500
vt 0.450000 0.687500
vt 0.462500 0.687500
vt 0.475000 0.687500
vt 0.487500 0.687500
vt 0.500000 0.687500
vt 0.512500 0.687500
vt 0.525000 0.687500
vt 0.537500 0.687500
vt 0.550000 0.687500
vt 0.562500 0.687500
vt 0.575000 0.687500
vt 0.587500 0.687500
vt 0.600000 0.687500
vt 0.612500 0.687500
vt 0.625000 0.687500
vt 0.648603 0.795466
vt 0.626409 0.751908
vt 0.591842 0.717341
vt 0.548284 0.695147
vt 0.500000 0.687500
vt 0.451716 0.695147
vt 0.408159 0.717341
vt 0.373591 0.751909
vt 0.351397 0.795466
vt 0.343750 0.843750
vt 0.351397 0.892034
vt 0.373591 0.935591
vt 0.408159 0.970159
vt 0.451716 0.992353
vt 0.500000 1.000000
vt 0.548284 0.992353
vt 0.591841 0.970159
vt 0.626409 0.935591
vt 0.648603 0.892034
vt 0.656250 0.843750
vt 0.500000 0.156250
vt 0.500000 0.843750
vt 0.648603 0.892034
vt 0.626409 0.935591
vt 0.591841 0.970159
vt 0.548284 0.992353
vt 0.500000 1.000000
vt 0.451716 0.992353
vt 0.408159 0.970159
vt 0.373591 0.935591
vt 0.351397 0.892034
vt 0.343750 0.843750
vt 0.351397 0.795466
vt 0.373591 0.751909
vt 0.408159 0.717341
vt 0.451716 0.695147
vt 0.500000 0.687500
vt 0.548284 0.695147
vt 0.591842 0.717341
vt 0.626409 0.751908
vt 0.648603 0.795466
vt 0.656250 0.843750
vt 0.626409 0.064408
vt 0.648603 0.107966
vt 0.591842 0.029841
vt 0.548284 0.007647
vt 0.500000 -0.000000
vt 0.451716 0.007647
vt 0.408159 0.029841
vt 0.373591 0.064409
vt 0.351397 0.107966
vt 0.343750 0.156250
vt 0.351397 0.204534
vt 0.373591 0.248091
vt 0.408159 0.282659
vt 0.451716 0.304853
vt 0.500000 0.312500
vt 0.548284 0.304853
vt 0.591841 0.282659
vt 0.626409 0.248091
vt 0.648603 0.204534
vt 0.656250 0.156250
vt 0.626409 0.064408
vt 0.648603 0.107966
vt 0.591842 0.029841
vt 0.548284 0.007647
vt 0.500000 -0.000000
vt 0.451716 0.007647
vt 0.408159 0.029841
vt 0.373591 0.064409
vt 0.351397 0.107966
vt 0.343750 0.156250
vt 0.351397 0.204534
vt 0.373591 0.248091
vt 0.408159 0.282659
vt 0.451716 0.304853
vt 0.500000 0.312500
vt 0.548284 0.304853
vt 0.591841 0.282659
vt 0.626409 0.248091
vt 0.648603 0.204534
vt 0.656250 0.156250
vt 0.626409 0.064408
vt 0.648603 0.107966
vt 0.591842 0.029841
vt 0.548284 0.007647
vt 0.500000 -0.000000
vt 0.451716 0.007647
vt 0.408159 0.029841
vt 0.373591 0.064409
vt 0.351397 0.107966
vt 0.343750 0.156250
vt 0.351397 0.204534
vt 0.373591 0.248091
vt 0.408159 0.282659
vt 0.451716 0.304853
vt 0.500000 0.312500
vt 0.548284 0.304853
vt 0.591841 0.282659
vt 0.626409 0.248091
vt 0.648603 0.204534
vt 0.656250 0.156250
vt 0.626409 0.064408
vt 0.648603 0.107966
vt 0.591842 0.029841
vt 0.548284 0.007647
vt 0.500000 -0.000000
vt 0.451716 0.007647
vt 0.408159 0.029841
vt 0.373591 0.064409
vt 0.351397 0.107966
vt 0.343750 0.156250
vt 0.351397 0.204534
vt 0.373591 0.248091
vt 0.408159 0.282659
vt 0.451716 0.304853
vt 0.500000 0.312500
vt 0.548284 0.304853
vt 0.591841 0.282659
vt 0.626409 0.248091
vt 0.648603 0.204534
vt 0.656250 0.156250
vt 0.626409 0.064408
vt 0.648603 0.107966
vt 0.591842 0.029841
vt 0.548284 0.007647
vt 0.500000 -0.000000
vt 0.451716 0.007647
vt 0.408159 0.029841
vt 0.373591 0.064409
vt 0.351397 0.107966
vt 0.343750 0.156250
vt 0.351397 0.204534
vt 0.373591 0.248091
vt 0.408159 0.282659
vt 0.451716 0.304853
vt 0.500000 0.312500
vt 0.548284 0.304853
vt 0.591841 0.282659
vt 0.626409 0.248091
vt 0.648603 0.204534
vt 0.656250 0.156250
vt 0.375000 0.312500
vt 0.387500 0.312500
vt 0.387500 0.687500
vt 0.375000 0.687500
vt 0.400000 0.312500
vt 0.400000 0.687500
vt 0.412500 0.312500
vt 0.412500 0.687500
vt 0.425000 0.312500
vt 0.425000 0.687500
vt 0.437500 0.312500
vt 0.437500 0.687500
vt 0.450000 0.312500
vt 0.450000 0.687500
vt 0.462500 0.312500
vt 0.462500 0.687500
vt 0.475000 0.312500
vt 0.475000 0.687500
vt 0.487500 0.312500
vt 0.487500 0.687500
vt 0.500000 0.312500
vt 0.500000 0.687500
vt 0.512500 0.312500
vt 0.512500 0.687500
vt 0.525000 0.312500
vt 0.525000 0.687500
vt 0.537500 0.312500
vt 0.537500 0.687500
vt 0.550000 0.312500
vt 0.550000 0.687500
vt 0.562500 0.312500
vt 0.562500 0.687500
vt 0.575000 0.312500
vt 0.575000 0.687500
vt 0.587500 0.312500
vt 0.587500 0.687500
vt 0.600000 0.312500
vt 0.600000 0.687500
vt 0.612500 0.312500
vt 0.612500 0.687500
vt 0.625000 0.312500
vt 0.625000 0.687500
vt 0.626409 0.064408
vt 0.648603 0.107966
vt 0.500000 0.156250
vt 0.591842 0.029841
vt 0.548284 0.007647
vt 0.500000 -0.000000
vt 0.451716 0.007647
vt 0.408159 0.029841
vt 0.373591 0.064409
vt 0.351397 0.107966
vt 0.343750 0.156250
vt 0.351397 0.204534
vt 0.373591 0.248091
vt 0.408159 0.282659
vt 0.451716 0.304853
vt 0.500000 0.312500
vt 0.548284 0.304853
vt 0.591841 0.282659
vt 0.626409 0.248091
vt 0.648603 0.204534
vt 0.656250 0.156250
vt 0.648603 0.892034
vt 0.626409 0.935591
vt 0.500000 0.843750
vt 0.591841 0.970159
vt 0.548284 0.992353
vt 0.500000 1.000000
vt 0.451716 0.992353
vt 0.408159 0.970159
vt 0.373591 0.935591
vt 0.351397 0.892034
vt 0.343750 0.843750
vt 0.351397 0.795466
vt 0.373591 0.751909
vt 0.408159 0.717341
vt 0.451716 0.695147
vt 0.500000 0.687500
vt 0.548284 0.695147
vt 0.591842 0.717341
vt 0.626409 0.751908
vt 0.648603 0.795466
vt 0.656250 0.843750
vt 0.648603 0.892034
vt 0.626409 0.935591
vt 0.591841 0.970159
vt 0.548284 0.992353
vt 0.500000 1.000000
vt 0.451716 0.992353
vt 0.408159 0.970159
vt 0.373591 0.935591
vt 0.351397 0.892034
vt 0.343750 0.843750
vt 0.351397 0.795466
vt 0.373591 0.751909
vt 0.408159 0.717341
vt 0.451716 0.695147
vt 0.500000 0.687500
vt 0.548284 0.695147
vt 0.591842 0.717341
vt 0.626409 0.751908
vt 0.648603 0.795466
vt 0.656250 0.843750
vt 0.375000 0.312500
vt 0.387500 0.312500
vt 0.387500 0.687500
vt 0.375000 0.687500
vt 0.400000 0.312500
vt 0.400000 0.687500
vt 0.412500 0.312500
vt 0.412500 0.687500
vt 0.425000 0.312500
vt 0.425000 0.687500
vt 0.437500 0.312500
vt 0.437500 0.687500
vt 0.450000 0.312500
vt 0.450000 0.687500
vt 0.462500 0.312500
vt 0.462500 0.687500
vt 0.475000 0.312500
vt 0.475000 0.687500
vt 0.487500 0.312500
vt 0.487500 0.687500
vt 0.500000 0.312500
vt 0.500000 0.687500
vt 0.512500 0.312500
vt 0.512500 0.687500
vt 0.525000 0.312500
vt 0.525000 0.687500
vt 0.537500 0.312500
vt 0.537500 0.687500
vt 0.550000 0.312500
vt 0.550000 0.687500
vt 0.562500 0.312500
vt 0.562500 0.687500
vt 0.575000 0.312500
vt 0.575000 0.687500
vt 0.587500 0.312500
vt 0.587500 0.687500
vt 0.600000 0.312500
vt 0.600000 0.687500
vt 0.612500 0.312500
vt 0.612500 0.687500
vt 0.625000 0.312500
vt 0.625000 0.687500
vt 0.626409 0.064408
vt 0.648603 0.107966
vt 0.500000 0.156250
vt 0.591842 0.029841
vt 0.548284 0.007647
vt 0.500000 -0.000000
vt 0.451716 0.007647
vt 0.408159 0.029841
vt 0.373591 0.064409
vt 0.351397 0.107966
vt 0.343750 0.156250
vt 0.351397 0.204534
vt 0.373591 0.248091
vt 0.408159 0.282659
vt 0.451716 0.304853
vt 0.500000 0.312500
vt 0.548284 0.304853
vt 0.591841 0.282659
vt 0.626409 0.248091
vt 0.648603 0.204534
vt 0.656250 0.156250
vt 0.648603 0.892034
vt 0.626409 0.935591
vt 0.500000 0.843750
vt 0.591841 0.970159
vt 0.548284 0.992353
vt 0.500000 1.000000
vt 0.451716 0.992353
vt 0.408159 0.970159
vt 0.373591 0.935591
vt 0.351397 0.892034
vt 0.343750 0.843750
vt 0.351397 0.795466
vt 0.373591 0.751909
vt 0.408159 0.717341
vt 0.451716 0.695147
vt 0.500000 0.687500
vt 0.548284 0.695147
vt 0.591842 0.717341
vt 0.626409 0.751908
vt 0.648603 0.795466
vt 0.656250 0.843750
vt 0.648603 0.892034
vt 0.626409 0.935591
vt 0.591841 0.970159
vt 0.548284 0.992353
vt 0.500000 1.000000
vt 0.451716 0.992353
vt 0.408159 0.970159
vt 0.373591 0.935591
vt 0.351397 0.892034
vt 0.343750 0.843750
vt 0.351397 0.795466
vt 0.373591 0.751909
vt 0.408159 0.717341
vt 0.451716 0.695147
vt 0.500000 0.687500
vt 0.548284 0.695147
vt 0.591842 0.717341
vt 0.626409 0.751908
vt 0.648603 0.795466
vt 0.656250 0.843750
vt 0.375000 0.312500
vt 0.387500 0.312500
vt 0.387500 0.687500
vt 0.375000 0.687500
vt 0.400000 0.312500
vt 0.400000 0.687500
vt 0.412500 0.312500
vt 0.412500 0.687500
vt 0.425000 0.312500
vt 0.425000 0.687500
vt 0.437500 0.312500
vt 0.437500 0.687500
vt 0.450000 0.312500
vt 0.450000 0.687500
vt 0.462500 0.312500
vt 0.462500 0.687500
vt 0.475000 0.312500
vt 0.475000 0.687500
vt 0.487500 0.312500
vt 0.487500 0.687500
vt 0.500000 0.312500
vt 0.500000 0.687500
vt 0.512500 0.312500
vt 0.512500 0.687500
vt 0.525000 0.312500
vt 0.525000 0.687500
vt 0.537500 0.312500
vt 0.537500 0.687500
vt 0.550000 0.312500
vt 0.550000 0.687500
vt 0.562500 0.312500
vt 0.562500 0.687500
vt 0.575000 0.312500
vt 0.575000 0.687500
vt 0.587500 0.312500
vt 0.587500 0.687500
vt 0.600000 0.312500
vt 0.600000 0.687500
vt 0.612500 0.312500
vt 0.612500 0.687500
vt 0.625000 0.312500
vt 0.625000 0.687500
vt 0.626409 0.064408
vt 0.648603 0.107966
vt 0.500000 0.156250
vt 0.591842 0.029841
vt 0.548284 0.007647
vt 0.500000 -0.000000
vt 0.451716 0.007647
vt 0.408159 0.029841
vt 0.373591 0.064409
vt 0.351397 0.107966
vt 0.343750 0.156250
vt 0.351397 0.204534
vt 0.373591 0.248091
vt 0.408159 0.282659
vt 0.451716 0.304853
vt 0.500000 0.312500
vt 0.548284 0.304853
vt 0.591841 0.282659
vt 0.626409 0.248091
vt 0.648603 0.204534
vt 0.656250 0.156250
vt 0.648603 0.892034
vt 0.626409 0.935591
vt 0.500000 0.843750
vt 0.591841 0.970159
vt 0.548284 0.992353
vt 0.500000 1.000000
vt 0.451716 0.992353
vt 0.408159 0.970159
vt 0.373591 0.935591
vt 0.351397 0.892034
vt 0.343750 0.843750
vt 0.351397 0.795466
vt 0.373591 0.751909
vt 0.408159 0.717341
vt 0.451716 0.695147
vt 0.500000 0.687500
vt 0.548284 0.695147
vt 0.591842 0.717341
vt 0.626409 0.751908
vt 0.648603 0.795466
vt 0.656250 0.843750
vt 0.648603 0.892034
vt 0.626409 0.935591
vt 0.591841 0.970159
vt 0.548284 0.992353
vt 0.500000 1.000000
vt 0.451716 0.992353
vt 0.408159 0.970159
vt 0.373591 0.935591
vt 0.351397 0.892034
vt 0.343750 0.843750
vt 0.351397 0.795466
vt 0.373591 0.751909
vt 0.408159 0.717341
vt 0.451716 0.695147
vt 0.500000 0.687500
vt 0.548284 0.695147
vt 0.591842 0.717341
vt 0.626409 0.751908
vt 0.648603 0.795466
vt 0.656250 0.843750
vt 0.375000 0.312500
vt 0.387500 0.312500
vt 0.387500 0.687500
vt 0.375000 0.687500
vt 0.400000 0.312500
vt 0.400000 0.687500
vt 0.412500 0.312500
vt 0.412500 0.687500
vt 0.425000 0.312500
vt 0.425000 0.687500
vt 0.437500 0.312500
vt 0.437500 0.687500
vt 0.450000 0.312500
vt 0.450000 0.687500
vt 0.462500 0.312500
vt 0.462500 0.687500
vt 0.475000 0.312500
vt 0.475000 0.687500
vt 0.487500 0.312500
vt 0.487500 0.687500
vt 0.500000 0.312500
vt 0.500000 0.687500
vt 0.512500 0.312500
vt 0.512500 0.687500
vt 0.525000 0.312500
vt 0.525000 0.687500
vt 0.537500 0.312500
vt 0.537500 0.687500
vt 0.550000 0.312500
vt 0.550000 0.687500
vt 0.562500 0.312500
vt 0.562500 0.687500
vt 0.575000 0.312500
vt 0.575000 0.687500
vt 0.587500 0.312500
vt 0.587500 0.687500
vt 0.600000 0.312500
vt 0.600000 0.687500
vt 0.612500 0.312500
vt 0.612500 0.687500
vt 0.625000 0.312500
vt 0.625000 0.687500
vt 0.626409 0.064408
vt 0.648603 0.107966
vt 0.500000 0.156250
vt 0.591842 0.029841
vt 0.548284 0.007647
vt 0.500000 -0.000000
vt 0.451716 0.007647
vt 0.408159 0.029841
vt 0.373591 0.064409
vt 0.351397 0.107966
vt 0.343750 0.156250
vt 0.351397 0.204534
vt 0.373591 0.248091
vt 0.408159 0.282659
vt 0.451716 0.304853
vt 0.500000 0.312500
vt 0.548284 0.304853
vt 0.591841 0.282659
vt 0.626409 0.248091
vt 0.648603 0.204534
vt 0.656250 0.156250
vt 0.648603 0.892034
vt 0.626409 0.935591
vt 0.500000 0.843750
vt 0.591841 0.970159
vt 0.548284 0.992353
vt 0.500000 1.000000
vt 0.451716 0.992353
vt 0.408159 0.970159
vt 0.373591 0.935591
vt 0.351397 0.892034
vt 0.343750 0.843750
vt 0.351397 0.795466
vt 0.373591 0.751909
vt 0.408159 0.717341
vt 0.451716 0.695147
vt 0.500000 0.687500
vt 0.548284 0.695147
vt 0.591842 0.717341
vt 0.626409 0.751908
vt 0.648603 0.795466
vt 0.656250 0.843750
vt 0.648603 0.892034
vt 0.626409 0.935591
vt 0.591841 0.970159
vt 0.548284 0.992353
vt 0.500000 1.000000
vt 0.451716 0.992353
vt 0.408159 0.970159
vt 0.373591 0.935591
vt 0.351397 0.892034
vt 0.343750 0.843750
vt 0.351397 0.795466
vt 0.373591 0.751909
vt 0.408159 0.717341
vt 0.451716 0.695147
vt 0.500000 0.687500
vt 0.548284 0.695147
vt 0.591842 0.717341
vt 0.626409 0.751908
vt 0.648603 0.795466
vt 0.656250 0.843750
vt 0.375000 0.312500
vt 0.387500 0.312500
vt 0.387500 0.687500
vt 0.375000 0.687500
vt 0.400000 0.312500
vt 0.400000 0.687500
vt 0.412500 0.312500
vt 0.412500 0.687500
vt 0.425000 0.312500
vt 0.425000 0.687500
vt 0.437500 0.312500
vt 0.437500 0.687500
vt 0.450000 0.312500
vt 0.450000 0.687500
vt 0.462500 0.312500
vt 0.462500 0.687500
vt 0.475000 0.312500
vt 0.475000 0.687500
vt 0.487500 0.312500
vt 0.487500 0.687500
vt 0.500000 0.312500
vt 0.500000 0.687500
vt 0.512500 0.312500
vt 0.512500 0.687500
vt 0.525000 0.312500
vt 0.525000 0.687500
vt 0.537500 0.312500
vt 0.537500 0.687500
vt 0.550000 0.312500
vt 0.550000 0.687500
vt 0.562500 0.312500
vt 0.562500 0.687500
vt 0.575000 0.312500
vt 0.575000 0.687500
vt 0.587500 0.312500
vt 0.587500 0.687500
vt 0.600000 0.312500
vt 0.600000 0.687500
vt 0.612500 0.312500
vt 0.612500 0.687500
vt 0.625000 0.312500
vt 0.625000 0.687500
vt 0.626409 0.064408
vt 0.648603 0.107966
vt 0.500000 0.156250
vt 0.591842 0.029841
vt 0.548284 0.007647
vt 0.500000 -0.000000
vt 0.451716 0.007647
vt 0.408159 0.029841
vt 0.373591 0.064409
vt 0.351397 0.107966
vt 0.343750 0.156250
vt 0.351397 0.204534
vt 0.373591 0.248091
vt 0.408159 0.282659
vt 0.451716 0.304853
vt 0.500000 0.312500
vt 0.548284 0.304853
vt 0.591841 0.282659
vt 0.626409 0.248091
vt 0.648603 0.204534
vt 0.656250 0.156250
vt 0.648603 0.892034
vt 0.626409 0.935591
vt 0.500000 0.843750
vt 0.591841 0.970159
vt 0.548284 0.992353
vt 0.500000 1.000000
vt 0.451716 0.992353
vt 0.408159 0.970159
vt 0.373591 0.935591
vt 0.351397 0.892034
vt 0.343750 0.843750
vt 0.351397 0.795466
vt 0.373591 0.751909
vt 0.408159 0.717341
vt 0.451716 0.695147
vt 0.500000 0.687500
vt 0.548284 0.695147
vt 0.591842 0.717341
vt 0.626409 0.751908
vt 0.648603 0.795466
vt 0.656250 0.843750
vt 0.648603 0.892034
vt 0.626409 0.935591
vt 0.591841 0.970159
vt 0.548284 0.992353
vt 0.500000 1.000000
vt 0.451716 0.992353
vt 0.408159 0.970159
vt 0.373591 0.935591
vt 0.351397 0.892034
vt 0.343750 0.843750
vt 0.351397 0.795466
vt 0.373591 0.751909
vt 0.408159 0.717341
vt 0.451716 0.695147
vt 0.500000 0.687500
vt 0.548284 0.695147
vt 0.591842 0.717341
vt 0.626409 0.751908
vt 0.648603 0.795466
vt 0.656250 0.843750
vt 0.626409 0.064408
vt 0.648603 0.107966
vt 0.591842 0.029841
vt 0.548284 0.007647
vt 0.500000 -0.000000
vt 0.451716 0.007647
vt 0.408159 0.029841
vt 0.373591 0.064409
vt 0.351397 0.107966
vt 0.343750 0.156250
vt 0.351397 0.204534
vt 0.373591 0.248091
vt 0.408159 0.282659
vt 0.451716 0.304853
vt 0.500000 0.312500
vt 0.548284 0.304853
vt 0.591841 0.282659
vt 0.626409 0.248091
vt 0.648603 0.204534
vt 0.656250 0.156250
vt 0.375000 0.312500
vt 0.387500 0.312500
vt 0.387500 0.687500
vt 0.375000 0.687500
vt 0.400000 0.312500
vt 0.400000 0.687500
vt 0.412500 0.312500
vt 0.412500 0.687500
vt 0.425000 0.312500
vt 0.425000 0.687500
vt 0.437500 0.312500
vt 0.437500 0.687500
vt 0.450000 0.312500
vt 0.450000 0.687500
vt 0.462500 0.312500
vt 0.462500 0.687500
vt 0.475000 0.312500
vt 0.475000 0.687500
vt 0.487500 0.312500
vt 0.487500 0.687500
vt 0.500000 0.312500
vt 0.500000 0.687500
vt 0.512500 0.312500
vt 0.512500 0.687500
vt 0.525000 0.312500
vt 0.525000 0.687500
vt 0.537500 0.312500
vt 0.537500 0.687500
vt 0.550000 0.312500
vt 0.550000 0.687500
vt 0.562500 0.312500
vt 0.562500 0.687500
vt 0.575000 0.312500
vt 0.575000 0.687500
vt 0.587500 0.312500
vt 0.587500 0.687500
vt 0.600000 0.312500
vt 0.600000 0.687500
vt 0.612500 0.312500
vt 0.612500 0.687500
vt 0.625000 0.312500
vt 0.625000 0.687500
vt 0.626409 0.064408
vt 0.648603 0.107966
vt 0.500000 0.156250
vt 0.591842 0.029841
vt 0.548284 0.007647
vt 0.500000 -0.000000
vt 0.451716 0.007647
vt 0.408159 0.029841
vt 0.373591 0.064409
vt 0.351397 0.107966
vt 0.343750 0.156250
vt 0.351397 0.204534
vt 0.373591 0.248091
vt 0.408159 0.282659
vt 0.451716 0.304853
vt 0.500000 0.312500
vt 0.548284 0.304853
vt 0.591841 0.282659
vt 0.626409 0.248091
vt 0.648603 0.204534
vt 0.656250 0.156250
vt 0.648603 0.892034
vt 0.626409 0.935591
vt 0.500000 0.843750
vt 0.591841 0.970159
vt 0.548284 0.992353
vt 0.500000 1.000000
vt 0.451716 0.992353
vt 0.408159 0.970159
vt 0.373591 0.935591
vt 0.351397 0.892034
vt 0.343750 0.843750
vt 0.351397 0.795466
vt 0.373591 0.751909
vt 0.408159 0.717341
vt 0.451716 0.695147
vt 0.500000 0.687500
vt 0.548284 0.695147
vt 0.591842 0.717341
vt 0.626409 0.751908
vt 0.648603 0.795466
vt 0.656250 0.843750
vt 0.648603 0.892034
vt 0.626409 0.935591
vt 0.591841 0.970159
vt 0.548284 0.992353
vt 0.500000 1.000000
vt 0.451716 0.992353
vt 0.408159 0.970159
vt 0.373591 0.935591
vt 0.351397 0.892034
vt 0.343750 0.843750
vt 0.351397 0.795466
vt 0.373591 0.751909
vt 0.408159 0.717341
vt 0.451716 0.695147
vt 0.500000 0.687500
vt 0.548284 0.695147
vt 0.591842 0.717341
vt 0.626409 0.751908
vt 0.648603 0.795466
vt 0.656250 0.843750
vt 0.626409 0.064408
vt 0.648603 0.107966
vt 0.591842 0.029841
vt 0.548284 0.007647
vt 0.500000 -0.000000
vt 0.451716 0.007647
vt 0.408159 0.029841
vt 0.373591 0.064409
vt 0.351397 0.107966
vt 0.343750 0.156250
vt 0.351397 0.204534
vt 0.373591 0.248091
vt 0.408159 0.282659
vt 0.451716 0.304853
vt 0.500000 0.312500
vt 0.548284 0.304853
vt 0.591841 0.282659
vt 0.626409 0.248091
vt 0.648603 0.204534
vt 0.656250 0.156250
vt 0.375000 0.312500
vt 0.387500 0.312500
vt 0.387500 0.687500
vt 0.375000 0.687500
vt 0.400000 0.312500
vt 0.400000 0.687500
vt 0.412500 0.312500
vt 0.412500 0.687500
vt 0.425000 0.312500
vt 0.425000 0.687500
vt 0.437500 0.312500
vt 0.437500 0.687500
vt 0.450000 0.312500
vt 0.450000 0.687500
vt 0.462500 0.312500
vt 0.462500 0.687500
vt 0.475000 0.312500
vt 0.475000 0.687500
vt 0.487500 0.312500
vt 0.487500 0.687500
vt 0.500000 0.312500
vt 0.500000 0.687500
vt 0.512500 0.312500
vt 0.512500 0.687500
vt 0.525000 0.312500
vt 0.525000 0.687500
vt 0.537500 0.312500
vt 0.537500 0.687500
vt 0.550000 0.312500
vt 0.550000 0.687500
vt 0.562500 0.312500
vt 0.562500 0.687500
vt 0.575000 0.312500
vt 0.575000 0.687500
vt 0.587500 0.312500
vt 0.587500 0.687500
vt 0.600000 0.312500
vt 0.600000 0.687500
vt 0.612500 0.312500
vt 0.612500 0.687500
vt 0.625000 0.312500
vt 0.625000 0.687500
vt 0.626409 0.064408
vt 0.648603 0.107966
vt 0.500000 0.156250
vt 0.591842 0.029841
vt 0.548284 0.007647
vt 0.500000 -0.000000
vt 0.451716 0.007647
vt 0.408159 0.029841
vt 0.373591 0.064409
vt 0.351397 0.107966
vt 0.343750 0.156250
vt 0.351397 0.204534
vt 0.373591 0.248091
vt 0.408159 0.282659
vt 0.451716 0.304853
vt 0.500000 0.312500
vt 0.548284 0.304853
vt 0.591841 0.282659
vt 0.626409 0.248091
vt 0.648603 0.204534
vt 0.656250 0.156250
vt 0.648603 0.892034
vt 0.626409 0.935591
vt 0.500000 0.843750
vt 0.591841 0.970159
vt 0.548284 0.992353
vt 0.500000 1.000000
vt 0.451716 0.992353
vt 0.408159 0.970159
vt 0.373591 0.935591
vt 0.351397 0.892034
vt 0.343750 0.843750
vt 0.351397 0.795466
vt 0.373591 0.751909
vt 0.408159 0.717341
vt 0.451716 0.695147
vt 0.500000 0.687500
vt 0.548284 0.695147
vt 0.591842 0.717341
vt 0.626409 0.751908
vt 0.648603 0.795466
vt 0.656250 0.843750
vt 0.648603 0.892034
vt 0.626409 0.935591
vt 0.591841 0.970159
vt 0.548284 0.992353
vt 0.500000 1.000000
vt 0.451716 0.992353
vt 0.408159 0.970159
vt 0.373591 0.935591
vt 0.351397 0.892034
vt 0.343750 0.843750
vt 0.351397 0.795466
vt 0.373591 0.751909
vt 0.408159 0.717341
vt 0.451716 0.695147
vt 0.500000 0.687500
vt 0.548284 0.695147
vt 0.591842 0.717341
vt 0.626409 0.751908
vt 0.648603 0.795466
vt 0.656250 0.843750
vt 0.626409 0.064408
vt 0.648603 0.107966
vt 0.591842 0.029841
vt 0.548284 0.007647
vt 0.500000 -0.000000
vt 0.451716 0.007647
vt 0.408159 0.029841
vt 0.373591 0.064409
vt 0.351397 0.107966
vt 0.343750 0.156250
vt 0.351397 0.204534
vt 0.373591 0.248091
vt 0.408159 0.282659
vt 0.451716 0.304853
vt 0.500000 0.312500
vt 0.548284 0.304853
vt 0.591841 0.282659
vt 0.626409 0.248091
vt 0.648603 0.204534
vt 0.656250 0.156250
vt 0.375000 0.312500
vt 0.387500 0.312500
vt 0.387500 0.687500
vt 0.375000 0.687500
vt 0.400000 0.312500
vt 0.400000 0.687500
vt 0.412500 0.312500
vt 0.412500 0.687500
vt 0.425000 0.312500
vt 0.425000 0.687500
vt 0.437500 0.312500
vt 0.437500 0.687500
vt 0.450000 0.312500
vt 0.450000 0.687500
vt 0.462500 0.312500
vt 0.462500 0.687500
vt 0.475000 0.312500
vt 0.475000 0.687500
vt 0.487500 0.312500
vt 0.487500 0.687500
vt 0.500000 0.312500
vt 0.500000 0.687500
vt 0.512500 0.312500
vt 0.512500 0.687500
vt 0.525000 0.312500
vt 0.525000 0.687500
vt 0.537500 0.312500
vt 0.537500 0.687500
vt 0.550000 0.312500
vt 0.550000 0.687500
vt 0.562500 0.312500
vt 0.562500 0.687500
vt 0.575000 0.312500
vt 0.575000 0.687500
vt 0.587500 0.312500
vt 0.587500 0.687500
vt 0.600000 0.312500
vt 0.600000 0.687500
vt 0.612500 0.312500
vt 0.612500 0.687500
vt 0.625000 0.312500
vt 0.625000 0.687500
vt 0.626409 0.064408
vt 0.648603 0.107966
vt 0.500000 0.156250
vt 0.591842 0.029841
vt 0.548284 0.007647
vt 0.500000 -0.000000
vt 0.451716 0.007647
vt 0.408159 0.029841
vt 0.373591 0.064409
vt 0.351397 0.107966
vt 0.343750 0.156250
vt 0.351397 0.204534
vt 0.373591 0.248091
vt 0.408159 0.282659
vt 0.451716 0.304853
vt 0.500000 0.312500
vt 0.548284 0.304853
vt 0.591841 0.282659
vt 0.626409 0.248091
vt 0.648603 0.204534
vt 0.656250 0.156250
vt 0.648603 0.892034
vt 0.626409 0.935591
vt 0.500000 0.843750
vt 0.591841 0.970159
vt 0.548284 0.992353
vt 0.500000 1.000000
vt 0.451716 0.992353
vt 0.408159 0.970159
vt 0.373591 0.935591
vt 0.351397 0.892034
vt 0.343750 0.843750
vt 0.351397 0.795466
vt 0.373591 0.751909
vt 0.408159 0.717341
vt 0.451716 0.695147
vt 0.500000 0.687500
vt 0.548284 0.695147
vt 0.591842 0.717341
vt 0.626409 0.751908
vt 0.648603 0.795466
vt 0.656250 0.843750
vt 0.648603 0.892034
vt 0.626409 0.935591
vt 0.591841 0.970159
vt 0.548284 0.992353
vt 0.500000 1.000000
vt 0.451716 0.992353
vt 0.408159 0.970159
vt 0.373591 0.935591
vt 0.351397 0.892034
vt 0.343750 0.843750
vt 0.351397 0.795466
vt 0.373591 0.751909
vt 0.408159 0.717341
vt 0.451716 0.695147
vt 0.500000 0.687500
vt 0.548284 0.695147
vt 0.591842 0.717341
vt 0.626409 0.751908
vt 0.648603 0.795466
vt 0.656250 0.843750
vt 0.626409 0.064408
vt 0.648603 0.107966
vt 0.591842 0.029841
vt 0.548284 0.007647
vt 0.500000 -0.000000
vt 0.451716 0.007647
vt 0.408159 0.029841
vt 0.373591 0.064409
vt 0.351397 0.107966
vt 0.343750 0.156250
vt 0.351397 0.204534
vt 0.373591 0.248091
vt 0.408159 0.282659
vt 0.451716 0.304853
vt 0.500000 0.312500
vt 0.548284 0.304853
vt 0.591841 0.282659
vt 0.626409 0.248091
vt 0.648603 0.204534
vt 0.656250 0.156250
vt 0.375000 0.312500
vt 0.387500 0.312500
vt 0.387500 0.687500
vt 0.375000 0.687500
vt 0.400000 0.312500
vt 0.400000 0.687500
vt 0.412500 0.312500
vt 0.412500 0.687500
vt 0.425000 0.312500
vt 0.425000 0.687500
vt 0.437500 0.312500
vt 0.437500 0.687500
vt 0.450000 0.312500
vt 0.450000 0.687500
vt 0.462500 0.312500
vt 0.462500 0.687500
vt 0.475000 0.312500
vt 0.475000 0.687500
vt 0.487500 0.312500
vt 0.487500 0.687500
vt 0.500000 0.312500
vt 0.500000 0.687500
vt 0.512500 0.312500
vt 0.512500 0.687500
vt 0.525000 0.312500
vt 0.525000 0.687500
vt 0.537500 0.312500
vt 0.537500 0.687500
vt 0.550000 0.312500
vt 0.550000 0.687500
vt 0.562500 0.312500
vt 0.562500 0.687500
vt 0.575000 0.312500
vt 0.575000 0.687500
vt 0.587500 0.312500
vt 0.587500 0.687500
vt 0.600000 0.312500
vt 0.600000 0.687500
vt 0.612500 0.312500
vt 0.612500 0.687500
vt 0.625000 0.312500
vt 0.625000 0.687500
vt 0.626409 0.064408
vt 0.648603 0.107966
vt 0.500000 0.156250
vt 0.591842 0.029841
vt 0.548284 0.007647
vt 0.500000 -0.000000
vt 0.451716 0.007647
vt 0.408159 0.029841
vt 0.373591 0.064409
vt 0.351397 0.107966
vt 0.343750 0.156250
vt 0.351397 0.204534
vt 0.373591 0.248091
vt 0.408159 0.282659
vt 0.451716 0.304853
vt 0.500000 0.312500
vt 0.548284 0.304853
vt 0.591841 0.282659
vt 0.626409 0.248091
vt 0.648603 0.204534
vt 0.656250 0.156250
vt 0.648603 0.892034
vt 0.626409 0.935591
vt 0.500000 0.843750
vt 0.591841 0.970159
vt 0.548284 0.992353
vt 0.500000 1.000000
vt 0.451716 0.992353
vt 0.408159 0.970159
vt 0.373591 0.935591
vt 0.351397 0.892034
vt 0.343750 0.843750
vt 0.351397 0.795466
vt 0.373591 0.751909
vt 0.408159 0.717341
vt 0.451716 0.695147
vt 0.500000 0.687500
vt 0.548284 0.695147
vt 0.591842 0.717341
vt 0.626409 0.751908
vt 0.648603 0.795466
vt 0.656250 0.843750
vt 0.648603 0.892034
vt 0.626409 0.935591
vt 0.591841 0.970159
vt 0.548284 0.992353
vt 0.500000 1.000000
vt 0.451716 0.992353
vt 0.408159 0.970159
vt 0.373591 0.935591
vt 0.351397 0.892034
vt 0.343750 0.843750
vt 0.351397 0.795466
vt 0.373591 0.751909
vt 0.408159 0.717341
vt 0.451716 0.695147
vt 0.500000 0.687500
vt 0.548284 0.695147
vt 0.591842 0.717341
vt 0.626409 0.751908
vt 0.648603 0.795466
vt 0.656250 0.843750
vt 0.626409 0.064408
vt 0.648603 0.107966
vt 0.591842 0.029841
vt 0.548284 0.007647
vt 0.500000 -0.000000
vt 0.451716 0.007647
vt 0.408159 0.029841
vt 0.373591 0.064409
vt 0.351397 0.107966
vt 0.343750 0.156250
vt 0.351397 0.204534
vt 0.373591 0.248091
vt 0.408159 0.282659
vt 0.451716 0.304853
vt 0.500000 0.312500
vt 0.548284 0.304853
vt 0.591841 0.282659
vt 0.626409 0.248091
vt 0.648603 0.204534
vt 0.656250 0.156250
vt 0.375000 0.312500
vt 0.387500 0.312500
vt 0.387500 0.687500
vt 0.375000 0.687500
vt 0.400000 0.312500
vt 0.400000 0.687500
vt 0.412500 0.312500
vt 0.412500 0.687500
vt 0.425000 0.312500
vt 0.425000 0.687500
vt 0.437500 0.312500
vt 0.437500 0.687500
vt 0.450000 0.312500
vt 0.450000 0.687500
vt 0.462500 0.312500
vt 0.462500 0.687500
vt 0.475000 0.312500
vt 0.475000 0.687500
vt 0.487500 0.312500
vt 0.487500 0.687500
vt 0.500000 0.312500
vt 0.500000 0.687500
vt 0.512500 0.312500
vt 0.512500 0.687500
vt 0.525000 0.312500
vt 0.525000 0.687500
vt 0.537500 0.312500
vt 0.537500 0.687500
vt 0.550000 0.312500
vt 0.550000 0.687500
vt 0.562500 0.312500
vt 0.562500 0.687500
vt 0.575000 0.312500
vt 0.575000 0.687500
vt 0.587500 0.312500
vt 0.587500 0.687500
vt 0.600000 0.312500
vt 0.600000 0.687500
vt 0.612500 0.312500
vt 0.612500 0.687500
vt 0.625000 0.312500
vt 0.625000 0.687500
vt 0.626409 0.064408
vt 0.648603 0.107966
vt 0.500000 0.156250
vt 0.591842 0.029841
vt 0.548284 0.007647
vt 0.500000 -0.000000
vt 0.451716 0.007647
vt 0.408159 0.029841
vt 0.373591 0.064409
vt 0.351397 0.107966
vt 0.343750 0.156250
vt 0.351397 0.204534
vt 0.373591 0.248091
vt 0.408159 0.282659
vt 0.451716 0.304853
vt 0.500000 0.312500
vt 0.548284 0.304853
vt 0.591841 0.282659
vt 0.626409 0.248091
vt 0.648603 0.204534
vt 0.656250 0.156250
vt 0.648603 0.892034
vt 0.626409 0.935591
vt 0.500000 0.843750
vt 0.591841 0.970159
vt 0.548284 0.992353
vt 0.500000 1.000000
vt 0.451716 0.992353
vt 0.408159 0.970159
vt 0.373591 0.935591
vt 0.351397 0.892034
vt 0.343750 0.843750
vt 0.351397 0.795466
vt 0.373591 0.751909
vt 0.408159 0.717341
vt 0.451716 0.695147
vt 0.500000 0.687500
vt 0.548284 0.695147
vt 0.591842 0.717341
vt 0.626409 0.751908
vt 0.648603 0.795466
vt 0.656250 0.843750
vt 0.648603 0.892034
vt 0.626409 0.935591
vt 0.591841 0.970159
vt 0.548284 0.992353
vt 0.500000 1.000000
vt 0.451716 0.992353
vt 0.408159 0.970159
vt 0.373591 0.935591
vt 0.351397 0.892034
vt 0.343750 0.843750
vt 0.351397 0.795466
vt 0.373591 0.751909
vt 0.408159 0.717341
vt 0.451716 0.695147
vt 0.500000 0.687500
vt 0.548284 0.695147
vt 0.591842 0.717341
vt 0.626409 0.751908
vt 0.648603 0.795466
vt 0.656250 0.843750
vt 0.626409 0.064408
vt 0.648603 0.107966
vt 0.591842 0.029841
vt 0.548284 0.007647
vt 0.500000 -0.000000
vt 0.451716 0.007647
vt 0.408159 0.029841
vt 0.373591 0.064409
vt 0.351397 0.107966
vt 0.343750 0.156250
vt 0.351397 0.204534
vt 0.373591 0.248091
vt 0.408159 0.282659
vt 0.451716 0.304853
vt 0.500000 0.312500
vt 0.548284 0.304853
vt 0.591841 0.282659
vt 0.626409 0.248091
vt 0.648603 0.204534
vt 0.656250 0.156250
vt 0.375000 0.312500
vt 0.387500 0.312500
vt 0.387500 0.687500
vt 0.375000 0.687500
vt 0.400000 0.312500
vt 0.400000 0.687500
vt 0.412500 0.312500
vt 0.412500 0.687500
vt 0.425000 0.312500
vt 0.425000 0.687500
vt 0.437500 0.312500
vt 0.437500 0.687500
vt 0.450000 0.312500
vt 0.450000 0.687500
vt 0.462500 0.312500
vt 0.462500 0.687500
vt 0.475000 0.312500
vt 0.475000 0.687500
vt 0.487500 0.312500
vt 0.487500 0.687500
vt 0.500000 0.312500
vt 0.500000 0.687500
vt 0.512500 0.312500
vt 0.512500 0.687500
vt 0.525000 0.312500
vt 0.525000 0.687500
vt 0.537500 0.312500
vt 0.537500 0.687500
vt 0.550000 0.312500
vt 0.550000 0.687500
vt 0.562500 0.312500
vt 0.562500 0.687500
vt 0.575000 0.312500
vt 0.575000 0.687500
vt 0.587500 0.312500
vt 0.587500 0.687500
vt 0.600000 0.312500
vt 0.600000 0.687500
vt 0.612500 0.312500
vt 0.612500 0.687500
vt 0.625000 0.312500
vt 0.625000 0.687500
vt 0.626409 0.064408
vt 0.648603 0.107966
vt 0.500000 0.156250
vt 0.591842 0.029841
vt 0.548284 0.007647
vt 0.500000 -0.000000
vt 0.451716 0.007647
vt 0.408159 0.029841
vt 0.373591 0.064409
vt 0.351397 0.107966
vt 0.343750 0.156250
vt 0.351397 0.204534
vt 0.373591 0.248091
vt 0.408159 0.282659
vt 0.451716 0.304853
vt 0.500000 0.312500
vt 0.548284 0.304853
vt 0.591841 0.282659
vt 0.626409 0.248091
vt 0.648603 0.204534
vt 0.656250 0.156250
vt 0.648603 0.892034
vt 0.626409 0.935591
vt 0.500000 0.843750
vt 0.591841 0.970159
vt 0.548284 0.992353
vt 0.500000 1.000000
vt 0.451716 0.992353
vt 0.408159 0.970159
vt 0.373591 0.935591
vt 0.351397 0.892034
vt 0.343750 0.843750
vt 0.351397 0.795466
vt 0.373591 0.751909
vt 0.408159 0.717341
vt 0.451716 0.695147
vt 0.500000 0.687500
vt 0.548284 0.695147
vt 0.591842 0.717341
vt 0.626409 0.751908
vt 0.648603 0.795466
vt 0.656250 0.843750
vt 0.648603 0.892034
vt 0.626409 0.935591
vt 0.591841 0.970159
vt 0.548284 0.992353
vt 0.500000 1.000000
vt 0.451716 0.992353
vt 0.408159 0.970159
vt 0.373591 0.935591
vt 0.351397 0.892034
vt 0.343750 0.843750
vt 0.351397 0.795466
vt 0.373591 0.751909
vt 0.408159 0.717341
vt 0.451716 0.695147
vt 0.500000 0.687500
vt 0.548284 0.695147
vt 0.591842 0.717341
vt 0.626409 0.751908
vt 0.648603 0.795466
vt 0.656250 0.843750
vt 0.626409 0.064408
vt 0.648603 0.107966
vt 0.591842 0.029841
vt 0.548284 0.007647
vt 0.500000 -0.000000
vt 0.451716 0.007647
vt 0.408159 0.029841
vt 0.373591 0.064409
vt 0.351397 0.107966
vt 0.343750 0.156250
vt 0.351397 0.204534
vt 0.373591 0.248091
vt 0.408159 0.282659
vt 0.451716 0.304853
vt 0.500000 0.312500
vt 0.548284 0.304853
vt 0.591841 0.282659
vt 0.626409 0.248091
vt 0.648603 0.204534
vt 0.656250 0.156250
vt 0.375000 0.312500
vt 0.387500 0.312500
vt 0.387500 0.687500
vt 0.375000 0.687500
vt 0.400000 0.312500
vt 0.400000 0.687500
vt 0.412500 0.312500
vt 0.412500 0.687500
vt 0.425000 0.312500
vt 0.425000 0.687500
vt 0.437500 0.312500
vt 0.437500 0.687500
vt 0.450000 0.312500
vt 0.450000 0.687500
vt 0.462500 0.312500
vt 0.462500 0.687500
vt 0.475000 0.312500
vt 0.475000 0.687500
vt 0.487500 0.312500
vt 0.487500 0.687500
vt 0.500000 0.312500
vt 0.500000 0.687500
vt 0.512500 0.312500
vt 0.512500 0.687500
vt 0.525000 0.312500
vt 0.525000 0.687500
vt 0.537500 0.312500
vt 0.537500 0.687500
vt 0.550000 0.312500
vt 0.550000 0.687500
vt 0.562500 0.312500
vt 0.562500 0.687500
vt 0.575000 0.312500
vt 0.575000 0.687500
vt 0.587500 0.312500
vt 0.587500 0.687500
vt 0.600000 0.312500
vt 0.600000 0.687500
vt 0.612500 0.312500
vt 0.612500 0.687500
vt 0.625000 0.312500
vt 0.625000 0.687500
vt 0.626409 0.064408
vt 0.648603 0.107966
vt 0.500000 0.156250
vt 0.591842 0.029841
vt 0.548284 0.007647
vt 0.500000 -0.000000
vt 0.451716 0.007647
vt 0.408159 0.029841
vt 0.373591 0.064409
vt 0.351397 0.107966
vt 0.343750 0.156250
vt 0.351397 0.204534
vt 0.373591 0.248091
vt 0.408159 0.282659
vt 0.451716 0.304853
vt 0.500000 0.312500
vt 0.548284 0.304853
vt 0.591841 0.282659
vt 0.626409 0.248091
vt 0.648603 0.204534
vt 0.656250 0.156250
vt 0.648603 0.892034
vt 0.626409 0.935591
vt 0.500000 0.843750
vt 0.591841 0.970159
vt 0.548284 0.992353
vt 0.500000 1.000000
vt 0.451716 0.992353
vt 0.408159 0.970159
vt 0.373591 0.935591
vt 0.351397 0.892034
vt 0.343750 0.843750
vt 0.351397 0.795466
vt 0.373591 0.751909
vt 0.408159 0.717341
vt 0.451716 0.695147
vt 0.500000 0.687500
vt 0.548284 0.695147
vt 0.591842 0.717341
vt 0.626409 0.751908
vt 0.648603 0.795466
vt 0.656250 0.843750
vt 0.648603 0.892034
vt 0.626409 0.935591
vt 0.591841 0.970159
vt 0.548284 0.992353
vt 0.500000 1.000000
vt 0.451716 0.992353
vt 0.408159 0.970159
vt 0.373591 0.935591
vt 0.351397 0.892034
vt 0.343750 0.843750
vt 0.351397 0.795466
vt 0.373591 0.751909
vt 0.408159 0.717341
vt 0.451716 0.695147
vt 0.500000 0.687500
vt 0.548284 0.695147
vt 0.591842 0.717341
vt 0.626409 0.751908
vt 0.648603 0.795466
vt 0.656250 0.843750
vt 0.626409 0.064408
vt 0.648603 0.107966
vt 0.591842 0.029841
vt 0.548284 0.007647
vt 0.500000 -0.000000
vt 0.451716 0.007647
vt 0.408159 0.029841
vt 0.373591 0.064409
vt 0.351397 0.107966
vt 0.343750 0.156250
vt 0.351397 0.204534
vt 0.373591 0.248091
vt 0.408159 0.282659
vt 0.451716 0.304853
vt 0.500000 0.312500
vt 0.548284 0.304853
vt 0.591841 0.282659
vt 0.626409 0.248091
vt 0.648603 0.204534
vt 0.656250 0.156250
vn 0.951057 0.000000 -0.309016
vn 0.809016 0.000000 -0.587786
vn 0.809016 0.000000 -0.587786
vn 0.951057 0.000000 -0.309016
vn 0.587785 0.000000 -0.809017
vn 0.587785 0.000000 -0.809017
vn 0.309017 0.000000 -0.951056
vn 0.309017 0.000000 -0.951056
vn 0.000000 0.000000 -1.000000
vn 0.000000 0.000000 -1.000000
vn -0.309017 0.000000 -0.951056
vn -0.309017 0.000000 -0.951056
vn -0.587786 0.000000 -0.809016
vn -0.587786 0.000000 -0.809016
vn -0.809018 0.000000 -0.587784
vn -0.809018 0.000000 -0.587784
vn -0.951057 0.000000 -0.309016
vn -0.951057 0.000000 -0.309016
vn -1.000000 0.000000 0.000000
vn -1.000000 0.000000 0.000000
vn -0.951057 0.000000 0.309016
vn -0.951057 0.000000 0.309016
vn -0.809018 0.000000 0.587784
vn -0.809018 0.000000 0.587784
vn -0.587785 0.000000 0.809017
vn -0.587785 0.000000 0.809017
vn -0.309018 0.000000 0.951056
vn -0.309018 0.000000 0.951056
vn 0.000000 0.000000 1.000000
vn 0.000000 0.000000 1.000000
vn 0.309018 0.000000 0.951056
vn 0.309018 0.000000 0.951056
vn 0.587786 0.000000 0.809017
vn 0.587786 0.000000 0.809017
vn 0.809017 0.000000 0.587785
vn 0.809017 0.000000 0.587785
vn 0.951056 0.000000 0.309017
vn 0.951056 0.000000 0.309017
vn 1.000000 0.000000 0.000001
vn 1.000000 0.000000 0.000001
vn 0.000000 -1.000000 0.000000
vn 0.000000 -1.000000 0.000000
vn 0.000000 -1.000000 0.000000
vn 0.000000 -1.000000 0.000000
vn 0.000000 -1.000000 0.000000
vn 0.000000 -1.000000 0.000000
vn 0.000000 -1.000000 0.000000
vn 0.000000 -1.000000 0.000000
vn 0.000000 -1.000000 0.000000
vn 0.000000 -1.000000 0.000000
vn 0.000000 -1.000000 0.000000
vn 0.000000 -1.000000 0.000000
vn 0.000000 -1.000000 0.000000
vn 0.000000 -1.000000 0.000000
vn 0.000000 -1.000000 0.000000
vn 0.000000 -1.000000 0.000000
vn 0.000000 -1.000000 0.000000
vn 0.000000 -1.000000 0.000000
vn 0.000000 -1.000000 0.000001
vn 0.000000 -1.000000 -0.000000
vn 0.000000 -1.000000 -0.000001
vn 0.000000 1.000000 0.000000
vn 0.000000 1.000000 0.000001
vn 0.000000 1.000000 0.000000
vn 0.000000 1.000000 0.000000
vn 0.000000 1.000000 -0.000001
vn 0.000000 1.000000 0.000000
vn 0.000000 1.000000 0.000000
vn 0.000000 1.000000 0.000000
vn 0.000000 1.000000 -0.000001
vn 0.000000 1.000000 -0.000001
vn 0.000000 1.000000 0.000000
vn 0.000000 1.000000 0.000001
vn 0.000000 1.000000 0.000001
vn 0.000000 1.000000 0.000000
vn 0.000000 1.000000 0.000000
vn 0.000000 1.000000 0.000000
vn 0.000000 1.000000 0.000000
vn 0.000000 1.000000 0.000000
vn 0.000000 1.000000 0.000000
vn 0.000000 1.000000 0.000000
vn 0.000000 1.000000 0.000000
vn 0.424185 0.879405 -0.216133
vn 0.424185 0.879405 -0.216133
vn 0.424185 0.879405 -0.216133
vn 0.424185 0.879405 -0.216133
vn 0.336635 0.879405 -0.336636
vn 0.336635 0.879405 -0.336636
vn 0.336635 0.879405 -0.336636
vn 0.336635 0.879405 -0.336636
vn 0.216133 0.879405 -0.424184
vn 0.216133 0.879405 -0.424184
vn 0.216133 0.879405 -0.424184
vn 0.216133 0.879406 -0.424184
vn 0.074475 0.879406 -0.470212
vn 0.074475 0.879406 -0.470212
vn 0.074475 0.879406 -0.470212
vn 0.074475 0.879406 -0.470212
vn -0.074474 0.879405 -0.470213
vn -0.074474 0.879405 -0.470213
vn -0.074474 0.879405 -0.470213
vn -0.074474 0.879405 -0.470213
vn -0.216133 0.879405 -0.424185
vn -0.216133 0.879405 -0.424185
vn -0.216133 0.879405 -0.424185
vn -0.216133 0.879405 -0.424185
vn -0.336635 0.879405 -0.336635
vn -0.336635 0.879405 -0.336635
vn -0.336635 0.879405 -0.336635
vn -0.336635 0.879405 -0.336635
vn -0.424186 0.879405 -0.216133
vn -0.424186 0.879405 -0.216133
vn -0.424186 0.879405 -0.216133
vn -0.424186 0.879405 -0.216133
vn -0.470214 0.879405 -0.074474
vn -0.470214 0.879405 -0.074474
vn -0.470214 0.879405 -0.074474
vn -0.470214 0.879405 -0.074474
vn -0.470214 0.879405 0.074475
vn -0.470214 0.879405 0.074475
vn -0.470214 0.879405 0.074475
vn -0.470214 0.879405 0.074475
vn -0.424186 0.879405 0.216134
vn -0.424186 0.879404 0.216134
vn -0.424186 0.879405 0.216134
vn -0.424186 0.879405 0.216134
vn -0.336636 0.879405 0.336635
vn -0.336636 0.879405 0.336635
vn -0.336636 0.879405 0.336635
vn -0.336636 0.879405 0.336635
vn -0.216133 0.879405 0.424186
vn -0.216133 0.879405 0.424186
vn -0.216133 0.879405 0.424186
vn -0.216133 0.879405 0.424186
vn -0.074476 0.879405 0.470213
vn -0.074476 0.879405 0.470213
vn -0.074476 0.879405 0.470213
vn -0.074476 0.879405 0.470213
vn 0.074476 0.879405 0.470214
vn 0.074476 0.879405 0.470214
vn 0.074476 0.879405 0.470214
vn 0.074476 0.879405 0.470214
vn 0.216133 0.879404 0.424187
vn 0.216133 0.879404 0.424187
vn 0.216133 0.879404 0.424187
vn 0.216133 0.879404 0.424187
vn 0.336636 0.879405 0.336635
vn 0.336636 0.879405 0.336635
vn 0.336636 0.879405 0.336635
vn 0.336636 0.879405 0.336635
vn 0.424186 0.879405 0.216133
vn 0.424186 0.879405 0.216133
vn 0.424186 0.879405 0.216133
vn 0.424186 0.879405 0.216133
vn 0.470213 0.879405 0.074474
vn 0.470213 0.879405 0.074474
vn 0.470213 0.879405 0.074474
vn 0.470213 0.879405 0.074474
vn 0.470213 0.879405 -0.074474
vn 0.470213 0.879405 -0.074474
vn 0.470213 0.879405 -0.074474
vn 0.470213 0.879405 -0.074474
vn 0.507986 -0.821557 -0.258832
vn 0.507986 -0.821557 -0.258832
vn 0.507986 -0.821557 -0.258832
vn 0.507986 -0.821557 -0.258832
vn 0.403141 -0.821558 -0.403139
vn 0.403140 -0.821558 -0.403139
vn 0.403141 -0.821558 -0.403139
vn 0.403141 -0.821558 -0.403139
vn 0.258832 -0.821557 -0.507986
vn 0.258832 -0.821557 -0.507986
vn 0.258832 -0.821557 -0.507986
vn 0.258832 -0.821557 -0.507986
vn 0.089187 -0.821557 -0.563107
vn 0.089187 -0.821557 -0.563107
vn 0.089187 -0.821557 -0.563107
vn 0.089187 -0.821557 -0.563107
vn -0.089187 -0.821557 -0.563108
vn -0.089187 -0.821557 -0.563108
vn -0.089187 -0.821557 -0.563108
vn -0.089187 -0.821557 -0.563108
vn -0.258832 -0.821557 -0.507987
vn -0.258832 -0.821557 -0.507987
vn -0.258832 -0.821557 -0.507987
vn -0.258832 -0.821557 -0.507987
vn -0.403141 -0.821557 -0.403139
vn -0.403141 -0.821557 -0.403139
vn -0.403141 -0.821557 -0.403139
vn -0.403141 -0.821557 -0.403139
vn -0.507987 -0.821556 -0.258833
vn -0.507987 -0.821556 -0.258833
vn -0.507987 -0.821556 -0.258833
vn -0.507987 -0.821556 -0.258833
vn -0.563108 -0.821557 -0.089189
vn -0.563108 -0.821557 -0.089189
vn -0.563108 -0.821557 -0.089189
vn -0.563108 -0.821557 -0.089189
vn -0.563108 -0.821557 0.089188
vn -0.563108 -0.821556 0.089188
vn -0.563108 -0.821556 0.089188
vn -0.563108 -0.821556 0.089188
vn -0.507988 -0.821556 0.258833
vn -0.507988 -0.821556 0.258833
vn -0.507988 -0.821556 0.258833
vn -0.507988 -0.821556 0.258833
vn -0.403141 -0.821555 0.403143
vn -0.403141 -0.821555 0.403143
vn -0.403141 -0.821555 0.403143
vn -0.403141 -0.821555 0.403143
vn -0.258833 -0.821555 0.507989
vn -0.258833 -0.821555 0.507989
vn -0.258833 -0.821555 0.507989
vn -0.258833 -0.821555 0.507989
vn -0.089188 -0.821555 0.563110
vn -0.089188 -0.821555 0.563110
vn -0.089188 -0.821555 0.563110
vn -0.089188 -0.821555 0.563110
vn 0.089188 -0.821555 0.563110
vn 0.089188 -0.821555 0.563110
vn 0.089188 -0.821555 0.563109
vn 0.089188 -0.821555 0.563109
vn 0.258833 -0.821555 0.507989
vn 0.258833 -0.821555 0.507989
vn 0.258833 -0.821555 0.507989
vn 0.258833 -0.821555 0.507989
vn 0.403141 -0.821555 0.403143
vn 0.403141 -0.821555 0.403143
vn 0.403141 -0.821555 0.403143
vn 0.403141 -0.821555 0.403143
vn 0.507987 -0.821557 0.258831
vn 0.507987 -0.821557 0.258831
vn 0.507987 -0.821557 0.258831
vn 0.507987 -0.821557 0.258831
vn 0.563107 -0.821557 0.089187
vn 0.563107 -0.821557 0.089187
vn 0.563107 -0.821557 0.089187
vn 0.563107 -0.821557 0.089187
vn 0.563108 -0.821557 -0.089186
vn 0.563108 -0.821557 -0.089186
vn 0.563108 -0.821557 -0.089186
vn 0.563108 -0.821557 -0.089186
vn 0.093524 -0.994476 -0.047652
vn 0.093524 -0.994476 -0.047652
vn 0.093524 -0.994476 -0.047652
vn 0.093524 -0.994476 -0.047652
vn 0.074221 -0.994476 -0.074221
vn 0.074221 -0.994476 -0.074221
vn 0.074221 -0.994476 -0.074221
vn 0.074221 -0.994476 -0.074221
vn 0.047653 -0.994476 -0.093524
vn 0.047653 -0.994476 -0.093524
vn 0.047653 -0.994476 -0.093524
vn 0.047653 -0.994476 -0.093524
vn 0.016420 -0.994476 -0.103672
vn 0.016420 -0.994476 -0.103672
vn 0.016420 -0.994476 -0.103672
vn 0.016420 -0.994476 -0.103672
vn -0.016420 -0.994476 -0.103673
vn -0.016420 -0.994476 -0.103673
vn -0.016420 -0.994476 -0.103673
vn -0.016420 -0.994476 -0.103673
vn -0.047653 -0.994476 -0.093523
vn -0.047653 -0.994476 -0.093523
vn -0.047653 -0.994476 -0.093523
vn -0.047653 -0.994476 -0.093523
vn -0.074222 -0.994476 -0.074223
vn -0.074221 -0.994476 -0.074223
vn -0.074222 -0.994476 -0.074223
vn -0.074222 -0.994476 -0.074223
vn -0.093525 -0.994476 -0.047652
vn -0.093525 -0.994476 -0.047652
vn -0.093525 -0.994476 -0.047652
vn -0.093525 -0.994476 -0.047652
vn -0.103673 -0.994476 -0.016420
vn -0.103673 -0.994476 -0.016420
vn -0.103673 -0.994476 -0.016420
vn -0.103673 -0.994476 -0.016420
vn -0.103673 -0.994476 0.016420
vn -0.103673 -0.994476 0.016420
vn -0.103673 -0.994476 0.016420
vn -0.103673 -0.994476 0.016420
vn -0.093525 -0.994476 0.047652
vn -0.093525 -0.994476 0.047652
vn -0.093525 -0.994476 0.047652
vn -0.093525 -0.994476 0.047652
vn -0.074221 -0.994476 0.074221
vn -0.074221 -0.994476 0.074221
vn -0.074221 -0.994476 0.074221
vn -0.074221 -0.994476 0.074221
vn -0.047653 -0.994476 0.093525
vn -0.047653 -0.994476 0.093525
vn -0.047653 -0.994476 0.093525
vn -0.047653 -0.994476 0.093525
vn -0.016420 -0.994476 0.103675
vn -0.016420 -0.994476 0.103675
vn -0.016420 -0.994476 0.103675
vn -0.016420 -0.994476 0.103675
vn 0.016420 -0.994476 0.103669
vn 0.016420 -0.994476 0.103669
vn 0.016420 -0.994476 0.103669
vn 0.016420 -0.994476 0.103669
vn 0.047653 -0.994476 0.093524
vn 0.047653 -0.994476 0.093524
vn 0.047653 -0.994476 0.093524
vn 0.047653 -0.994476 0.093524
vn 0.074221 -0.994476 0.074221
vn 0.074221 -0.994476 0.074221
vn 0.074221 -0.994476 0.074221
vn 0.074221 -0.994476 0.074221
vn 0.093525 -0.994476 0.047654
vn 0.093525 -0.994476 0.047654
vn 0.093525 -0.994476 0.047654
vn 0.093525 -0.994476 0.047654
vn 0.103673 -0.994476 0.016420
vn 0.103673 -0.994476 0.016420
vn 0.103673 -0.994476 0.016420
vn 0.103673 -0.994476 0.016420
vn 0.103673 -0.994476 -0.016420
vn 0.103673 -0.994476 -0.016420
vn 0.103673 -0.994476 -0.016420
vn 0.103673 -0.994476 -0.016420
vn 0.464437 0.853404 -0.236642
vn 0.464437 0.853404 -0.236643
vn 0.464437 0.853404 -0.236642
vn 0.464437 0.853404 -0.236642
vn 0.368579 0.853403 -0.368581
vn 0.368579 0.853403 -0.368581
vn 0.368579 0.853403 -0.368581
vn 0.368579 0.853403 -0.368581
vn 0.236643 0.853404 -0.464438
vn 0.236643 0.853404 -0.464438
vn 0.236643 0.853404 -0.464437
vn 0.236643 0.853404 -0.464437
vn 0.081542 0.853405 -0.514830
vn 0.081542 0.853405 -0.514830
vn 0.081542 0.853405 -0.514830
vn 0.081542 0.853405 -0.514830
vn -0.081542 0.853403 -0.514834
vn -0.081542 0.853403 -0.514834
vn -0.081542 0.853404 -0.514834
vn -0.081542 0.853403 -0.514834
vn -0.236643 0.853403 -0.464440
vn -0.236643 0.853403 -0.464440
vn -0.236643 0.853403 -0.464440
vn -0.236642 0.853403 -0.464440
vn -0.368579 0.853404 -0.368578
vn -0.368579 0.853405 -0.368578
vn -0.368579 0.853404 -0.368578
vn -0.368579 0.853405 -0.368578
vn -0.464436 0.853405 -0.236642
vn -0.464436 0.853405 -0.236642
vn -0.464436 0.853405 -0.236642
vn -0.464436 0.853405 -0.236642
vn -0.514832 0.853404 -0.081542
vn -0.514832 0.853404 -0.081542
vn -0.514832 0.853404 -0.081542
vn -0.514832 0.853404 -0.081542
vn -0.514832 0.853404 0.081542
vn -0.514832 0.853404 0.081542
vn -0.514832 0.853404 0.081542
vn -0.514832 0.853404 0.081542
vn -0.464438 0.853404 0.236642
vn -0.464437 0.853404 0.236642
vn -0.464437 0.853404 0.236642
vn -0.464437 0.853404 0.236642
vn -0.368579 0.853404 0.368580
vn -0.368579 0.853404 0.368581
vn -0.368579 0.853404 0.368581
vn -0.368579 0.853404 0.368581
vn -0.236643 0.853404 0.464437
vn -0.236643 0.853404 0.464437
vn -0.236643 0.853404 0.464437
vn -0.236643 0.853404 0.464437
vn -0.081541 0.853404 0.514833
vn -0.081541 0.853404 0.514833
vn -0.081541 0.853404 0.514833
vn -0.081541 0.853404 0.514833
vn 0.081541 0.853403 0.514835
vn 0.081541 0.853403 0.514835
vn 0.081541 0.853403 0.514835
vn 0.081541 0.853403 0.514835
vn 0.236643 0.853405 0.464436
vn 0.236643 0.853405 0.464436
vn 0.236643 0.853405 0.464436
vn 0.236643 0.853405 0.464436
vn 0.368580 0.853404 0.368579
vn 0.368580 0.853404 0.368579
vn 0.368580 0.853404 0.368579
vn 0.368580 0.853404 0.368579
vn 0.464437 0.853404 0.236642
vn 0.464437 0.853404 0.236642
vn 0.464437 0.853404 0.236642
vn 0.464437 0.853404 0.236642
vn 0.514833 0.853404 0.081541
vn 0.514833 0.853404 0.081541
vn 0.514833 0.853404 0.081541
vn 0.514833 0.853404 0.081541
vn 0.514832 0.853404 -0.081542
vn 0.514832 0.853404 -0.081542
vn 0.514832 0.853404 -0.081542
vn 0.514832 0.853404 -0.081542
vn 0.891005 0.000000 -0.453994
vn 0.891005 0.000000 -0.453994
vn 0.891005 0.000000 -0.453994
vn 0.891005 0.000000 -0.453994
vn 0.707108 0.000000 -0.707106
vn 0.707108 0.000000 -0.707106
vn 0.707108 0.000000 -0.707106
vn 0.707108 0.000000 -0.707106
vn 0.453990 0.000000 -0.891007
vn 0.453990 0.000000 -0.891007
vn 0.453990 0.000000 -0.891007
vn 0.453990 0.000000 -0.891007
vn 0.156435 0.000000 -0.987688
vn 0.156435 0.000000 -0.987688
vn 0.156435 0.000000 -0.987688
vn 0.156435 0.000000 -0.987688
vn -0.156435 0.000000 -0.987688
vn -0.156435 0.000000 -0.987688
vn -0.156435 0.000000 -0.987688
vn -0.156435 0.000000 -0.987688
vn -0.453990 0.000000 -0.891007
vn -0.453990 0.000000 -0.891007
vn -0.453990 0.000000 -0.891007
vn -0.453990 0.000000 -0.891007
vn -0.707108 0.000000 -0.707106
vn -0.707108 0.000000 -0.707106
vn -0.707108 0.000000 -0.707106
vn -0.707108 0.000000 -0.707106
vn -0.891007 0.000000 -0.453989
vn -0.891007 0.000000 -0.453989
vn -0.891007 0.000000 -0.453989
vn -0.891007 0.000000 -0.453989
vn -0.987688 0.000000 -0.156436
vn -0.987688 0.000000 -0.156436
vn -0.987688 0.000000 -0.156436
vn -0.987688 0.000000 -0.156436
vn -0.987688 0.000000 0.156436
vn -0.987688 0.000000 0.156436
vn -0.987688 0.000000 0.156436
vn -0.987688 0.000000 0.156436
vn -0.891007 0.000000 0.453989
vn -0.891007 0.000000 0.453989
vn -0.891007 0.000000 0.453989
vn -0.891007 0.000000 0.453989
vn -0.707108 0.000000 0.707106
vn -0.707108 0.000000 0.707106
vn -0.707108 0.000000 0.707106
vn -0.707108 0.000000 0.707106
vn -0.453991 0.000000 0.891006
vn -0.453991 0.000000 0.891006
vn -0.453991 0.000000 0.891006
vn -0.453991 0.000000 0.891006
vn -0.156436 0.000000 0.987688
vn -0.156436 0.000000 0.987688
vn -0.156436 0.000000 0.987688
vn -0.156436 0.000000 0.987688
vn 0.156436 0.000000 0.987688
vn 0.156436 0.000000 0.987688
vn 0.156436 0.000000 0.987688
vn 0.156436 0.000000 0.987688
vn 0.453991 0.000000 0.891006
vn 0.453991 0.000000 0.891006
vn 0.453991 0.000000 0.891006
vn 0.453991 0.000000 0.891006
vn 0.707108 0.000000 0.707106
vn 0.707108 0.000000 0.707106
vn 0.707108 0.000000 0.707106
vn 0.707108 0.000000 0.707106
vn 0.891007 0.000000 0.453989
vn 0.891007 0.000000 0.453989
vn 0.891007 0.000000 0.453989
vn 0.891007 0.000000 0.453989
vn 0.987688 0.000000 0.156435
vn 0.987688 0.000000 0.156435
vn 0.987688 0.000000 0.156435
vn 0.987688 0.000000 0.156435
vn 0.987689 0.000000 -0.156433
vn 0.987689 0.000000 -0.156433
vn 0.987689 0.000000 -0.156433
vn 0.987689 0.000000 -0.156433
vn 0.114210 -0.991751 -0.058193
vn 0.114210 -0.991751 -0.058193
vn 0.114210 -0.991751 -0.058193
vn 0.114210 -0.991751 -0.058193
vn 0.090638 -0.991751 -0.090638
vn 0.090638 -0.991751 -0.090638
vn 0.090638 -0.991751 -0.090638
vn 0.090638 -0.991751 -0.090638
vn 0.058193 -0.991751 -0.114209
vn 0.058193 -0.991751 -0.114209
vn 0.058193 -0.991751 -0.114209
vn 0.058193 -0.991751 -0.114209
vn 0.020052 -0.991751 -0.126603
vn 0.020052 -0.991751 -0.126603
vn 0.020052 -0.991751 -0.126603
vn 0.020052 -0.991751 -0.126603
vn -0.020052 -0.991751 -0.126602
vn -0.020052 -0.991751 -0.126602
vn -0.020052 -0.991751 -0.126602
vn -0.020052 -0.991751 -0.126602
vn -0.058193 -0.991751 -0.114209
vn -0.058193 -0.991751 -0.114209
vn -0.058193 -0.991751 -0.114209
vn -0.058193 -0.991751 -0.114209
vn -0.090638 -0.991751 -0.090638
vn -0.090638 -0.991751 -0.090638
vn -0.090638 -0.991751 -0.090638
vn -0.090638 -0.991751 -0.090638
vn -0.114210 -0.991751 -0.058192
vn -0.114210 -0.991751 -0.058192
vn -0.114210 -0.991751 -0.058192
vn -0.114210 -0.991751 -0.058192
vn -0.126603 -0.991751 -0.020051
vn -0.126603 -0.991751 -0.020051
vn -0.126603 -0.991751 -0.020051
vn -0.126603 -0.991751 -0.020051
vn -0.126603 -0.991751 0.020052
vn -0.126603 -0.991751 0.020052
vn -0.126603 -0.991751 0.020052
vn -0.126603 -0.991751 0.020052
vn -0.114210 -0.991751 0.058193
vn -0.114210 -0.991751 0.058193
vn -0.114210 -0.991751 0.058193
vn -0.114210 -0.991751 0.058193
vn -0.090638 -0.991751 0.090638
vn -0.090638 -0.991751 0.090638
vn -0.090638 -0.991751 0.090638
vn -0.090638 -0.991751 0.090638
vn -0.058193 -0.991751 0.114210
vn -0.058193 -0.991751 0.114210
vn -0.058193 -0.991751 0.114210
vn -0.058193 -0.991751 0.114210
vn -0.020052 -0.991751 0.126602
vn -0.020052 -0.991751 0.126602
vn -0.020052 -0.991751 0.126602
vn -0.020052 -0.991751 0.126602
vn 0.020052 -0.991751 0.126603
vn 0.020052 -0.991751 0.126603
vn 0.020052 -0.991751 0.126603
vn 0.020052 -0.991751 0.126603
vn 0.058193 -0.991751 0.114211
vn 0.058193 -0.991751 0.114211
vn 0.058193 -0.991751 0.114211
vn 0.058193 -0.991751 0.114211
vn 0.090638 -0.991751 0.090638
vn 0.090638 -0.991751 0.090638
vn 0.090638 -0.991751 0.090638
vn 0.090638 -0.991751 0.090638
vn 0.114210 -0.991751 0.058193
vn 0.114210 -0.991751 0.058193
vn 0.114210 -0.991751 0.058193
vn 0.114210 -0.991751 0.058193
vn 0.126603 -0.991751 0.020051
vn 0.126603 -0.991751 0.020051
vn 0.126603 -0.991751 0.020051
vn 0.126603 -0.991751 0.020051
vn 0.126603 -0.991751 -0.020051
vn 0.126603 -0.991751 -0.020051
vn 0.126603 -0.991751 -0.020051
vn 0.126603 -0.991751 -0.020051
vn 0.965738 -0.108599 0.235705
vn 0.995134 -0.066294 -0.072895
vn 0.995911 -0.055453 -0.071325
vn 0.966516 -0.097755 0.237255
vn 0.927120 -0.017500 -0.374357
vn 0.927900 -0.006662 -0.372769
vn 0.768351 0.033007 -0.639177
vn 0.769142 0.043842 -0.637573
vn 0.534372 0.080284 -0.841428
vn 0.535176 0.091116 -0.839812
vn 0.248086 0.119701 -0.961314
vn 0.248909 0.130531 -0.959691
vn -0.062487 0.147401 -0.987101
vn -0.061646 0.158229 -0.985476
vn -0.366943 0.160673 -0.916263
vn -0.366085 0.171500 -0.914642
vn -0.635478 0.158217 -0.755735
vn -0.634603 0.169044 -0.754124
vn -0.841809 0.140273 -0.521231
vn -0.840921 0.151102 -0.519634
vn -0.965738 0.108599 -0.235705
vn -0.964843 0.119430 -0.234126
vn -0.995134 0.066294 0.072894
vn -0.994237 0.077127 0.074455
vn -0.927119 0.017500 0.374357
vn -0.926227 0.028336 0.375900
vn -0.768351 -0.033007 0.639178
vn -0.767468 -0.022168 0.640704
vn -0.534373 -0.080283 0.841428
vn -0.533504 -0.069441 0.842942
vn -0.248086 -0.119701 0.961314
vn -0.247234 -0.108856 0.962822
vn 0.062487 -0.147401 0.987101
vn 0.063320 -0.136555 0.988607
vn 0.366942 -0.160673 0.916263
vn 0.367757 -0.149826 0.917773
vn 0.635478 -0.158217 0.755735
vn 0.636276 -0.147370 0.757255
vn 0.841808 -0.140273 0.521232
vn 0.842594 -0.129428 0.522766
vn -0.076183 -0.986853 -0.142540
vn -0.076182 -0.986852 -0.142544
vn -0.076184 -0.986853 -0.142541
vn -0.076183 -0.986853 -0.142540
vn -0.076184 -0.986853 -0.142541
vn -0.076186 -0.986852 -0.142544
vn -0.076181 -0.986853 -0.142542
vn -0.076180 -0.986853 -0.142541
vn -0.076186 -0.986853 -0.142540
vn -0.076186 -0.986853 -0.142541
vn -0.076184 -0.986853 -0.142541
vn -0.076184 -0.986852 -0.142544
vn -0.076183 -0.986853 -0.142541
vn -0.076184 -0.986853 -0.142539
vn -0.076185 -0.986853 -0.142541
vn -0.076184 -0.986853 -0.142540
vn -0.076182 -0.986853 -0.142540
vn -0.076182 -0.986853 -0.142540
vn -0.076184 -0.986853 -0.142539
vn -0.076187 -0.986853 -0.142537
vn -0.076185 -0.986852 -0.142542
vn 0.076181 0.986856 0.142517
vn 0.076181 0.986855 0.142524
vn 0.076183 0.986853 0.142538
vn 0.076181 0.986852 0.142545
vn 0.076179 0.986854 0.142536
vn 0.076182 0.986854 0.142532
vn 0.076185 0.986853 0.142541
vn 0.076181 0.986853 0.142542
vn 0.076188 0.986853 0.142537
vn 0.076184 0.986853 0.142538
vn 0.076181 0.986853 0.142542
vn 0.076187 0.986855 0.142522
vn 0.076186 0.986855 0.142525
vn 0.076187 0.986849 0.142562
vn 0.076186 0.986850 0.142561
vn 0.076182 0.986853 0.142541
vn 0.076184 0.986853 0.142539
vn 0.076180 0.986853 0.142539
vn 0.076181 0.986854 0.142531
vn 0.076184 0.986853 0.142540
vn 0.076180 0.986852 0.142544
vn 0.989889 0.135341 -0.042452
vn 0.961105 0.093916 0.259725
vn 0.923289 0.183120 -0.337644
vn 0.767824 0.232577 -0.596954
vn 0.538718 0.278869 -0.794994
vn 0.258388 0.317465 -0.912388
vn -0.045731 0.344589 -0.937639
vn -0.343853 0.357585 -0.868273
vn -0.606793 0.355181 -0.711090
vn -0.808835 0.337611 -0.481461
vn -0.930186 0.306595 -0.201875
vn -0.958970 0.265170 0.100303
vn -0.892370 0.217391 0.395495
vn -0.736905 0.167935 0.654805
vn -0.507796 0.121642 0.852846
vn -0.227467 0.083046 0.970238
vn 0.076647 0.055921 0.995489
vn 0.374768 0.042926 0.926124
vn 0.637716 0.045331 0.768936
vn 0.839751 0.062901 0.539315
vn 0.967172 0.094989 0.235704
vn 0.987109 0.142489 -0.072893
vn 0.985120 0.156530 -0.070969
vn 0.965309 0.108571 0.237470
vn 0.910420 0.176043 -0.374358
vn 0.908394 0.190330 -0.372284
vn 0.744614 0.192363 -0.639176
vn 0.742641 0.206668 -0.637003
vn 0.505920 0.189854 -0.841428
vn 0.504077 0.203947 -0.839233
vn 0.217702 0.168761 -0.961314
vn 0.216028 0.182428 -0.959193
vn -0.091826 0.131148 -0.987101
vn -0.093334 0.144214 -0.985135
vn -0.392364 0.080697 -0.916263
vn -0.393743 0.093039 -0.914500
vn -0.654495 0.022348 -0.755736
vn -0.655795 0.033908 -0.754177
vn -0.852562 -0.038190 -0.521229
vn -0.853826 -0.027396 -0.519837
vn -0.967172 -0.094989 -0.235704
vn -0.968426 -0.084867 -0.234411
vn -0.987108 -0.142490 0.072895
vn -0.988355 -0.132873 0.074160
vn -0.910421 -0.176043 0.374356
vn -0.911645 -0.166710 0.375648
vn -0.744615 -0.192363 0.639176
vn -0.745802 -0.183059 0.640522
vn -0.505919 -0.189854 0.841428
vn -0.507072 -0.180319 0.842830
vn -0.217701 -0.168761 0.961315
vn -0.218848 -0.158760 0.962757
vn 0.091825 -0.131148 0.987101
vn 0.090631 -0.120499 0.988568
vn 0.392364 -0.080697 0.916263
vn 0.391054 -0.069288 0.917756
vn 0.654496 -0.022348 0.755735
vn 0.653015 -0.010144 0.757277
vn 0.852560 0.038189 0.521232
vn 0.850881 0.051141 0.522864
vn 0.131090 -0.981069 -0.142543
vn 0.131089 -0.981070 -0.142540
vn 0.131091 -0.981069 -0.142541
vn 0.131091 -0.981070 -0.142540
vn 0.131090 -0.981070 -0.142539
vn 0.131090 -0.981070 -0.142540
vn 0.131090 -0.981070 -0.142540
vn 0.131091 -0.981070 -0.142541
vn 0.131091 -0.981069 -0.142541
vn 0.131092 -0.981069 -0.142541
vn 0.131093 -0.981069 -0.142543
vn 0.131093 -0.981069 -0.142542
vn 0.131092 -0.981069 -0.142542
vn 0.131093 -0.981069 -0.142542
vn 0.131094 -0.981069 -0.142540
vn 0.131091 -0.981069 -0.142542
vn 0.131092 -0.981069 -0.142543
vn 0.131092 -0.981069 -0.142541
vn 0.131090 -0.981069 -0.142542
vn 0.131092 -0.981069 -0.142542
vn 0.131089 -0.981070 -0.142539
vn -0.131088 0.981070 0.142537
vn -0.131087 0.981071 0.142536
vn -0.131092 0.981070 0.142539
vn -0.131085 0.981070 0.142544
vn -0.131084 0.981071 0.142537
vn -0.131093 0.981070 0.142538
vn -0.131097 0.981069 0.142540
vn -0.131094 0.981070 0.142536
vn -0.131091 0.981071 0.142533
vn -0.131097 0.981069 0.142539
vn -0.131098 0.981070 0.142532
vn -0.131091 0.981071 0.142533
vn -0.131092 0.981067 0.142555
vn -0.131091 0.981069 0.142545
vn -0.131098 0.981070 0.142530
vn -0.131100 0.981069 0.142535
vn -0.131090 0.981069 0.142544
vn -0.131095 0.981068 0.142545
vn -0.131094 0.981070 0.142534
vn -0.131085 0.981070 0.142541
vn -0.131086 0.981069 0.142551
vn 0.931212 0.362645 -0.036506
vn 0.913707 0.308801 0.264160
vn 0.855208 0.399465 -0.330222
vn 0.693212 0.415764 -0.588726
vn 0.460856 0.409975 -0.787104
vn 0.180425 0.382609 -0.906122
vn -0.121057 0.336228 -0.933968
vn -0.414295 0.275260 -0.867520
vn -0.670467 0.205615 -0.712880
vn -0.864190 0.134120 -0.484962
vn -0.976187 0.067832 -0.206052
vn -0.995257 0.013326 0.096363
vn -0.919458 -0.023999 0.392456
vn -0.756244 -0.040450 0.653038
vn -0.521682 -0.034405 0.852446
vn -0.238905 -0.006468 0.971021
vn 0.064151 0.040576 0.997115
vn 0.357591 0.102048 0.928286
vn 0.612530 0.171849 0.771541
vn 0.804042 0.243083 0.542612
vn 0.963698 -0.078990 0.255041
vn 0.991987 -0.113943 -0.054582
vn 0.993113 -0.103076 -0.055697
vn 0.964826 -0.068125 0.253908
vn 0.923173 -0.137742 -0.358857
vn 0.924304 -0.126874 -0.359953
vn 0.763992 -0.148059 -0.628008
vn 0.765132 -0.137190 -0.629088
vn 0.530025 -0.143883 -0.835686
vn 0.531179 -0.133014 -0.836753
vn 0.244178 -0.125622 -0.961559
vn 0.245350 -0.114755 -0.962619
vn -0.065570 -0.095065 -0.993309
vn -0.064381 -0.084199 -0.994367
vn -0.368903 -0.055202 -0.927827
vn -0.367696 -0.044338 -0.928888
vn -0.636125 -0.009935 -0.771522
vn -0.634900 0.000925 -0.772593
vn -0.841077 0.036304 -0.539696
vn -0.839840 0.047162 -0.540781
vn -0.963699 0.078989 -0.255041
vn -0.962455 0.089845 -0.256143
vn -0.991987 0.113943 0.054580
vn -0.990741 0.124796 0.053459
vn -0.923172 0.137743 0.358859
vn -0.921931 0.148595 0.357719
vn -0.763993 0.148059 0.628008
vn -0.762761 0.158910 0.626852
vn -0.530027 0.143883 0.835685
vn -0.528809 0.154734 0.834517
vn -0.244176 0.125622 0.961560
vn -0.242975 0.136475 0.960384
vn 0.065572 0.095065 0.993309
vn 0.066754 0.105919 0.992132
vn 0.368904 0.055202 0.927827
vn 0.370068 0.066059 0.926653
vn 0.636124 0.009935 0.771523
vn 0.637272 0.020795 0.770358
vn 0.841075 -0.036304 0.539698
vn 0.842210 -0.025441 0.538549
vn -0.107990 -0.988929 0.101775
vn -0.107989 -0.988929 0.101773
vn -0.107991 -0.988929 0.101775
vn -0.107989 -0.988929 0.101775
vn -0.107990 -0.988929 0.101774
vn -0.107990 -0.988929 0.101773
vn -0.107989 -0.988929 0.101774
vn -0.107992 -0.988929 0.101774
vn -0.107993 -0.988928 0.101774
vn -0.107993 -0.988928 0.101774
vn -0.107993 -0.988929 0.101773
vn -0.107992 -0.988929 0.101771
vn -0.107991 -0.988928 0.101776
vn -0.107992 -0.988928 0.101780
vn -0.107994 -0.988928 0.101776
vn -0.107991 -0.988928 0.101777
vn -0.107991 -0.988928 0.101778
vn -0.107994 -0.988928 0.101778
vn -0.107991 -0.988928 0.101777
vn -0.107992 -0.988928 0.101778
vn -0.107992 -0.988929 0.101775
vn 0.107991 0.988929 -0.101769
vn 0.107993 0.988925 -0.101803
vn 0.107993 0.988928 -0.101776
vn 0.107992 0.988925 -0.101805
vn 0.107992 0.988927 -0.101786
vn 0.107992 0.988928 -0.101784
vn 0.107994 0.988928 -0.101780
vn 0.107999 0.988928 -0.101776
vn 0.108004 0.988927 -0.101780
vn 0.107992 0.988929 -0.101768
vn 0.107986 0.988930 -0.101769
vn 0.107993 0.988929 -0.101767
vn 0.107993 0.988929 -0.101768
vn 0.107995 0.988929 -0.101770
vn 0.107993 0.988929 -0.101769
vn 0.107990 0.988929 -0.101776
vn 0.107992 0.988929 -0.101769
vn 0.107989 0.988930 -0.101765
vn 0.107986 0.988930 -0.101771
vn 0.107996 0.988928 -0.101776
vn 0.107996 0.988930 -0.101761
vn 0.993262 0.089105 -0.074097
vn 0.965563 0.123332 0.229081
vn 0.925879 0.065801 -0.372046
vn 0.770009 0.055699 -0.635598
vn 0.540915 0.059787 -0.838949
vn 0.261016 0.077667 -0.962205
vn -0.042296 0.107589 -0.993295
vn -0.339322 0.146624 -0.929173
vn -0.600974 0.190948 -0.776124
vn -0.801664 0.236226 -0.549120
vn -0.921735 0.278023 -0.270385
vn -0.949434 0.312249 0.032792
vn -0.882051 0.335554 0.330742
vn -0.726180 0.345656 0.594293
vn -0.497085 0.341566 0.797646
vn -0.217184 0.323686 0.920901
vn 0.086121 0.293764 0.951990
vn 0.383146 0.254731 0.887869
vn 0.644805 0.210406 0.734817
vn 0.845489 0.165130 0.507820
vn 0.964340 0.151672 0.216895
vn 0.987951 0.123129 -0.093772
vn 0.985944 0.137213 -0.095326
vn 0.962461 0.165273 0.215299
vn 0.914853 0.082533 -0.395264
vn 0.912806 0.096892 -0.396733
vn 0.752203 0.033857 -0.658061
vn 0.750209 0.048258 -0.659437
vn 0.515922 -0.018131 -0.856444
vn 0.514058 -0.003931 -0.857746
vn 0.229142 -0.068345 -0.970991
vn 0.227447 -0.054575 -0.972260
vn -0.080071 -0.111870 -0.990492
vn -0.081598 -0.098720 -0.991764
vn -0.381445 -0.144444 -0.913037
vn -0.382841 -0.132045 -0.914329
vn -0.645482 -0.162878 -0.746206
vn -0.646796 -0.151288 -0.747507
vn -0.846334 -0.165369 -0.506331
vn -0.847611 -0.154562 -0.507608
vn -0.964340 -0.151672 -0.216896
vn -0.965607 -0.141541 -0.218105
vn -0.987950 -0.123129 0.093773
vn -0.989208 -0.113495 0.092659
vn -0.914853 -0.082533 0.395262
vn -0.916089 -0.073168 0.394243
vn -0.752204 -0.033858 0.658060
vn -0.753404 -0.024507 0.657101
vn -0.515924 0.018131 0.856442
vn -0.517091 0.027719 0.855482
vn -0.229142 0.068346 0.970991
vn -0.230302 0.078395 0.969956
vn 0.080072 0.111870 0.990492
vn 0.078864 0.122554 0.989323
vn 0.381448 0.144443 0.913035
vn 0.380125 0.155872 0.911707
vn 0.645483 0.162878 0.746205
vn 0.643989 0.175088 0.744730
vn 0.846334 0.165369 0.506332
vn 0.844639 0.178326 0.504762
vn 0.132449 -0.986065 0.100662
vn 0.132448 -0.986065 0.100662
vn 0.132448 -0.986065 0.100663
vn 0.132449 -0.986065 0.100663
vn 0.132449 -0.986065 0.100663
vn 0.132449 -0.986065 0.100664
vn 0.132448 -0.986065 0.100663
vn 0.132447 -0.986065 0.100663
vn 0.132447 -0.986065 0.100663
vn 0.132448 -0.986065 0.100662
vn 0.132449 -0.986065 0.100661
vn 0.132448 -0.986065 0.100663
vn 0.132448 -0.986065 0.100664
vn 0.132448 -0.986065 0.100663
vn 0.132448 -0.986065 0.100664
vn 0.132446 -0.986066 0.100662
vn 0.132450 -0.986065 0.100662
vn 0.132450 -0.986065 0.100664
vn 0.132447 -0.986065 0.100663
vn 0.132449 -0.986065 0.100663
vn 0.132447 -0.986065 0.100665
vn -0.132450 0.986065 -0.100662
vn -0.132453 0.986062 -0.100687
vn -0.132450 0.986065 -0.100665
vn -0.132446 0.986066 -0.100659
vn -0.132443 0.986067 -0.100650
vn -0.132451 0.986063 -0.100677
vn -0.132457 0.986063 -0.100672
vn -0.132453 0.986064 -0.100668
vn -0.132445 0.986066 -0.100661
vn -0.132447 0.986065 -0.100667
vn -0.132447 0.986063 -0.100681
vn -0.132445 0.986066 -0.100659
vn -0.132447 0.986068 -0.100637
vn -0.132448 0.986064 -0.100671
vn -0.132449 0.986063 -0.100680
vn -0.132450 0.986065 -0.100661
vn -0.132446 0.986066 -0.100658
vn -0.132453 0.986065 -0.100657
vn -0.132458 0.986064 -0.100661
vn -0.132451 0.986064 -0.100672
vn -0.132450 0.986065 -0.100664
vn 0.931699 0.345403 -0.112398
vn 0.910613 0.365879 0.192136
vn 0.859194 0.309853 -0.407156
vn 0.700278 0.262695 -0.663779
vn 0.470289 0.208477 -0.857535
vn 0.191282 0.152406 -0.969631
vn -0.109866 0.099897 -0.988914
vn -0.403890 0.056076 -0.913087
vn -0.661899 0.025271 -0.749167
vn -0.858335 0.010566 -0.512980
vn -0.973653 0.013461 -0.227637
vn -0.996325 0.033713 0.078738
vn -0.924053 0.069348 0.375922
vn -0.763947 0.116864 0.634609
vn -0.531766 0.171585 0.829327
vn -0.250405 0.228108 0.940885
vn 0.052339 0.280842 0.958326
vn 0.346595 0.324577 0.880069
vn 0.603396 0.355019 0.714055
vn 0.797633 0.369222 0.476924
vn -0.011237 0.971454 0.236962
vn -0.009071 0.997159 -0.074778
vn -0.021325 0.996943 -0.075166
vn -0.023492 0.971306 0.236669
vn -0.006018 0.925290 -0.379214
vn -0.018272 0.924955 -0.379638
vn -0.002375 0.762858 -0.646562
vn -0.014630 0.762401 -0.646939
vn 0.001501 0.525738 -0.850645
vn -0.010757 0.525207 -0.850907
vn 0.005230 0.237136 -0.971462
vn -0.007031 0.236613 -0.971579
vn 0.008447 -0.074704 -0.997170
vn -0.003816 -0.075137 -0.997166
vn 0.010837 -0.379243 -0.925234
vn -0.001429 -0.379531 -0.925178
vn 0.012166 -0.646650 -0.762690
vn -0.000102 -0.646784 -0.762673
vn 0.012304 -0.850735 -0.525452
vn 0.000035 -0.850761 -0.525552
vn 0.011236 -0.971503 -0.236759
vn -0.001031 -0.971505 -0.237018
vn 0.009069 -0.997134 0.075114
vn -0.003195 -0.997200 0.074713
vn 0.006013 -0.925123 0.379619
vn -0.006248 -0.925319 0.379139
vn 0.002369 -0.762538 0.646939
vn -0.009889 -0.762879 0.646466
vn -0.001507 -0.525320 0.850903
vn -0.013762 -0.525771 0.850515
vn -0.005235 -0.236700 0.971569
vn -0.017489 -0.237189 0.971306
vn -0.008450 0.075069 0.997143
vn -0.020704 0.074625 0.996997
vn -0.010838 0.379466 0.925142
vn -0.023093 0.379122 0.925059
vn -0.012166 0.646724 0.762627
vn -0.024421 0.646492 0.762529
vn -0.012304 0.850702 0.525504
vn -0.024558 0.850548 0.525324
vn 0.999951 0.007728 0.006185
vn 0.999951 0.007733 0.006179
vn 0.999951 0.007726 0.006184
vn 0.999951 0.007731 0.006182
vn 0.999951 0.007727 0.006182
vn 0.999951 0.007722 0.006180
vn 0.999951 0.007722 0.006178
vn 0.999951 0.007722 0.006177
vn 0.999951 0.007731 0.006177
vn 0.999951 0.007727 0.006184
vn 0.999951 0.007723 0.006180
vn 0.999951 0.007726 0.006178
vn 0.999951 0.007723 0.006191
vn 0.999951 0.007724 0.006190
vn 0.999951 0.007718 0.006184
vn 0.999951 0.007722 0.006185
vn 0.999951 0.007727 0.006189
vn 0.999951 0.007731 0.006186
vn 0.999951 0.007740 0.006188
vn 0.999951 0.007722 0.006198
vn 0.999951 0.007722 0.006187
vn -0.999951 -0.007739 -0.006187
vn -0.999951 -0.007736 -0.006188
vn -0.999951 -0.007730 -0.006182
vn -0.999951 -0.007744 -0.006188
vn -0.999951 -0.007751 -0.006208
vn -0.999951 -0.007711 -0.006190
vn -0.999951 -0.007700 -0.006172
vn -0.999951 -0.007734 -0.006177
vn -0.999951 -0.007733 -0.006177
vn -0.999951 -0.007722 -0.006189
vn -0.999951 -0.007722 -0.006183
vn -0.999951 -0.007725 -0.006184
vn -0.999951 -0.007719 -0.006166
vn -0.999951 -0.007733 -0.006166
vn -0.999951 -0.007734 -0.006190
vn -0.999951 -0.007728 -0.006177
vn -0.999951 -0.007756 -0.006183
vn -0.999951 -0.007728 -0.006192
vn -0.999951 -0.007711 -0.006186
vn -0.999951 -0.007739 -0.006173
vn -0.999951 -0.007742 -0.006171
vn -0.234654 0.969218 -0.074530
vn -0.236743 0.944168 0.229128
vn -0.231712 0.899222 -0.371092
vn -0.228203 0.741008 -0.631531
vn -0.224468 0.510036 -0.830348
vn -0.220871 0.228895 -0.948063
vn -0.217765 -0.074895 -0.973123
vn -0.215459 -0.371577 -0.903055
vn -0.214176 -0.632084 -0.744713
vn -0.214046 -0.830908 -0.513592
vn -0.215077 -0.948556 -0.232344
vn -0.217166 -0.973514 0.071483
vn -0.220113 -0.903346 0.368125
vn -0.223629 -0.744945 0.628527
vn -0.227364 -0.513851 0.827202
vn -0.230958 -0.232690 0.944730
vn -0.234057 0.071011 0.969626
vn -0.236358 0.367522 0.899479
vn -0.237638 0.627849 0.741171
vn -0.237772 0.826541 0.510192
vn 0.190574 0.978277 0.081575
vn 0.190574 0.978277 0.081575
vn 0.190574 0.978278 0.081575
vn 0.190574 0.978277 0.081575
vn 0.190652 0.955689 -0.224301
vn 0.190652 0.955689 -0.224301
vn 0.190652 0.955689 -0.224301
vn 0.190652 0.955689 -0.224301
vn 0.190751 0.839733 -0.508391
vn 0.190751 0.839733 -0.508391
vn 0.190751 0.839733 -0.508391
vn 0.190751 0.839733 -0.508391
vn 0.190862 0.641591 -0.742922
vn 0.190862 0.641591 -0.742922
vn 0.190862 0.641591 -0.742922
vn 0.190862 0.641591 -0.742922
vn 0.190970 0.380516 -0.904841
vn 0.190970 0.380516 -0.904841
vn 0.190970 0.380516 -0.904841
vn 0.190970 0.380516 -0.904841
vn 0.191068 0.082025 -0.978144
vn 0.191068 0.082025 -0.978144
vn 0.191068 0.082025 -0.978144
vn 0.191068 0.082025 -0.978144
vn 0.191146 -0.224641 -0.955510
vn 0.191146 -0.224641 -0.955510
vn 0.191146 -0.224641 -0.955510
vn 0.191146 -0.224641 -0.955510
vn 0.191196 -0.509348 -0.839052
vn 0.191196 -0.509348 -0.839052
vn 0.191196 -0.509348 -0.839052
vn 0.191196 -0.509348 -0.839052
vn 0.191218 -0.744064 -0.640160
vn 0.191218 -0.744064 -0.640160
vn 0.191218 -0.744064 -0.640160
vn 0.191218 -0.744064 -0.640160
vn 0.191204 -0.905691 -0.378372
vn 0.191204 -0.905691 -0.378372
vn 0.191204 -0.905691 -0.378372
vn 0.191204 -0.905691 -0.378372
vn 0.191161 -0.978337 -0.079465
vn 0.191161 -0.978337 -0.079465
vn 0.191161 -0.978337 -0.079465
vn 0.191161 -0.978337 -0.079465
vn 0.191089 -0.954921 0.227180
vn 0.191089 -0.954921 0.227180
vn 0.191089 -0.954921 0.227180
vn 0.191089 -0.954921 0.227180
vn 0.190996 -0.837844 0.511407
vn 0.190996 -0.837844 0.511407
vn 0.190996 -0.837844 0.511407
vn 0.190996 -0.837844 0.511407
vn 0.190888 -0.638725 0.745381
vn 0.190887 -0.638725 0.745381
vn 0.190888 -0.638725 0.745381
vn 0.190888 -0.638725 0.745381
vn 0.190777 -0.377183 0.906277
vn 0.190777 -0.377183 0.906277
vn 0.190777 -0.377183 0.906277
vn 0.190777 -0.377183 0.906277
vn 0.190672 -0.078909 0.978477
vn 0.190672 -0.078909 0.978477
vn 0.190672 -0.078909 0.978477
vn 0.190672 -0.078909 0.978477
vn 0.190587 0.226938 0.955079
vn 0.190587 0.226938 0.955079
vn 0.190587 0.226938 0.955079
vn 0.190587 0.226938 0.955079
vn 0.190531 0.510518 0.838492
vn 0.190531 0.510518 0.838492
vn 0.190531 0.510518 0.838492
vn 0.190531 0.510518 0.838492
vn 0.190510 0.744256 0.640148
vn 0.190510 0.744256 0.640148
vn 0.190510 0.744256 0.640148
vn 0.190510 0.744256 0.640148
vn 0.190524 0.905409 0.379388
vn 0.190524 0.905409 0.379388
vn 0.190524 0.905409 0.379388
vn 0.190524 0.905409 0.379388
vn 0.236884 0.971483 0.010313
vn -0.074909 0.997156 0.008325
vn -0.075055 0.996987 0.019596
vn 0.236746 0.971332 0.021584
vn -0.379369 0.925229 0.005521
vn -0.379511 0.925035 0.016792
vn -0.646708 0.762735 0.002178
vn -0.646826 0.762519 0.013449
vn -0.850748 0.525573 -0.001379
vn -0.850829 0.525349 0.009893
vn -0.971504 0.236973 -0.004801
vn -0.971545 0.236766 0.006472
vn -0.997166 -0.074833 -0.007753
vn -0.997177 -0.075004 0.003520
vn -0.925211 -0.379324 -0.009947
vn -0.925212 -0.379448 0.001328
vn -0.762676 -0.646685 -0.011166
vn -0.762694 -0.646759 0.000109
vn -0.525478 -0.850732 -0.011292
vn -0.525536 -0.850772 -0.000017
vn -0.236838 -0.971494 -0.010313
vn -0.236947 -0.971522 0.000962
vn 0.074985 -0.997150 -0.008324
vn 0.074828 -0.997192 0.002950
vn 0.379465 -0.925190 -0.005520
vn 0.379276 -0.925266 0.005753
vn 0.646794 -0.762662 -0.002176
vn 0.646594 -0.762780 0.009096
vn 0.850807 -0.525477 0.001381
vn 0.850618 -0.525632 0.012653
vn 0.971530 -0.236868 0.004802
vn 0.971366 -0.237045 0.016074
vn 0.997159 0.074927 0.007754
vn 0.997021 0.074746 0.019025
vn 0.925184 0.379388 0.009947
vn 0.925064 0.379218 0.021218
vn 0.762663 0.646700 0.011166
vn 0.762548 0.646542 0.022437
vn 0.525491 0.850724 0.011292
vn 0.525368 0.850576 0.022563
vn 0.006730 0.008421 -0.999942
vn 0.006730 0.008424 -0.999942
vn 0.006738 0.008418 -0.999942
vn 0.006736 0.008422 -0.999942
vn 0.006743 0.008423 -0.999942
vn 0.006735 0.008419 -0.999942
vn 0.006730 0.008417 -0.999942
vn 0.006734 0.008418 -0.999942
vn 0.006733 0.008421 -0.999942
vn 0.006738 0.008415 -0.999942
vn 0.006734 0.008413 -0.999942
vn 0.006725 0.008419 -0.999942
vn 0.006743 0.008417 -0.999942
vn 0.006749 0.008415 -0.999942
vn 0.006738 0.008408 -0.999942
vn 0.006739 0.008415 -0.999942
vn 0.006743 0.008420 -0.999942
vn 0.006741 0.008424 -0.999942
vn 0.006739 0.008429 -0.999942
vn 0.006751 0.008413 -0.999942
vn 0.006747 0.008416 -0.999942
vn -0.006735 -0.008431 0.999942
vn -0.006746 -0.008427 0.999942
vn -0.006735 -0.008422 0.999942
vn -0.006735 -0.008432 0.999942
vn -0.006769 -0.008446 0.999941
vn -0.006746 -0.008402 0.999942
vn -0.006721 -0.008395 0.999942
vn -0.006732 -0.008423 0.999942
vn -0.006724 -0.008422 0.999942
vn -0.006741 -0.008420 0.999942
vn -0.006730 -0.008411 0.999942
vn -0.006724 -0.008417 0.999942
vn -0.006724 -0.008412 0.999942
vn -0.006713 -0.008422 0.999942
vn -0.006735 -0.008424 0.999942
vn -0.006741 -0.008410 0.999942
vn -0.006738 -0.008434 0.999942
vn -0.006746 -0.008436 0.999942
vn -0.006737 -0.008415 0.999942
vn -0.006735 -0.008426 0.999942
vn -0.006724 -0.008433 0.999942
vn -0.074738 0.973462 0.216302
vn 0.230218 0.948351 0.218243
vn -0.372530 0.903112 0.213567
vn -0.634011 0.744178 0.210306
vn -0.833577 0.512220 0.206834
vn -0.951693 0.229940 0.203492
vn -0.976793 -0.075032 0.200611
vn -0.906412 -0.372862 0.198472
vn -0.747435 -0.634366 0.197282
vn -0.515443 -0.833934 0.197160
vn -0.233122 -0.952053 0.198115
vn 0.071871 -0.977145 0.200056
vn 0.369681 -0.906759 0.202791
vn 0.631152 -0.747789 0.206056
vn 0.830689 -0.515804 0.209529
vn 0.948766 -0.233517 0.212868
vn 0.973832 0.071445 0.215747
vn 0.903434 0.369233 0.217886
vn 0.744473 0.630687 0.219076
vn 0.512501 0.830237 0.219200
vn 0.081806 0.981091 -0.175407
vn 0.081806 0.981091 -0.175407
vn 0.081806 0.981091 -0.175407
vn 0.081806 0.981091 -0.175407
vn -0.224946 0.958440 -0.175479
vn -0.224946 0.958439 -0.175479
vn -0.224946 0.958439 -0.175479
vn -0.224946 0.958439 -0.175479
vn -0.509857 0.842153 -0.175571
vn -0.509857 0.842153 -0.175571
vn -0.509857 0.842153 -0.175571
vn -0.509857 0.842153 -0.175571
vn -0.745064 0.643442 -0.175674
vn -0.745064 0.643442 -0.175674
vn -0.745064 0.643442 -0.175673
vn -0.745064 0.643442 -0.175674
vn -0.907453 0.381619 -0.175774
vn -0.907453 0.381619 -0.175773
vn -0.907453 0.381619 -0.175773
vn -0.907453 0.381619 -0.175774
vn -0.980971 0.082260 -0.175865
vn -0.980971 0.082260 -0.175865
vn -0.980971 0.082260 -0.175865
vn -0.980971 0.082260 -0.175865
vn -0.958274 -0.225295 -0.175937
vn -0.958274 -0.225295 -0.175937
vn -0.958274 -0.225295 -0.175937
vn -0.958274 -0.225295 -0.175937
vn -0.841482 -0.510820 -0.175983
vn -0.841482 -0.510820 -0.175983
vn -0.841482 -0.510820 -0.175983
vn -0.841482 -0.510820 -0.175983
vn -0.642013 -0.746219 -0.176002
vn -0.642013 -0.746219 -0.176002
vn -0.642013 -0.746219 -0.176002
vn -0.642013 -0.746219 -0.176002
vn -0.379473 -0.908310 -0.175991
vn -0.379473 -0.908310 -0.175991
vn -0.379473 -0.908310 -0.175991
vn -0.379473 -0.908310 -0.175991
vn -0.079691 -0.981168 -0.175950
vn -0.079691 -0.981168 -0.175950
vn -0.079691 -0.981168 -0.175950
vn -0.079691 -0.981168 -0.175950
vn 0.227834 -0.957683 -0.175884
vn 0.227834 -0.957683 -0.175884
vn 0.227834 -0.957683 -0.175884
vn 0.227834 -0.957683 -0.175884
vn 0.512873 -0.840272 -0.175796
vn 0.512873 -0.840272 -0.175796
vn 0.512873 -0.840272 -0.175796
vn 0.512873 -0.840272 -0.175796
vn 0.747539 -0.640560 -0.175696
vn 0.747538 -0.640560 -0.175696
vn 0.747538 -0.640560 -0.175696
vn 0.747538 -0.640560 -0.175696
vn 0.908892 -0.378261 -0.175594
vn 0.908892 -0.378262 -0.175594
vn 0.908892 -0.378262 -0.175594
vn 0.908892 -0.378262 -0.175594
vn 0.981293 -0.079147 -0.175498
vn 0.981293 -0.079147 -0.175498
vn 0.981293 -0.079147 -0.175498
vn 0.981293 -0.079147 -0.175498
vn 0.957827 0.227588 -0.175419
vn 0.957827 0.227588 -0.175419
vn 0.957826 0.227588 -0.175419
vn 0.957826 0.227588 -0.175419
vn 0.840901 0.511989 -0.175368
vn 0.840901 0.511989 -0.175368
vn 0.840901 0.511989 -0.175368
vn 0.840901 0.511989 -0.175368
vn 0.641994 0.746389 -0.175349
vn 0.641994 0.746389 -0.175349
vn 0.641994 0.746389 -0.175349
vn 0.641994 0.746389 -0.175349
vn 0.380470 0.908015 -0.175360
vn 0.380470 0.908015 -0.175360
vn 0.380470 0.908015 -0.175360
vn 0.380470 0.908015 -0.175360
vn 0.236918 0.971471 0.010693
vn -0.074854 0.997157 0.008632
vn -0.075103 0.996969 0.020308
vn 0.236715 0.971322 0.022370
vn -0.379303 0.925255 0.005726
vn -0.379564 0.925002 0.017402
vn -0.646645 0.762788 0.002259
vn -0.646872 0.762471 0.013936
vn -0.850702 0.525646 -0.001429
vn -0.850860 0.525293 0.010249
vn -0.971487 0.237042 -0.004978
vn -0.971559 0.236702 0.006702
vn -0.997168 -0.074782 -0.008039
vn -0.997172 -0.075064 0.003642
vn -0.925218 -0.379295 -0.010313
vn -0.925196 -0.379488 0.001370
vn -0.762682 -0.646670 -0.011578
vn -0.762685 -0.646770 0.000106
vn -0.525467 -0.850733 -0.011708
vn -0.525542 -0.850767 -0.000024
vn -0.236804 -0.971498 -0.010693
vn -0.236976 -0.971515 0.000991
vn 0.075040 -0.997143 -0.008631
vn 0.074780 -0.997195 0.003051
vn 0.379529 -0.925162 -0.005723
vn 0.379218 -0.925288 0.005957
vn 0.646859 -0.762607 -0.002256
vn 0.646544 -0.762819 0.009423
vn 0.850849 -0.525408 0.001433
vn 0.850576 -0.525689 0.013110
vn 0.971547 -0.236796 0.004980
vn 0.971341 -0.237105 0.016656
vn 0.997152 0.074989 0.008041
vn 0.997011 0.074697 0.019717
vn 0.925168 0.379419 0.010314
vn 0.925064 0.379175 0.021990
vn 0.762646 0.646712 0.011578
vn 0.762539 0.646524 0.023254
vn 0.525496 0.850715 0.011708
vn 0.525349 0.850565 0.023385
vn 0.006502 0.008122 -0.999946
vn 0.006493 0.008125 -0.999946
vn 0.006499 0.008119 -0.999946
vn 0.006498 0.008122 -0.999946
vn 0.006493 0.008120 -0.999946
vn 0.006492 0.008118 -0.999946
vn 0.006493 0.008115 -0.999946
vn 0.006491 0.008119 -0.999946
vn 0.006492 0.008125 -0.999946
vn 0.006500 0.008116 -0.999946
vn 0.006493 0.008115 -0.999946
vn 0.006493 0.008119 -0.999946
vn 0.006508 0.008116 -0.999946
vn 0.006506 0.008115 -0.999946
vn 0.006498 0.008109 -0.999946
vn 0.006499 0.008115 -0.999946
vn 0.006502 0.008118 -0.999946
vn 0.006498 0.008127 -0.999946
vn 0.006504 0.008130 -0.999946
vn 0.006515 0.008112 -0.999946
vn 0.006500 0.008118 -0.999946
vn -0.006498 -0.008129 0.999946
vn -0.006498 -0.008124 0.999946
vn -0.006495 -0.008123 0.999946
vn -0.006498 -0.008129 0.999946
vn -0.006521 -0.008144 0.999946
vn -0.006498 -0.008104 0.999946
vn -0.006484 -0.008088 0.999946
vn -0.006495 -0.008127 0.999946
vn -0.006493 -0.008133 0.999946
vn -0.006498 -0.008120 0.999946
vn -0.006492 -0.008117 0.999946
vn -0.006487 -0.008122 0.999946
vn -0.006476 -0.008115 0.999946
vn -0.006487 -0.008129 0.999946
vn -0.006509 -0.008131 0.999946
vn -0.006492 -0.008121 0.999946
vn -0.006492 -0.008145 0.999946
vn -0.006505 -0.008122 0.999946
vn -0.006494 -0.008105 0.999946
vn -0.006492 -0.008132 0.999946
vn -0.006493 -0.008132 0.999946
vn -0.074658 0.971752 0.223886
vn 0.229777 0.946667 0.225887
vn -0.371953 0.901544 0.221064
vn -0.633011 0.742903 0.217698
vn -0.832276 0.511341 0.214117
vn -0.950232 0.229515 0.210669
vn -0.975315 -0.074987 0.207695
vn -0.905059 -0.372349 0.205486
vn -0.746344 -0.633442 0.204259
vn -0.514697 -0.832717 0.204133
vn -0.232809 -0.950645 0.205118
vn 0.071711 -0.975683 0.207122
vn 0.369052 -0.905386 0.209946
vn 0.630093 -0.746646 0.213313
vn 0.829280 -0.515026 0.216895
vn 0.947140 -0.233188 0.220341
vn 0.972138 0.071267 0.223311
vn 0.901843 0.368540 0.225519
vn 0.743143 0.629543 0.226747
vn 0.511573 0.828747 0.226874
vn 0.081712 0.979960 -0.181666
vn 0.081712 0.979960 -0.181666
vn 0.081712 0.979960 -0.181666
vn 0.081712 0.979960 -0.181666
vn -0.224687 0.957333 -0.181741
vn -0.224687 0.957333 -0.181741
vn -0.224687 0.957333 -0.181741
vn -0.224687 0.957333 -0.181741
vn -0.509267 0.841179 -0.181835
vn -0.509267 0.841179 -0.181835
vn -0.509267 0.841179 -0.181835
vn -0.509267 0.841179 -0.181835
vn -0.744203 0.642697 -0.181941
vn -0.744203 0.642697 -0.181941
vn -0.744203 0.642697 -0.181941
vn -0.744203 0.642697 -0.181941
vn -0.906402 0.381177 -0.182044
vn -0.906402 0.381177 -0.182044
vn -0.906402 0.381177 -0.182044
vn -0.906402 0.381177 -0.182044
vn -0.979834 0.082161 -0.182138
vn -0.979834 0.082161 -0.182138
vn -0.979834 0.082161 -0.182138
vn -0.979834 0.082161 -0.182138
vn -0.957164 -0.225024 -0.182214
vn -0.957164 -0.225024 -0.182214
vn -0.957164 -0.225024 -0.182214
vn -0.957164 -0.225024 -0.182214
vn -0.840504 -0.510230 -0.182262
vn -0.840504 -0.510230 -0.182262
vn -0.840504 -0.510230 -0.182262
vn -0.840504 -0.510230 -0.182262
vn -0.641267 -0.745353 -0.182280
vn -0.641267 -0.745353 -0.182280
vn -0.641267 -0.745353 -0.182280
vn -0.641267 -0.745353 -0.182280
vn -0.379032 -0.907256 -0.182269
vn -0.379032 -0.907256 -0.182269
vn -0.379032 -0.907256 -0.182269
vn -0.379032 -0.907256 -0.182269
vn -0.079599 -0.980030 -0.182226
vn -0.079599 -0.980029 -0.182226
vn -0.079599 -0.980030 -0.182226
vn -0.079599 -0.980029 -0.182226
vn 0.227567 -0.956573 -0.182158
vn 0.227567 -0.956573 -0.182158
vn 0.227567 -0.956573 -0.182158
vn 0.227567 -0.956573 -0.182158
vn 0.512286 -0.839294 -0.182068
vn 0.512286 -0.839294 -0.182068
vn 0.512286 -0.839294 -0.182068
vn 0.512286 -0.839294 -0.182068
vn 0.746668 -0.639824 -0.181964
vn 0.746668 -0.639824 -0.181964
vn 0.746668 -0.639824 -0.181964
vn 0.746668 -0.639824 -0.181964
vn 0.907840 -0.377829 -0.181858
vn 0.907840 -0.377829 -0.181858
vn 0.907840 -0.377829 -0.181858
vn 0.907840 -0.377829 -0.181858
vn 0.980161 -0.079043 -0.181760
vn 0.980161 -0.079043 -0.181760
vn 0.980161 -0.079043 -0.181760
vn 0.980161 -0.079043 -0.181760
vn 0.956721 0.227329 -0.181679
vn 0.956721 0.227329 -0.181679
vn 0.956721 0.227329 -0.181679
vn 0.956721 0.227329 -0.181679
vn 0.839934 0.511393 -0.181626
vn 0.839934 0.511393 -0.181626
vn 0.839934 0.511393 -0.181626
vn 0.839934 0.511393 -0.181626
vn 0.641249 0.745533 -0.181605
vn 0.641249 0.745533 -0.181605
vn 0.641249 0.745533 -0.181605
vn 0.641249 0.745533 -0.181605
vn 0.380036 0.906966 -0.181618
vn 0.380036 0.906966 -0.181618
vn 0.380036 0.906966 -0.181618
vn 0.380036 0.906966 -0.181618
vn -0.011237 0.971455 0.236960
vn -0.009071 0.997159 -0.074778
vn -0.021325 0.996943 -0.075167
vn -0.023492 0.971307 0.236666
vn -0.006018 0.925290 -0.379212
vn -0.018272 0.924956 -0.379636
vn -0.002375 0.762857 -0.646563
vn -0.014630 0.762401 -0.646940
vn 0.001501 0.525737 -0.850646
vn -0.010757 0.525206 -0.850907
vn 0.005230 0.237137 -0.971462
vn -0.007031 0.236614 -0.971578
vn 0.008447 -0.074704 -0.997170
vn -0.003816 -0.075138 -0.997166
vn 0.010837 -0.379244 -0.925233
vn -0.001429 -0.379533 -0.925177
vn 0.012166 -0.646650 -0.762690
vn -0.000102 -0.646784 -0.762673
vn 0.012304 -0.850735 -0.525451
vn 0.000035 -0.850762 -0.525552
vn 0.011236 -0.971504 -0.236755
vn -0.001031 -0.971506 -0.237014
vn 0.009069 -0.997134 0.075113
vn -0.003195 -0.997200 0.074713
vn 0.006013 -0.925124 0.379617
vn -0.006248 -0.925319 0.379138
vn 0.002369 -0.762540 0.646937
vn -0.009889 -0.762880 0.646464
vn -0.001507 -0.525320 0.850903
vn -0.013762 -0.525771 0.850515
vn -0.005235 -0.236699 0.971569
vn -0.017489 -0.237188 0.971306
vn -0.008450 0.075066 0.997143
vn -0.020704 0.074620 0.996997
vn -0.010838 0.379465 0.925143
vn -0.023092 0.379121 0.925059
vn -0.012166 0.646724 0.762627
vn -0.024421 0.646492 0.762530
vn -0.012304 0.850703 0.525502
vn -0.024558 0.850548 0.525323
vn 0.999951 0.007725 0.006185
vn 0.999951 0.007726 0.006184
vn 0.999951 0.007726 0.006185
vn 0.999951 0.007729 0.006183
vn 0.999951 0.007735 0.006187
vn 0.999951 0.007727 0.006185
vn 0.999951 0.007718 0.006181
vn 0.999951 0.007731 0.006181
vn 0.999951 0.007731 0.006185
vn 0.999951 0.007718 0.006188
vn 0.999951 0.007723 0.006179
vn 0.999951 0.007729 0.006178
vn 0.999951 0.007730 0.006188
vn 0.999951 0.007729 0.006189
vn 0.999951 0.007722 0.006186
vn 0.999951 0.007722 0.006185
vn 0.999951 0.007722 0.006185
vn 0.999951 0.007718 0.006185
vn 0.999951 0.007722 0.006185
vn 0.999951 0.007727 0.006188
vn 0.999951 0.007726 0.006185
vn -0.999951 -0.007735 -0.006174
vn -0.999951 -0.007736 -0.006188
vn -0.999951 -0.007730 -0.006183
vn -0.999951 -0.007732 -0.006191
vn -0.999951 -0.007739 -0.006199
vn -0.999951 -0.007728 -0.006196
vn -0.999951 -0.007717 -0.006182
vn -0.999951 -0.007734 -0.006185
vn -0.999951 -0.007734 -0.006188
vn -0.999951 -0.007728 -0.006189
vn -0.999951 -0.007728 -0.006187
vn -0.999951 -0.007728 -0.006184
vn -0.999951 -0.007726 -0.006165
vn -0.999951 -0.007735 -0.006177
vn -0.999951 -0.007736 -0.006190
vn -0.999951 -0.007728 -0.006177
vn -0.999951 -0.007728 -0.006178
vn -0.999951 -0.007728 -0.006177
vn -0.999951 -0.007722 -0.006181
vn -0.999951 -0.007728 -0.006175
vn -0.999951 -0.007736 -0.006167
vn -0.234655 0.969217 -0.074530
vn -0.236742 0.944169 0.229126
vn -0.231713 0.899222 -0.371091
vn -0.228203 0.741006 -0.631533
vn -0.224467 0.510037 -0.830347
vn -0.220870 0.228901 -0.948062
vn -0.217765 -0.074894 -0.973124
vn -0.215461 -0.371579 -0.903054
vn -0.214179 -0.632084 -0.744713
vn -0.214046 -0.830907 -0.513593
vn -0.215075 -0.948557 -0.232341
vn -0.217166 -0.973514 0.071483
vn -0.220113 -0.903347 0.368124
vn -0.223628 -0.744945 0.628528
vn -0.227364 -0.513847 0.827204
vn -0.230958 -0.232688 0.944730
vn -0.234058 0.071010 0.969626
vn -0.236360 0.367522 0.899479
vn -0.237639 0.627849 0.741170
vn -0.237771 0.826539 0.510194
vn 0.190573 0.978278 0.081576
vn 0.190573 0.978278 0.081576
vn 0.190573 0.978278 0.081576
vn 0.190573 0.978278 0.081576
vn 0.190652 0.955689 -0.224301
vn 0.190652 0.955689 -0.224301
vn 0.190652 0.955689 -0.224301
vn 0.190652 0.955689 -0.224301
vn 0.190752 0.839735 -0.508388
vn 0.190752 0.839735 -0.508388
vn 0.190752 0.839735 -0.508388
vn 0.190752 0.839735 -0.508388
vn 0.190861 0.641588 -0.742925
vn 0.190861 0.641588 -0.742925
vn 0.190861 0.641588 -0.742925
vn 0.190861 0.641588 -0.742925
vn 0.190971 0.380516 -0.904841
vn 0.190971 0.380516 -0.904841
vn 0.190971 0.380516 -0.904841
vn 0.190971 0.380516 -0.904841
vn 0.191069 0.082026 -0.978143
vn 0.191069 0.082026 -0.978143
vn 0.191069 0.082026 -0.978143
vn 0.191069 0.082026 -0.978143
vn 0.191146 -0.224645 -0.955509
vn 0.191146 -0.224645 -0.955509
vn 0.191146 -0.224645 -0.955509
vn 0.191146 -0.224645 -0.955509
vn 0.191195 -0.509344 -0.839055
vn 0.191195 -0.509344 -0.839055
vn 0.191195 -0.509344 -0.839055
vn 0.191195 -0.509344 -0.839055
vn 0.191216 -0.744067 -0.640157
vn 0.191216 -0.744067 -0.640157
vn 0.191216 -0.744067 -0.640157
vn 0.191216 -0.744067 -0.640157
vn 0.191204 -0.905689 -0.378376
vn 0.191204 -0.905689 -0.378376
vn 0.191204 -0.905689 -0.378376
vn 0.191204 -0.905689 -0.378376
vn 0.191160 -0.978337 -0.079465
vn 0.191160 -0.978337 -0.079465
vn 0.191160 -0.978337 -0.079465
vn 0.191160 -0.978337 -0.079465
vn 0.191088 -0.954923 0.227175
vn 0.191088 -0.954923 0.227175
vn 0.191088 -0.954923 0.227175
vn 0.191088 -0.954923 0.227175
vn 0.190994 -0.837841 0.511413
vn 0.190994 -0.837841 0.511413
vn 0.190994 -0.837841 0.511413
vn 0.190994 -0.837841 0.511413
vn 0.190888 -0.638722 0.745383
vn 0.190888 -0.638722 0.745383
vn 0.190888 -0.638722 0.745383
vn 0.190888 -0.638722 0.745383
vn 0.190775 -0.377183 0.906277
vn 0.190775 -0.377183 0.906277
vn 0.190775 -0.377183 0.906277
vn 0.190775 -0.377183 0.906277
vn 0.190673 -0.078909 0.978477
vn 0.190673 -0.078909 0.978477
vn 0.190673 -0.078909 0.978477
vn 0.190673 -0.078909 0.978477
vn 0.190590 0.226931 0.955080
vn 0.190590 0.226931 0.955080
vn 0.190590 0.226931 0.955080
vn 0.190590 0.226931 0.955080
vn 0.190533 0.510518 0.838492
vn 0.190533 0.510518 0.838492
vn 0.190533 0.510518 0.838492
vn 0.190533 0.510518 0.838492
vn 0.190512 0.744260 0.640143
vn 0.190512 0.744260 0.640143
vn 0.190512 0.744260 0.640143
vn 0.190512 0.744260 0.640143
vn 0.190524 0.905409 0.379387
vn 0.190524 0.905409 0.379387
vn 0.190524 0.905409 0.379387
vn 0.190524 0.905409 0.379387
vn -0.011237 0.971452 0.236968
vn -0.009072 0.997159 -0.074772
vn -0.021325 0.996943 -0.075160
vn -0.023492 0.971305 0.236675
vn -0.006018 0.925292 -0.379207
vn -0.018272 0.924958 -0.379631
vn -0.002375 0.762858 -0.646562
vn -0.014630 0.762402 -0.646939
vn 0.001501 0.525736 -0.850647
vn -0.010756 0.525205 -0.850908
vn 0.005230 0.237138 -0.971462
vn -0.007031 0.236614 -0.971578
vn 0.008447 -0.074707 -0.997170
vn -0.003816 -0.075140 -0.997166
vn 0.010837 -0.379242 -0.925234
vn -0.001430 -0.379531 -0.925178
vn 0.012166 -0.646647 -0.762693
vn -0.000102 -0.646782 -0.762675
vn 0.012304 -0.850730 -0.525460
vn 0.000035 -0.850757 -0.525559
vn 0.011236 -0.971508 -0.236739
vn -0.001031 -0.971510 -0.236997
vn 0.009069 -0.997133 0.075118
vn -0.003195 -0.997200 0.074718
vn 0.006013 -0.925127 0.379610
vn -0.006248 -0.925323 0.379130
vn 0.002369 -0.762532 0.646947
vn -0.009888 -0.762873 0.646473
vn -0.001507 -0.525319 0.850904
vn -0.013762 -0.525770 0.850516
vn -0.005235 -0.236697 0.971569
vn -0.017489 -0.237186 0.971307
vn -0.008450 0.075070 0.997142
vn -0.020704 0.074626 0.996997
vn -0.010838 0.379464 0.925143
vn -0.023092 0.379120 0.925059
vn -0.012166 0.646716 0.762634
vn -0.024421 0.646484 0.762536
vn -0.012304 0.850704 0.525501
vn -0.024558 0.850550 0.525321
vn 0.999951 0.007729 0.006185
vn 0.999951 0.007734 0.006181
vn 0.999951 0.007726 0.006184
vn 0.999951 0.007729 0.006180
vn 0.999951 0.007731 0.006180
vn 0.999951 0.007727 0.006179
vn 0.999951 0.007723 0.006178
vn 0.999951 0.007727 0.006177
vn 0.999951 0.007735 0.006177
vn 0.999951 0.007725 0.006185
vn 0.999951 0.007720 0.006179
vn 0.999951 0.007726 0.006176
vn 0.999951 0.007723 0.006190
vn 0.999951 0.007719 0.006190
vn 0.999951 0.007719 0.006185
vn 0.999951 0.007727 0.006187
vn 0.999951 0.007727 0.006189
vn 0.999951 0.007731 0.006187
vn 0.999951 0.007735 0.006189
vn 0.999951 0.007719 0.006198
vn 0.999951 0.007722 0.006187
vn -0.999951 -0.007741 -0.006189
vn -0.999951 -0.007739 -0.006189
vn -0.999951 -0.007731 -0.006182
vn -0.999951 -0.007747 -0.006186
vn -0.999951 -0.007749 -0.006208
vn -0.999951 -0.007709 -0.006189
vn -0.999951 -0.007698 -0.006170
vn -0.999951 -0.007741 -0.006176
vn -0.999951 -0.007752 -0.006176
vn -0.999951 -0.007720 -0.006188
vn -0.999951 -0.007714 -0.006185
vn -0.999951 -0.007725 -0.006185
vn -0.999951 -0.007716 -0.006166
vn -0.999951 -0.007729 -0.006169
vn -0.999951 -0.007733 -0.006191
vn -0.999951 -0.007730 -0.006178
vn -0.999951 -0.007751 -0.006184
vn -0.999951 -0.007730 -0.006193
vn -0.999951 -0.007709 -0.006186
vn -0.999951 -0.007736 -0.006172
vn -0.999951 -0.007746 -0.006169
vn -0.234655 0.969218 -0.074526
vn -0.236742 0.944169 0.229125
vn -0.231711 0.899221 -0.371095
vn -0.228200 0.741008 -0.631532
vn -0.224466 0.510037 -0.830348
vn -0.220872 0.228895 -0.948063
vn -0.217765 -0.074900 -0.973123
vn -0.215461 -0.371580 -0.903053
vn -0.214179 -0.632087 -0.744710
vn -0.214047 -0.830911 -0.513586
vn -0.215077 -0.948562 -0.232317
vn -0.217166 -0.973513 0.071497
vn -0.220114 -0.903349 0.368119
vn -0.223629 -0.744944 0.628529
vn -0.227363 -0.513851 0.827202
vn -0.230958 -0.232693 0.944729
vn -0.234058 0.071017 0.969625
vn -0.236358 0.367526 0.899477
vn -0.237638 0.627847 0.741172
vn -0.237771 0.826545 0.510185
vn 0.190574 0.978277 0.081580
vn 0.190574 0.978277 0.081580
vn 0.190574 0.978277 0.081580
vn 0.190574 0.978277 0.081580
vn 0.190650 0.955682 -0.224331
vn 0.190650 0.955682 -0.224331
vn 0.190650 0.955682 -0.224331
vn 0.190650 0.955682 -0.224331
vn 0.190750 0.839732 -0.508395
vn 0.190750 0.839732 -0.508395
vn 0.190750 0.839732 -0.508395
vn 0.190750 0.839732 -0.508395
vn 0.190866 0.641603 -0.742910
vn 0.190866 0.641603 -0.742910
vn 0.190866 0.641603 -0.742910
vn 0.190866 0.641603 -0.742910
vn 0.190967 0.380506 -0.904846
vn 0.190967 0.380506 -0.904846
vn 0.190967 0.380506 -0.904846
vn 0.190967 0.380506 -0.904846
vn 0.191070 0.082027 -0.978143
vn 0.191070 0.082027 -0.978143
vn 0.191070 0.082027 -0.978143
vn 0.191070 0.082027 -0.978143
vn 0.191146 -0.224638 -0.955511
vn 0.191146 -0.224638 -0.955511
vn 0.191146 -0.224638 -0.955511
vn 0.191146 -0.224638 -0.955511
vn 0.191195 -0.509354 -0.839049
vn 0.191195 -0.509354 -0.839049
vn 0.191195 -0.509354 -0.839049
vn 0.191195 -0.509354 -0.839049
vn 0.191219 -0.744060 -0.640163
vn 0.191219 -0.744060 -0.640163
vn 0.191219 -0.744061 -0.640163
vn 0.191219 -0.744060 -0.640163
vn 0.191206 -0.905693 -0.378366
vn 0.191206 -0.905693 -0.378366
vn 0.191206 -0.905693 -0.378366
vn 0.191206 -0.905693 -0.378366
vn 0.191161 -0.978337 -0.079458
vn 0.191161 -0.978337 -0.079458
vn 0.191161 -0.978337 -0.079458
vn 0.191161 -0.978337 -0.079458
vn 0.191091 -0.954925 0.227162
vn 0.191091 -0.954925 0.227162
vn 0.191091 -0.954925 0.227162
vn 0.191091 -0.954925 0.227162
vn 0.190995 -0.837848 0.511402
vn 0.190995 -0.837848 0.511402
vn 0.190995 -0.837848 0.511402
vn 0.190995 -0.837848 0.511402
vn 0.190886 -0.638724 0.745382
vn 0.190886 -0.638724 0.745382
vn 0.190886 -0.638724 0.745382
vn 0.190886 -0.638724 0.745382
vn 0.190777 -0.377172 0.906281
vn 0.190777 -0.377172 0.906281
vn 0.190777 -0.377172 0.906281
vn 0.190777 -0.377172 0.906281
vn 0.190672 -0.078915 0.978477
vn 0.190672 -0.078915 0.978477
vn 0.190672 -0.078915 0.978477
vn 0.190672 -0.078915 0.978477
vn 0.190589 0.226951 0.955075
vn 0.190589 0.226951 0.955075
vn 0.190589 0.226951 0.955075
vn 0.190589 0.226951 0.955075
vn 0.190534 0.510506 0.838499
vn 0.190534 0.510506 0.838499
vn 0.190534 0.510506 0.838499
vn 0.190534 0.510506 0.838499
vn 0.190510 0.744255 0.640149
vn 0.190510 0.744255 0.640149
vn 0.190510 0.744255 0.640149
vn 0.190510 0.744255 0.640149
vn 0.190523 0.905407 0.379393
vn 0.190523 0.905407 0.379393
vn 0.190523 0.905407 0.379393
vn 0.190523 0.905407 0.379393
vn 0.236885 0.971483 0.010313
vn -0.074911 0.997156 0.008325
vn -0.075057 0.996987 0.019596
vn 0.236747 0.971332 0.021584
vn -0.379369 0.925229 0.005521
vn -0.379511 0.925035 0.016793
vn -0.646706 0.762736 0.002178
vn -0.646825 0.762520 0.013449
vn -0.850748 0.525572 -0.001379
vn -0.850829 0.525349 0.009893
vn -0.971504 0.236974 -0.004801
vn -0.971545 0.236767 0.006472
vn -0.997166 -0.074839 -0.007753
vn -0.997177 -0.075009 0.003520
vn -0.925208 -0.379329 -0.009946
vn -0.925210 -0.379453 0.001328
vn -0.762677 -0.646683 -0.011166
vn -0.762695 -0.646758 0.000109
vn -0.525483 -0.850729 -0.011292
vn -0.525540 -0.850769 -0.000017
vn -0.236833 -0.971496 -0.010313
vn -0.236942 -0.971523 0.000962
vn 0.074986 -0.997150 -0.008324
vn 0.074829 -0.997192 0.002950
vn 0.379464 -0.925190 -0.005521
vn 0.379275 -0.925266 0.005752
vn 0.646795 -0.762661 -0.002176
vn 0.646595 -0.762780 0.009096
vn 0.850806 -0.525479 0.001381
vn 0.850617 -0.525634 0.012653
vn 0.971530 -0.236868 0.004802
vn 0.971366 -0.237046 0.016074
vn 0.997159 0.074930 0.007754
vn 0.997021 0.074749 0.019025
vn 0.925186 0.379384 0.009947
vn 0.925066 0.379214 0.021218
vn 0.762664 0.646698 0.011166
vn 0.762549 0.646541 0.022437
vn 0.525490 0.850725 0.011292
vn 0.525367 0.850577 0.022563
vn 0.006737 0.008421 -0.999942
vn 0.006733 0.008424 -0.999942
vn 0.006738 0.008419 -0.999942
vn 0.006733 0.008422 -0.999942
vn 0.006737 0.008424 -0.999942
vn 0.006736 0.008420 -0.999942
vn 0.006734 0.008417 -0.999942
vn 0.006734 0.008418 -0.999942
vn 0.006731 0.008421 -0.999942
vn 0.006737 0.008415 -0.999942
vn 0.006731 0.008413 -0.999942
vn 0.006729 0.008418 -0.999942
vn 0.006747 0.008416 -0.999942
vn 0.006748 0.008415 -0.999942
vn 0.006735 0.008408 -0.999942
vn 0.006737 0.008415 -0.999942
vn 0.006743 0.008420 -0.999942
vn 0.006740 0.008425 -0.999942
vn 0.006741 0.008429 -0.999942
vn 0.006753 0.008413 -0.999942
vn 0.006741 0.008416 -0.999942
vn -0.006755 -0.008427 0.999942
vn -0.006733 -0.008423 0.999942
vn -0.006735 -0.008421 0.999942
vn -0.006723 -0.008432 0.999942
vn -0.006776 -0.008445 0.999941
vn -0.006749 -0.008398 0.999942
vn -0.006723 -0.008396 0.999942
vn -0.006734 -0.008424 0.999942
vn -0.006723 -0.008425 0.999942
vn -0.006749 -0.008419 0.999942
vn -0.006744 -0.008410 0.999942
vn -0.006712 -0.008420 0.999942
vn -0.006712 -0.008412 0.999942
vn -0.006723 -0.008421 0.999942
vn -0.006744 -0.008424 0.999942
vn -0.006734 -0.008414 0.999942
vn -0.006731 -0.008434 0.999942
vn -0.006741 -0.008433 0.999942
vn -0.006738 -0.008413 0.999942
vn -0.006728 -0.008425 0.999942
vn -0.006723 -0.008432 0.999942
vn -0.074737 0.973462 0.216303
vn 0.230214 0.948352 0.218245
vn -0.372525 0.903114 0.213568
vn -0.634012 0.744178 0.210305
vn -0.833578 0.512218 0.206833
vn -0.951694 0.229933 0.203492
vn -0.976793 -0.075038 0.200611
vn -0.906411 -0.372865 0.198472
vn -0.747436 -0.634366 0.197280
vn -0.515441 -0.833936 0.197155
vn -0.233116 -0.952055 0.198114
vn 0.071869 -0.977144 0.200059
vn 0.369678 -0.906760 0.202790
vn 0.631150 -0.747792 0.206052
vn 0.830688 -0.515805 0.209530
vn 0.948765 -0.233520 0.212869
vn 0.973832 0.071444 0.215747
vn 0.903431 0.369239 0.217887
vn 0.744470 0.630692 0.219074
vn 0.512503 0.830236 0.219200
vn 0.081805 0.981091 -0.175407
vn 0.081805 0.981091 -0.175407
vn 0.081805 0.981091 -0.175407
vn 0.081805 0.981091 -0.175407
vn -0.224955 0.958436 -0.175485
vn -0.224955 0.958436 -0.175485
vn -0.224955 0.958436 -0.175485
vn -0.224955 0.958436 -0.175485
vn -0.509855 0.842154 -0.175570
vn -0.509855 0.842154 -0.175570
vn -0.509855 0.842154 -0.175570
vn -0.509855 0.842154 -0.175570
vn -0.745063 0.643445 -0.175669
vn -0.745063 0.643445 -0.175669
vn -0.745063 0.643445 -0.175669
vn -0.745063 0.643445 -0.175669
vn -0.907454 0.381615 -0.175776
vn -0.907454 0.381615 -0.175776
vn -0.907454 0.381615 -0.175776
vn -0.907454 0.381615 -0.175776
vn -0.980972 0.082268 -0.175859
vn -0.980972 0.082268 -0.175859
vn -0.980972 0.082268 -0.175859
vn -0.980972 0.082268 -0.175859
vn -0.958272 -0.225304 -0.175937
vn -0.958272 -0.225304 -0.175937
vn -0.958272 -0.225304 -0.175937
vn -0.958272 -0.225304 -0.175937
vn -0.841483 -0.510818 -0.175986
vn -0.841483 -0.510818 -0.175986
vn -0.841483 -0.510818 -0.175986
vn -0.841483 -0.510818 -0.175986
vn -0.642022 -0.746212 -0.175999
vn -0.642022 -0.746212 -0.175999
vn -0.642022 -0.746212 -0.175999
vn -0.642022 -0.746212 -0.175999
vn -0.379466 -0.908314 -0.175990
vn -0.379466 -0.908314 -0.175990
vn -0.379466 -0.908314 -0.175990
vn -0.379466 -0.908314 -0.175990
vn -0.079686 -0.981169 -0.175949
vn -0.079686 -0.981169 -0.175949
vn -0.079686 -0.981169 -0.175949
vn -0.079686 -0.981169 -0.175949
vn 0.227833 -0.957684 -0.175879
vn 0.227833 -0.957684 -0.175879
vn 0.227833 -0.957684 -0.175879
vn 0.227833 -0.957684 -0.175879
vn 0.512880 -0.840267 -0.175798
vn 0.512880 -0.840267 -0.175798
vn 0.512880 -0.840267 -0.175798
vn 0.512880 -0.840267 -0.175798
vn 0.747537 -0.640562 -0.175696
vn 0.747536 -0.640562 -0.175696
vn 0.747537 -0.640562 -0.175696
vn 0.747536 -0.640562 -0.175696
vn 0.908892 -0.378263 -0.175592
vn 0.908892 -0.378263 -0.175592
vn 0.908892 -0.378263 -0.175592
vn 0.908892 -0.378263 -0.175592
vn 0.981293 -0.079141 -0.175501
vn 0.981293 -0.079141 -0.175501
vn 0.981293 -0.079141 -0.175501
vn 0.981293 -0.079141 -0.175501
vn 0.957829 0.227579 -0.175419
vn 0.957829 0.227579 -0.175419
vn 0.957829 0.227579 -0.175419
vn 0.957829 0.227579 -0.175419
vn 0.840904 0.511983 -0.175366
vn 0.840904 0.511983 -0.175366
vn 0.840904 0.511983 -0.175366
vn 0.840904 0.511983 -0.175366
vn 0.641983 0.746398 -0.175351
vn 0.641983 0.746398 -0.175351
vn 0.641983 0.746398 -0.175351
vn 0.641983 0.746398 -0.175351
vn 0.380481 0.908010 -0.175363
vn 0.380481 0.908010 -0.175363
vn 0.380481 0.908010 -0.175363
vn 0.380481 0.908010 -0.175363
vn 0.236918 0.971471 0.010693
vn -0.074856 0.997157 0.008632
vn -0.075104 0.996969 0.020308
vn 0.236714 0.971322 0.022370
vn -0.379304 0.925254 0.005726
vn -0.379564 0.925002 0.017402
vn -0.646643 0.762789 0.002259
vn -0.646870 0.762473 0.013935
vn -0.850705 0.525642 -0.001429
vn -0.850862 0.525289 0.010249
vn -0.971488 0.237036 -0.004978
vn -0.971561 0.236696 0.006702
vn -0.997168 -0.074783 -0.008039
vn -0.997172 -0.075064 0.003642
vn -0.925219 -0.379294 -0.010313
vn -0.925196 -0.379487 0.001370
vn -0.762683 -0.646669 -0.011578
vn -0.762686 -0.646768 0.000107
vn -0.525469 -0.850732 -0.011708
vn -0.525544 -0.850766 -0.000024
vn -0.236799 -0.971500 -0.010693
vn -0.236971 -0.971516 0.000991
vn 0.075041 -0.997143 -0.008631
vn 0.074781 -0.997195 0.003051
vn 0.379529 -0.925162 -0.005723
vn 0.379217 -0.925289 0.005957
vn 0.646856 -0.762609 -0.002256
vn 0.646541 -0.762821 0.009422
vn 0.850846 -0.525414 0.001432
vn 0.850573 -0.525694 0.013110
vn 0.971546 -0.236800 0.004980
vn 0.971341 -0.237108 0.016656
vn 0.997152 0.074987 0.008041
vn 0.997011 0.074695 0.019717
vn 0.925168 0.379417 0.010314
vn 0.925064 0.379173 0.021990
vn 0.762649 0.646709 0.011578
vn 0.762541 0.646522 0.023254
vn 0.525497 0.850715 0.011708
vn 0.525350 0.850565 0.023385
vn 0.006501 0.008122 -0.999946
vn 0.006495 0.008126 -0.999946
vn 0.006498 0.008119 -0.999946
vn 0.006496 0.008122 -0.999946
vn 0.006494 0.008121 -0.999946
vn 0.006492 0.008118 -0.999946
vn 0.006491 0.008115 -0.999946
vn 0.006489 0.008120 -0.999946
vn 0.006489 0.008126 -0.999946
vn 0.006498 0.008116 -0.999946
vn 0.006493 0.008115 -0.999946
vn 0.006493 0.008120 -0.999946
vn 0.006509 0.008116 -0.999946
vn 0.006507 0.008115 -0.999946
vn 0.006497 0.008109 -0.999946
vn 0.006498 0.008114 -0.999946
vn 0.006503 0.008117 -0.999946
vn 0.006500 0.008128 -0.999946
vn 0.006504 0.008130 -0.999946
vn 0.006514 0.008111 -0.999946
vn 0.006501 0.008118 -0.999946
vn -0.006500 -0.008126 0.999946
vn -0.006521 -0.008120 0.999946
vn -0.006497 -0.008123 0.999946
vn -0.006500 -0.008123 0.999946
vn -0.006521 -0.008142 0.999946
vn -0.006500 -0.008103 0.999946
vn -0.006481 -0.008086 0.999946
vn -0.006496 -0.008122 0.999946
vn -0.006494 -0.008127 0.999946
vn -0.006511 -0.008121 0.999946
vn -0.006500 -0.008117 0.999946
vn -0.006490 -0.008123 0.999946
vn -0.006479 -0.008118 0.999946
vn -0.006479 -0.008130 0.999946
vn -0.006500 -0.008134 0.999946
vn -0.006490 -0.008126 0.999946
vn -0.006500 -0.008151 0.999946
vn -0.006512 -0.008123 0.999946
vn -0.006507 -0.008103 0.999946
vn -0.006495 -0.008130 0.999946
vn -0.006468 -0.008129 0.999946
vn -0.074655 0.971751 0.223889
vn 0.229773 0.946667 0.225890
vn -0.371946 0.901547 0.221064
vn -0.633009 0.742904 0.217699
vn -0.832277 0.511340 0.214119
vn -0.950233 0.229515 0.210667
vn -0.975316 -0.074991 0.207690
vn -0.905059 -0.372350 0.205484
vn -0.746344 -0.633442 0.204260
vn -0.514695 -0.832718 0.204133
vn -0.232803 -0.950647 0.205118
vn 0.071711 -0.975683 0.207124
vn 0.369048 -0.905387 0.209946
vn 0.630093 -0.746646 0.213313
vn 0.829280 -0.515024 0.216900
vn 0.947140 -0.233185 0.220341
vn 0.972139 0.071270 0.223310
vn 0.901843 0.368538 0.225520
vn 0.743142 0.629545 0.226746
vn 0.511571 0.828749 0.226873
vn 0.081710 0.979960 -0.181667
vn 0.081710 0.979960 -0.181667
vn 0.081710 0.979960 -0.181667
vn 0.081710 0.979960 -0.181667
vn -0.224693 0.957331 -0.181744
vn -0.224693 0.957331 -0.181744
vn -0.224693 0.957331 -0.181744
vn -0.224693 0.957331 -0.181744
vn -0.509266 0.841180 -0.181834
vn -0.509266 0.841180 -0.181834
vn -0.509266 0.841180 -0.181834
vn -0.509266 0.841181 -0.181834
vn -0.744201 0.642700 -0.181936
vn -0.744201 0.642700 -0.181936
vn -0.744201 0.642700 -0.181936
vn -0.744201 0.642700 -0.181936
vn -0.906406 0.381166 -0.182047
vn -0.906406 0.381166 -0.182047
vn -0.906406 0.381166 -0.182047
vn -0.906406 0.381166 -0.182047
vn -0.979834 0.082171 -0.182137
vn -0.979834 0.082171 -0.182137
vn -0.979834 0.082171 -0.182137
vn -0.979834 0.082171 -0.182137
vn -0.957162 -0.225033 -0.182213
vn -0.957162 -0.225033 -0.182213
vn -0.957162 -0.225033 -0.182213
vn -0.957162 -0.225033 -0.182213
vn -0.840502 -0.510232 -0.182263
vn -0.840502 -0.510232 -0.182263
vn -0.840502 -0.510232 -0.182263
vn -0.840502 -0.510232 -0.182263
vn -0.641277 -0.745344 -0.182277
vn -0.641277 -0.745344 -0.182277
vn -0.641277 -0.745344 -0.182277
vn -0.641277 -0.745344 -0.182277
vn -0.379024 -0.907259 -0.182266
vn -0.379024 -0.907259 -0.182266
vn -0.379024 -0.907259 -0.182266
vn -0.379024 -0.907259 -0.182266
vn -0.079595 -0.980030 -0.182224
vn -0.079595 -0.980030 -0.182224
vn -0.079595 -0.980030 -0.182224
vn -0.079595 -0.980030 -0.182224
vn 0.227567 -0.956574 -0.182154
vn 0.227567 -0.956574 -0.182154
vn 0.227567 -0.956574 -0.182154
vn 0.227567 -0.956574 -0.182154
vn 0.512292 -0.839290 -0.182070
vn 0.512292 -0.839290 -0.182070
vn 0.512292 -0.839290 -0.182070
vn 0.512292 -0.839290 -0.182070
vn 0.746667 -0.639826 -0.181963
vn 0.746667 -0.639826 -0.181963
vn 0.746667 -0.639826 -0.181963
vn 0.746667 -0.639826 -0.181963
vn 0.907840 -0.377829 -0.181856
vn 0.907840 -0.377829 -0.181856
vn 0.907840 -0.377829 -0.181856
vn 0.907840 -0.377829 -0.181856
vn 0.980161 -0.079042 -0.181763
vn 0.980160 -0.079042 -0.181763
vn 0.980160 -0.079042 -0.181763
vn 0.980160 -0.079042 -0.181763
vn 0.956724 0.227321 -0.181673
vn 0.956724 0.227321 -0.181673
vn 0.956724 0.227321 -0.181673
vn 0.956724 0.227321 -0.181673
vn 0.839937 0.511387 -0.181630
vn 0.839937 0.511388 -0.181630
vn 0.839937 0.511387 -0.181630
vn 0.839937 0.511387 -0.181630
vn 0.641239 0.745542 -0.181604
vn 0.641239 0.745542 -0.181604
vn 0.641239 0.745542 -0.181604
vn 0.641239 0.745542 -0.181604
vn 0.380049 0.906961 -0.181617
vn 0.380049 0.906961 -0.181617
vn 0.380049 0.906961 -0.181617
vn 0.380049 0.906961 -0.181617
vn -0.011237 0.971450 0.236977
vn -0.009072 0.997160 -0.074771
vn -0.021325 0.996943 -0.075160
vn -0.023492 0.971303 0.236682
vn -0.006018 0.925289 -0.379214
vn -0.018272 0.924955 -0.379638
vn -0.002375 0.762852 -0.646568
vn -0.014630 0.762397 -0.646944
vn 0.001501 0.525741 -0.850644
vn -0.010756 0.525210 -0.850905
vn 0.005230 0.237137 -0.971462
vn -0.007031 0.236614 -0.971578
vn 0.008447 -0.074702 -0.997170
vn -0.003816 -0.075137 -0.997166
vn 0.010837 -0.379244 -0.925233
vn -0.001429 -0.379533 -0.925177
vn 0.012166 -0.646661 -0.762680
vn -0.000102 -0.646794 -0.762665
vn 0.012304 -0.850733 -0.525454
vn 0.000035 -0.850760 -0.525555
vn 0.011236 -0.971504 -0.236756
vn -0.001031 -0.971506 -0.237013
vn 0.009069 -0.997134 0.075110
vn -0.003195 -0.997200 0.074709
vn 0.006013 -0.925127 0.379610
vn -0.006248 -0.925322 0.379131
vn 0.002369 -0.762528 0.646951
vn -0.009889 -0.762869 0.646477
vn -0.001507 -0.525320 0.850904
vn -0.013762 -0.525771 0.850515
vn -0.005235 -0.236702 0.971568
vn -0.017489 -0.237190 0.971306
vn -0.008450 0.075066 0.997143
vn -0.020704 0.074621 0.996997
vn -0.010838 0.379464 0.925143
vn -0.023092 0.379119 0.925060
vn -0.012166 0.646726 0.762625
vn -0.024421 0.646495 0.762528
vn -0.012304 0.850705 0.525500
vn -0.024558 0.850550 0.525320
vn 0.999951 0.007725 0.006186
vn 0.999951 0.007729 0.006184
vn 0.999951 0.007726 0.006185
vn 0.999951 0.007725 0.006184
vn 0.999951 0.007727 0.006190
vn 0.999951 0.007723 0.006185
vn 0.999951 0.007727 0.006181
vn 0.999951 0.007739 0.006183
vn 0.999951 0.007723 0.006188
vn 0.999951 0.007711 0.006189
vn 0.999951 0.007723 0.006180
vn 0.999951 0.007730 0.006180
vn 0.999951 0.007730 0.006189
vn 0.999951 0.007723 0.006189
vn 0.999951 0.007731 0.006185
vn 0.999951 0.007735 0.006185
vn 0.999951 0.007723 0.006184
vn 0.999951 0.007723 0.006183
vn 0.999951 0.007723 0.006184
vn 0.999951 0.007719 0.006188
vn 0.999951 0.007724 0.006183
vn -0.999951 -0.007740 -0.006175
vn -0.999951 -0.007738 -0.006185
vn -0.999951 -0.007729 -0.006183
vn -0.999951 -0.007734 -0.006189
vn -0.999951 -0.007746 -0.006199
vn -0.999951 -0.007730 -0.006197
vn -0.999951 -0.007719 -0.006184
vn -0.999951 -0.007730 -0.006186
vn -0.999951 -0.007714 -0.006189
vn -0.999951 -0.007720 -0.006188
vn -0.999951 -0.007730 -0.006189
vn -0.999951 -0.007727 -0.006184
vn -0.999951 -0.007727 -0.006165
vn -0.999951 -0.007738 -0.006180
vn -0.999951 -0.007738 -0.006191
vn -0.999951 -0.007714 -0.006178
vn -0.999951 -0.007709 -0.006178
vn -0.999951 -0.007730 -0.006178
vn -0.999951 -0.007730 -0.006181
vn -0.999951 -0.007725 -0.006174
vn -0.999951 -0.007736 -0.006169
vn -0.234655 0.969218 -0.074516
vn -0.236742 0.944169 0.229125
vn -0.231713 0.899224 -0.371087
vn -0.228203 0.741009 -0.631530
vn -0.224466 0.510039 -0.830347
vn -0.220870 0.228899 -0.948062
vn -0.217764 -0.074894 -0.973124
vn -0.215459 -0.371576 -0.903055
vn -0.214177 -0.632082 -0.744715
vn -0.214046 -0.830909 -0.513590
vn -0.215076 -0.948563 -0.232316
vn -0.217166 -0.973514 0.071487
vn -0.220113 -0.903348 0.368119
vn -0.223628 -0.744946 0.628527
vn -0.227363 -0.513845 0.827206
vn -0.230958 -0.232687 0.944730
vn -0.234058 0.071009 0.969626
vn -0.236360 0.367521 0.899479
vn -0.237640 0.627855 0.741165
vn -0.237772 0.826544 0.510187
vn 0.190573 0.978277 0.081582
vn 0.190573 0.978277 0.081582
vn 0.190573 0.978277 0.081582
vn 0.190573 0.978277 0.081582
vn 0.190650 0.955683 -0.224327
vn 0.190650 0.955683 -0.224327
vn 0.190650 0.955683 -0.224327
vn 0.190650 0.955683 -0.224327
vn 0.190756 0.839753 -0.508358
vn 0.190756 0.839753 -0.508358
vn 0.190756 0.839753 -0.508358
vn 0.190756 0.839753 -0.508358
vn 0.190860 0.641585 -0.742927
vn 0.190860 0.641585 -0.742927
vn 0.190860 0.641585 -0.742927
vn 0.190860 0.641585 -0.742927
vn 0.190970 0.380516 -0.904842
vn 0.190970 0.380516 -0.904842
vn 0.190970 0.380516 -0.904842
vn 0.190970 0.380516 -0.904842
vn 0.191064 0.082025 -0.978144
vn 0.191064 0.082025 -0.978144
vn 0.191064 0.082025 -0.978144
vn 0.191064 0.082025 -0.978144
vn 0.191148 -0.224646 -0.955509
vn 0.191148 -0.224646 -0.955508
vn 0.191148 -0.224646 -0.955508
vn 0.191148 -0.224646 -0.955509
vn 0.191195 -0.509343 -0.839056
vn 0.191195 -0.509343 -0.839056
vn 0.191195 -0.509343 -0.839056
vn 0.191195 -0.509343 -0.839056
vn 0.191220 -0.744081 -0.640139
vn 0.191220 -0.744081 -0.640139
vn 0.191220 -0.744081 -0.640139
vn 0.191220 -0.744081 -0.640139
vn 0.191203 -0.905679 -0.378401
vn 0.191203 -0.905679 -0.378401
vn 0.191203 -0.905679 -0.378401
vn 0.191203 -0.905679 -0.378401
vn 0.191161 -0.978337 -0.079457
vn 0.191161 -0.978337 -0.079457
vn 0.191161 -0.978337 -0.079457
vn 0.191161 -0.978337 -0.079457
vn 0.191090 -0.954926 0.227161
vn 0.191090 -0.954926 0.227161
vn 0.191090 -0.954926 0.227161
vn 0.191090 -0.954926 0.227161
vn 0.190996 -0.837845 0.511406
vn 0.190996 -0.837845 0.511406
vn 0.190996 -0.837845 0.511406
vn 0.190996 -0.837845 0.511406
vn 0.190885 -0.638721 0.745384
vn 0.190885 -0.638721 0.745384
vn 0.190885 -0.638721 0.745384
vn 0.190885 -0.638721 0.745384
vn 0.190773 -0.377177 0.906280
vn 0.190773 -0.377177 0.906280
vn 0.190773 -0.377177 0.906280
vn 0.190773 -0.377177 0.906280
vn 0.190670 -0.078906 0.978478
vn 0.190670 -0.078906 0.978478
vn 0.190670 -0.078906 0.978478
vn 0.190670 -0.078906 0.978478
vn 0.190590 0.226932 0.955080
vn 0.190590 0.226932 0.955080
vn 0.190590 0.226932 0.955080
vn 0.190590 0.226932 0.955080
vn 0.190537 0.510528 0.838485
vn 0.190537 0.510528 0.838485
vn 0.190537 0.510528 0.838485
vn 0.190537 0.510528 0.838485
vn 0.190509 0.744256 0.640147
vn 0.190509 0.744256 0.640147
vn 0.190509 0.744256 0.640147
vn 0.190509 0.744256 0.640147
vn 0.190525 0.905409 0.379388
vn 0.190525 0.905409 0.379388
vn 0.190525 0.905409 0.379388
vn 0.190525 0.905409 0.379388
s 1
g pCylinder3
f 1/21/1 2/22/2 22/43/3 21/42/4
f 2/22/2 3/23/5 23/44/6 22/43/3
f 3/23/5 4/24/7 24/45/8 23/44/6
f 4/24/7 5/25/9 25/46/10 24/45/8
f 5/25/9 6/26/11 26/47/12 25/46/10
f 6/26/11 7/27/13 27/48/14 26/47/12
f 7/27/13 8/28/15 28/49/16 27/48/14
f 8/28/15 9/29/17 29/50/18 28/49/16
f 9/29/17 10/30/19 30/51/20 29/50/18
f 10/30/19 11/31/21 31/52/22 30/51/20
f 11/31/21 12/32/23 32/53/24 31/52/22
f 12/32/23 13/33/25 33/54/26 32/53/24
f 13/33/25 14/34/27 34/55/28 33/54/26
f 14/34/27 15/35/29 35/56/30 34/55/28
f 15/35/29 16/36/31 36/57/32 35/56/30
f 16/36/31 17/37/33 37/58/34 36/57/32
f 17/37/33 18/38/35 38/59/36 37/58/34
f 18/38/35 19/39/37 39/60/38 38/59/36
f 19/39/37 20/40/39 40/61/40 39/60/38
f 20/40/39 1/41/1 21/62/4 40/61/40
s 2
f 143/185/41 142/186/42 144/83/43
f 145/187/44 143/185/41 144/83/43
f 146/188/45 145/187/44 144/83/43
f 147/189/46 146/188/45 144/83/43
f 148/190/47 147/189/46 144/83/43
f 149/191/48 148/190/47 144/83/43
f 150/192/49 149/191/48 144/83/43
f 151/193/50 150/192/49 144/83/43
f 152/194/51 151/193/50 144/83/43
f 153/195/52 152/194/51 144/83/43
f 154/196/53 153/195/52 144/83/43
f 155/197/54 154/196/53 144/83/43
f 156/198/55 155/197/54 144/83/43
f 157/199/56 156/198/55 144/83/43
f 158/200/57 157/199/56 144/83/43
f 159/201/58 158/200/57 144/83/43
f 160/202/59 159/201/58 144/83/43
f 161/203/60 160/202/59 144/83/43
f 162/204/61 161/203/60 144/83/43
f 142/186/42 162/204/61 144/83/43
s 3
f 41/85/62 42/86/63 43/84/64
f 42/86/63 44/87/65 43/84/64
f 44/87/65 45/88/66 43/84/64
f 45/88/66 46/89/67 43/84/64
f 46/89/67 47/90/68 43/84/64
f 47/90/68 48/91/69 43/84/64
f 48/91/69 49/92/70 43/84/64
f 49/92/70 50/93/71 43/84/64
f 50/93/71 51/94/72 43/84/64
f 51/94/72 52/95/73 43/84/64
f 52/95/73 53/96/74 43/84/64
f 53/96/74 54/97/75 43/84/64
f 54/97/75 55/98/76 43/84/64
f 55/98/76 56/99/77 43/84/64
f 56/99/77 57/100/78 43/84/64
f 57/100/78 58/101/79 43/84/64
f 58/101/79 59/102/80 43/84/64
f 59/102/80 60/103/81 43/84/64
f 60/103/81 61/104/82 43/84/64
f 61/104/82 41/85/62 43/84/64
s off
f 21/81/83 22/80/84 42/86/85 41/85/86
f 22/80/87 23/79/88 44/87/89 42/86/90
f 23/79/91 24/78/92 45/88/93 44/87/94
f 24/78/95 25/77/96 46/89/97 45/88/98
f 25/77/99 26/76/100 47/90/101 46/89/102
f 26/76/103 27/75/104 48/91/105 47/90/106
f 27/75/107 28/74/108 49/92/109 48/91/110
f 28/74/111 29/73/112 50/93/113 49/92/114
f 29/73/115 30/72/116 51/94/117 50/93/118
f 30/72/119 31/71/120 52/95/121 51/94/122
f 31/71/123 32/70/124 53/96/125 52/95/126
f 32/70/127 33/69/128 54/97/129 53/96/130
f 33/69/131 34/68/132 55/98/133 54/97/134
f 34/68/135 35/67/136 56/99/137 55/98/138
f 35/67/139 36/66/140 57/100/141 56/99/142
f 36/66/143 37/65/144 58/101/145 57/100/146
f 37/65/147 38/64/148 59/102/149 58/101/150
f 38/64/151 39/63/152 60/103/153 59/102/154
f 39/63/155 40/82/156 61/104/157 60/103/158
f 40/82/159 21/81/160 41/85/161 61/104/162
f 2/2/163 1/1/164 62/106/165 63/105/166
f 3/3/167 2/2/168 63/105/169 64/107/170
f 4/4/171 3/3/172 64/107/173 65/108/174
f 5/5/175 4/4/176 65/108/177 66/109/178
f 6/6/179 5/5/180 66/109/181 67/110/182
f 7/7/183 6/6/184 67/110/185 68/111/186
f 8/8/187 7/7/188 68/111/189 69/112/190
f 9/9/191 8/8/192 69/112/193 70/113/194
f 10/10/195 9/9/196 70/113/197 71/114/198
f 11/11/199 10/10/200 71/114/201 72/115/202
f 12/12/203 11/11/204 72/115/205 73/116/206
f 13/13/207 12/12/208 73/116/209 74/117/210
f 14/14/211 13/13/212 74/117/213 75/118/214
f 15/15/215 14/14/216 75/118/217 76/119/218
f 16/16/219 15/15/220 76/119/221 77/120/222
f 17/17/223 16/16/224 77/120/225 78/121/226
f 18/18/227 17/17/228 78/121/229 79/122/230
f 19/19/231 18/18/232 79/122/233 80/123/234
f 20/20/235 19/19/236 80/123/237 81/124/238
f 1/1/239 20/20/240 81/124/241 62/106/242
f 63/105/243 62/106/244 82/126/245 83/125/246
f 64/107/247 63/105/248 83/125/249 84/127/250
f 65/108/251 64/107/252 84/127/253 85/128/254
f 66/109/255 65/108/256 85/128/257 86/129/258
f 67/110/259 66/109/260 86/129/261 87/130/262
f 68/111/263 67/110/264 87/130/265 88/131/266
f 69/112/267 68/111/268 88/131/269 89/132/270
f 70/113/271 69/112/272 89/132/273 90/133/274
f 71/114/275 70/113/276 90/133/277 91/134/278
f 72/115/279 71/114/280 91/134/281 92/135/282
f 73/116/283 72/115/284 92/135/285 93/136/286
f 74/117/287 73/116/288 93/136/289 94/137/290
f 75/118/291 74/117/292 94/137/293 95/138/294
f 76/119/295 75/118/296 95/138/297 96/139/298
f 77/120/299 76/119/300 96/139/301 97/140/302
f 78/121/303 77/120/304 97/140/305 98/141/306
f 79/122/307 78/121/308 98/141/309 99/142/310
f 80/123/311 79/122/312 99/142/313 100/143/314
f 81/124/315 80/123/316 100/143/317 101/144/318
f 62/106/319 81/124/320 101/144/321 82/126/322
f 83/125/323 82/126/324 102/146/325 103/145/326
f 84/127/327 83/125/328 103/145/329 104/147/330
f 85/128/331 84/127/332 104/147/333 105/148/334
f 86/129/335 85/128/336 105/148/337 106/149/338
f 87/130/339 86/129/340 106/149/341 107/150/342
f 88/131/343 87/130/344 107/150/345 108/151/346
f 89/132/347 88/131/348 108/151/349 109/152/350
f 90/133/351 89/132/352 109/152/353 110/153/354
f 91/134/355 90/133/356 110/153/357 111/154/358
f 92/135/359 91/134/360 111/154/361 112/155/362
f 93/136/363 92/135/364 112/155/365 113/156/366
f 94/137/367 93/136/368 113/156/369 114/157/370
f 95/138/371 94/137/372 114/157/373 115/158/374
f 96/139/375 95/138/376 115/158/377 116/159/378
f 97/140/379 96/139/380 116/159/381 117/160/382
f 98/141/383 97/140/384 117/160/385 118/161/386
f 99/142/387 98/141/388 118/161/389 119/162/390
f 100/143/391 99/142/392 119/162/393 120/163/394
f 101/144/395 100/143/396 120/163/397 121/164/398
f 82/126/399 101/144/400 121/164/401 102/146/402
f 103/145/403 102/146/404 122/166/405 123/165/406
f 104/147/407 103/145/408 123/165/409 124/167/410
f 105/148/411 104/147/412 124/167/413 125/168/414
f 106/149/415 105/148/416 125/168/417 126/169/418
f 107/150/419 106/149/420 126/169/421 127/170/422
f 108/151/423 107/150/424 127/170/425 128/171/426
f 109/152/427 108/151/428 128/171/429 129/172/430
f 110/153/431 109/152/432 129/172/433 130/173/434
f 111/154/435 110/153/436 130/173/437 131/174/438
f 112/155/439 111/154/440 131/174/441 132/175/442
f 113/156/443 112/155/444 132/175/445 133/176/446
f 114/157/447 113/156/448 133/176/449 134/177/450
f 115/158/451 114/157/452 134/177/453 135/178/454
f 116/159/455 115/158/456 135/178/457 136/179/458
f 117/160/459 116/159/460 136/179/461 137/180/462
f 118/161/463 117/160/464 137/180/465 138/181/466
f 119/162/467 118/161/468 138/181/469 139/182/470
f 120/163/471 119/162/472 139/182/473 140/183/474
f 121/164/475 120/163/476 140/183/477 141/184/478
f 102/146/479 121/164/480 141/184/481 122/166/482
f 123/165/483 122/166/484 142/186/485 143/185/486
f 124/167/487 123/165/488 143/185/489 145/187/490
f 125/168/491 124/167/492 145/187/493 146/188/494
f 126/169/495 125/168/496 146/188/497 147/189/498
f 127/170/499 126/169/500 147/189/501 148/190/502
f 128/171/503 127/170/504 148/190/505 149/191/506
f 129/172/507 128/171/508 149/191/509 150/192/510
f 130/173/511 129/172/512 150/192/513 151/193/514
f 131/174/515 130/173/516 151/193/517 152/194/518
f 132/175/519 131/174/520 152/194/521 153/195/522
f 133/176/523 132/175/524 153/195/525 154/196/526
f 134/177/527 133/176/528 154/196/529 155/197/530
f 135/178/531 134/177/532 155/197/533 156/198/534
f 136/179/535 135/178/536 156/198/537 157/199/538
f 137/180/539 136/179/540 157/199/541 158/200/542
f 138/181/543 137/180/544 158/200/545 159/201/546
f 139/182/547 138/181/548 159/201/549 160/202/550
f 140/183/551 139/182/552 160/202/553 161/203/554
f 141/184/555 140/183/556 161/203/557 162/204/558
f 122/166/559 141/184/560 162/204/561 142/186/562
s 4
f 163/205/563 164/206/564 184/207/565 183/208/566
f 164/206/564 165/209/567 185/210/568 184/207/565
f 165/209/567 166/211/569 186/212/570 185/210/568
f 166/211/569 167/213/571 187/214/572 186/212/570
f 167/213/571 168/215/573 188/216/574 187/214/572
f 168/215/573 169/217/575 189/218/576 188/216/574
f 169/217/575 170/219/577 190/220/578 189/218/576
f 170/219/577 171/221/579 191/222/580 190/220/578
f 171/221/579 172/223/581 192/224/582 191/222/580
f 172/223/581 173/225/583 193/226/584 192/224/582
f 173/225/583 174/227/585 194/228/586 193/226/584
f 174/227/585 175/229/587 195/230/588 194/228/586
f 175/229/587 176/231/589 196/232/590 195/230/588
f 176/231/589 177/233/591 197/234/592 196/232/590
f 177/233/591 178/235/593 198/236/594 197/234/592
f 178/235/593 179/237/595 199/238/596 198/236/594
f 179/237/595 180/239/597 200/240/598 199/238/596
f 180/239/597 181/241/599 201/242/600 200/240/598
f 181/241/599 182/243/601 202/244/602 201/242/600
f 182/243/601 163/245/563 183/246/566 202/244/602
s 5
f 164/247/603 163/248/604 203/249/605
f 165/250/606 164/247/603 203/249/605
f 166/251/607 165/250/606 203/249/605
f 167/252/608 166/251/607 203/249/605
f 168/253/609 167/252/608 203/249/605
f 169/254/610 168/253/609 203/249/605
f 170/255/611 169/254/610 203/249/605
f 171/256/612 170/255/611 203/249/605
f 172/257/613 171/256/612 203/249/605
f 173/258/614 172/257/613 203/249/605
f 174/259/615 173/258/614 203/249/605
f 175/260/616 174/259/615 203/249/605
f 176/261/617 175/260/616 203/249/605
f 177/262/618 176/261/617 203/249/605
f 178/263/619 177/262/618 203/249/605
f 179/264/620 178/263/619 203/249/605
f 180/265/621 179/264/620 203/249/605
f 181/266/622 180/265/621 203/249/605
f 182/267/623 181/266/622 203/249/605
f 163/248/604 182/267/623 203/249/605
s 6
f 204/268/624 205/269/625 206/270/626
f 205/269/625 207/271/627 206/270/626
f 207/271/627 208/272/628 206/270/626
f 208/272/628 209/273/629 206/270/626
f 209/273/629 210/274/630 206/270/626
f 210/274/630 211/275/631 206/270/626
f 211/275/631 212/276/632 206/270/626
f 212/276/632 213/277/633 206/270/626
f 213/277/633 214/278/634 206/270/626
f 214/278/634 215/279/635 206/270/626
f 215/279/635 216/280/636 206/270/626
f 216/280/636 217/281/637 206/270/626
f 217/281/637 218/282/638 206/270/626
f 218/282/638 219/283/639 206/270/626
f 219/283/639 220/284/640 206/270/626
f 220/284/640 221/285/641 206/270/626
f 221/285/641 222/286/642 206/270/626
f 222/286/642 223/287/643 206/270/626
f 223/287/643 224/288/644 206/270/626
f 224/288/644 204/268/624 206/270/626
s 4
f 183/289/566 184/290/565 205/269/645 204/268/646
f 184/290/565 185/291/568 207/271/647 205/269/645
f 185/291/568 186/292/570 208/272/648 207/271/647
f 186/292/570 187/293/572 209/273/649 208/272/648
f 187/293/572 188/294/574 210/274/650 209/273/649
f 188/294/574 189/295/576 211/275/651 210/274/650
f 189/295/576 190/296/578 212/276/652 211/275/651
f 190/296/578 191/297/580 213/277/653 212/276/652
f 191/297/580 192/298/582 214/278/654 213/277/653
f 192/298/582 193/299/584 215/279/655 214/278/654
f 193/299/584 194/300/586 216/280/656 215/279/655
f 194/300/586 195/301/588 217/281/657 216/280/656
f 195/301/588 196/302/590 218/282/658 217/281/657
f 196/302/590 197/303/592 219/283/659 218/282/658
f 197/303/592 198/304/594 220/284/660 219/283/659
f 198/304/594 199/305/596 221/285/661 220/284/660
f 199/305/596 200/306/598 222/286/662 221/285/661
f 200/306/598 201/307/600 223/287/663 222/286/662
f 201/307/600 202/308/602 224/288/664 223/287/663
f 202/308/602 183/289/566 204/268/646 224/288/664
s 7
f 225/309/665 226/310/666 246/311/667 245/312/668
f 226/310/666 227/313/669 247/314/670 246/311/667
f 227/313/669 228/315/671 248/316/672 247/314/670
f 228/315/671 229/317/673 249/318/674 248/316/672
f 229/317/673 230/319/675 250/320/676 249/318/674
f 230/319/675 231/321/677 251/322/678 250/320/676
f 231/321/677 232/323/679 252/324/680 251/322/678
f 232/323/679 233/325/681 253/326/682 252/324/680
f 233/325/681 234/327/683 254/328/684 253/326/682
f 234/327/683 235/329/685 255/330/686 254/328/684
f 235/329/685 236/331/687 256/332/688 255/330/686
f 236/331/687 237/333/689 257/334/690 256/332/688
f 237/333/689 238/335/691 258/336/692 257/334/690
f 238/335/691 239/337/693 259/338/694 258/336/692
f 239/337/693 240/339/695 260/340/696 259/338/694
f 240/339/695 241/341/697 261/342/698 260/340/696
f 241/341/697 242/343/699 262/344/700 261/342/698
f 242/343/699 243/345/701 263/346/702 262/344/700
f 243/345/701 244/347/703 264/348/704 263/346/702
f 244/347/703 225/349/665 245/350/668 264/348/704
s 8
f 226/351/705 225/352/706 265/353/707
f 227/354/708 226/351/705 265/353/707
f 228/355/709 227/354/708 265/353/707
f 229/356/710 228/355/709 265/353/707
f 230/357/711 229/356/710 265/353/707
f 231/358/712 230/357/711 265/353/707
f 232/359/713 231/358/712 265/353/707
f 233/360/714 232/359/713 265/353/707
f 234/361/715 233/360/714 265/353/707
f 235/362/716 234/361/715 265/353/707
f 236/363/717 235/362/716 265/353/707
f 237/364/718 236/363/717 265/353/707
f 238/365/719 237/364/718 265/353/707
f 239/366/720 238/365/719 265/353/707
f 240/367/721 239/366/720 265/353/707
f 241/368/722 240/367/721 265/353/707
f 242/369/723 241/368/722 265/353/707
f 243/370/724 242/369/723 265/353/707
f 244/371/725 243/370/724 265/353/707
f 225/352/706 244/371/725 265/353/707
s 9
f 266/372/726 267/373/727 268/374/728
f 267/373/727 269/375/729 268/374/728
f 269/375/729 270/376/730 268/374/728
f 270/376/730 271/377/731 268/374/728
f 271/377/731 272/378/732 268/374/728
f 272/378/732 273/379/733 268/374/728
f 273/379/733 274/380/734 268/374/728
f 274/380/734 275/381/735 268/374/728
f 275/381/735 276/382/736 268/374/728
f 276/382/736 277/383/737 268/374/728
f 277/383/737 278/384/738 268/374/728
f 278/384/738 279/385/739 268/374/728
f 279/385/739 280/386/740 268/374/728
f 280/386/740 281/387/741 268/374/728
f 281/387/741 282/388/742 268/374/728
f 282/388/742 283/389/743 268/374/728
f 283/389/743 284/390/744 268/374/728
f 284/390/744 285/391/745 268/374/728
f 285/391/745 286/392/746 268/374/728
f 286/392/746 266/372/726 268/374/728
s 7
f 245/393/668 246/394/667 267/373/747 266/372/748
f 246/394/667 247/395/670 269/375/749 267/373/747
f 247/395/670 248/396/672 270/376/750 269/375/749
f 248/396/672 249/397/674 271/377/751 270/376/750
f 249/397/674 250/398/676 272/378/752 271/377/751
f 250/398/676 251/399/678 273/379/753 272/378/752
f 251/399/678 252/400/680 274/380/754 273/379/753
f 252/400/680 253/401/682 275/381/755 274/380/754
f 253/401/682 254/402/684 276/382/756 275/381/755
f 254/402/684 255/403/686 277/383/757 276/382/756
f 255/403/686 256/404/688 278/384/758 277/383/757
f 256/404/688 257/405/690 279/385/759 278/384/758
f 257/405/690 258/406/692 280/386/760 279/385/759
f 258/406/692 259/407/694 281/387/761 280/386/760
f 259/407/694 260/408/696 282/388/762 281/387/761
f 260/408/696 261/409/698 283/389/763 282/388/762
f 261/409/698 262/410/700 284/390/764 283/389/763
f 262/410/700 263/411/702 285/391/765 284/390/764
f 263/411/702 264/412/704 286/392/766 285/391/765
f 264/412/704 245/393/668 266/372/748 286/392/766
s 10
f 287/413/767 288/414/768 308/415/769 307/416/770
f 288/414/768 289/417/771 309/418/772 308/415/769
f 289/417/771 290/419/773 310/420/774 309/418/772
f 290/419/773 291/421/775 311/422/776 310/420/774
f 291/421/775 292/423/777 312/424/778 311/422/776
f 292/423/777 293/425/779 313/426/780 312/424/778
f 293/425/779 294/427/781 314/428/782 313/426/780
f 294/427/781 295/429/783 315/430/784 314/428/782
f 295/429/783 296/431/785 316/432/786 315/430/784
f 296/431/785 297/433/787 317/434/788 316/432/786
f 297/433/787 298/435/789 318/436/790 317/434/788
f 298/435/789 299/437/791 319/438/792 318/436/790
f 299/437/791 300/439/793 320/440/794 319/438/792
f 300/439/793 301/441/795 321/442/796 320/440/794
f 301/441/795 302/443/797 322/444/798 321/442/796
f 302/443/797 303/445/799 323/446/800 322/444/798
f 303/445/799 304/447/801 324/448/802 323/446/800
f 304/447/801 305/449/803 325/450/804 324/448/802
f 305/449/803 306/451/805 326/452/806 325/450/804
f 306/451/805 287/453/767 307/454/770 326/452/806
s 11
f 288/455/807 287/456/808 327/457/809
f 289/458/810 288/455/807 327/457/809
f 290/459/811 289/458/810 327/457/809
f 291/460/812 290/459/811 327/457/809
f 292/461/813 291/460/812 327/457/809
f 293/462/814 292/461/813 327/457/809
f 294/463/815 293/462/814 327/457/809
f 295/464/816 294/463/815 327/457/809
f 296/465/817 295/464/816 327/457/809
f 297/466/818 296/465/817 327/457/809
f 298/467/819 297/466/818 327/457/809
f 299/468/820 298/467/819 327/457/809
f 300/469/821 299/468/820 327/457/809
f 301/470/822 300/469/821 327/457/809
f 302/471/823 301/470/822 327/457/809
f 303/472/824 302/471/823 327/457/809
f 304/473/825 303/472/824 327/457/809
f 305/474/826 304/473/825 327/457/809
f 306/475/827 305/474/826 327/457/809
f 287/456/808 306/475/827 327/457/809
s 12
f 328/476/828 329/477/829 330/478/830
f 329/477/829 331/479/831 330/478/830
f 331/479/831 332/480/832 330/478/830
f 332/480/832 333/481/833 330/478/830
f 333/481/833 334/482/834 330/478/830
f 334/482/834 335/483/835 330/478/830
f 335/483/835 336/484/836 330/478/830
f 336/484/836 337/485/837 330/478/830
f 337/485/837 338/486/838 330/478/830
f 338/486/838 339/487/839 330/478/830
f 339/487/839 340/488/840 330/478/830
f 340/488/840 341/489/841 330/478/830
f 341/489/841 342/490/842 330/478/830
f 342/490/842 343/491/843 330/478/830
f 343/491/843 344/492/844 330/478/830
f 344/492/844 345/493/845 330/478/830
f 345/493/845 346/494/846 330/478/830
f 346/494/846 347/495/847 330/478/830
f 347/495/847 348/496/848 330/478/830
f 348/496/848 328/476/828 330/478/830
s 10
f 307/497/770 308/498/769 329/477/849 328/476/850
f 308/498/769 309/499/772 331/479/851 329/477/849
f 309/499/772 310/500/774 332/480/852 331/479/851
f 310/500/774 311/501/776 333/481/853 332/480/852
f 311/501/776 312/502/778 334/482/854 333/481/853
f 312/502/778 313/503/780 335/483/855 334/482/854
f 313/503/780 314/504/782 336/484/856 335/483/855
f 314/504/782 315/505/784 337/485/857 336/484/856
f 315/505/784 316/506/786 338/486/858 337/485/857
f 316/506/786 317/507/788 339/487/859 338/486/858
f 317/507/788 318/508/790 340/488/860 339/487/859
f 318/508/790 319/509/792 341/489/861 340/488/860
f 319/509/792 320/510/794 342/490/862 341/489/861
f 320/510/794 321/511/796 343/491/863 342/490/862
f 321/511/796 322/512/798 344/492/864 343/491/863
f 322/512/798 323/513/800 345/493/865 344/492/864
f 323/513/800 324/514/802 346/494/866 345/493/865
f 324/514/802 325/515/804 347/495/867 346/494/866
f 325/515/804 326/516/806 348/496/868 347/495/867
f 326/516/806 307/497/770 328/476/850 348/496/868
s 13
f 349/517/869 350/518/870 370/519/871 369/520/872
f 350/518/870 351/521/873 371/522/874 370/519/871
f 351/521/873 352/523/875 372/524/876 371/522/874
f 352/523/875 353/525/877 373/526/878 372/524/876
f 353/525/877 354/527/879 374/528/880 373/526/878
f 354/527/879 355/529/881 375/530/882 374/528/880
f 355/529/881 356/531/883 376/532/884 375/530/882
f 356/531/883 357/533/885 377/534/886 376/532/884
f 357/533/885 358/535/887 378/536/888 377/534/886
f 358/535/887 359/537/889 379/538/890 378/536/888
f 359/537/889 360/539/891 380/540/892 379/538/890
f 360/539/891 361/541/893 381/542/894 380/540/892
f 361/541/893 362/543/895 382/544/896 381/542/894
f 362/543/895 363/545/897 383/546/898 382/544/896
f 363/545/897 364/547/899 384/548/900 383/546/898
f 364/547/899 365/549/901 385/550/902 384/548/900
f 365/549/901 366/551/903 386/552/904 385/550/902
f 366/551/903 367/553/905 387/554/906 386/552/904
f 367/553/905 368/555/907 388/556/908 387/554/906
f 368/555/907 349/557/869 369/558/872 388/556/908
s 14
f 350/559/909 349/560/910 389/561/911
f 351/562/912 350/559/909 389/561/911
f 352/563/913 351/562/912 389/561/911
f 353/564/914 352/563/913 389/561/911
f 354/565/915 353/564/914 389/561/911
f 355/566/916 354/565/915 389/561/911
f 356/567/917 355/566/916 389/561/911
f 357/568/918 356/567/917 389/561/911
f 358/569/919 357/568/918 389/561/911
f 359/570/920 358/569/919 389/561/911
f 360/571/921 359/570/920 389/561/911
f 361/572/922 360/571/921 389/561/911
f 362/573/923 361/572/922 389/561/911
f 363/574/924 362/573/923 389/561/911
f 364/575/925 363/574/924 389/561/911
f 365/576/926 364/575/925 389/561/911
f 366/577/927 365/576/926 389/561/911
f 367/578/928 366/577/927 389/561/911
f 368/579/929 367/578/928 389/561/911
f 349/560/910 368/579/929 389/561/911
s 15
f 390/580/930 391/581/931 392/582/932
f 391/581/931 393/583/933 392/582/932
f 393/583/933 394/584/934 392/582/932
f 394/584/934 395/585/935 392/582/932
f 395/585/935 396/586/936 392/582/932
f 396/586/936 397/587/937 392/582/932
f 397/587/937 398/588/938 392/582/932
f 398/588/938 399/589/939 392/582/932
f 399/589/939 400/590/940 392/582/932
f 400/590/940 401/591/941 392/582/932
f 401/591/941 402/592/942 392/582/932
f 402/592/942 403/593/943 392/582/932
f 403/593/943 404/594/944 392/582/932
f 404/594/944 405/595/945 392/582/932
f 405/595/945 406/596/946 392/582/932
f 406/596/946 407/597/947 392/582/932
f 407/597/947 408/598/948 392/582/932
f 408/598/948 409/599/949 392/582/932
f 409/599/949 410/600/950 392/582/932
f 410/600/950 390/580/930 392/582/932
s 13
f 369/601/872 370/602/871 391/581/951 390/580/952
f 370/602/871 371/603/874 393/583/953 391/581/951
f 371/603/874 372/604/876 394/584/954 393/583/953
f 372/604/876 373/605/878 395/585/955 394/584/954
f 373/605/878 374/606/880 396/586/956 395/585/955
f 374/606/880 375/607/882 397/587/957 396/586/956
f 375/607/882 376/608/884 398/588/958 397/587/957
f 376/608/884 377/609/886 399/589/959 398/588/958
f 377/609/886 378/610/888 400/590/960 399/589/959
f 378/610/888 379/611/890 401/591/961 400/590/960
f 379/611/890 380/612/892 402/592/962 401/591/961
f 380/612/892 381/613/894 403/593/963 402/592/962
f 381/613/894 382/614/896 404/594/964 403/593/963
f 382/614/896 383/615/898 405/595/965 404/594/964
f 383/615/898 384/616/900 406/596/966 405/595/965
f 384/616/900 385/617/902 407/597/967 406/596/966
f 385/617/902 386/618/904 408/598/968 407/597/967
f 386/618/904 387/619/906 409/599/969 408/598/968
f 387/619/906 388/620/908 410/600/970 409/599/969
f 388/620/908 369/601/872 390/580/952 410/600/970
s 16
f 411/621/971 412/622/972 432/623/973 431/624/974
f 412/622/972 413/625/975 433/626/976 432/623/973
f 413/625/975 414/627/977 434/628/978 433/626/976
f 414/627/977 415/629/979 435/630/980 434/628/978
f 415/629/979 416/631/981 436/632/982 435/630/980
f 416/631/981 417/633/983 437/634/984 436/632/982
f 417/633/983 418/635/985 438/636/986 437/634/984
f 418/635/985 419/637/987 439/638/988 438/636/986
f 419/637/987 420/639/989 440/640/990 439/638/988
f 420/639/989 421/641/991 441/642/992 440/640/990
f 421/641/991 422/643/993 442/644/994 441/642/992
f 422/643/993 423/645/995 443/646/996 442/644/994
f 423/645/995 424/647/997 444/648/998 443/646/996
f 424/647/997 425/649/999 445/650/1000 444/648/998
f 425/649/999 426/651/1001 446/652/1002 445/650/1000
f 426/651/1001 427/653/1003 447/654/1004 446/652/1002
f 427/653/1003 428/655/1005 448/656/1006 447/654/1004
f 428/655/1005 429/657/1007 449/658/1008 448/656/1006
f 429/657/1007 430/659/1009 450/660/1010 449/658/1008
f 430/659/1009 411/661/971 431/662/974 450/660/1010
s 17
f 473/663/1011 472/664/1012 474/665/1013
f 475/666/1014 473/663/1011 474/665/1013
f 476/667/1015 475/666/1014 474/665/1013
f 477/668/1016 476/667/1015 474/665/1013
f 478/669/1017 477/668/1016 474/665/1013
f 479/670/1018 478/669/1017 474/665/1013
f 480/671/1019 479/670/1018 474/665/1013
f 481/672/1020 480/671/1019 474/665/1013
f 482/673/1021 481/672/1020 474/665/1013
f 483/674/1022 482/673/1021 474/665/1013
f 484/675/1023 483/674/1022 474/665/1013
f 485/676/1024 484/675/1023 474/665/1013
f 486/677/1025 485/676/1024 474/665/1013
f 487/678/1026 486/677/1025 474/665/1013
f 488/679/1027 487/678/1026 474/665/1013
f 489/680/1028 488/679/1027 474/665/1013
f 490/681/1029 489/680/1028 474/665/1013
f 491/682/1030 490/681/1029 474/665/1013
f 492/683/1031 491/682/1030 474/665/1013
f 472/664/1012 492/683/1031 474/665/1013
s 18
f 451/684/1032 452/685/1033 453/686/1034
f 452/685/1033 454/687/1035 453/686/1034
f 454/687/1035 455/688/1036 453/686/1034
f 455/688/1036 456/689/1037 453/686/1034
f 456/689/1037 457/690/1038 453/686/1034
f 457/690/1038 458/691/1039 453/686/1034
f 458/691/1039 459/692/1040 453/686/1034
f 459/692/1040 460/693/1041 453/686/1034
f 460/693/1041 461/694/1042 453/686/1034
f 461/694/1042 462/695/1043 453/686/1034
f 462/695/1043 463/696/1044 453/686/1034
f 463/696/1044 464/697/1045 453/686/1034
f 464/697/1045 465/698/1046 453/686/1034
f 465/698/1046 466/699/1047 453/686/1034
f 466/699/1047 467/700/1048 453/686/1034
f 467/700/1048 468/701/1049 453/686/1034
f 468/701/1049 469/702/1050 453/686/1034
f 469/702/1050 470/703/1051 453/686/1034
f 470/703/1051 471/704/1052 453/686/1034
f 471/704/1052 451/684/1032 453/686/1034
s 16
f 431/705/974 432/706/973 452/685/1053 451/684/1054
f 432/706/973 433/707/976 454/687/1055 452/685/1053
f 433/707/976 434/708/978 455/688/1056 454/687/1055
f 434/708/978 435/709/980 456/689/1057 455/688/1056
f 435/709/980 436/710/982 457/690/1058 456/689/1057
f 436/710/982 437/711/984 458/691/1059 457/690/1058
f 437/711/984 438/712/986 459/692/1060 458/691/1059
f 438/712/986 439/713/988 460/693/1061 459/692/1060
f 439/713/988 440/714/990 461/694/1062 460/693/1061
f 440/714/990 441/715/992 462/695/1063 461/694/1062
f 441/715/992 442/716/994 463/696/1064 462/695/1063
f 442/716/994 443/717/996 464/697/1065 463/696/1064
f 443/717/996 444/718/998 465/698/1066 464/697/1065
f 444/718/998 445/719/1000 466/699/1067 465/698/1066
f 445/719/1000 446/720/1002 467/700/1068 466/699/1067
f 446/720/1002 447/721/1004 468/701/1069 467/700/1068
f 447/721/1004 448/722/1006 469/702/1070 468/701/1069
f 448/722/1006 449/723/1008 470/703/1071 469/702/1070
f 449/723/1008 450/724/1010 471/704/1072 470/703/1071
f 450/724/1010 431/705/974 451/684/1054 471/704/1072
s off
f 412/725/1073 411/726/1074 472/664/1075 473/663/1076
f 413/727/1077 412/725/1078 473/663/1079 475/666/1080
f 414/728/1081 413/727/1082 475/666/1083 476/667/1084
f 415/729/1085 414/728/1086 476/667/1087 477/668/1088
f 416/730/1089 415/729/1090 477/668/1091 478/669/1092
f 417/731/1093 416/730/1094 478/669/1095 479/670/1096
f 418/732/1097 417/731/1098 479/670/1099 480/671/1100
f 419/733/1101 418/732/1102 480/671/1103 481/672/1104
f 420/734/1105 419/733/1106 481/672/1107 482/673/1108
f 421/735/1109 420/734/1110 482/673/1111 483/674/1112
f 422/736/1113 421/735/1114 483/674/1115 484/675/1116
f 423/737/1117 422/736/1118 484/675/1119 485/676/1120
f 424/738/1121 423/737/1122 485/676/1123 486/677/1124
f 425/739/1125 424/738/1126 486/677/1127 487/678/1128
f 426/740/1129 425/739/1130 487/678/1131 488/679/1132
f 427/741/1133 426/740/1134 488/679/1135 489/680/1136
f 428/742/1137 427/741/1138 489/680/1139 490/681/1140
f 429/743/1141 428/742/1142 490/681/1143 491/682/1144
f 430/744/1145 429/743/1146 491/682/1147 492/683/1148
f 411/726/1149 430/744/1150 492/683/1151 472/664/1152
s 19
f 493/745/1153 494/746/1154 514/747/1155 513/748/1156
f 494/746/1154 495/749/1157 515/750/1158 514/747/1155
f 495/749/1157 496/751/1159 516/752/1160 515/750/1158
f 496/751/1159 497/753/1161 517/754/1162 516/752/1160
f 497/753/1161 498/755/1163 518/756/1164 517/754/1162
f 498/755/1163 499/757/1165 519/758/1166 518/756/1164
f 499/757/1165 500/759/1167 520/760/1168 519/758/1166
f 500/759/1167 501/761/1169 521/762/1170 520/760/1168
f 501/761/1169 502/763/1171 522/764/1172 521/762/1170
f 502/763/1171 503/765/1173 523/766/1174 522/764/1172
f 503/765/1173 504/767/1175 524/768/1176 523/766/1174
f 504/767/1175 505/769/1177 525/770/1178 524/768/1176
f 505/769/1177 506/771/1179 526/772/1180 525/770/1178
f 506/771/1179 507/773/1181 527/774/1182 526/772/1180
f 507/773/1181 508/775/1183 528/776/1184 527/774/1182
f 508/775/1183 509/777/1185 529/778/1186 528/776/1184
f 509/777/1185 510/779/1187 530/780/1188 529/778/1186
f 510/779/1187 511/781/1189 531/782/1190 530/780/1188
f 511/781/1189 512/783/1191 532/784/1192 531/782/1190
f 512/783/1191 493/785/1153 513/786/1156 532/784/1192
s 20
f 555/787/1193 554/788/1194 556/789/1195
f 557/790/1196 555/787/1193 556/789/1195
f 558/791/1197 557/790/1196 556/789/1195
f 559/792/1198 558/791/1197 556/789/1195
f 560/793/1199 559/792/1198 556/789/1195
f 561/794/1200 560/793/1199 556/789/1195
f 562/795/1201 561/794/1200 556/789/1195
f 563/796/1202 562/795/1201 556/789/1195
f 564/797/1203 563/796/1202 556/789/1195
f 565/798/1204 564/797/1203 556/789/1195
f 566/799/1205 565/798/1204 556/789/1195
f 567/800/1206 566/799/1205 556/789/1195
f 568/801/1207 567/800/1206 556/789/1195
f 569/802/1208 568/801/1207 556/789/1195
f 570/803/1209 569/802/1208 556/789/1195
f 571/804/1210 570/803/1209 556/789/1195
f 572/805/1211 571/804/1210 556/789/1195
f 573/806/1212 572/805/1211 556/789/1195
f 574/807/1213 573/806/1212 556/789/1195
f 554/788/1194 574/807/1213 556/789/1195
s 21
f 533/808/1214 534/809/1215 535/810/1216
f 534/809/1215 536/811/1217 535/810/1216
f 536/811/1217 537/812/1218 535/810/1216
f 537/812/1218 538/813/1219 535/810/1216
f 538/813/1219 539/814/1220 535/810/1216
f 539/814/1220 540/815/1221 535/810/1216
f 540/815/1221 541/816/1222 535/810/1216
f 541/816/1222 542/817/1223 535/810/1216
f 542/817/1223 543/818/1224 535/810/1216
f 543/818/1224 544/819/1225 535/810/1216
f 544/819/1225 545/820/1226 535/810/1216
f 545/820/1226 546/821/1227 535/810/1216
f 546/821/1227 547/822/1228 535/810/1216
f 547/822/1228 548/823/1229 535/810/1216
f 548/823/1229 549/824/1230 535/810/1216
f 549/824/1230 550/825/1231 535/810/1216
f 550/825/1231 551/826/1232 535/810/1216
f 551/826/1232 552/827/1233 535/810/1216
f 552/827/1233 553/828/1234 535/810/1216
f 553/828/1234 533/808/1214 535/810/1216
s 19
f 513/829/1156 514/830/1155 534/809/1235 533/808/1236
f 514/830/1155 515/831/1158 536/811/1237 534/809/1235
f 515/831/1158 516/832/1160 537/812/1238 536/811/1237
f 516/832/1160 517/833/1162 538/813/1239 537/812/1238
f 517/833/1162 518/834/1164 539/814/1240 538/813/1239
f 518/834/1164 519/835/1166 540/815/1241 539/814/1240
f 519/835/1166 520/836/1168 541/816/1242 540/815/1241
f 520/836/1168 521/837/1170 542/817/1243 541/816/1242
f 521/837/1170 522/838/1172 543/818/1244 542/817/1243
f 522/838/1172 523/839/1174 544/819/1245 543/818/1244
f 523/839/1174 524/840/1176 545/820/1246 544/819/1245
f 524/840/1176 525/841/1178 546/821/1247 545/820/1246
f 525/841/1178 526/842/1180 547/822/1248 546/821/1247
f 526/842/1180 527/843/1182 548/823/1249 547/822/1248
f 527/843/1182 528/844/1184 549/824/1250 548/823/1249
f 528/844/1184 529/845/1186 550/825/1251 549/824/1250
f 529/845/1186 530/846/1188 551/826/1252 550/825/1251
f 530/846/1188 531/847/1190 552/827/1253 551/826/1252
f 531/847/1190 532/848/1192 553/828/1254 552/827/1253
f 532/848/1192 513/829/1156 533/808/1236 553/828/1254
s off
f 494/849/1255 493/850/1256 554/788/1257 555/787/1258
f 495/851/1259 494/849/1260 555/787/1261 557/790/1262
f 496/852/1263 495/851/1264 557/790/1265 558/791/1266
f 497/853/1267 496/852/1268 558/791/1269 559/792/1270
f 498/854/1271 497/853/1272 559/792/1273 560/793/1274
f 499/855/1275 498/854/1276 560/793/1277 561/794/1278
f 500/856/1279 499/855/1280 561/794/1281 562/795/1282
f 501/857/1283 500/856/1284 562/795/1285 563/796/1286
f 502/858/1287 501/857/1288 563/796/1289 564/797/1290
f 503/859/1291 502/858/1292 564/797/1293 565/798/1294
f 504/860/1295 503/859/1296 565/798/1297 566/799/1298
f 505/861/1299 504/860/1300 566/799/1301 567/800/1302
f 506/862/1303 505/861/1304 567/800/1305 568/801/1306
f 507/863/1307 506/862/1308 568/801/1309 569/802/1310
f 508/864/1311 507/863/1312 569/802/1313 570/803/1314
f 509/865/1315 508/864/1316 570/803/1317 571/804/1318
f 510/866/1319 509/865/1320 571/804/1321 572/805/1322
f 511/867/1323 510/866/1324 572/805/1325 573/806/1326
f 512/868/1327 511/867/1328 573/806/1329 574/807/1330
f 493/850/1331 512/868/1332 574/807/1333 554/788/1334
s 22
f 575/869/1335 576/870/1336 596/871/1337 595/872/1338
f 576/870/1336 577/873/1339 597/874/1340 596/871/1337
f 577/873/1339 578/875/1341 598/876/1342 597/874/1340
f 578/875/1341 579/877/1343 599/878/1344 598/876/1342
f 579/877/1343 580/879/1345 600/880/1346 599/878/1344
f 580/879/1345 581/881/1347 601/882/1348 600/880/1346
f 581/881/1347 582/883/1349 602/884/1350 601/882/1348
f 582/883/1349 583/885/1351 603/886/1352 602/884/1350
f 583/885/1351 584/887/1353 604/888/1354 603/886/1352
f 584/887/1353 585/889/1355 605/890/1356 604/888/1354
f 585/889/1355 586/891/1357 606/892/1358 605/890/1356
f 586/891/1357 587/893/1359 607/894/1360 606/892/1358
f 587/893/1359 588/895/1361 608/896/1362 607/894/1360
f 588/895/1361 589/897/1363 609/898/1364 608/896/1362
f 589/897/1363 590/899/1365 610/900/1366 609/898/1364
f 590/899/1365 591/901/1367 611/902/1368 610/900/1366
f 591/901/1367 592/903/1369 612/904/1370 611/902/1368
f 592/903/1369 593/905/1371 613/906/1372 612/904/1370
f 593/905/1371 594/907/1373 614/908/1374 613/906/1372
f 594/907/1373 575/909/1335 595/910/1338 614/908/1374
s 23
f 637/911/1375 636/912/1376 638/913/1377
f 639/914/1378 637/911/1375 638/913/1377
f 640/915/1379 639/914/1378 638/913/1377
f 641/916/1380 640/915/1379 638/913/1377
f 642/917/1381 641/916/1380 638/913/1377
f 643/918/1382 642/917/1381 638/913/1377
f 644/919/1383 643/918/1382 638/913/1377
f 645/920/1384 644/919/1383 638/913/1377
f 646/921/1385 645/920/1384 638/913/1377
f 647/922/1386 646/921/1385 638/913/1377
f 648/923/1387 647/922/1386 638/913/1377
f 649/924/1388 648/923/1387 638/913/1377
f 650/925/1389 649/924/1388 638/913/1377
f 651/926/1390 650/925/1389 638/913/1377
f 652/927/1391 651/926/1390 638/913/1377
f 653/928/1392 652/927/1391 638/913/1377
f 654/929/1393 653/928/1392 638/913/1377
f 655/930/1394 654/929/1393 638/913/1377
f 656/931/1395 655/930/1394 638/913/1377
f 636/912/1376 656/931/1395 638/913/1377
s 24
f 615/932/1396 616/933/1397 617/934/1398
f 616/933/1397 618/935/1399 617/934/1398
f 618/935/1399 619/936/1400 617/934/1398
f 619/936/1400 620/937/1401 617/934/1398
f 620/937/1401 621/938/1402 617/934/1398
f 621/938/1402 622/939/1403 617/934/1398
f 622/939/1403 623/940/1404 617/934/1398
f 623/940/1404 624/941/1405 617/934/1398
f 624/941/1405 625/942/1406 617/934/1398
f 625/942/1406 626/943/1407 617/934/1398
f 626/943/1407 627/944/1408 617/934/1398
f 627/944/1408 628/945/1409 617/934/1398
f 628/945/1409 629/946/1410 617/934/1398
f 629/946/1410 630/947/1411 617/934/1398
f 630/947/1411 631/948/1412 617/934/1398
f 631/948/1412 632/949/1413 617/934/1398
f 632/949/1413 633/950/1414 617/934/1398
f 633/950/1414 634/951/1415 617/934/1398
f 634/951/1415 635/952/1416 617/934/1398
f 635/952/1416 615/932/1396 617/934/1398
s 22
f 595/953/1338 596/954/1337 616/933/1417 615/932/1418
f 596/954/1337 597/955/1340 618/935/1419 616/933/1417
f 597/955/1340 598/956/1342 619/936/1420 618/935/1419
f 598/956/1342 599/957/1344 620/937/1421 619/936/1420
f 599/957/1344 600/958/1346 621/938/1422 620/937/1421
f 600/958/1346 601/959/1348 622/939/1423 621/938/1422
f 601/959/1348 602/960/1350 623/940/1424 622/939/1423
f 602/960/1350 603/961/1352 624/941/1425 623/940/1424
f 603/961/1352 604/962/1354 625/942/1426 624/941/1425
f 604/962/1354 605/963/1356 626/943/1427 625/942/1426
f 605/963/1356 606/964/1358 627/944/1428 626/943/1427
f 606/964/1358 607/965/1360 628/945/1429 627/944/1428
f 607/965/1360 608/966/1362 629/946/1430 628/945/1429
f 608/966/1362 609/967/1364 630/947/1431 629/946/1430
f 609/967/1364 610/968/1366 631/948/1432 630/947/1431
f 610/968/1366 611/969/1368 632/949/1433 631/948/1432
f 611/969/1368 612/970/1370 633/950/1434 632/949/1433
f 612/970/1370 613/971/1372 634/951/1435 633/950/1434
f 613/971/1372 614/972/1374 635/952/1436 634/951/1435
f 614/972/1374 595/953/1338 615/932/1418 635/952/1436
s off
f 576/973/1437 575/974/1438 636/912/1439 637/911/1440
f 577/975/1441 576/973/1442 637/911/1443 639/914/1444
f 578/976/1445 577/975/1446 639/914/1447 640/915/1448
f 579/977/1449 578/976/1450 640/915/1451 641/916/1452
f 580/978/1453 579/977/1454 641/916/1455 642/917/1456
f 581/979/1457 580/978/1458 642/917/1459 643/918/1460
f 582/980/1461 581/979/1462 643/918/1463 644/919/1464
f 583/981/1465 582/980/1466 644/919/1467 645/920/1468
f 584/982/1469 583/981/1470 645/920/1471 646/921/1472
f 585/983/1473 584/982/1474 646/921/1475 647/922/1476
f 586/984/1477 585/983/1478 647/922/1479 648/923/1480
f 587/985/1481 586/984/1482 648/923/1483 649/924/1484
f 588/986/1485 587/985/1486 649/924/1487 650/925/1488
f 589/987/1489 588/986/1490 650/925/1491 651/926/1492
f 590/988/1493 589/987/1494 651/926/1495 652/927/1496
f 591/989/1497 590/988/1498 652/927/1499 653/928/1500
f 592/990/1501 591/989/1502 653/928/1503 654/929/1504
f 593/991/1505 592/990/1506 654/929/1507 655/930/1508
f 594/992/1509 593/991/1510 655/930/1511 656/931/1512
f 575/974/1513 594/992/1514 656/931/1515 636/912/1516
s 25
f 657/993/1517 658/994/1518 678/995/1519 677/996/1520
f 658/994/1518 659/997/1521 679/998/1522 678/995/1519
f 659/997/1521 660/999/1523 680/1000/1524 679/998/1522
f 660/999/1523 661/1001/1525 681/1002/1526 680/1000/1524
f 661/1001/1525 662/1003/1527 682/1004/1528 681/1002/1526
f 662/1003/1527 663/1005/1529 683/1006/1530 682/1004/1528
f 663/1005/1529 664/1007/1531 684/1008/1532 683/1006/1530
f 664/1007/1531 665/1009/1533 685/1010/1534 684/1008/1532
f 665/1009/1533 666/1011/1535 686/1012/1536 685/1010/1534
f 666/1011/1535 667/1013/1537 687/1014/1538 686/1012/1536
f 667/1013/1537 668/1015/1539 688/1016/1540 687/1014/1538
f 668/1015/1539 669/1017/1541 689/1018/1542 688/1016/1540
f 669/1017/1541 670/1019/1543 690/1020/1544 689/1018/1542
f 670/1019/1543 671/1021/1545 691/1022/1546 690/1020/1544
f 671/1021/1545 672/1023/1547 692/1024/1548 691/1022/1546
f 672/1023/1547 673/1025/1549 693/1026/1550 692/1024/1548
f 673/1025/1549 674/1027/1551 694/1028/1552 693/1026/1550
f 674/1027/1551 675/1029/1553 695/1030/1554 694/1028/1552
f 675/1029/1553 676/1031/1555 696/1032/1556 695/1030/1554
f 676/1031/1555 657/1033/1517 677/1034/1520 696/1032/1556
s 26
f 719/1035/1557 718/1036/1558 720/1037/1559
f 721/1038/1560 719/1035/1557 720/1037/1559
f 722/1039/1561 721/1038/1560 720/1037/1559
f 723/1040/1562 722/1039/1561 720/1037/1559
f 724/1041/1563 723/1040/1562 720/1037/1559
f 725/1042/1564 724/1041/1563 720/1037/1559
f 726/1043/1565 725/1042/1564 720/1037/1559
f 727/1044/1566 726/1043/1565 720/1037/1559
f 728/1045/1567 727/1044/1566 720/1037/1559
f 729/1046/1568 728/1045/1567 720/1037/1559
f 730/1047/1569 729/1046/1568 720/1037/1559
f 731/1048/1570 730/1047/1569 720/1037/1559
f 732/1049/1571 731/1048/1570 720/1037/1559
f 733/1050/1572 732/1049/1571 720/1037/1559
f 734/1051/1573 733/1050/1572 720/1037/1559
f 735/1052/1574 734/1051/1573 720/1037/1559
f 736/1053/1575 735/1052/1574 720/1037/1559
f 737/1054/1576 736/1053/1575 720/1037/1559
f 738/1055/1577 737/1054/1576 720/1037/1559
f 718/1036/1558 738/1055/1577 720/1037/1559
s 27
f 697/1056/1578 698/1057/1579 699/1058/1580
f 698/1057/1579 700/1059/1581 699/1058/1580
f 700/1059/1581 701/1060/1582 699/1058/1580
f 701/1060/1582 702/1061/1583 699/1058/1580
f 702/1061/1583 703/1062/1584 699/1058/1580
f 703/1062/1584 704/1063/1585 699/1058/1580
f 704/1063/1585 705/1064/1586 699/1058/1580
f 705/1064/1586 706/1065/1587 699/1058/1580
f 706/1065/1587 707/1066/1588 699/1058/1580
f 707/1066/1588 708/1067/1589 699/1058/1580
f 708/1067/1589 709/1068/1590 699/1058/1580
f 709/1068/1590 710/1069/1591 699/1058/1580
f 710/1069/1591 711/1070/1592 699/1058/1580
f 711/1070/1592 712/1071/1593 699/1058/1580
f 712/1071/1593 713/1072/1594 699/1058/1580
f 713/1072/1594 714/1073/1595 699/1058/1580
f 714/1073/1595 715/1074/1596 699/1058/1580
f 715/1074/1596 716/1075/1597 699/1058/1580
f 716/1075/1597 717/1076/1598 699/1058/1580
f 717/1076/1598 697/1056/1578 699/1058/1580
s 25
f 677/1077/1520 678/1078/1519 698/1057/1599 697/1056/1600
f 678/1078/1519 679/1079/1522 700/1059/1601 698/1057/1599
f 679/1079/1522 680/1080/1524 701/1060/1602 700/1059/1601
f 680/1080/1524 681/1081/1526 702/1061/1603 701/1060/1602
f 681/1081/1526 682/1082/1528 703/1062/1604 702/1061/1603
f 682/1082/1528 683/1083/1530 704/1063/1605 703/1062/1604
f 683/1083/1530 684/1084/1532 705/1064/1606 704/1063/1605
f 684/1084/1532 685/1085/1534 706/1065/1607 705/1064/1606
f 685/1085/1534 686/1086/1536 707/1066/1608 706/1065/1607
f 686/1086/1536 687/1087/1538 708/1067/1609 707/1066/1608
f 687/1087/1538 688/1088/1540 709/1068/1610 708/1067/1609
f 688/1088/1540 689/1089/1542 710/1069/1611 709/1068/1610
f 689/1089/1542 690/1090/1544 711/1070/1612 710/1069/1611
f 690/1090/1544 691/1091/1546 712/1071/1613 711/1070/1612
f 691/1091/1546 692/1092/1548 713/1072/1614 712/1071/1613
f 692/1092/1548 693/1093/1550 714/1073/1615 713/1072/1614
f 693/1093/1550 694/1094/1552 715/1074/1616 714/1073/1615
f 694/1094/1552 695/1095/1554 716/1075/1617 715/1074/1616
f 695/1095/1554 696/1096/1556 717/1076/1618 716/1075/1617
f 696/1096/1556 677/1077/1520 697/1056/1600 717/1076/1618
s off
f 658/1097/1619 657/1098/1620 718/1036/1621 719/1035/1622
f 659/1099/1623 658/1097/1624 719/1035/1625 721/1038/1626
f 660/1100/1627 659/1099/1628 721/1038/1629 722/1039/1630
f 661/1101/1631 660/1100/1632 722/1039/1633 723/1040/1634
f 662/1102/1635 661/1101/1636 723/1040/1637 724/1041/1638
f 663/1103/1639 662/1102/1640 724/1041/1641 725/1042/1642
f 664/1104/1643 663/1103/1644 725/1042/1645 726/1043/1646
f 665/1105/1647 664/1104/1648 726/1043/1649 727/1044/1650
f 666/1106/1651 665/1105/1652 727/1044/1653 728/1045/1654
f 667/1107/1655 666/1106/1656 728/1045/1657 729/1046/1658
f 668/1108/1659 667/1107/1660 729/1046/1661 730/1047/1662
f 669/1109/1663 668/1108/1664 730/1047/1665 731/1048/1666
f 670/1110/1667 669/1109/1668 731/1048/1669 732/1049/1670
f 671/1111/1671 670/1110/1672 732/1049/1673 733/1050/1674
f 672/1112/1675 671/1111/1676 733/1050/1677 734/1051/1678
f 673/1113/1679 672/1112/1680 734/1051/1681 735/1052/1682
f 674/1114/1683 673/1113/1684 735/1052/1685 736/1053/1686
f 675/1115/1687 674/1114/1688 736/1053/1689 737/1054/1690
f 676/1116/1691 675/1115/1692 737/1054/1693 738/1055/1694
f 657/1098/1695 676/1116/1696 738/1055/1697 718/1036/1698
s 28
f 739/1117/1699 740/1118/1700 760/1119/1701 759/1120/1702
f 740/1118/1700 741/1121/1703 761/1122/1704 760/1119/1701
f 741/1121/1703 742/1123/1705 762/1124/1706 761/1122/1704
f 742/1123/1705 743/1125/1707 763/1126/1708 762/1124/1706
f 743/1125/1707 744/1127/1709 764/1128/1710 763/1126/1708
f 744/1127/1709 745/1129/1711 765/1130/1712 764/1128/1710
f 745/1129/1711 746/1131/1713 766/1132/1714 765/1130/1712
f 746/1131/1713 747/1133/1715 767/1134/1716 766/1132/1714
f 747/1133/1715 748/1135/1717 768/1136/1718 767/1134/1716
f 748/1135/1717 749/1137/1719 769/1138/1720 768/1136/1718
f 749/1137/1719 750/1139/1721 770/1140/1722 769/1138/1720
f 750/1139/1721 751/1141/1723 771/1142/1724 770/1140/1722
f 751/1141/1723 752/1143/1725 772/1144/1726 771/1142/1724
f 752/1143/1725 753/1145/1727 773/1146/1728 772/1144/1726
f 753/1145/1727 754/1147/1729 774/1148/1730 773/1146/1728
f 754/1147/1729 755/1149/1731 775/1150/1732 774/1148/1730
f 755/1149/1731 756/1151/1733 776/1152/1734 775/1150/1732
f 756/1151/1733 757/1153/1735 777/1154/1736 776/1152/1734
f 757/1153/1735 758/1155/1737 778/1156/1738 777/1154/1736
f 758/1155/1737 739/1157/1699 759/1158/1702 778/1156/1738
s 29
f 801/1159/1739 800/1160/1740 802/1161/1741
f 803/1162/1742 801/1159/1739 802/1161/1741
f 804/1163/1743 803/1162/1742 802/1161/1741
f 805/1164/1744 804/1163/1743 802/1161/1741
f 806/1165/1745 805/1164/1744 802/1161/1741
f 807/1166/1746 806/1165/1745 802/1161/1741
f 808/1167/1747 807/1166/1746 802/1161/1741
f 809/1168/1748 808/1167/1747 802/1161/1741
f 810/1169/1749 809/1168/1748 802/1161/1741
f 811/1170/1750 810/1169/1749 802/1161/1741
f 812/1171/1751 811/1170/1750 802/1161/1741
f 813/1172/1752 812/1171/1751 802/1161/1741
f 814/1173/1753 813/1172/1752 802/1161/1741
f 815/1174/1754 814/1173/1753 802/1161/1741
f 816/1175/1755 815/1174/1754 802/1161/1741
f 817/1176/1756 816/1175/1755 802/1161/1741
f 818/1177/1757 817/1176/1756 802/1161/1741
f 819/1178/1758 818/1177/1757 802/1161/1741
f 820/1179/1759 819/1178/1758 802/1161/1741
f 800/1160/1740 820/1179/1759 802/1161/1741
s 30
f 779/1180/1760 780/1181/1761 781/1182/1762
f 780/1181/1761 782/1183/1763 781/1182/1762
f 782/1183/1763 783/1184/1764 781/1182/1762
f 783/1184/1764 784/1185/1765 781/1182/1762
f 784/1185/1765 785/1186/1766 781/1182/1762
f 785/1186/1766 786/1187/1767 781/1182/1762
f 786/1187/1767 787/1188/1768 781/1182/1762
f 787/1188/1768 788/1189/1769 781/1182/1762
f 788/1189/1769 789/1190/1770 781/1182/1762
f 789/1190/1770 790/1191/1771 781/1182/1762
f 790/1191/1771 791/1192/1772 781/1182/1762
f 791/1192/1772 792/1193/1773 781/1182/1762
f 792/1193/1773 793/1194/1774 781/1182/1762
f 793/1194/1774 794/1195/1775 781/1182/1762
f 794/1195/1775 795/1196/1776 781/1182/1762
f 795/1196/1776 796/1197/1777 781/1182/1762
f 796/1197/1777 797/1198/1778 781/1182/1762
f 797/1198/1778 798/1199/1779 781/1182/1762
f 798/1199/1779 799/1200/1780 781/1182/1762
f 799/1200/1780 779/1180/1760 781/1182/1762
s 28
f 759/1201/1702 760/1202/1701 780/1181/1781 779/1180/1782
f 760/1202/1701 761/1203/1704 782/1183/1783 780/1181/1781
f 761/1203/1704 762/1204/1706 783/1184/1784 782/1183/1783
f 762/1204/1706 763/1205/1708 784/1185/1785 783/1184/1784
f 763/1205/1708 764/1206/1710 785/1186/1786 784/1185/1785
f 764/1206/1710 765/1207/1712 786/1187/1787 785/1186/1786
f 765/1207/1712 766/1208/1714 787/1188/1788 786/1187/1787
f 766/1208/1714 767/1209/1716 788/1189/1789 787/1188/1788
f 767/1209/1716 768/1210/1718 789/1190/1790 788/1189/1789
f 768/1210/1718 769/1211/1720 790/1191/1791 789/1190/1790
f 769/1211/1720 770/1212/1722 791/1192/1792 790/1191/1791
f 770/1212/1722 771/1213/1724 792/1193/1793 791/1192/1792
f 771/1213/1724 772/1214/1726 793/1194/1794 792/1193/1793
f 772/1214/1726 773/1215/1728 794/1195/1795 793/1194/1794
f 773/1215/1728 774/1216/1730 795/1196/1796 794/1195/1795
f 774/1216/1730 775/1217/1732 796/1197/1797 795/1196/1796
f 775/1217/1732 776/1218/1734 797/1198/1798 796/1197/1797
f 776/1218/1734 777/1219/1736 798/1199/1799 797/1198/1798
f 777/1219/1736 778/1220/1738 799/1200/1800 798/1199/1799
f 778/1220/1738 759/1201/1702 779/1180/1782 799/1200/1800
s off
f 740/1221/1801 739/1222/1802 800/1160/1803 801/1159/1804
f 741/1223/1805 740/1221/1806 801/1159/1807 803/1162/1808
f 742/1224/1809 741/1223/1810 803/1162/1811 804/1163/1812
f 743/1225/1813 742/1224/1814 804/1163/1815 805/1164/1816
f 744/1226/1817 743/1225/1818 805/1164/1819 806/1165/1820
f 745/1227/1821 744/1226/1822 806/1165/1823 807/1166/1824
f 746/1228/1825 745/1227/1826 807/1166/1827 808/1167/1828
f 747/1229/1829 746/1228/1830 808/1167/1831 809/1168/1832
f 748/1230/1833 747/1229/1834 809/1168/1835 810/1169/1836
f 749/1231/1837 748/1230/1838 810/1169/1839 811/1170/1840
f 750/1232/1841 749/1231/1842 811/1170/1843 812/1171/1844
f 751/1233/1845 750/1232/1846 812/1171/1847 813/1172/1848
f 752/1234/1849 751/1233/1850 813/1172/1851 814/1173/1852
f 753/1235/1853 752/1234/1854 814/1173/1855 815/1174/1856
f 754/1236/1857 753/1235/1858 815/1174/1859 816/1175/1860
f 755/1237/1861 754/1236/1862 816/1175/1863 817/1176/1864
f 756/1238/1865 755/1237/1866 817/1176/1867 818/1177/1868
f 757/1239/1869 756/1238/1870 818/1177/1871 819/1178/1872
f 758/1240/1873 757/1239/1874 819/1178/1875 820/1179/1876
f 739/1222/1877 758/1240/1878 820/1179/1879 800/1160/1880
s 31
f 821/1241/1881 822/1242/1882 842/1243/1883 841/1244/1884
f 822/1242/1882 823/1245/1885 843/1246/1886 842/1243/1883
f 823/1245/1885 824/1247/1887 844/1248/1888 843/1246/1886
f 824/1247/1887 825/1249/1889 845/1250/1890 844/1248/1888
f 825/1249/1889 826/1251/1891 846/1252/1892 845/1250/1890
f 826/1251/1891 827/1253/1893 847/1254/1894 846/1252/1892
f 827/1253/1893 828/1255/1895 848/1256/1896 847/1254/1894
f 828/1255/1895 829/1257/1897 849/1258/1898 848/1256/1896
f 829/1257/1897 830/1259/1899 850/1260/1900 849/1258/1898
f 830/1259/1899 831/1261/1901 851/1262/1902 850/1260/1900
f 831/1261/1901 832/1263/1903 852/1264/1904 851/1262/1902
f 832/1263/1903 833/1265/1905 853/1266/1906 852/1264/1904
f 833/1265/1905 834/1267/1907 854/1268/1908 853/1266/1906
f 834/1267/1907 835/1269/1909 855/1270/1910 854/1268/1908
f 835/1269/1909 836/1271/1911 856/1272/1912 855/1270/1910
f 836/1271/1911 837/1273/1913 857/1274/1914 856/1272/1912
f 837/1273/1913 838/1275/1915 858/1276/1916 857/1274/1914
f 838/1275/1915 839/1277/1917 859/1278/1918 858/1276/1916
f 839/1277/1917 840/1279/1919 860/1280/1920 859/1278/1918
f 840/1279/1919 821/1281/1881 841/1282/1884 860/1280/1920
s 32
f 883/1283/1921 882/1284/1922 884/1285/1923
f 885/1286/1924 883/1283/1921 884/1285/1923
f 886/1287/1925 885/1286/1924 884/1285/1923
f 887/1288/1926 886/1287/1925 884/1285/1923
f 888/1289/1927 887/1288/1926 884/1285/1923
f 889/1290/1928 888/1289/1927 884/1285/1923
f 890/1291/1929 889/1290/1928 884/1285/1923
f 891/1292/1930 890/1291/1929 884/1285/1923
f 892/1293/1931 891/1292/1930 884/1285/1923
f 893/1294/1932 892/1293/1931 884/1285/1923
f 894/1295/1933 893/1294/1932 884/1285/1923
f 895/1296/1934 894/1295/1933 884/1285/1923
f 896/1297/1935 895/1296/1934 884/1285/1923
f 897/1298/1936 896/1297/1935 884/1285/1923
f 898/1299/1937 897/1298/1936 884/1285/1923
f 899/1300/1938 898/1299/1937 884/1285/1923
f 900/1301/1939 899/1300/1938 884/1285/1923
f 901/1302/1940 900/1301/1939 884/1285/1923
f 902/1303/1941 901/1302/1940 884/1285/1923
f 882/1284/1922 902/1303/1941 884/1285/1923
s 33
f 861/1304/1942 862/1305/1943 863/1306/1944
f 862/1305/1943 864/1307/1945 863/1306/1944
f 864/1307/1945 865/1308/1946 863/1306/1944
f 865/1308/1946 866/1309/1947 863/1306/1944
f 866/1309/1947 867/1310/1948 863/1306/1944
f 867/1310/1948 868/1311/1949 863/1306/1944
f 868/1311/1949 869/1312/1950 863/1306/1944
f 869/1312/1950 870/1313/1951 863/1306/1944
f 870/1313/1951 871/1314/1952 863/1306/1944
f 871/1314/1952 872/1315/1953 863/1306/1944
f 872/1315/1953 873/1316/1954 863/1306/1944
f 873/1316/1954 874/1317/1955 863/1306/1944
f 874/1317/1955 875/1318/1956 863/1306/1944
f 875/1318/1956 876/1319/1957 863/1306/1944
f 876/1319/1957 877/1320/1958 863/1306/1944
f 877/1320/1958 878/1321/1959 863/1306/1944
f 878/1321/1959 879/1322/1960 863/1306/1944
f 879/1322/1960 880/1323/1961 863/1306/1944
f 880/1323/1961 881/1324/1962 863/1306/1944
f 881/1324/1962 861/1304/1942 863/1306/1944
s 31
f 841/1325/1884 842/1326/1883 862/1305/1963 861/1304/1964
f 842/1326/1883 843/1327/1886 864/1307/1965 862/1305/1963
f 843/1327/1886 844/1328/1888 865/1308/1966 864/1307/1965
f 844/1328/1888 845/1329/1890 866/1309/1967 865/1308/1966
f 845/1329/1890 846/1330/1892 867/1310/1968 866/1309/1967
f 846/1330/1892 847/1331/1894 868/1311/1969 867/1310/1968
f 847/1331/1894 848/1332/1896 869/1312/1970 868/1311/1969
f 848/1332/1896 849/1333/1898 870/1313/1971 869/1312/1970
f 849/1333/1898 850/1334/1900 871/1314/1972 870/1313/1971
f 850/1334/1900 851/1335/1902 872/1315/1973 871/1314/1972
f 851/1335/1902 852/1336/1904 873/1316/1974 872/1315/1973
f 852/1336/1904 853/1337/1906 874/1317/1975 873/1316/1974
f 853/1337/1906 854/1338/1908 875/1318/1976 874/1317/1975
f 854/1338/1908 855/1339/1910 876/1319/1977 875/1318/1976
f 855/1339/1910 856/1340/1912 877/1320/1978 876/1319/1977
f 856/1340/1912 857/1341/1914 878/1321/1979 877/1320/1978
f 857/1341/1914 858/1342/1916 879/1322/1980 878/1321/1979
f 858/1342/1916 859/1343/1918 880/1323/1981 879/1322/1980
f 859/1343/1918 860/1344/1920 881/1324/1982 880/1323/1981
f 860/1344/1920 841/1325/1884 861/1304/1964 881/1324/1982
s off
f 822/1345/1983 821/1346/1984 882/1284/1985 883/1283/1986
f 823/1347/1987 822/1345/1988 883/1283/1989 885/1286/1990
f 824/1348/1991 823/1347/1992 885/1286/1993 886/1287/1994
f 825/1349/1995 824/1348/1996 886/1287/1997 887/1288/1998
f 826/1350/1999 825/1349/2000 887/1288/2001 888/1289/2002
f 827/1351/2003 826/1350/2004 888/1289/2005 889/1290/2006
f 828/1352/2007 827/1351/2008 889/1290/2009 890/1291/2010
f 829/1353/2011 828/1352/2012 890/1291/2013 891/1292/2014
f 830/1354/2015 829/1353/2016 891/1292/2017 892/1293/2018
f 831/1355/2019 830/1354/2020 892/1293/2021 893/1294/2022
f 832/1356/2023 831/1355/2024 893/1294/2025 894/1295/2026
f 833/1357/2027 832/1356/2028 894/1295/2029 895/1296/2030
f 834/1358/2031 833/1357/2032 895/1296/2033 896/1297/2034
f 835/1359/2035 834/1358/2036 896/1297/2037 897/1298/2038
f 836/1360/2039 835/1359/2040 897/1298/2041 898/1299/2042
f 837/1361/2043 836/1360/2044 898/1299/2045 899/1300/2046
f 838/1362/2047 837/1361/2048 899/1300/2049 900/1301/2050
f 839/1363/2051 838/1362/2052 900/1301/2053 901/1302/2054
f 840/1364/2055 839/1363/2056 901/1302/2057 902/1303/2058
f 821/1346/2059 840/1364/2060 902/1303/2061 882/1284/2062
s 34
f 903/1365/2063 904/1366/2064 924/1367/2065 923/1368/2066
f 904/1366/2064 905/1369/2067 925/1370/2068 924/1367/2065
f 905/1369/2067 906/1371/2069 926/1372/2070 925/1370/2068
f 906/1371/2069 907/1373/2071 927/1374/2072 926/1372/2070
f 907/1373/2071 908/1375/2073 928/1376/2074 927/1374/2072
f 908/1375/2073 909/1377/2075 929/1378/2076 928/1376/2074
f 909/1377/2075 910/1379/2077 930/1380/2078 929/1378/2076
f 910/1379/2077 911/1381/2079 931/1382/2080 930/1380/2078
f 911/1381/2079 912/1383/2081 932/1384/2082 931/1382/2080
f 912/1383/2081 913/1385/2083 933/1386/2084 932/1384/2082
f 913/1385/2083 914/1387/2085 934/1388/2086 933/1386/2084
f 914/1387/2085 915/1389/2087 935/1390/2088 934/1388/2086
f 915/1389/2087 916/1391/2089 936/1392/2090 935/1390/2088
f 916/1391/2089 917/1393/2091 937/1394/2092 936/1392/2090
f 917/1393/2091 918/1395/2093 938/1396/2094 937/1394/2092
f 918/1395/2093 919/1397/2095 939/1398/2096 938/1396/2094
f 919/1397/2095 920/1399/2097 940/1400/2098 939/1398/2096
f 920/1399/2097 921/1401/2099 941/1402/2100 940/1400/2098
f 921/1401/2099 922/1403/2101 942/1404/2102 941/1402/2100
f 922/1403/2101 903/1405/2063 923/1406/2066 942/1404/2102
s 35
f 965/1407/2103 964/1408/2104 966/1409/2105
f 967/1410/2106 965/1407/2103 966/1409/2105
f 968/1411/2107 967/1410/2106 966/1409/2105
f 969/1412/2108 968/1411/2107 966/1409/2105
f 970/1413/2109 969/1412/2108 966/1409/2105
f 971/1414/2110 970/1413/2109 966/1409/2105
f 972/1415/2111 971/1414/2110 966/1409/2105
f 973/1416/2112 972/1415/2111 966/1409/2105
f 974/1417/2113 973/1416/2112 966/1409/2105
f 975/1418/2114 974/1417/2113 966/1409/2105
f 976/1419/2115 975/1418/2114 966/1409/2105
f 977/1420/2116 976/1419/2115 966/1409/2105
f 978/1421/2117 977/1420/2116 966/1409/2105
f 979/1422/2118 978/1421/2117 966/1409/2105
f 980/1423/2119 979/1422/2118 966/1409/2105
f 981/1424/2120 980/1423/2119 966/1409/2105
f 982/1425/2121 981/1424/2120 966/1409/2105
f 983/1426/2122 982/1425/2121 966/1409/2105
f 984/1427/2123 983/1426/2122 966/1409/2105
f 964/1408/2104 984/1427/2123 966/1409/2105
s 36
f 943/1428/2124 944/1429/2125 945/1430/2126
f 944/1429/2125 946/1431/2127 945/1430/2126
f 946/1431/2127 947/1432/2128 945/1430/2126
f 947/1432/2128 948/1433/2129 945/1430/2126
f 948/1433/2129 949/1434/2130 945/1430/2126
f 949/1434/2130 950/1435/2131 945/1430/2126
f 950/1435/2131 951/1436/2132 945/1430/2126
f 951/1436/2132 952/1437/2133 945/1430/2126
f 952/1437/2133 953/1438/2134 945/1430/2126
f 953/1438/2134 954/1439/2135 945/1430/2126
f 954/1439/2135 955/1440/2136 945/1430/2126
f 955/1440/2136 956/1441/2137 945/1430/2126
f 956/1441/2137 957/1442/2138 945/1430/2126
f 957/1442/2138 958/1443/2139 945/1430/2126
f 958/1443/2139 959/1444/2140 945/1430/2126
f 959/1444/2140 960/1445/2141 945/1430/2126
f 960/1445/2141 961/1446/2142 945/1430/2126
f 961/1446/2142 962/1447/2143 945/1430/2126
f 962/1447/2143 963/1448/2144 945/1430/2126
f 963/1448/2144 943/1428/2124 945/1430/2126
s 34
f 923/1449/2066 924/1450/2065 944/1429/2145 943/1428/2146
f 924/1450/2065 925/1451/2068 946/1431/2147 944/1429/2145
f 925/1451/2068 926/1452/2070 947/1432/2148 946/1431/2147
f 926/1452/2070 927/1453/2072 948/1433/2149 947/1432/2148
f 927/1453/2072 928/1454/2074 949/1434/2150 948/1433/2149
f 928/1454/2074 929/1455/2076 950/1435/2151 949/1434/2150
f 929/1455/2076 930/1456/2078 951/1436/2152 950/1435/2151
f 930/1456/2078 931/1457/2080 952/1437/2153 951/1436/2152
f 931/1457/2080 932/1458/2082 953/1438/2154 952/1437/2153
f 932/1458/2082 933/1459/2084 954/1439/2155 953/1438/2154
f 933/1459/2084 934/1460/2086 955/1440/2156 954/1439/2155
f 934/1460/2086 935/1461/2088 956/1441/2157 955/1440/2156
f 935/1461/2088 936/1462/2090 957/1442/2158 956/1441/2157
f 936/1462/2090 937/1463/2092 958/1443/2159 957/1442/2158
f 937/1463/2092 938/1464/2094 959/1444/2160 958/1443/2159
f 938/1464/2094 939/1465/2096 960/1445/2161 959/1444/2160
f 939/1465/2096 940/1466/2098 961/1446/2162 960/1445/2161
f 940/1466/2098 941/1467/2100 962/1447/2163 961/1446/2162
f 941/1467/2100 942/1468/2102 963/1448/2164 962/1447/2163
f 942/1468/2102 923/1449/2066 943/1428/2146 963/1448/2164
s off
f 904/1469/2165 903/1470/2166 964/1408/2167 965/1407/2168
f 905/1471/2169 904/1469/2170 965/1407/2171 967/1410/2172
f 906/1472/2173 905/1471/2174 967/1410/2175 968/1411/2176
f 907/1473/2177 906/1472/2178 968/1411/2179 969/1412/2180
f 908/1474/2181 907/1473/2182 969/1412/2183 970/1413/2184
f 909/1475/2185 908/1474/2186 970/1413/2187 971/1414/2188
f 910/1476/2189 909/1475/2190 971/1414/2191 972/1415/2192
f 911/1477/2193 910/1476/2194 972/1415/2195 973/1416/2196
f 912/1478/2197 911/1477/2198 973/1416/2199 974/1417/2200
f 913/1479/2201 912/1478/2202 974/1417/2203 975/1418/2204
f 914/1480/2205 913/1479/2206 975/1418/2207 976/1419/2208
f 915/1481/2209 914/1480/2210 976/1419/2211 977/1420/2212
f 916/1482/2213 915/1481/2214 977/1420/2215 978/1421/2216
f 917/1483/2217 916/1482/2218 978/1421/2219 979/1422/2220
f 918/1484/2221 917/1483/2222 979/1422/2223 980/1423/2224
f 919/1485/2225 918/1484/2226 980/1423/2227 981/1424/2228
f 920/1486/2229 919/1485/2230 981/1424/2231 982/1425/2232
f 921/1487/2233 920/1486/2234 982/1425/2235 983/1426/2236
f 922/1488/2237 921/1487/2238 983/1426/2239 984/1427/2240
f 903/1470/2241 922/1488/2242 984/1427/2243 964/1408/2244
s 37
f 985/1489/2245 986/1490/2246 1006/1491/2247 1005/1492/2248
f 986/1490/2246 987/1493/2249 1007/1494/2250 1006/1491/2247
f 987/1493/2249 988/1495/2251 1008/1496/2252 1007/1494/2250
f 988/1495/2251 989/1497/2253 1009/1498/2254 1008/1496/2252
f 989/1497/2253 990/1499/2255 1010/1500/2256 1009/1498/2254
f 990/1499/2255 991/1501/2257 1011/1502/2258 1010/1500/2256
f 991/1501/2257 992/1503/2259 1012/1504/2260 1011/1502/2258
f 992/1503/2259 993/1505/2261 1013/1506/2262 1012/1504/2260
f 993/1505/2261 994/1507/2263 1014/1508/2264 1013/1506/2262
f 994/1507/2263 995/1509/2265 1015/1510/2266 1014/1508/2264
f 995/1509/2265 996/1511/2267 1016/1512/2268 1015/1510/2266
f 996/1511/2267 997/1513/2269 1017/1514/2270 1016/1512/2268
f 997/1513/2269 998/1515/2271 1018/1516/2272 1017/1514/2270
f 998/1515/2271 999/1517/2273 1019/1518/2274 1018/1516/2272
f 999/1517/2273 1000/1519/2275 1020/1520/2276 1019/1518/2274
f 1000/1519/2275 1001/1521/2277 1021/1522/2278 1020/1520/2276
f 1001/1521/2277 1002/1523/2279 1022/1524/2280 1021/1522/2278
f 1002/1523/2279 1003/1525/2281 1023/1526/2282 1022/1524/2280
f 1003/1525/2281 1004/1527/2283 1024/1528/2284 1023/1526/2282
f 1004/1527/2283 985/1529/2245 1005/1530/2248 1024/1528/2284
s 38
f 1047/1531/2285 1046/1532/2286 1048/1533/2287
f 1049/1534/2288 1047/1531/2285 1048/1533/2287
f 1050/1535/2289 1049/1534/2288 1048/1533/2287
f 1051/1536/2290 1050/1535/2289 1048/1533/2287
f 1052/1537/2291 1051/1536/2290 1048/1533/2287
f 1053/1538/2292 1052/1537/2291 1048/1533/2287
f 1054/1539/2293 1053/1538/2292 1048/1533/2287
f 1055/1540/2294 1054/1539/2293 1048/1533/2287
f 1056/1541/2295 1055/1540/2294 1048/1533/2287
f 1057/1542/2296 1056/1541/2295 1048/1533/2287
f 1058/1543/2297 1057/1542/2296 1048/1533/2287
f 1059/1544/2298 1058/1543/2297 1048/1533/2287
f 1060/1545/2299 1059/1544/2298 1048/1533/2287
f 1061/1546/2300 1060/1545/2299 1048/1533/2287
f 1062/1547/2301 1061/1546/2300 1048/1533/2287
f 1063/1548/2302 1062/1547/2301 1048/1533/2287
f 1064/1549/2303 1063/1548/2302 1048/1533/2287
f 1065/1550/2304 1064/1549/2303 1048/1533/2287
f 1066/1551/2305 1065/1550/2304 1048/1533/2287
f 1046/1532/2286 1066/1551/2305 1048/1533/2287
s 39
f 1025/1552/2306 1026/1553/2307 1027/1554/2308
f 1026/1553/2307 1028/1555/2309 1027/1554/2308
f 1028/1555/2309 1029/1556/2310 1027/1554/2308
f 1029/1556/2310 1030/1557/2311 1027/1554/2308
f 1030/1557/2311 1031/1558/2312 1027/1554/2308
f 1031/1558/2312 1032/1559/2313 1027/1554/2308
f 1032/1559/2313 1033/1560/2314 1027/1554/2308
f 1033/1560/2314 1034/1561/2315 1027/1554/2308
f 1034/1561/2315 1035/1562/2316 1027/1554/2308
f 1035/1562/2316 1036/1563/2317 1027/1554/2308
f 1036/1563/2317 1037/1564/2318 1027/1554/2308
f 1037/1564/2318 1038/1565/2319 1027/1554/2308
f 1038/1565/2319 1039/1566/2320 1027/1554/2308
f 1039/1566/2320 1040/1567/2321 1027/1554/2308
f 1040/1567/2321 1041/1568/2322 1027/1554/2308
f 1041/1568/2322 1042/1569/2323 1027/1554/2308
f 1042/1569/2323 1043/1570/2324 1027/1554/2308
f 1043/1570/2324 1044/1571/2325 1027/1554/2308
f 1044/1571/2325 1045/1572/2326 1027/1554/2308
f 1045/1572/2326 1025/1552/2306 1027/1554/2308
s 37
f 1005/1573/2248 1006/1574/2247 1026/1553/2327 1025/1552/2328
f 1006/1574/2247 1007/1575/2250 1028/1555/2329 1026/1553/2327
f 1007/1575/2250 1008/1576/2252 1029/1556/2330 1028/1555/2329
f 1008/1576/2252 1009/1577/2254 1030/1557/2331 1029/1556/2330
f 1009/1577/2254 1010/1578/2256 1031/1558/2332 1030/1557/2331
f 1010/1578/2256 1011/1579/2258 1032/1559/2333 1031/1558/2332
f 1011/1579/2258 1012/1580/2260 1033/1560/2334 1032/1559/2333
f 1012/1580/2260 1013/1581/2262 1034/1561/2335 1033/1560/2334
f 1013/1581/2262 1014/1582/2264 1035/1562/2336 1034/1561/2335
f 1014/1582/2264 1015/1583/2266 1036/1563/2337 1035/1562/2336
f 1015/1583/2266 1016/1584/2268 1037/1564/2338 1036/1563/2337
f 1016/1584/2268 1017/1585/2270 1038/1565/2339 1037/1564/2338
f 1017/1585/2270 1018/1586/2272 1039/1566/2340 1038/1565/2339
f 1018/1586/2272 1019/1587/2274 1040/1567/2341 1039/1566/2340
f 1019/1587/2274 1020/1588/2276 1041/1568/2342 1040/1567/2341
f 1020/1588/2276 1021/1589/2278 1042/1569/2343 1041/1568/2342
f 1021/1589/2278 1022/1590/2280 1043/1570/2344 1042/1569/2343
f 1022/1590/2280 1023/1591/2282 1044/1571/2345 1043/1570/2344
f 1023/1591/2282 1024/1592/2284 1045/1572/2346 1044/1571/2345
f 1024/1592/2284 1005/1573/2248 1025/1552/2328 1045/1572/2346
s off
f 986/1593/2347 985/1594/2348 1046/1532/2349 1047/1531/2350
f 987/1595/2351 986/1593/2352 1047/1531/2353 1049/1534/2354
f 988/1596/2355 987/1595/2356 1049/1534/2357 1050/1535/2358
f 989/1597/2359 988/1596/2360 1050/1535/2361 1051/1536/2362
f 990/1598/2363 989/1597/2364 1051/1536/2365 1052/1537/2366
f 991/1599/2367 990/1598/2368 1052/1537/2369 1053/1538/2370
f 992/1600/2371 991/1599/2372 1053/1538/2373 1054/1539/2374
f 993/1601/2375 992/1600/2376 1054/1539/2377 1055/1540/2378
f 994/1602/2379 993/1601/2380 1055/1540/2381 1056/1541/2382
f 995/1603/2383 994/1602/2384 1056/1541/2385 1057/1542/2386
f 996/1604/2387 995/1603/2388 1057/1542/2389 1058/1543/2390
f 997/1605/2391 996/1604/2392 1058/1543/2393 1059/1544/2394
f 998/1606/2395 997/1605/2396 1059/1544/2397 1060/1545/2398
f 999/1607/2399 998/1606/2400 1060/1545/2401 1061/1546/2402
f 1000/1608/2403 999/1607/2404 1061/1546/2405 1062/1547/2406
f 1001/1609/2407 1000/1608/2408 1062/1547/2409 1063/1548/2410
f 1002/1610/2411 1001/1609/2412 1063/1548/2413 1064/1549/2414
f 1003/1611/2415 1002/1610/2416 1064/1549/2417 1065/1550/2418
f 1004/1612/2419 1003/1611/2420 1065/1550/2421 1066/1551/2422
f 985/1594/2423 1004/1612/2424 1066/1551/2425 1046/1532/2426
