# This file uses meters as units for non-parametric coordinates.

g default
v -0.186340 0.372113 0.176826
v 0.186340 0.372113 0.176826
v -0.087786 0.591061 0.078268
v 0.087786 0.591061 0.078268
v -0.087786 0.591061 -0.097301
v 0.087786 0.591061 -0.097301
v -0.186340 0.372113 -0.195858
v 0.186340 0.372113 -0.195858
v -0.170876 0.372113 -0.180393
v 0.170876 0.372113 -0.180393
v 0.170876 0.372113 0.161358
v -0.170876 0.372113 0.161358
v -0.075102 0.591626 -0.084618
v 0.075102 0.591626 -0.084618
v 0.075102 0.591626 0.065586
v -0.075102 0.591626 0.065586
v -0.087786 0.613812 0.078268
v 0.087786 0.613812 0.078268
v 0.075102 0.614361 0.065586
v -0.075102 0.614361 0.065586
v 0.087786 0.613812 -0.097301
v 0.075102 0.614361 -0.084618
v -0.087786 0.613812 -0.097301
v -0.075102 0.614361 -0.084618
v 0.102180 0.010639 -0.042717
v 0.086920 0.010639 -0.072666
v 0.063150 0.010639 -0.096436
v 0.033200 0.010639 -0.111696
v 0.000000 0.010639 -0.116955
v -0.033200 0.010639 -0.111696
v -0.063150 0.010639 -0.096436
v -0.086920 0.010639 -0.072666
v -0.102180 0.010639 -0.042717
v -0.107439 0.010639 -0.009516
v -0.102180 0.010639 0.023685
v -0.086920 0.010639 0.053635
v -0.063150 0.010639 0.077404
v -0.033200 0.010639 0.092663
v -0.000000 0.010639 0.097921
v 0.033200 0.010639 0.092663
v 0.063150 0.010639 0.077404
v 0.086920 0.010639 0.053635
v 0.102180 0.010639 0.023685
v 0.107439 0.010639 -0.009516
v 0.102180 0.022071 -0.042717
v 0.086920 0.022071 -0.072666
v 0.063150 0.022071 -0.096436
v 0.033200 0.022071 -0.111696
v 0.000000 0.022071 -0.116955
v -0.033200 0.022071 -0.111696
v -0.063150 0.022071 -0.096436
v -0.086920 0.022071 -0.072666
v -0.102180 0.022071 -0.042717
v -0.107439 0.022071 -0.009516
v -0.102180 0.022071 0.023685
v -0.086920 0.022071 0.053635
v -0.063150 0.022071 0.077404
v -0.033200 0.022071 0.092663
v -0.000000 0.022071 0.097921
v 0.033200 0.022071 0.092663
v 0.063150 0.022071 0.077404
v 0.086920 0.022071 0.053635
v 0.102180 0.022071 0.023685
v 0.107439 0.022071 -0.009516
v 0.000000 0.010639 -0.009516
v 0.026475 0.037561 -0.018119
v 0.022521 0.037561 -0.025879
v 0.016363 0.037561 -0.032037
v 0.008602 0.037561 -0.035991
v -0.000000 0.037561 -0.037354
v -0.008602 0.037561 -0.035991
v -0.016363 0.037561 -0.032037
v -0.022521 0.037561 -0.025879
v -0.026475 0.037561 -0.018119
v -0.027837 0.037561 -0.009516
v -0.026475 0.037561 -0.000914
v -0.022521 0.037561 0.006846
v -0.016363 0.037561 0.013005
v -0.008602 0.037561 0.016959
v -0.000000 0.037561 0.018321
v 0.008602 0.037561 0.016959
v 0.016363 0.037561 0.013005
v 0.022521 0.037561 0.006846
v 0.026475 0.037561 -0.000914
v 0.027837 0.037561 -0.009516
v 0.018546 0.063866 -0.015542
v 0.015776 0.063866 -0.020978
v 0.011462 0.063866 -0.025292
v 0.006026 0.063866 -0.028062
v -0.000000 0.063866 -0.029016
v -0.006026 0.063866 -0.028062
v -0.011462 0.063866 -0.025292
v -0.015776 0.063866 -0.020978
v -0.018546 0.063866 -0.015542
v -0.019500 0.063866 -0.009516
v -0.018546 0.063866 -0.003490
v -0.015776 0.063866 0.001946
v -0.011462 0.063866 0.006260
v -0.006026 0.063866 0.009030
v -0.000000 0.063866 0.009984
v 0.006026 0.063866 0.009030
v 0.011462 0.063866 0.006260
v 0.015776 0.063866 0.001946
v 0.018546 0.063866 -0.003490
v 0.019500 0.063866 -0.009516
v 0.018546 0.085988 -0.015542
v 0.015776 0.085988 -0.020978
v 0.011462 0.085988 -0.025292
v 0.006026 0.085988 -0.028062
v -0.000000 0.085988 -0.029016
v -0.006026 0.085988 -0.028062
v -0.011462 0.085988 -0.025292
v -0.015776 0.085988 -0.020978
v -0.018546 0.085988 -0.015542
v -0.019500 0.085988 -0.009516
v -0.018546 0.085988 -0.003490
v -0.015776 0.085988 0.001946
v -0.011462 0.085988 0.006260
v -0.006026 0.085988 0.009030
v -0.000000 0.085988 0.009984
v 0.006026 0.085988 0.009030
v 0.011462 0.085988 0.006260
v 0.015776 0.085988 0.001946
v 0.018546 0.085988 -0.003490
v 0.019500 0.085988 -0.009516
v 0.024130 0.111342 -0.017357
v 0.020526 0.111342 -0.024430
v 0.014913 0.111342 -0.030043
v 0.007840 0.111342 -0.033646
v -0.000000 0.111342 -0.034888
v -0.007840 0.111342 -0.033646
v -0.014913 0.111342 -0.030043
v -0.020526 0.111342 -0.024430
v -0.024130 0.111342 -0.017357
v -0.025372 0.111342 -0.009516
v -0.024130 0.111342 -0.001676
v -0.020526 0.111342 0.005397
v -0.014913 0.111342 0.011010
v -0.007840 0.111342 0.014614
v -0.000000 0.111342 0.015855
v 0.007840 0.111342 0.014614
v 0.014913 0.111342 0.011010
v 0.020526 0.111342 0.005397
v 0.024130 0.111342 -0.001676
v 0.025372 0.111342 -0.009516
v 0.034266 0.121546 -0.020650
v 0.029149 0.121546 -0.030694
v 0.021178 0.121546 -0.038665
v 0.011134 0.121546 -0.043782
v -0.000000 0.121546 -0.045546
v -0.011134 0.121546 -0.043782
v -0.021178 0.121546 -0.038665
v -0.029149 0.121546 -0.030694
v -0.034266 0.121546 -0.020650
v -0.036029 0.121546 -0.009516
v -0.034266 0.121546 0.001617
v -0.029149 0.121546 0.011662
v -0.021178 0.121546 0.019632
v -0.011134 0.121546 0.024750
v -0.000000 0.121546 0.026513
v 0.011134 0.121546 0.024750
v 0.021178 0.121546 0.019632
v 0.029149 0.121546 0.011662
v 0.034266 0.121546 0.001617
v 0.036029 0.121546 -0.009516
v 0.038065 0.124930 -0.021884
v 0.032380 0.124930 -0.033042
v 0.023526 0.124930 -0.041896
v 0.012368 0.124930 -0.047582
v -0.000000 0.124930 -0.049540
v -0.012368 0.124930 -0.047582
v -0.023526 0.124930 -0.041896
v -0.032380 0.124930 -0.033042
v -0.038065 0.124930 -0.021884
v -0.040024 0.124930 -0.009516
v -0.038065 0.124930 0.002852
v -0.032380 0.124930 0.014009
v -0.023526 0.124930 0.022863
v -0.012368 0.124930 0.028549
v -0.000000 0.124930 0.030507
v 0.012368 0.124930 0.028549
v 0.023526 0.124930 0.022863
v 0.032380 0.124930 0.014009
v 0.038065 0.124930 0.002852
v 0.040024 0.124930 -0.009516
v 0.038065 0.128815 -0.021884
v 0.032380 0.128815 -0.033042
v 0.023526 0.128815 -0.041896
v 0.012368 0.128815 -0.047582
v -0.000000 0.128815 -0.049540
v -0.012368 0.128815 -0.047582
v -0.023526 0.128815 -0.041896
v -0.032380 0.128815 -0.033042
v -0.038065 0.128815 -0.021884
v -0.040024 0.128815 -0.009516
v -0.038065 0.128815 0.002852
v -0.032380 0.128815 0.014009
v -0.023526 0.128815 0.022863
v -0.012368 0.128815 0.028549
v -0.000000 0.128815 0.030507
v 0.012368 0.128815 0.028549
v 0.023526 0.128815 0.022863
v 0.032380 0.128815 0.014009
v 0.038065 0.128815 0.002852
v 0.040024 0.128815 -0.009516
v 0.033261 0.135098 -0.020324
v 0.028294 0.135098 -0.030073
v 0.020556 0.135098 -0.037810
v 0.010807 0.135098 -0.042777
v -0.000000 0.135098 -0.044489
v -0.010807 0.135098 -0.042777
v -0.020556 0.135098 -0.037810
v -0.028294 0.135098 -0.030073
v -0.033261 0.135098 -0.020324
v -0.034972 0.135098 -0.009516
v -0.033261 0.135098 0.001291
v -0.028294 0.135098 0.011040
v -0.020556 0.135098 0.018777
v -0.010807 0.135098 0.023745
v -0.000000 0.135098 0.025456
v 0.010807 0.135098 0.023745
v 0.020556 0.135098 0.018777
v 0.028294 0.135098 0.011040
v 0.033261 0.135098 0.001291
v 0.034972 0.135098 -0.009516
v 0.019360 0.138962 -0.015807
v 0.016469 0.138962 -0.021482
v 0.011965 0.138962 -0.025985
v 0.006290 0.138962 -0.028876
v -0.000000 0.138962 -0.029873
v -0.006291 0.138962 -0.028876
v -0.011965 0.138962 -0.025985
v -0.016469 0.138962 -0.021482
v -0.019360 0.138962 -0.015807
v -0.020357 0.138962 -0.009516
v -0.019360 0.138962 -0.003226
v -0.016469 0.138962 0.002449
v -0.011965 0.138962 0.006953
v -0.006291 0.138962 0.009844
v -0.000000 0.138962 0.010840
v 0.006290 0.138962 0.009844
v 0.011965 0.138962 0.006953
v 0.016469 0.138962 0.002449
v 0.019360 0.138962 -0.003226
v 0.020356 0.138962 -0.009516
v 0.019360 0.151463 -0.015807
v 0.016469 0.151463 -0.021482
v 0.011965 0.151463 -0.025985
v 0.006290 0.151463 -0.028876
v -0.000000 0.151463 -0.029873
v -0.006291 0.151463 -0.028876
v -0.011965 0.151463 -0.025985
v -0.016469 0.151463 -0.021482
v -0.019360 0.151463 -0.015807
v -0.020357 0.151463 -0.009516
v -0.019360 0.151463 -0.003226
v -0.016469 0.151463 0.002449
v -0.011965 0.151463 0.006953
v -0.006291 0.151463 0.009844
v -0.000000 0.151463 0.010840
v 0.006290 0.151463 0.009844
v 0.011965 0.151463 0.006953
v 0.016469 0.151463 0.002449
v 0.019360 0.151463 -0.003226
v 0.020356 0.151463 -0.009516
v 0.042022 0.160573 -0.023170
v 0.035746 0.160573 -0.035487
v 0.025971 0.160573 -0.045262
v 0.013654 0.160573 -0.051538
v -0.000000 0.160573 -0.053699
v -0.013654 0.160573 -0.051538
v -0.025971 0.160573 -0.045261
v -0.035746 0.160573 -0.035487
v -0.042022 0.160573 -0.023170
v -0.044184 0.160573 -0.009516
v -0.042022 0.160573 0.004137
v -0.035746 0.160573 0.016455
v -0.025971 0.160573 0.026229
v -0.013654 0.160573 0.032505
v -0.000000 0.160573 0.034667
v 0.013654 0.160573 0.032505
v 0.025971 0.160573 0.026229
v 0.035746 0.160573 0.016455
v 0.042022 0.160573 0.004137
v 0.044184 0.160573 -0.009516
v 0.060863 0.173951 -0.029292
v 0.051774 0.173951 -0.047132
v 0.037617 0.173951 -0.061291
v 0.019776 0.173951 -0.070381
v -0.000000 0.173951 -0.073513
v -0.019776 0.173951 -0.070381
v -0.037617 0.173951 -0.061291
v -0.051774 0.173951 -0.047132
v -0.060863 0.173951 -0.029292
v -0.063995 0.173951 -0.009516
v -0.060863 0.173951 0.010260
v -0.051774 0.173951 0.028100
v -0.037617 0.173951 0.042258
v -0.019776 0.173951 0.051348
v -0.000000 0.173951 0.054480
v 0.019776 0.173951 0.051348
v 0.037617 0.173951 0.042258
v 0.051774 0.173951 0.028100
v 0.060863 0.173951 0.010260
v 0.063995 0.173951 -0.009516
v 0.071381 0.194844 -0.032709
v 0.060720 0.194844 -0.053632
v 0.044116 0.194844 -0.070236
v 0.023193 0.194844 -0.080896
v -0.000000 0.194844 -0.084570
v -0.023193 0.194844 -0.080896
v -0.044116 0.194844 -0.070236
v -0.060720 0.194844 -0.053632
v -0.071381 0.194844 -0.032709
v -0.075054 0.194844 -0.009516
v -0.071381 0.194844 0.013677
v -0.060720 0.194844 0.034599
v -0.044116 0.194844 0.051203
v -0.023193 0.194844 0.061865
v -0.000000 0.194844 0.065536
v 0.023193 0.194844 0.061865
v 0.044115 0.194844 0.051203
v 0.060720 0.194844 0.034599
v 0.071381 0.194844 0.013677
v 0.075054 0.194844 -0.009516
v 0.078112 0.220807 -0.034896
v 0.066446 0.220807 -0.057792
v 0.048276 0.220807 -0.075962
v 0.025380 0.220807 -0.087627
v -0.000000 0.220807 -0.091648
v -0.025380 0.220807 -0.087627
v -0.048276 0.220807 -0.075962
v -0.066446 0.220807 -0.057792
v -0.078112 0.220807 -0.034896
v -0.082130 0.220807 -0.009516
v -0.078112 0.220807 0.015864
v -0.066446 0.220807 0.038759
v -0.048276 0.220807 0.056931
v -0.025380 0.220807 0.068596
v -0.000000 0.220807 0.072615
v 0.025380 0.220807 0.068596
v 0.048276 0.220807 0.056929
v 0.066446 0.220807 0.038759
v 0.078112 0.220807 0.015864
v 0.082130 0.220807 -0.009516
v 0.078112 0.255272 -0.034896
v 0.066446 0.255272 -0.057792
v 0.048276 0.255272 -0.075962
v 0.025380 0.255272 -0.087627
v -0.000000 0.255272 -0.091648
v -0.025380 0.255272 -0.087627
v -0.048276 0.255272 -0.075962
v -0.066446 0.255272 -0.057792
v -0.078112 0.255272 -0.034896
v -0.082130 0.255272 -0.009516
v -0.078112 0.255272 0.015864
v -0.066446 0.255272 0.038759
v -0.048276 0.255272 0.056929
v -0.025380 0.255272 0.068596
v -0.000000 0.255272 0.072615
v 0.025380 0.255272 0.068596
v 0.048276 0.255272 0.056929
v 0.066446 0.255272 0.038759
v 0.078112 0.255272 0.015864
v 0.082130 0.255272 -0.009516
v 0.072205 0.298634 -0.032977
v 0.061422 0.298634 -0.054142
v 0.044625 0.298634 -0.070938
v 0.023461 0.298634 -0.081722
v -0.000000 0.298634 -0.085438
v -0.023461 0.298634 -0.081722
v -0.044625 0.298634 -0.070938
v -0.061422 0.298634 -0.054142
v -0.072205 0.298634 -0.032977
v -0.075920 0.298634 -0.009516
v -0.072205 0.298634 0.013945
v -0.061422 0.298634 0.035110
v -0.044625 0.298634 0.051905
v -0.023461 0.298634 0.062689
v -0.000000 0.298634 0.066404
v 0.023461 0.298634 0.062689
v 0.044625 0.298634 0.051905
v 0.061422 0.298634 0.035110
v 0.072205 0.298634 0.013945
v 0.075920 0.298634 -0.009516
v 0.064220 0.324193 -0.030383
v 0.054630 0.324193 -0.049208
v 0.039691 0.324193 -0.064146
v 0.020867 0.324193 -0.073738
v -0.000000 0.324193 -0.077042
v -0.020867 0.324193 -0.073738
v -0.039691 0.324193 -0.064146
v -0.054630 0.324193 -0.049208
v -0.064220 0.324193 -0.030383
v -0.067526 0.324193 -0.009516
v -0.064220 0.324193 0.011351
v -0.054630 0.324193 0.030175
v -0.039691 0.324193 0.045114
v -0.020867 0.324193 0.054705
v -0.000000 0.324193 0.058010
v 0.020867 0.324193 0.054705
v 0.039691 0.324193 0.045114
v 0.054630 0.324193 0.030175
v 0.064220 0.324193 0.011351
v 0.067526 0.324193 -0.009516
v 0.053144 0.346173 -0.026784
v 0.045208 0.346173 -0.042361
v 0.032845 0.346173 -0.054724
v 0.017268 0.346173 -0.062661
v -0.000000 0.346173 -0.065395
v -0.017268 0.346173 -0.062661
v -0.032845 0.346173 -0.054724
v -0.045208 0.346173 -0.042361
v -0.053144 0.346173 -0.026784
v -0.055880 0.346173 -0.009516
v -0.053144 0.346173 0.007751
v -0.045208 0.346173 0.023329
v -0.032845 0.346173 0.035691
v -0.017268 0.346173 0.043629
v -0.000000 0.346173 0.046363
v 0.017268 0.346173 0.043629
v 0.032845 0.346173 0.035691
v 0.045208 0.346173 0.023329
v 0.053144 0.346173 0.007751
v 0.055880 0.346173 -0.009516
v 0.071167 0.355557 -0.032640
v 0.060539 0.355557 -0.053500
v 0.043984 0.355557 -0.070055
v 0.023124 0.355557 -0.080683
v -0.000000 0.355557 -0.084345
v -0.023124 0.355557 -0.080683
v -0.043984 0.355557 -0.070055
v -0.060539 0.355557 -0.053500
v -0.071167 0.355557 -0.032640
v -0.074829 0.355557 -0.009516
v -0.071167 0.355557 0.013608
v -0.060539 0.355557 0.034468
v -0.043984 0.355557 0.051023
v -0.023124 0.355557 0.061651
v -0.000000 0.355557 0.065313
v 0.023124 0.355557 0.061651
v 0.043984 0.355557 0.051022
v 0.060539 0.355557 0.034468
v 0.071167 0.355557 0.013608
v 0.074829 0.355557 -0.009516
v 0.071167 0.360028 -0.032640
v 0.060539 0.360028 -0.053500
v 0.043984 0.360028 -0.070055
v 0.023124 0.360028 -0.080683
v -0.000000 0.360028 -0.084345
v -0.023124 0.360028 -0.080683
v -0.043984 0.360028 -0.070055
v -0.060539 0.360028 -0.053500
v -0.071167 0.360028 -0.032640
v -0.074829 0.360028 -0.009516
v -0.071167 0.360028 0.013608
v -0.060539 0.360028 0.034468
v -0.043984 0.360028 0.051023
v -0.023124 0.360028 0.061651
v -0.000000 0.360028 0.065313
v 0.023124 0.360028 0.061651
v 0.043984 0.360028 0.051022
v 0.060539 0.360028 0.034468
v 0.071167 0.360028 0.013608
v 0.074829 0.360028 -0.009516
v 0.046476 0.366719 -0.024617
v 0.039536 0.366719 -0.038240
v 0.028724 0.366719 -0.049051
v 0.015101 0.366719 -0.055992
v -0.000000 0.366719 -0.058384
v -0.015101 0.366719 -0.055992
v -0.028724 0.366719 -0.049051
v -0.039536 0.366719 -0.038240
v -0.046476 0.366719 -0.024617
v -0.048868 0.366719 -0.009516
v -0.046476 0.366719 0.005585
v -0.039536 0.366719 0.019208
v -0.028724 0.366719 0.030019
v -0.015101 0.366719 0.036960
v -0.000000 0.366719 0.039351
v 0.015101 0.366719 0.036960
v 0.028724 0.366719 0.030019
v 0.039536 0.366719 0.019208
v 0.046476 0.366719 0.005585
v 0.048868 0.366719 -0.009516
v 0.046476 0.373257 -0.024617
v 0.039536 0.373257 -0.038240
v 0.028724 0.373257 -0.049051
v 0.015101 0.373257 -0.055992
v -0.000000 0.373257 -0.058384
v -0.015101 0.373257 -0.055992
v -0.028724 0.373257 -0.049051
v -0.039536 0.373257 -0.038240
v -0.046476 0.373257 -0.024617
v -0.048868 0.373257 -0.009516
v -0.046476 0.373257 0.005585
v -0.039536 0.373257 0.019208
v -0.028724 0.373257 0.030019
v -0.015101 0.373257 0.036960
v -0.000000 0.373257 0.039351
v 0.015101 0.373257 0.036960
v 0.028724 0.373257 0.030019
v 0.039536 0.373257 0.019208
v 0.046476 0.373257 0.005585
v 0.048868 0.373257 -0.009516
v 0.024665 0.379788 -0.017530
v 0.020981 0.379788 -0.024760
v 0.015244 0.379788 -0.030498
v 0.008014 0.379788 -0.034181
v -0.000000 0.379788 -0.035450
v -0.008014 0.379788 -0.034181
v -0.015244 0.379788 -0.030498
v -0.020981 0.379788 -0.024760
v -0.024665 0.379788 -0.017530
v -0.025934 0.379788 -0.009516
v -0.024665 0.379788 -0.001502
v -0.020981 0.379788 0.005727
v -0.015244 0.379788 0.011465
v -0.008014 0.379788 0.015149
v -0.000000 0.379788 0.016418
v 0.008014 0.379788 0.015149
v 0.015244 0.379788 0.011465
v 0.020981 0.379788 0.005727
v 0.024665 0.379788 -0.001502
v 0.025934 0.379788 -0.009516
v 0.024665 0.447964 -0.017530
v 0.020981 0.447964 -0.024760
v 0.015244 0.447964 -0.030498
v 0.008014 0.447964 -0.034181
v -0.000000 0.447964 -0.035450
v -0.008014 0.447964 -0.034181
v -0.015244 0.447964 -0.030498
v -0.020981 0.447964 -0.024760
v -0.024665 0.447964 -0.017530
v -0.025934 0.447964 -0.009516
v -0.024665 0.447964 -0.001502
v -0.020981 0.447964 0.005727
v -0.015244 0.447964 0.011465
v -0.008014 0.447964 0.015149
v -0.000000 0.447964 0.016418
v 0.008014 0.447964 0.015149
v 0.015244 0.447964 0.011465
v 0.020981 0.447964 0.005727
v 0.024665 0.447964 -0.001502
v 0.025934 0.447964 -0.009516
v 0.015269 0.450085 -0.014477
v 0.012989 0.450085 -0.018953
v 0.009437 0.450085 -0.022505
v 0.004961 0.450085 -0.024785
v -0.000000 0.450085 -0.025571
v -0.004961 0.450085 -0.024785
v -0.009437 0.450085 -0.022505
v -0.012989 0.450085 -0.018953
v -0.015269 0.450085 -0.014477
v -0.016055 0.450085 -0.009516
v -0.015269 0.450085 -0.004555
v -0.012989 0.450085 -0.000079
v -0.009437 0.450085 0.003472
v -0.004961 0.450085 0.005753
v -0.000000 0.450085 0.006538
v 0.004961 0.450085 0.005753
v 0.009437 0.450085 0.003472
v 0.012989 0.450085 -0.000079
v 0.015269 0.450085 -0.004555
v 0.016055 0.450085 -0.009516
v 0.015269 0.462025 -0.014477
v 0.012989 0.462025 -0.018953
v 0.009437 0.462025 -0.022505
v 0.004961 0.462025 -0.024785
v -0.000000 0.462025 -0.025571
v -0.004961 0.462025 -0.024785
v -0.009437 0.462025 -0.022505
v -0.012989 0.462025 -0.018953
v -0.015269 0.462025 -0.014477
v -0.016055 0.462025 -0.009516
v -0.015269 0.462025 -0.004555
v -0.012989 0.462025 -0.000079
v -0.009437 0.462025 0.003472
v -0.004961 0.462025 0.005753
v -0.000000 0.462025 0.006538
v 0.004961 0.462025 0.005753
v 0.009437 0.462025 0.003472
v 0.012989 0.462025 -0.000079
v 0.015269 0.462025 -0.004555
v 0.016055 0.462025 -0.009516
v 0.028171 0.472600 -0.018669
v 0.023963 0.472600 -0.026927
v 0.017410 0.472600 -0.033480
v 0.009153 0.472600 -0.037687
v -0.000000 0.472600 -0.039136
v -0.009153 0.472600 -0.037687
v -0.017410 0.472600 -0.033480
v -0.023963 0.472600 -0.026927
v -0.028171 0.472600 -0.018669
v -0.029620 0.472600 -0.009516
v -0.028171 0.472600 -0.000363
v -0.023963 0.472600 0.007894
v -0.017410 0.472600 0.014447
v -0.009153 0.472600 0.018654
v -0.000000 0.472600 0.020104
v 0.009153 0.472600 0.018654
v 0.017410 0.472600 0.014447
v 0.023963 0.472600 0.007894
v 0.028171 0.472600 -0.000363
v 0.029620 0.472600 -0.009516
v 0.039610 0.492360 -0.022386
v 0.033694 0.492360 -0.033997
v 0.024480 0.492360 -0.043211
v 0.012870 0.492360 -0.049127
v -0.000000 0.492360 -0.051165
v -0.012870 0.492360 -0.049127
v -0.024480 0.492360 -0.043211
v -0.033694 0.492360 -0.033997
v -0.039610 0.492360 -0.022386
v -0.041649 0.492360 -0.009516
v -0.039610 0.492360 0.003354
v -0.033694 0.492360 0.014964
v -0.024480 0.492360 0.024179
v -0.012870 0.492360 0.030094
v -0.000000 0.492360 0.032132
v 0.012870 0.492360 0.030094
v 0.024480 0.492360 0.024179
v 0.033694 0.492360 0.014964
v 0.039610 0.492360 0.003354
v 0.041649 0.492360 -0.009516
v 0.039610 0.510129 -0.022386
v 0.033694 0.510129 -0.033997
v 0.024480 0.510129 -0.043211
v 0.012870 0.510129 -0.049127
v -0.000000 0.510129 -0.051165
v -0.012870 0.510129 -0.049127
v -0.024480 0.510129 -0.043211
v -0.033694 0.510129 -0.033997
v -0.039610 0.510129 -0.022386
v -0.041649 0.510129 -0.009516
v -0.039610 0.510129 0.003354
v -0.033694 0.510129 0.014964
v -0.024480 0.510129 0.024179
v -0.012870 0.510129 0.030094
v -0.000000 0.510129 0.032132
v 0.012870 0.510129 0.030094
v 0.024480 0.510129 0.024179
v 0.033694 0.510129 0.014964
v 0.039610 0.510129 0.003354
v 0.041649 0.510129 -0.009516
v 0.034469 0.532101 -0.020716
v 0.029321 0.532101 -0.030819
v 0.021303 0.532101 -0.038837
v 0.011200 0.532101 -0.043985
v -0.000000 0.532101 -0.045759
v -0.011200 0.532101 -0.043985
v -0.021303 0.532101 -0.038837
v -0.029321 0.532101 -0.030819
v -0.034469 0.532101 -0.020716
v -0.036242 0.532101 -0.009516
v -0.034469 0.532101 0.001683
v -0.029321 0.532101 0.011787
v -0.021303 0.532101 0.019805
v -0.011200 0.532101 0.024953
v -0.000000 0.532101 0.026727
v 0.011200 0.532101 0.024953
v 0.021303 0.532101 0.019805
v 0.029321 0.532101 0.011787
v 0.034469 0.532101 0.001683
v 0.036242 0.532101 -0.009516
v 0.026984 0.546444 -0.018284
v 0.022954 0.546444 -0.026194
v 0.016677 0.546444 -0.032471
v 0.008768 0.546444 -0.036500
v -0.000000 0.546444 -0.037889
v -0.008768 0.546444 -0.036500
v -0.016677 0.546444 -0.032471
v -0.022954 0.546444 -0.026194
v -0.026984 0.546444 -0.018284
v -0.028373 0.546444 -0.009516
v -0.026984 0.546444 -0.000748
v -0.022954 0.546444 0.007161
v -0.016677 0.546444 0.013438
v -0.008768 0.546444 0.017468
v -0.000000 0.546444 0.018857
v 0.008768 0.546444 0.017468
v 0.016677 0.546444 0.013438
v 0.022954 0.546444 0.007161
v 0.026984 0.546444 -0.000748
v 0.028373 0.546444 -0.009516
v 0.015672 0.558453 -0.014608
v 0.013332 0.558453 -0.019202
v -0.000000 0.558453 -0.009516
v 0.009686 0.558453 -0.022848
v 0.005092 0.558453 -0.025188
v -0.000000 0.558453 -0.025995
v -0.005092 0.558453 -0.025188
v -0.009686 0.558453 -0.022848
v -0.013332 0.558453 -0.019202
v -0.015672 0.558453 -0.014608
v -0.016479 0.558453 -0.009516
v -0.015672 0.558453 -0.004424
v -0.013332 0.558453 0.000170
v -0.009686 0.558453 0.003815
v -0.005092 0.558453 0.006156
v -0.000000 0.558453 0.006962
v 0.005092 0.558453 0.006156
v 0.009686 0.558453 0.003815
v 0.013332 0.558453 0.000170
v 0.015672 0.558453 -0.004424
v 0.016479 0.558453 -0.009516
v 0.005356 0.366475 0.074238
v 0.004556 0.368031 0.074099
v 0.003310 0.369275 0.073986
v 0.001740 0.370076 0.073915
v 0.000000 0.370350 0.073891
v -0.001740 0.370076 0.073915
v -0.003310 0.369275 0.073986
v -0.004556 0.368031 0.074099
v -0.005356 0.366475 0.074238
v -0.005632 0.364735 0.074394
v -0.005356 0.363003 0.074551
v -0.004556 0.361439 0.074690
v -0.003310 0.360203 0.074802
v -0.001740 0.359402 0.074873
v -0.000000 0.359128 0.074898
v 0.001740 0.359402 0.074873
v 0.003310 0.360203 0.074802
v 0.004556 0.361439 0.074690
v 0.005356 0.363003 0.074551
v 0.005632 0.364735 0.074394
v 0.005356 0.367817 0.089233
v 0.004556 0.369382 0.089094
v 0.003310 0.370625 0.088982
v 0.001740 0.371419 0.088911
v 0.000000 0.371693 0.088886
v -0.001740 0.371419 0.088911
v -0.003310 0.370625 0.088982
v -0.004556 0.369382 0.089094
v -0.005356 0.367817 0.089233
v -0.005632 0.366086 0.089390
v -0.005356 0.364354 0.089546
v -0.004556 0.362790 0.089685
v -0.003310 0.361546 0.089798
v -0.001740 0.360753 0.089869
v -0.000000 0.360478 0.089893
v 0.001740 0.360753 0.089869
v 0.003310 0.361546 0.089798
v 0.004556 0.362790 0.089685
v 0.005356 0.364354 0.089546
v 0.005632 0.366086 0.089390
v 0.005356 0.371029 0.105453
v 0.004556 0.372540 0.105043
v 0.003310 0.373746 0.104717
v 0.001740 0.374516 0.104509
v -0.000000 0.374783 0.104437
v -0.001740 0.374516 0.104509
v -0.003310 0.373746 0.104717
v -0.004556 0.372540 0.105043
v -0.005356 0.371029 0.105453
v -0.005632 0.369343 0.105907
v -0.005356 0.367665 0.106361
v -0.004556 0.366147 0.106771
v -0.003310 0.364949 0.107098
v -0.001740 0.364178 0.107306
v -0.000000 0.363911 0.107378
v 0.001740 0.364178 0.107306
v 0.003310 0.364949 0.107098
v 0.004556 0.366147 0.106771
v 0.005356 0.367665 0.106361
v 0.005632 0.369343 0.105907
v 0.005356 0.376347 0.122776
v 0.004556 0.377644 0.121895
v 0.003310 0.378674 0.121193
v 0.001740 0.379338 0.120743
v -0.000000 0.379567 0.120586
v -0.001740 0.379338 0.120743
v -0.003310 0.378674 0.121193
v -0.004556 0.377644 0.121895
v -0.005356 0.376347 0.122776
v -0.005632 0.374913 0.123756
v -0.005356 0.373471 0.124737
v -0.004556 0.372174 0.125618
v -0.003310 0.371144 0.126320
v -0.001740 0.370480 0.126770
v -0.000000 0.370251 0.126926
v 0.001740 0.370480 0.126770
v 0.003310 0.371144 0.126320
v 0.004556 0.372174 0.125618
v 0.005356 0.373471 0.124737
v 0.005632 0.374913 0.123756
v 0.005356 0.397549 0.153919
v 0.004556 0.398846 0.153034
v 0.003310 0.399876 0.152332
v 0.001740 0.400540 0.151886
v 0.000000 0.400761 0.151730
v -0.001740 0.400540 0.151882
v -0.003310 0.399876 0.152332
v -0.004556 0.398846 0.153034
v -0.005356 0.397549 0.153919
v -0.005632 0.396107 0.154900
v -0.005356 0.394673 0.155876
v -0.004556 0.393376 0.156761
v -0.003310 0.392346 0.157463
v -0.001741 0.391682 0.157913
v -0.000000 0.391453 0.158066
v 0.001741 0.391682 0.157913
v 0.003310 0.392346 0.157463
v 0.004556 0.393368 0.156761
v 0.005356 0.394673 0.155876
v 0.005632 0.396107 0.154900
v 0.004657 0.366475 0.067450
v 0.003962 0.367833 0.067575
v 0.002878 0.368908 0.067677
v 0.001513 0.369603 0.067739
v -0.000000 0.369839 0.067762
v -0.001513 0.369603 0.067739
v -0.002878 0.368908 0.067677
v -0.003962 0.367833 0.067575
v -0.004657 0.366475 0.067450
v -0.004897 0.364964 0.067308
v -0.004657 0.363461 0.067169
v -0.003962 0.362103 0.067043
v -0.002878 0.361020 0.066942
v -0.001513 0.360333 0.066877
v -0.000000 0.360089 0.066856
v 0.001513 0.360333 0.066877
v 0.002878 0.361020 0.066942
v 0.003962 0.362103 0.067043
v 0.004657 0.363461 0.067169
v 0.004897 0.364964 0.067308
v 0.003532 0.367535 0.061377
v 0.003004 0.368565 0.061472
v 0.002183 0.369382 0.061548
v 0.001148 0.369908 0.061598
v 0.000000 0.370091 0.061615
v -0.001148 0.369908 0.061598
v -0.002183 0.369382 0.061548
v -0.003004 0.368565 0.061472
v -0.003532 0.367535 0.061377
v -0.003714 0.366391 0.061270
v -0.003532 0.365246 0.061165
v -0.003005 0.364216 0.061069
v -0.002183 0.363400 0.060993
v -0.001148 0.362874 0.060944
v 0.000000 0.362691 0.060926
v 0.001148 0.362874 0.060944
v 0.002183 0.363400 0.060993
v 0.003005 0.364216 0.061069
v 0.003532 0.365246 0.061165
v 0.003714 0.366391 0.061270
v 0.003532 0.367543 0.052498
v 0.003004 0.368123 0.052635
v -0.000000 0.366894 0.052347
v 0.002183 0.368588 0.052742
v 0.001148 0.368886 0.052813
v 0.000000 0.368985 0.052835
v -0.001148 0.368886 0.052813
v -0.002183 0.368588 0.052742
v -0.003004 0.368123 0.052635
v -0.003532 0.367543 0.052498
v -0.003714 0.366894 0.052347
v -0.003532 0.366246 0.052197
v -0.003005 0.365666 0.052061
v -0.002183 0.365201 0.051952
v -0.001148 0.364903 0.051884
v 0.000000 0.364804 0.051859
v 0.001148 0.364903 0.051884
v 0.002183 0.365201 0.051952
v 0.003005 0.365666 0.052061
v 0.003532 0.366246 0.052197
v 0.003714 0.366894 0.052347
v -0.005356 0.363026 -0.092630
v -0.004556 0.364590 -0.092489
v -0.003310 0.365834 -0.092379
v -0.001740 0.366627 -0.092308
v -0.000000 0.366902 -0.092283
v 0.001740 0.366627 -0.092308
v 0.003310 0.365834 -0.092379
v 0.004556 0.364590 -0.092489
v 0.005356 0.363026 -0.092630
v 0.005632 0.361294 -0.092787
v 0.005356 0.359562 -0.092941
v 0.004556 0.357998 -0.093082
v 0.003310 0.356755 -0.093193
v 0.001740 0.355961 -0.093266
v -0.000000 0.355687 -0.093290
v -0.001740 0.355961 -0.093266
v -0.003310 0.356755 -0.093193
v -0.004556 0.357998 -0.093082
v -0.005356 0.359562 -0.092941
v -0.005632 0.361294 -0.092787
v -0.005356 0.364377 -0.107626
v -0.004556 0.365941 -0.107485
v -0.003310 0.367177 -0.107374
v -0.001740 0.367978 -0.107302
v -0.000000 0.368252 -0.107279
v 0.001740 0.367978 -0.107302
v 0.003310 0.367177 -0.107374
v 0.004556 0.365941 -0.107485
v 0.005356 0.364377 -0.107626
v 0.005632 0.362637 -0.107782
v 0.005356 0.360905 -0.107937
v 0.004556 0.359341 -0.108078
v 0.003310 0.358105 -0.108189
v 0.001740 0.357304 -0.108261
v -0.000000 0.357030 -0.108286
v -0.001740 0.357304 -0.108261
v -0.003310 0.358105 -0.108189
v -0.004556 0.359341 -0.108078
v -0.005356 0.360905 -0.107937
v -0.005632 0.362637 -0.107782
v -0.005356 0.367581 -0.123844
v -0.004556 0.369099 -0.123434
v -0.003310 0.370297 -0.123110
v -0.001740 0.371075 -0.122900
v -0.000000 0.371342 -0.122829
v 0.001740 0.371075 -0.122900
v 0.003310 0.370297 -0.123110
v 0.004556 0.369099 -0.123434
v 0.005356 0.367581 -0.123844
v 0.005632 0.365903 -0.124300
v 0.005356 0.364224 -0.124754
v 0.004556 0.362706 -0.125164
v 0.003310 0.361500 -0.125488
v 0.001740 0.360730 -0.125698
v -0.000000 0.360463 -0.125771
v -0.001740 0.360730 -0.125698
v -0.003310 0.361500 -0.125488
v -0.004556 0.362706 -0.125164
v -0.005356 0.364224 -0.124754
v -0.005632 0.365903 -0.124300
v -0.005356 0.372906 -0.141171
v -0.004556 0.374203 -0.140285
v -0.003310 0.375233 -0.139584
v -0.001740 0.375897 -0.139133
v -0.000000 0.376118 -0.138981
v 0.001740 0.375897 -0.139133
v 0.003310 0.375233 -0.139584
v 0.004556 0.374203 -0.140285
v 0.005356 0.372906 -0.141171
v 0.005632 0.371464 -0.142147
v 0.005356 0.370030 -0.143127
v 0.004556 0.368733 -0.144012
v 0.003310 0.367703 -0.144711
v 0.001740 0.367039 -0.145161
v -0.000000 0.366810 -0.145317
v -0.001740 0.367039 -0.145161
v -0.003310 0.367703 -0.144711
v -0.004556 0.368733 -0.144012
v -0.005356 0.370030 -0.143127
v -0.005632 0.371464 -0.142147
v -0.005356 0.394101 -0.172310
v -0.004556 0.395405 -0.171429
v -0.003310 0.396435 -0.170727
v -0.001740 0.397091 -0.170277
v -0.000000 0.397320 -0.170120
v 0.001740 0.397091 -0.170277
v 0.003310 0.396435 -0.170727
v 0.004556 0.395405 -0.171429
v 0.005356 0.394101 -0.172310
v 0.005632 0.392666 -0.173290
v 0.005356 0.391224 -0.174271
v 0.004556 0.389927 -0.175152
v 0.003310 0.388897 -0.175854
v 0.001741 0.388241 -0.176304
v -0.000000 0.388012 -0.176460
v -0.001741 0.388241 -0.176304
v -0.003310 0.388897 -0.175854
v -0.004556 0.389927 -0.175152
v -0.005356 0.391224 -0.174271
v -0.005632 0.392666 -0.173290
v -0.004657 0.363026 -0.085842
v -0.003962 0.364392 -0.085968
v -0.002878 0.365468 -0.086067
v -0.001513 0.366162 -0.086132
v -0.000000 0.366398 -0.086155
v 0.001513 0.366162 -0.086132
v 0.002878 0.365468 -0.086067
v 0.003962 0.364392 -0.085968
v 0.004657 0.363026 -0.085842
v 0.004897 0.361523 -0.085701
v 0.004657 0.360013 -0.085562
v 0.003962 0.358655 -0.085434
v 0.002878 0.357579 -0.085335
v 0.001513 0.356885 -0.085270
v -0.000000 0.356648 -0.085247
v -0.001513 0.356885 -0.085270
v -0.002878 0.357579 -0.085335
v -0.003962 0.358655 -0.085434
v -0.004657 0.360013 -0.085562
v -0.004897 0.361523 -0.085701
v -0.003532 0.364087 -0.079769
v -0.003004 0.365117 -0.079865
v -0.002183 0.365941 -0.079941
v -0.001148 0.366459 -0.079990
v -0.000000 0.366643 -0.080006
v 0.001148 0.366459 -0.079988
v 0.002183 0.365941 -0.079941
v 0.003004 0.365117 -0.079865
v 0.003532 0.364087 -0.079769
v 0.003714 0.362942 -0.079662
v 0.003532 0.361806 -0.079556
v 0.003004 0.360776 -0.079460
v 0.002183 0.359952 -0.079384
v 0.001148 0.359433 -0.079336
v -0.000000 0.359250 -0.079319
v -0.001148 0.359433 -0.079336
v -0.002183 0.359952 -0.079384
v -0.003005 0.360776 -0.079460
v -0.003532 0.361806 -0.079556
v -0.003714 0.362942 -0.079662
v -0.003532 0.364094 -0.070890
v -0.003004 0.364682 -0.071026
v 0.000000 0.363453 -0.070740
v -0.002183 0.365147 -0.071135
v -0.001148 0.365437 -0.071203
v -0.000000 0.365544 -0.071228
v 0.001148 0.365437 -0.071203
v 0.002183 0.365147 -0.071135
v 0.003004 0.364682 -0.071026
v 0.003532 0.364094 -0.070890
v 0.003714 0.363453 -0.070740
v 0.003532 0.362805 -0.070589
v 0.003005 0.362225 -0.070454
v 0.002183 0.361760 -0.070345
v 0.001148 0.361462 -0.070276
v -0.000000 0.361363 -0.070251
v -0.001148 0.361462 -0.070276
v -0.002183 0.361760 -0.070345
v -0.003005 0.362225 -0.070454
v -0.003532 0.362805 -0.070589
v -0.003714 0.363453 -0.070740
vt 0.375000 0.000000
vt 0.625000 0.000000
vt 0.375000 0.250000
vt 0.625000 0.250000
vt 0.375000 0.500000
vt 0.625000 0.500000
vt 0.375000 0.750000
vt 0.625000 0.750000
vt 0.375000 1.000000
vt 0.625000 1.000000
vt 0.875000 0.000000
vt 0.875000 0.250000
vt 0.125000 0.000000
vt 0.125000 0.250000
vt 0.375000 0.750000
vt 0.625000 0.750000
vt 0.625000 1.000000
vt 0.375000 1.000000
vt 0.398208 0.785511
vt 0.595641 0.779359
vt 0.589489 0.976792
vt 0.401781 0.973219
vt 0.395247 0.270247
vt 0.621843 0.270207
vt 0.614683 0.489683
vt 0.395207 0.496843
vt 0.375000 0.250000
vt 0.625000 0.250000
vt 0.621843 0.270207
vt 0.395247 0.270247
vt 0.625000 0.500000
vt 0.614683 0.489683
vt 0.375000 0.500000
vt 0.395207 0.496843
vt 0.375000 0.312500
vt 0.387500 0.312500
vt 0.387500 0.687500
vt 0.375000 0.687500
vt 0.400000 0.312500
vt 0.400000 0.687500
vt 0.412500 0.312500
vt 0.412500 0.687500
vt 0.425000 0.312500
vt 0.425000 0.687500
vt 0.437500 0.312500
vt 0.437500 0.687500
vt 0.450000 0.312500
vt 0.450000 0.687500
vt 0.462500 0.312500
vt 0.462500 0.687500
vt 0.475000 0.312500
vt 0.475000 0.687500
vt 0.487500 0.312500
vt 0.487500 0.687500
vt 0.500000 0.312500
vt 0.500000 0.687500
vt 0.512500 0.312500
vt 0.512500 0.687500
vt 0.525000 0.312500
vt 0.525000 0.687500
vt 0.537500 0.312500
vt 0.537500 0.687500
vt 0.550000 0.312500
vt 0.550000 0.687500
vt 0.562500 0.312500
vt 0.562500 0.687500
vt 0.575000 0.312500
vt 0.575000 0.687500
vt 0.587500 0.312500
vt 0.587500 0.687500
vt 0.600000 0.312500
vt 0.600000 0.687500
vt 0.612500 0.312500
vt 0.612500 0.687500
vt 0.625000 0.312500
vt 0.625000 0.687500
vt 0.626409 0.064408
vt 0.648603 0.107966
vt 0.500000 0.156250
vt 0.591842 0.029841
vt 0.548284 0.007647
vt 0.500000 -0.000000
vt 0.451716 0.007647
vt 0.408159 0.029841
vt 0.373591 0.064409
vt 0.351397 0.107966
vt 0.343750 0.156250
vt 0.351397 0.204534
vt 0.373591 0.248091
vt 0.408159 0.282659
vt 0.451716 0.304853
vt 0.500000 0.312500
vt 0.548284 0.304853
vt 0.591841 0.282659
vt 0.626409 0.248091
vt 0.648603 0.204534
vt 0.656250 0.156250
vt 0.648603 0.892034
vt 0.626409 0.935591
vt 0.500000 0.843750
vt 0.591841 0.970159
vt 0.548284 0.992353
vt 0.500000 1.000000
vt 0.451716 0.992353
vt 0.408159 0.970159
vt 0.373591 0.935591
vt 0.351397 0.892034
vt 0.343750 0.843750
vt 0.351397 0.795466
vt 0.373591 0.751909
vt 0.408159 0.717341
vt 0.451716 0.695147
vt 0.500000 0.687500
vt 0.548284 0.695147
vt 0.591842 0.717341
vt 0.626409 0.751908
vt 0.648603 0.795466
vt 0.656250 0.843750
vt 0.648603 0.892034
vt 0.626409 0.935591
vt 0.626409 0.935591
vt 0.648603 0.892034
vt 0.591841 0.970159
vt 0.591841 0.970159
vt 0.548284 0.992353
vt 0.548284 0.992353
vt 0.500000 1.000000
vt 0.500000 1.000000
vt 0.451716 0.992353
vt 0.451716 0.992353
vt 0.408159 0.970159
vt 0.408159 0.970159
vt 0.373591 0.935591
vt 0.373591 0.935591
vt 0.351397 0.892034
vt 0.351397 0.892034
vt 0.343750 0.843750
vt 0.343750 0.843750
vt 0.351397 0.795466
vt 0.351397 0.795466
vt 0.373591 0.751909
vt 0.373591 0.751909
vt 0.408159 0.717341
vt 0.408159 0.717341
vt 0.451716 0.695147
vt 0.451716 0.695147
vt 0.500000 0.687500
vt 0.500000 0.687500
vt 0.548284 0.695147
vt 0.548284 0.695147
vt 0.591842 0.717341
vt 0.591842 0.717341
vt 0.626409 0.751908
vt 0.626409 0.751908
vt 0.648603 0.795466
vt 0.648603 0.795466
vt 0.656250 0.843750
vt 0.656250 0.843750
vt 0.626409 0.935591
vt 0.648603 0.892034
vt 0.591841 0.970159
vt 0.548284 0.992353
vt 0.500000 1.000000
vt 0.451716 0.992353
vt 0.408159 0.970159
vt 0.373591 0.935591
vt 0.351397 0.892034
vt 0.343750 0.843750
vt 0.351397 0.795466
vt 0.373591 0.751909
vt 0.408159 0.717341
vt 0.451716 0.695147
vt 0.500000 0.687500
vt 0.548284 0.695147
vt 0.591842 0.717341
vt 0.626409 0.751908
vt 0.648603 0.795466
vt 0.656250 0.843750
vt 0.626409 0.935591
vt 0.648603 0.892034
vt 0.591841 0.970159
vt 0.548284 0.992353
vt 0.500000 1.000000
vt 0.451716 0.992353
vt 0.408159 0.970159
vt 0.373591 0.935591
vt 0.351397 0.892034
vt 0.343750 0.843750
vt 0.351397 0.795466
vt 0.373591 0.751909
vt 0.408159 0.717341
vt 0.451716 0.695147
vt 0.500000 0.687500
vt 0.548284 0.695147
vt 0.591842 0.717341
vt 0.626409 0.751908
vt 0.648603 0.795466
vt 0.656250 0.843750
vt 0.626409 0.935591
vt 0.648603 0.892034
vt 0.591841 0.970159
vt 0.548284 0.992353
vt 0.500000 1.000000
vt 0.451716 0.992353
vt 0.408159 0.970159
vt 0.373591 0.935591
vt 0.351397 0.892034
vt 0.343750 0.843750
vt 0.351397 0.795466
vt 0.373591 0.751909
vt 0.408159 0.717341
vt 0.451716 0.695147
vt 0.500000 0.687500
vt 0.548284 0.695147
vt 0.591842 0.717341
vt 0.626409 0.751908
vt 0.648603 0.795466
vt 0.656250 0.843750
vt 0.626409 0.935591
vt 0.648603 0.892034
vt 0.591841 0.970159
vt 0.548284 0.992353
vt 0.500000 1.000000
vt 0.451716 0.992353
vt 0.408159 0.970159
vt 0.373591 0.935591
vt 0.351397 0.892034
vt 0.343750 0.843750
vt 0.351397 0.795466
vt 0.373591 0.751909
vt 0.408159 0.717341
vt 0.451716 0.695147
vt 0.500000 0.687500
vt 0.548284 0.695147
vt 0.591842 0.717341
vt 0.626409 0.751908
vt 0.648603 0.795466
vt 0.656250 0.843750
vt 0.626409 0.935591
vt 0.648603 0.892034
vt 0.591841 0.970159
vt 0.548284 0.992353
vt 0.500000 1.000000
vt 0.451716 0.992353
vt 0.408159 0.970159
vt 0.373591 0.935591
vt 0.351397 0.892034
vt 0.343750 0.843750
vt 0.351397 0.795466
vt 0.373591 0.751909
vt 0.408159 0.717341
vt 0.451716 0.695147
vt 0.500000 0.687500
vt 0.548284 0.695147
vt 0.591842 0.717341
vt 0.626409 0.751908
vt 0.648603 0.795466
vt 0.656250 0.843750
vt 0.626409 0.935591
vt 0.648603 0.892034
vt 0.591841 0.970159
vt 0.548284 0.992353
vt 0.500000 1.000000
vt 0.451716 0.992353
vt 0.408159 0.970159
vt 0.373591 0.935591
vt 0.351397 0.892034
vt 0.343750 0.843750
vt 0.351397 0.795466
vt 0.373591 0.751909
vt 0.408159 0.717341
vt 0.451716 0.695147
vt 0.500000 0.687500
vt 0.548284 0.695147
vt 0.591842 0.717341
vt 0.626409 0.751908
vt 0.648603 0.795466
vt 0.656250 0.843750
vt 0.626409 0.935591
vt 0.648603 0.892034
vt 0.591841 0.970159
vt 0.548284 0.992353
vt 0.500000 1.000000
vt 0.451716 0.992353
vt 0.408159 0.970159
vt 0.373591 0.935591
vt 0.351397 0.892034
vt 0.343750 0.843750
vt 0.351397 0.795466
vt 0.373591 0.751909
vt 0.408159 0.717341
vt 0.451716 0.695147
vt 0.500000 0.687500
vt 0.548284 0.695147
vt 0.591842 0.717341
vt 0.626409 0.751908
vt 0.648603 0.795466
vt 0.656250 0.843750
vt 0.626409 0.935591
vt 0.648603 0.892034
vt 0.591841 0.970159
vt 0.548284 0.992353
vt 0.500000 1.000000
vt 0.451716 0.992353
vt 0.408159 0.970159
vt 0.373591 0.935591
vt 0.351397 0.892034
vt 0.343750 0.843750
vt 0.351397 0.795466
vt 0.373591 0.751909
vt 0.408159 0.717341
vt 0.451716 0.695147
vt 0.500000 0.687500
vt 0.548284 0.695147
vt 0.591842 0.717341
vt 0.626409 0.751908
vt 0.648603 0.795466
vt 0.656250 0.843750
vt 0.626409 0.935591
vt 0.648603 0.892034
vt 0.591841 0.970159
vt 0.548284 0.992353
vt 0.500000 1.000000
vt 0.451716 0.992353
vt 0.408159 0.970159
vt 0.373591 0.935591
vt 0.351397 0.892034
vt 0.343750 0.843750
vt 0.351397 0.795466
vt 0.373591 0.751909
vt 0.408159 0.717341
vt 0.451716 0.695147
vt 0.500000 0.687500
vt 0.548284 0.695147
vt 0.591842 0.717341
vt 0.626409 0.751908
vt 0.648603 0.795466
vt 0.656250 0.843750
vt 0.626409 0.935591
vt 0.648603 0.892034
vt 0.591841 0.970159
vt 0.548284 0.992353
vt 0.500000 1.000000
vt 0.451716 0.992353
vt 0.408159 0.970159
vt 0.373591 0.935591
vt 0.351397 0.892034
vt 0.343750 0.843750
vt 0.351397 0.795466
vt 0.373591 0.751909
vt 0.408159 0.717341
vt 0.451716 0.695147
vt 0.500000 0.687500
vt 0.548284 0.695147
vt 0.591842 0.717341
vt 0.626409 0.751908
vt 0.648603 0.795466
vt 0.656250 0.843750
vt 0.626409 0.935591
vt 0.648603 0.892034
vt 0.591841 0.970159
vt 0.548284 0.992353
vt 0.500000 1.000000
vt 0.451716 0.992353
vt 0.408159 0.970159
vt 0.373591 0.935591
vt 0.351397 0.892034
vt 0.343750 0.843750
vt 0.351397 0.795466
vt 0.373591 0.751909
vt 0.408159 0.717341
vt 0.451716 0.695147
vt 0.500000 0.687500
vt 0.548284 0.695147
vt 0.591842 0.717341
vt 0.626409 0.751908
vt 0.648603 0.795466
vt 0.656250 0.843750
vt 0.626409 0.935591
vt 0.648603 0.892034
vt 0.591841 0.970159
vt 0.548284 0.992353
vt 0.500000 1.000000
vt 0.451716 0.992353
vt 0.408159 0.970159
vt 0.373591 0.935591
vt 0.351397 0.892034
vt 0.343750 0.843750
vt 0.351397 0.795466
vt 0.373591 0.751909
vt 0.408159 0.717341
vt 0.451716 0.695147
vt 0.500000 0.687500
vt 0.548284 0.695147
vt 0.591842 0.717341
vt 0.626409 0.751908
vt 0.648603 0.795466
vt 0.656250 0.843750
vt 0.626409 0.935591
vt 0.648603 0.892034
vt 0.591841 0.970159
vt 0.548284 0.992353
vt 0.500000 1.000000
vt 0.451716 0.992353
vt 0.408159 0.970159
vt 0.373591 0.935591
vt 0.351397 0.892034
vt 0.343750 0.843750
vt 0.351397 0.795466
vt 0.373591 0.751909
vt 0.408159 0.717341
vt 0.451716 0.695147
vt 0.500000 0.687500
vt 0.548284 0.695147
vt 0.591842 0.717341
vt 0.626409 0.751908
vt 0.648603 0.795466
vt 0.656250 0.843750
vt 0.626409 0.935591
vt 0.648603 0.892034
vt 0.591841 0.970159
vt 0.548284 0.992353
vt 0.500000 1.000000
vt 0.451716 0.992353
vt 0.408159 0.970159
vt 0.373591 0.935591
vt 0.351397 0.892034
vt 0.343750 0.843750
vt 0.351397 0.795466
vt 0.373591 0.751909
vt 0.408159 0.717341
vt 0.451716 0.695147
vt 0.500000 0.687500
vt 0.548284 0.695147
vt 0.591842 0.717341
vt 0.626409 0.751908
vt 0.648603 0.795466
vt 0.656250 0.843750
vt 0.626409 0.935591
vt 0.648603 0.892034
vt 0.591841 0.970159
vt 0.548284 0.992353
vt 0.500000 1.000000
vt 0.451716 0.992353
vt 0.408159 0.970159
vt 0.373591 0.935591
vt 0.351397 0.892034
vt 0.343750 0.843750
vt 0.351397 0.795466
vt 0.373591 0.751909
vt 0.408159 0.717341
vt 0.451716 0.695147
vt 0.500000 0.687500
vt 0.548284 0.695147
vt 0.591842 0.717341
vt 0.626409 0.751908
vt 0.648603 0.795466
vt 0.656250 0.843750
vt 0.626409 0.935591
vt 0.648603 0.892034
vt 0.591841 0.970159
vt 0.548284 0.992353
vt 0.500000 1.000000
vt 0.451716 0.992353
vt 0.408159 0.970159
vt 0.373591 0.935591
vt 0.351397 0.892034
vt 0.343750 0.843750
vt 0.351397 0.795466
vt 0.373591 0.751909
vt 0.408159 0.717341
vt 0.451716 0.695147
vt 0.500000 0.687500
vt 0.548284 0.695147
vt 0.591842 0.717341
vt 0.626409 0.751908
vt 0.648603 0.795466
vt 0.656250 0.843750
vt 0.626409 0.935591
vt 0.648603 0.892034
vt 0.591841 0.970159
vt 0.548284 0.992353
vt 0.500000 1.000000
vt 0.451716 0.992353
vt 0.408159 0.970159
vt 0.373591 0.935591
vt 0.351397 0.892034
vt 0.343750 0.843750
vt 0.351397 0.795466
vt 0.373591 0.751909
vt 0.408159 0.717341
vt 0.451716 0.695147
vt 0.500000 0.687500
vt 0.548284 0.695147
vt 0.591842 0.717341
vt 0.626409 0.751908
vt 0.648603 0.795466
vt 0.656250 0.843750
vt 0.626409 0.935591
vt 0.648603 0.892034
vt 0.591841 0.970159
vt 0.548284 0.992353
vt 0.500000 1.000000
vt 0.451716 0.992353
vt 0.408159 0.970159
vt 0.373591 0.935591
vt 0.351397 0.892034
vt 0.343750 0.843750
vt 0.351397 0.795466
vt 0.373591 0.751909
vt 0.408159 0.717341
vt 0.451716 0.695147
vt 0.500000 0.687500
vt 0.548284 0.695147
vt 0.591842 0.717341
vt 0.626409 0.751908
vt 0.648603 0.795466
vt 0.656250 0.843750
vt 0.626409 0.935591
vt 0.648603 0.892034
vt 0.591841 0.970159
vt 0.548284 0.992353
vt 0.500000 1.000000
vt 0.451716 0.992353
vt 0.408159 0.970159
vt 0.373591 0.935591
vt 0.351397 0.892034
vt 0.343750 0.843750
vt 0.351397 0.795466
vt 0.373591 0.751909
vt 0.408159 0.717341
vt 0.451716 0.695147
vt 0.500000 0.687500
vt 0.548284 0.695147
vt 0.591842 0.717341
vt 0.626409 0.751908
vt 0.648603 0.795466
vt 0.656250 0.843750
vt 0.626409 0.935591
vt 0.648603 0.892034
vt 0.591841 0.970159
vt 0.548284 0.992353
vt 0.500000 1.000000
vt 0.451716 0.992353
vt 0.408159 0.970159
vt 0.373591 0.935591
vt 0.351397 0.892034
vt 0.343750 0.843750
vt 0.351397 0.795466
vt 0.373591 0.751909
vt 0.408159 0.717341
vt 0.451716 0.695147
vt 0.500000 0.687500
vt 0.548284 0.695147
vt 0.591842 0.717341
vt 0.626409 0.751908
vt 0.648603 0.795466
vt 0.656250 0.843750
vt 0.626409 0.935591
vt 0.648603 0.892034
vt 0.591841 0.970159
vt 0.548284 0.992353
vt 0.500000 1.000000
vt 0.451716 0.992353
vt 0.408159 0.970159
vt 0.373591 0.935591
vt 0.351397 0.892034
vt 0.343750 0.843750
vt 0.351397 0.795466
vt 0.373591 0.751909
vt 0.408159 0.717341
vt 0.451716 0.695147
vt 0.500000 0.687500
vt 0.548284 0.695147
vt 0.591842 0.717341
vt 0.626409 0.751908
vt 0.648603 0.795466
vt 0.656250 0.843750
vt 0.626409 0.935591
vt 0.648603 0.892034
vt 0.591841 0.970159
vt 0.548284 0.992353
vt 0.500000 1.000000
vt 0.451716 0.992353
vt 0.408159 0.970159
vt 0.373591 0.935591
vt 0.351397 0.892034
vt 0.343750 0.843750
vt 0.351397 0.795466
vt 0.373591 0.751909
vt 0.408159 0.717341
vt 0.451716 0.695147
vt 0.500000 0.687500
vt 0.548284 0.695147
vt 0.591842 0.717341
vt 0.626409 0.751908
vt 0.648603 0.795466
vt 0.656250 0.843750
vt 0.626409 0.935591
vt 0.648603 0.892034
vt 0.591841 0.970159
vt 0.548284 0.992353
vt 0.500000 1.000000
vt 0.451716 0.992353
vt 0.408159 0.970159
vt 0.373591 0.935591
vt 0.351397 0.892034
vt 0.343750 0.843750
vt 0.351397 0.795466
vt 0.373591 0.751909
vt 0.408159 0.717341
vt 0.451716 0.695147
vt 0.500000 0.687500
vt 0.548284 0.695147
vt 0.591842 0.717341
vt 0.626409 0.751908
vt 0.648603 0.795466
vt 0.656250 0.843750
vt 0.626409 0.935591
vt 0.648603 0.892034
vt 0.591841 0.970159
vt 0.548284 0.992353
vt 0.500000 1.000000
vt 0.451716 0.992353
vt 0.408159 0.970159
vt 0.373591 0.935591
vt 0.351397 0.892034
vt 0.343750 0.843750
vt 0.351397 0.795466
vt 0.373591 0.751909
vt 0.408159 0.717341
vt 0.451716 0.695147
vt 0.500000 0.687500
vt 0.548284 0.695147
vt 0.591842 0.717341
vt 0.626409 0.751908
vt 0.648603 0.795466
vt 0.656250 0.843750
vt 0.626409 0.935591
vt 0.648603 0.892034
vt 0.591841 0.970159
vt 0.548284 0.992353
vt 0.500000 1.000000
vt 0.451716 0.992353
vt 0.408159 0.970159
vt 0.373591 0.935591
vt 0.351397 0.892034
vt 0.343750 0.843750
vt 0.351397 0.795466
vt 0.373591 0.751909
vt 0.408159 0.717341
vt 0.451716 0.695147
vt 0.500000 0.687500
vt 0.548284 0.695147
vt 0.591842 0.717341
vt 0.626409 0.751908
vt 0.648603 0.795466
vt 0.656250 0.843750
vt 0.626409 0.935591
vt 0.648603 0.892034
vt 0.591841 0.970159
vt 0.548284 0.992353
vt 0.500000 1.000000
vt 0.451716 0.992353
vt 0.408159 0.970159
vt 0.373591 0.935591
vt 0.351397 0.892034
vt 0.343750 0.843750
vt 0.351397 0.795466
vt 0.373591 0.751909
vt 0.408159 0.717341
vt 0.451716 0.695147
vt 0.500000 0.687500
vt 0.548284 0.695147
vt 0.591842 0.717341
vt 0.626409 0.751908
vt 0.648603 0.795466
vt 0.656250 0.843750
vt 0.626409 0.935591
vt 0.648603 0.892034
vt 0.591841 0.970159
vt 0.548284 0.992353
vt 0.500000 1.000000
vt 0.451716 0.992353
vt 0.408159 0.970159
vt 0.373591 0.935591
vt 0.351397 0.892034
vt 0.343750 0.843750
vt 0.351397 0.795466
vt 0.373591 0.751909
vt 0.408159 0.717341
vt 0.451716 0.695147
vt 0.500000 0.687500
vt 0.548284 0.695147
vt 0.591842 0.717341
vt 0.626409 0.751908
vt 0.648603 0.795466
vt 0.656250 0.843750
vt 0.626409 0.935591
vt 0.648603 0.892034
vt 0.591841 0.970159
vt 0.548284 0.992353
vt 0.500000 1.000000
vt 0.451716 0.992353
vt 0.408159 0.970159
vt 0.373591 0.935591
vt 0.351397 0.892034
vt 0.343750 0.843750
vt 0.351397 0.795466
vt 0.373591 0.751909
vt 0.408159 0.717341
vt 0.451716 0.695147
vt 0.500000 0.687500
vt 0.548284 0.695147
vt 0.591842 0.717341
vt 0.626409 0.751908
vt 0.648603 0.795466
vt 0.656250 0.843750
vt 0.626409 0.935591
vt 0.648603 0.892034
vt 0.591841 0.970159
vt 0.548284 0.992353
vt 0.500000 1.000000
vt 0.451716 0.992353
vt 0.408159 0.970159
vt 0.373591 0.935591
vt 0.351397 0.892034
vt 0.343750 0.843750
vt 0.351397 0.795466
vt 0.373591 0.751909
vt 0.408159 0.717341
vt 0.451716 0.695147
vt 0.500000 0.687500
vt 0.548284 0.695147
vt 0.591842 0.717341
vt 0.626409 0.751908
vt 0.648603 0.795466
vt 0.656250 0.843750
vt 0.626409 0.935591
vt 0.648603 0.892034
vt 0.591841 0.970159
vt 0.548284 0.992353
vt 0.500000 1.000000
vt 0.451716 0.992353
vt 0.408159 0.970159
vt 0.373591 0.935591
vt 0.351397 0.892034
vt 0.343750 0.843750
vt 0.351397 0.795466
vt 0.373591 0.751909
vt 0.408159 0.717341
vt 0.451716 0.695147
vt 0.500000 0.687500
vt 0.548284 0.695147
vt 0.591842 0.717341
vt 0.626409 0.751908
vt 0.648603 0.795466
vt 0.656250 0.843750
vt 0.375000 0.312500
vt 0.387500 0.312500
vt 0.387500 0.687500
vt 0.375000 0.687500
vt 0.400000 0.312500
vt 0.400000 0.687500
vt 0.412500 0.312500
vt 0.412500 0.687500
vt 0.425000 0.312500
vt 0.425000 0.687500
vt 0.437500 0.312500
vt 0.437500 0.687500
vt 0.450000 0.312500
vt 0.450000 0.687500
vt 0.462500 0.312500
vt 0.462500 0.687500
vt 0.475000 0.312500
vt 0.475000 0.687500
vt 0.487500 0.312500
vt 0.487500 0.687500
vt 0.500000 0.312500
vt 0.500000 0.687500
vt 0.512500 0.312500
vt 0.512500 0.687500
vt 0.525000 0.312500
vt 0.525000 0.687500
vt 0.537500 0.312500
vt 0.537500 0.687500
vt 0.550000 0.312500
vt 0.550000 0.687500
vt 0.562500 0.312500
vt 0.562500 0.687500
vt 0.575000 0.312500
vt 0.575000 0.687500
vt 0.587500 0.312500
vt 0.587500 0.687500
vt 0.600000 0.312500
vt 0.600000 0.687500
vt 0.612500 0.312500
vt 0.612500 0.687500
vt 0.625000 0.312500
vt 0.625000 0.687500
vt 0.626409 0.064408
vt 0.648603 0.107966
vt 0.500000 0.156250
vt 0.591842 0.029841
vt 0.548284 0.007647
vt 0.500000 -0.000000
vt 0.451716 0.007647
vt 0.408159 0.029841
vt 0.373591 0.064409
vt 0.351397 0.107966
vt 0.343750 0.156250
vt 0.351397 0.204534
vt 0.373591 0.248091
vt 0.408159 0.282659
vt 0.451716 0.304853
vt 0.500000 0.312500
vt 0.548284 0.304853
vt 0.591841 0.282659
vt 0.626409 0.248091
vt 0.648603 0.204534
vt 0.656250 0.156250
vt 0.648603 0.892034
vt 0.626409 0.935591
vt 0.626409 0.935591
vt 0.648603 0.892034
vt 0.591841 0.970159
vt 0.591841 0.970159
vt 0.548284 0.992353
vt 0.548284 0.992353
vt 0.500000 1.000000
vt 0.500000 1.000000
vt 0.451716 0.992353
vt 0.451716 0.992353
vt 0.408159 0.970159
vt 0.408159 0.970159
vt 0.373591 0.935591
vt 0.373591 0.935591
vt 0.351397 0.892034
vt 0.351397 0.892034
vt 0.343750 0.843750
vt 0.343750 0.843750
vt 0.351397 0.795466
vt 0.351397 0.795466
vt 0.373591 0.751909
vt 0.373591 0.751909
vt 0.408159 0.717341
vt 0.408159 0.717341
vt 0.451716 0.695147
vt 0.451716 0.695147
vt 0.500000 0.687500
vt 0.500000 0.687500
vt 0.548284 0.695147
vt 0.548284 0.695147
vt 0.591842 0.717341
vt 0.591842 0.717341
vt 0.626409 0.751908
vt 0.626409 0.751908
vt 0.648603 0.795466
vt 0.648603 0.795466
vt 0.656250 0.843750
vt 0.656250 0.843750
vt 0.626409 0.935591
vt 0.648603 0.892034
vt 0.591841 0.970159
vt 0.548284 0.992353
vt 0.500000 1.000000
vt 0.451716 0.992353
vt 0.408159 0.970159
vt 0.373591 0.935591
vt 0.351397 0.892034
vt 0.343750 0.843750
vt 0.351397 0.795466
vt 0.373591 0.751909
vt 0.408159 0.717341
vt 0.451716 0.695147
vt 0.500000 0.687500
vt 0.548284 0.695147
vt 0.591842 0.717341
vt 0.626409 0.751908
vt 0.648603 0.795466
vt 0.656250 0.843750
vt 0.626409 0.935591
vt 0.648603 0.892034
vt 0.591841 0.970159
vt 0.548284 0.992353
vt 0.500000 1.000000
vt 0.451716 0.992353
vt 0.408159 0.970159
vt 0.373591 0.935591
vt 0.351397 0.892034
vt 0.343750 0.843750
vt 0.351397 0.795466
vt 0.373591 0.751909
vt 0.408159 0.717341
vt 0.451716 0.695147
vt 0.500000 0.687500
vt 0.548284 0.695147
vt 0.591842 0.717341
vt 0.626409 0.751908
vt 0.648603 0.795466
vt 0.656250 0.843750
vt 0.626409 0.064408
vt 0.648603 0.107966
vt 0.648603 0.107966
vt 0.626409 0.064408
vt 0.591842 0.029841
vt 0.591842 0.029841
vt 0.548284 0.007647
vt 0.548284 0.007647
vt 0.500000 -0.000000
vt 0.500000 -0.000000
vt 0.451716 0.007647
vt 0.451716 0.007647
vt 0.408159 0.029841
vt 0.408159 0.029841
vt 0.373591 0.064409
vt 0.373591 0.064409
vt 0.351397 0.107966
vt 0.351397 0.107966
vt 0.343750 0.156250
vt 0.343750 0.156250
vt 0.351397 0.204534
vt 0.351397 0.204534
vt 0.373591 0.248091
vt 0.373591 0.248091
vt 0.408159 0.282659
vt 0.408159 0.282659
vt 0.451716 0.304853
vt 0.451716 0.304853
vt 0.500000 0.312500
vt 0.500000 0.312500
vt 0.548284 0.304853
vt 0.548284 0.304853
vt 0.591841 0.282659
vt 0.591841 0.282659
vt 0.626409 0.248091
vt 0.626409 0.248091
vt 0.648603 0.204534
vt 0.648603 0.204534
vt 0.656250 0.156250
vt 0.656250 0.156250
vt 0.648603 0.107966
vt 0.626409 0.064408
vt 0.591842 0.029841
vt 0.548284 0.007647
vt 0.500000 -0.000000
vt 0.451716 0.007647
vt 0.408159 0.029841
vt 0.373591 0.064409
vt 0.351397 0.107966
vt 0.343750 0.156250
vt 0.351397 0.204534
vt 0.373591 0.248091
vt 0.408159 0.282659
vt 0.451716 0.304853
vt 0.500000 0.312500
vt 0.548284 0.304853
vt 0.591841 0.282659
vt 0.626409 0.248091
vt 0.648603 0.204534
vt 0.656250 0.156250
vt 0.375000 0.312500
vt 0.387500 0.312500
vt 0.387500 0.687500
vt 0.375000 0.687500
vt 0.400000 0.312500
vt 0.400000 0.687500
vt 0.412500 0.312500
vt 0.412500 0.687500
vt 0.425000 0.312500
vt 0.425000 0.687500
vt 0.437500 0.312500
vt 0.437500 0.687500
vt 0.450000 0.312500
vt 0.450000 0.687500
vt 0.462500 0.312500
vt 0.462500 0.687500
vt 0.475000 0.312500
vt 0.475000 0.687500
vt 0.487500 0.312500
vt 0.487500 0.687500
vt 0.500000 0.312500
vt 0.500000 0.687500
vt 0.512500 0.312500
vt 0.512500 0.687500
vt 0.525000 0.312500
vt 0.525000 0.687500
vt 0.537500 0.312500
vt 0.537500 0.687500
vt 0.550000 0.312500
vt 0.550000 0.687500
vt 0.562500 0.312500
vt 0.562500 0.687500
vt 0.575000 0.312500
vt 0.575000 0.687500
vt 0.587500 0.312500
vt 0.587500 0.687500
vt 0.600000 0.312500
vt 0.600000 0.687500
vt 0.612500 0.312500
vt 0.612500 0.687500
vt 0.625000 0.312500
vt 0.625000 0.687500
vt 0.626409 0.064408
vt 0.648603 0.107966
vt 0.500000 0.156250
vt 0.591842 0.029841
vt 0.548284 0.007647
vt 0.500000 -0.000000
vt 0.451716 0.007647
vt 0.408159 0.029841
vt 0.373591 0.064409
vt 0.351397 0.107966
vt 0.343750 0.156250
vt 0.351397 0.204534
vt 0.373591 0.248091
vt 0.408159 0.282659
vt 0.451716 0.304853
vt 0.500000 0.312500
vt 0.548284 0.304853
vt 0.591841 0.282659
vt 0.626409 0.248091
vt 0.648603 0.204534
vt 0.656250 0.156250
vt 0.648603 0.892034
vt 0.626409 0.935591
vt 0.626409 0.935591
vt 0.648603 0.892034
vt 0.591841 0.970159
vt 0.591841 0.970159
vt 0.548284 0.992353
vt 0.548284 0.992353
vt 0.500000 1.000000
vt 0.500000 1.000000
vt 0.451716 0.992353
vt 0.451716 0.992353
vt 0.408159 0.970159
vt 0.408159 0.970159
vt 0.373591 0.935591
vt 0.373591 0.935591
vt 0.351397 0.892034
vt 0.351397 0.892034
vt 0.343750 0.843750
vt 0.343750 0.843750
vt 0.351397 0.795466
vt 0.351397 0.795466
vt 0.373591 0.751909
vt 0.373591 0.751909
vt 0.408159 0.717341
vt 0.408159 0.717341
vt 0.451716 0.695147
vt 0.451716 0.695147
vt 0.500000 0.687500
vt 0.500000 0.687500
vt 0.548284 0.695147
vt 0.548284 0.695147
vt 0.591842 0.717341
vt 0.591842 0.717341
vt 0.626409 0.751908
vt 0.626409 0.751908
vt 0.648603 0.795466
vt 0.648603 0.795466
vt 0.656250 0.843750
vt 0.656250 0.843750
vt 0.626409 0.935591
vt 0.648603 0.892034
vt 0.591841 0.970159
vt 0.548284 0.992353
vt 0.500000 1.000000
vt 0.451716 0.992353
vt 0.408159 0.970159
vt 0.373591 0.935591
vt 0.351397 0.892034
vt 0.343750 0.843750
vt 0.351397 0.795466
vt 0.373591 0.751909
vt 0.408159 0.717341
vt 0.451716 0.695147
vt 0.500000 0.687500
vt 0.548284 0.695147
vt 0.591842 0.717341
vt 0.626409 0.751908
vt 0.648603 0.795466
vt 0.656250 0.843750
vt 0.626409 0.935591
vt 0.648603 0.892034
vt 0.591841 0.970159
vt 0.548284 0.992353
vt 0.500000 1.000000
vt 0.451716 0.992353
vt 0.408159 0.970159
vt 0.373591 0.935591
vt 0.351397 0.892034
vt 0.343750 0.843750
vt 0.351397 0.795466
vt 0.373591 0.751909
vt 0.408159 0.717341
vt 0.451716 0.695147
vt 0.500000 0.687500
vt 0.548284 0.695147
vt 0.591842 0.717341
vt 0.626409 0.751908
vt 0.648603 0.795466
vt 0.656250 0.843750
vt 0.626409 0.064408
vt 0.648603 0.107966
vt 0.648603 0.107966
vt 0.626409 0.064408
vt 0.591842 0.029841
vt 0.591842 0.029841
vt 0.548284 0.007647
vt 0.548284 0.007647
vt 0.500000 -0.000000
vt 0.500000 -0.000000
vt 0.451716 0.007647
vt 0.451716 0.007647
vt 0.408159 0.029841
vt 0.408159 0.029841
vt 0.373591 0.064409
vt 0.373591 0.064409
vt 0.351397 0.107966
vt 0.351397 0.107966
vt 0.343750 0.156250
vt 0.343750 0.156250
vt 0.351397 0.204534
vt 0.351397 0.204534
vt 0.373591 0.248091
vt 0.373591 0.248091
vt 0.408159 0.282659
vt 0.408159 0.282659
vt 0.451716 0.304853
vt 0.451716 0.304853
vt 0.500000 0.312500
vt 0.500000 0.312500
vt 0.548284 0.304853
vt 0.548284 0.304853
vt 0.591841 0.282659
vt 0.591841 0.282659
vt 0.626409 0.248091
vt 0.626409 0.248091
vt 0.648603 0.204534
vt 0.648603 0.204534
vt 0.656250 0.156250
vt 0.656250 0.156250
vt 0.648603 0.107966
vt 0.626409 0.064408
vt 0.591842 0.029841
vt 0.548284 0.007647
vt 0.500000 -0.000000
vt 0.451716 0.007647
vt 0.408159 0.029841
vt 0.373591 0.064409
vt 0.351397 0.107966
vt 0.343750 0.156250
vt 0.351397 0.204534
vt 0.373591 0.248091
vt 0.408159 0.282659
vt 0.451716 0.304853
vt 0.500000 0.312500
vt 0.548284 0.304853
vt 0.591841 0.282659
vt 0.626409 0.248091
vt 0.648603 0.204534
vt 0.656250 0.156250
vn 0.000000 0.410474 0.911872
vn 0.000000 0.410474 0.911872
vn 0.000000 0.410474 0.911872
vn 0.000000 0.410474 0.911872
vn 0.000000 0.410468 -0.911875
vn 0.000000 0.410468 -0.911875
vn 0.000000 0.410468 -0.911875
vn 0.000000 0.410468 -0.911875
vn 0.911878 0.410461 0.000000
vn 0.911878 0.410461 0.000000
vn 0.911878 0.410461 0.000000
vn 0.911878 0.410461 0.000000
vn -0.911878 0.410461 0.000000
vn -0.911878 0.410461 0.000000
vn -0.911878 0.410461 0.000000
vn -0.911878 0.410461 0.000000
vn 0.000000 -1.000000 -0.000001
vn 0.000000 -1.000000 -0.000001
vn 0.000000 -1.000000 -0.000001
vn 0.000000 -1.000000 -0.000001
vn 0.000000 -1.000000 0.000000
vn 0.000000 -1.000000 0.000000
vn 0.000000 -1.000000 0.000000
vn 0.000000 -1.000000 0.000000
vn 0.000000 -1.000000 0.000001
vn 0.000000 -1.000000 0.000001
vn 0.000000 -1.000000 0.000001
vn 0.000000 -1.000000 0.000001
vn 0.000000 -1.000000 0.000000
vn 0.000000 -1.000000 0.000000
vn 0.000000 -1.000000 0.000000
vn 0.000000 -1.000000 0.000000
vn 0.000000 -0.399903 0.916557
vn 0.000000 -0.399903 0.916557
vn 0.000000 -0.399903 0.916558
vn 0.000000 -0.399903 0.916558
vn -0.916560 -0.399896 0.000000
vn -0.916560 -0.399896 0.000000
vn -0.916560 -0.399896 0.000000
vn -0.916560 -0.399896 0.000000
vn 0.000000 -0.399889 -0.916563
vn 0.000000 -0.399889 -0.916563
vn 0.000000 -0.399889 -0.916563
vn 0.000000 -0.399889 -0.916563
vn 0.916560 -0.399896 0.000000
vn 0.916560 -0.399896 0.000000
vn 0.916560 -0.399896 0.000000
vn 0.916560 -0.399896 0.000000
vn 0.000000 0.999063 0.043272
vn 0.000000 0.999063 0.043272
vn 0.000000 0.999063 0.043272
vn 0.000000 0.999063 0.043272
vn 0.043268 0.999063 0.000000
vn 0.043268 0.999064 0.000000
vn 0.043268 0.999064 0.000000
vn 0.043268 0.999063 0.000000
vn 0.000000 0.999064 -0.043266
vn 0.000000 0.999064 -0.043266
vn 0.000000 0.999064 -0.043266
vn 0.000000 0.999064 -0.043266
vn -0.043268 0.999063 0.000000
vn -0.043268 0.999063 0.000000
vn -0.043268 0.999063 0.000000
vn -0.043268 0.999063 0.000000
vn 0.000000 0.000000 1.000000
vn 0.000000 0.000000 1.000000
vn 0.000000 0.000000 1.000000
vn 0.000000 0.000000 1.000000
vn 0.000000 0.000000 -1.000000
vn 0.000000 0.000000 -1.000000
vn 0.000000 0.000000 -1.000000
vn 0.000000 0.000000 -1.000000
vn 1.000000 0.000000 0.000000
vn 1.000000 0.000000 0.000000
vn 1.000000 0.000000 0.000000
vn 1.000000 0.000000 0.000000
vn -1.000000 0.000000 0.000000
vn -1.000000 0.000000 0.000000
vn -1.000000 0.000000 0.000000
vn -1.000000 0.000000 0.000000
vn 0.000000 0.000000 -1.000000
vn 0.000000 0.000000 -1.000000
vn 0.000000 0.000000 -1.000000
vn 0.000000 0.000000 -1.000000
vn 0.000000 0.000000 1.000000
vn 0.000000 0.000000 1.000000
vn 0.000000 0.000000 1.000000
vn 0.000000 0.000000 1.000000
vn -1.000000 0.000000 0.000000
vn -1.000000 0.000000 0.000000
vn -1.000000 0.000000 0.000000
vn -1.000000 0.000000 0.000000
vn 1.000000 0.000000 0.000000
vn 1.000000 0.000000 0.000000
vn 1.000000 0.000000 0.000000
vn 1.000000 0.000000 0.000000
vn 0.951054 0.000000 -0.309025
vn 0.809008 0.000000 -0.587798
vn 0.809008 0.000000 -0.587798
vn 0.951054 0.000000 -0.309025
vn 0.587791 0.000000 -0.809013
vn 0.587791 0.000000 -0.809013
vn 0.309023 0.000000 -0.951055
vn 0.309023 0.000000 -0.951055
vn 0.000000 0.000000 -1.000000
vn 0.000000 0.000000 -1.000000
vn -0.309023 0.000000 -0.951055
vn -0.309023 0.000000 -0.951055
vn -0.587791 0.000000 -0.809013
vn -0.587791 0.000000 -0.809013
vn -0.809008 0.000000 -0.587798
vn -0.809008 0.000000 -0.587798
vn -0.951054 0.000000 -0.309025
vn -0.951054 0.000000 -0.309025
vn -1.000000 0.000000 0.000000
vn -1.000000 0.000000 0.000000
vn -0.951055 0.000000 0.309021
vn -0.951055 0.000000 0.309021
vn -0.809013 0.000000 0.587791
vn -0.809013 0.000000 0.587791
vn -0.587772 0.000000 0.809027
vn -0.587772 0.000000 0.809027
vn -0.308997 0.000000 0.951063
vn -0.308997 0.000000 0.951063
vn 0.000000 0.000000 1.000000
vn 0.000000 0.000000 1.000000
vn 0.308997 0.000000 0.951063
vn 0.308997 0.000000 0.951063
vn 0.587772 0.000000 0.809027
vn 0.587772 0.000000 0.809027
vn 0.809013 0.000000 0.587791
vn 0.809013 0.000000 0.587791
vn 0.951055 0.000000 0.309021
vn 0.951055 0.000000 0.309021
vn 1.000000 0.000000 0.000000
vn 1.000000 0.000000 0.000000
vn 0.000000 -1.000000 0.000000
vn 0.000000 -1.000000 0.000000
vn 0.000000 -1.000000 -0.000000
vn 0.000000 -1.000000 -0.000000
vn 0.000000 -1.000000 -0.000000
vn 0.000000 -1.000000 0.000000
vn 0.000000 -1.000000 0.000000
vn 0.000000 -1.000000 0.000000
vn 0.000000 -1.000000 0.000000
vn 0.000000 -1.000000 0.000000
vn 0.000000 -1.000000 0.000000
vn 0.000000 -1.000000 0.000000
vn 0.000000 -1.000000 0.000000
vn 0.000000 -1.000000 0.000000
vn 0.000000 -1.000000 0.000000
vn 0.000000 -1.000000 -0.000000
vn 0.000000 -1.000000 0.000000
vn 0.000000 -1.000000 0.000000
vn 0.000000 -1.000000 0.000000
vn 0.000000 -1.000000 0.000000
vn 0.000000 -1.000000 0.000000
vn 0.000000 1.000000 0.000000
vn 0.000000 1.000000 0.000000
vn 0.000000 1.000000 -0.000000
vn 0.000000 1.000000 0.000000
vn 0.000000 1.000000 0.000000
vn 0.000000 1.000000 0.000000
vn 0.000000 1.000000 0.000003
vn 0.000000 1.000000 -0.000003
vn 0.000000 1.000000 -0.000006
vn 0.000000 1.000000 0.000000
vn 0.000000 1.000000 0.000000
vn 0.000000 1.000000 0.000000
vn 0.000000 1.000000 0.000000
vn 0.000000 1.000000 -0.000006
vn 0.000000 1.000000 -0.000006
vn 0.000000 1.000000 0.000001
vn 0.000000 1.000000 0.000004
vn 0.000000 1.000000 0.000003
vn 0.000000 1.000000 0.000000
vn 0.000000 1.000000 0.000000
vn 0.000000 1.000000 0.000000
vn 0.172226 0.981141 -0.087757
vn 0.172226 0.981141 -0.087757
vn 0.172226 0.981141 -0.087757
vn 0.172226 0.981141 -0.087757
vn 0.136682 0.981140 -0.136682
vn 0.136682 0.981140 -0.136682
vn 0.136682 0.981140 -0.136682
vn 0.136682 0.981140 -0.136682
vn 0.087755 0.981140 -0.172228
vn 0.087755 0.981140 -0.172228
vn 0.087755 0.981140 -0.172228
vn 0.087755 0.981140 -0.172228
vn 0.030238 0.981141 -0.190916
vn 0.030238 0.981141 -0.190916
vn 0.030238 0.981141 -0.190916
vn 0.030238 0.981141 -0.190916
vn -0.030238 0.981141 -0.190916
vn -0.030238 0.981141 -0.190916
vn -0.030238 0.981141 -0.190916
vn -0.030238 0.981141 -0.190916
vn -0.087755 0.981140 -0.172228
vn -0.087755 0.981140 -0.172228
vn -0.087755 0.981140 -0.172228
vn -0.087755 0.981140 -0.172228
vn -0.136682 0.981140 -0.136682
vn -0.136682 0.981140 -0.136682
vn -0.136682 0.981140 -0.136682
vn -0.136682 0.981140 -0.136682
vn -0.172226 0.981141 -0.087757
vn -0.172226 0.981141 -0.087757
vn -0.172226 0.981141 -0.087757
vn -0.172226 0.981141 -0.087757
vn -0.190915 0.981141 -0.030238
vn -0.190915 0.981141 -0.030238
vn -0.190915 0.981141 -0.030238
vn -0.190915 0.981141 -0.030238
vn -0.190915 0.981141 0.030238
vn -0.190915 0.981141 0.030238
vn -0.190915 0.981141 0.030238
vn -0.190915 0.981141 0.030238
vn -0.172227 0.981141 0.087755
vn -0.172227 0.981141 0.087755
vn -0.172227 0.981141 0.087755
vn -0.172227 0.981141 0.087755
vn -0.136681 0.981141 0.136680
vn -0.136681 0.981141 0.136680
vn -0.136681 0.981141 0.136680
vn -0.136681 0.981141 0.136680
vn -0.087749 0.981140 0.172232
vn -0.087749 0.981140 0.172232
vn -0.087749 0.981140 0.172232
vn -0.087749 0.981140 0.172232
vn -0.030238 0.981140 0.190918
vn -0.030238 0.981140 0.190918
vn -0.030238 0.981140 0.190918
vn -0.030238 0.981140 0.190918
vn 0.030238 0.981140 0.190918
vn 0.030238 0.981140 0.190918
vn 0.030238 0.981140 0.190918
vn 0.030238 0.981140 0.190918
vn 0.087749 0.981140 0.172231
vn 0.087749 0.981140 0.172232
vn 0.087749 0.981140 0.172231
vn 0.087749 0.981140 0.172232
vn 0.136681 0.981141 0.136681
vn 0.136681 0.981141 0.136681
vn 0.136681 0.981141 0.136681
vn 0.136681 0.981141 0.136681
vn 0.172227 0.981141 0.087755
vn 0.172227 0.981141 0.087755
vn 0.172227 0.981141 0.087755
vn 0.172227 0.981141 0.087755
vn 0.190915 0.981141 0.030238
vn 0.190915 0.981141 0.030238
vn 0.190915 0.981141 0.030238
vn 0.190915 0.981141 0.030238
vn 0.190914 0.981141 -0.030238
vn 0.190914 0.981141 -0.030238
vn 0.190914 0.981141 -0.030238
vn 0.190914 0.981141 -0.030238
vn 0.850322 0.298733 -0.433257
vn 0.850322 0.298733 -0.433257
vn 0.850322 0.298733 -0.433257
vn 0.850322 0.298733 -0.433257
vn 0.674817 0.298736 -0.674817
vn 0.674817 0.298736 -0.674817
vn 0.674817 0.298736 -0.674817
vn 0.674817 0.298736 -0.674817
vn 0.433254 0.298734 -0.850323
vn 0.433254 0.298734 -0.850323
vn 0.433254 0.298734 -0.850323
vn 0.433254 0.298734 -0.850323
vn 0.149265 0.298731 -0.942592
vn 0.149265 0.298731 -0.942592
vn 0.149265 0.298731 -0.942592
vn 0.149265 0.298731 -0.942592
vn -0.149264 0.298731 -0.942592
vn -0.149264 0.298731 -0.942592
vn -0.149264 0.298731 -0.942592
vn -0.149264 0.298731 -0.942592
vn -0.433257 0.298733 -0.850322
vn -0.433257 0.298733 -0.850322
vn -0.433257 0.298733 -0.850322
vn -0.433257 0.298733 -0.850322
vn -0.674817 0.298736 -0.674817
vn -0.674817 0.298736 -0.674817
vn -0.674817 0.298736 -0.674817
vn -0.674817 0.298736 -0.674817
vn -0.850322 0.298733 -0.433257
vn -0.850322 0.298733 -0.433257
vn -0.850322 0.298733 -0.433257
vn -0.850322 0.298733 -0.433257
vn -0.942592 0.298731 -0.149264
vn -0.942592 0.298731 -0.149264
vn -0.942592 0.298731 -0.149264
vn -0.942592 0.298731 -0.149264
vn -0.942592 0.298731 0.149265
vn -0.942592 0.298731 0.149265
vn -0.942592 0.298731 0.149265
vn -0.942592 0.298731 0.149265
vn -0.850323 0.298734 0.433253
vn -0.850323 0.298734 0.433253
vn -0.850323 0.298734 0.433253
vn -0.850323 0.298734 0.433253
vn -0.674817 0.298736 0.674817
vn -0.674817 0.298736 0.674817
vn -0.674817 0.298736 0.674818
vn -0.674817 0.298736 0.674818
vn -0.433257 0.298733 0.850322
vn -0.433257 0.298733 0.850322
vn -0.433257 0.298733 0.850322
vn -0.433257 0.298733 0.850322
vn -0.149264 0.298731 0.942592
vn -0.149264 0.298731 0.942592
vn -0.149264 0.298731 0.942592
vn -0.149264 0.298731 0.942592
vn 0.149265 0.298731 0.942592
vn 0.149265 0.298731 0.942592
vn 0.149265 0.298731 0.942592
vn 0.149265 0.298731 0.942592
vn 0.433260 0.298736 0.850319
vn 0.433260 0.298736 0.850319
vn 0.433260 0.298736 0.850319
vn 0.433260 0.298736 0.850319
vn 0.674809 0.298739 0.674824
vn 0.674809 0.298739 0.674824
vn 0.674809 0.298739 0.674825
vn 0.674809 0.298739 0.674824
vn 0.850323 0.298734 0.433254
vn 0.850323 0.298734 0.433254
vn 0.850323 0.298734 0.433254
vn 0.850323 0.298734 0.433254
vn 0.942592 0.298731 0.149265
vn 0.942592 0.298731 0.149265
vn 0.942592 0.298731 0.149265
vn 0.942592 0.298731 0.149265
vn 0.942592 0.298731 -0.149264
vn 0.942592 0.298731 -0.149264
vn 0.942592 0.298731 -0.149264
vn 0.942592 0.298731 -0.149264
vn 0.891002 0.000000 -0.454000
vn 0.891002 0.000000 -0.454000
vn 0.891002 0.000000 -0.454000
vn 0.891002 0.000000 -0.454000
vn 0.707107 0.000000 -0.707107
vn 0.707107 0.000000 -0.707107
vn 0.707107 0.000000 -0.707107
vn 0.707107 0.000000 -0.707107
vn 0.453992 0.000000 -0.891006
vn 0.453992 0.000000 -0.891006
vn 0.453992 0.000000 -0.891006
vn 0.453992 0.000000 -0.891006
vn 0.156392 0.000000 -0.987695
vn 0.156392 0.000000 -0.987695
vn 0.156392 0.000000 -0.987695
vn 0.156392 0.000000 -0.987695
vn -0.156390 0.000000 -0.987695
vn -0.156390 0.000000 -0.987695
vn -0.156390 0.000000 -0.987695
vn -0.156390 0.000000 -0.987695
vn -0.454000 0.000000 -0.891002
vn -0.454000 0.000000 -0.891002
vn -0.454000 0.000000 -0.891002
vn -0.454000 0.000000 -0.891002
vn -0.707107 0.000000 -0.707107
vn -0.707107 0.000000 -0.707107
vn -0.707107 0.000000 -0.707107
vn -0.707107 0.000000 -0.707107
vn -0.891002 0.000000 -0.454000
vn -0.891002 0.000000 -0.454000
vn -0.891002 0.000000 -0.454000
vn -0.891002 0.000000 -0.454000
vn -0.987695 0.000000 -0.156390
vn -0.987695 0.000000 -0.156390
vn -0.987695 0.000000 -0.156390
vn -0.987695 0.000000 -0.156390
vn -0.987695 0.000000 0.156393
vn -0.987695 0.000000 0.156393
vn -0.987695 0.000000 0.156393
vn -0.987695 0.000000 0.156393
vn -0.891006 0.000000 0.453992
vn -0.891006 0.000000 0.453992
vn -0.891006 0.000000 0.453992
vn -0.891006 0.000000 0.453992
vn -0.707107 0.000000 0.707107
vn -0.707107 0.000000 0.707107
vn -0.707107 0.000000 0.707107
vn -0.707107 0.000000 0.707107
vn -0.454000 0.000000 0.891002
vn -0.454000 0.000000 0.891002
vn -0.454000 0.000000 0.891002
vn -0.454000 0.000000 0.891002
vn -0.156390 0.000000 0.987695
vn -0.156390 0.000000 0.987695
vn -0.156390 0.000000 0.987695
vn -0.156390 0.000000 0.987695
vn 0.156393 0.000000 0.987695
vn 0.156393 0.000000 0.987695
vn 0.156393 0.000000 0.987695
vn 0.156393 0.000000 0.987695
vn 0.454008 0.000000 0.890998
vn 0.454008 0.000000 0.890998
vn 0.454008 0.000000 0.890998
vn 0.454008 0.000000 0.890998
vn 0.707087 0.000000 0.707126
vn 0.707087 0.000000 0.707126
vn 0.707087 0.000000 0.707126
vn 0.707087 0.000000 0.707126
vn 0.891006 0.000000 0.453992
vn 0.891006 0.000000 0.453992
vn 0.891006 0.000000 0.453992
vn 0.891006 0.000000 0.453992
vn 0.987695 0.000000 0.156393
vn 0.987695 0.000000 0.156393
vn 0.987695 0.000000 0.156393
vn 0.987695 0.000000 0.156393
vn 0.987695 0.000000 -0.156390
vn 0.987695 0.000000 -0.156390
vn 0.987695 0.000000 -0.156390
vn 0.987695 0.000000 -0.156390
vn 0.868586 -0.222963 -0.442545
vn 0.868586 -0.222963 -0.442545
vn 0.868586 -0.222963 -0.442545
vn 0.868586 -0.222963 -0.442545
vn 0.689306 -0.222969 -0.689306
vn 0.689306 -0.222969 -0.689306
vn 0.689306 -0.222969 -0.689306
vn 0.689306 -0.222969 -0.689306
vn 0.442542 -0.222964 -0.868587
vn 0.442542 -0.222964 -0.868587
vn 0.442542 -0.222964 -0.868587
vn 0.442542 -0.222964 -0.868587
vn 0.152471 -0.222958 -0.962830
vn 0.152471 -0.222958 -0.962830
vn 0.152471 -0.222958 -0.962830
vn 0.152471 -0.222958 -0.962830
vn -0.152471 -0.222958 -0.962831
vn -0.152471 -0.222958 -0.962831
vn -0.152471 -0.222958 -0.962831
vn -0.152471 -0.222958 -0.962831
vn -0.442545 -0.222963 -0.868586
vn -0.442546 -0.222963 -0.868586
vn -0.442546 -0.222963 -0.868586
vn -0.442545 -0.222963 -0.868586
vn -0.689306 -0.222969 -0.689306
vn -0.689306 -0.222969 -0.689306
vn -0.689306 -0.222969 -0.689306
vn -0.689306 -0.222969 -0.689306
vn -0.868586 -0.222963 -0.442546
vn -0.868586 -0.222963 -0.442546
vn -0.868586 -0.222963 -0.442546
vn -0.868586 -0.222963 -0.442546
vn -0.962831 -0.222958 -0.152470
vn -0.962831 -0.222958 -0.152470
vn -0.962831 -0.222958 -0.152470
vn -0.962831 -0.222958 -0.152470
vn -0.962830 -0.222958 0.152471
vn -0.962830 -0.222958 0.152471
vn -0.962830 -0.222958 0.152471
vn -0.962830 -0.222958 0.152471
vn -0.868587 -0.222964 0.442542
vn -0.868587 -0.222964 0.442542
vn -0.868587 -0.222964 0.442542
vn -0.868587 -0.222964 0.442542
vn -0.689306 -0.222969 0.689306
vn -0.689306 -0.222969 0.689306
vn -0.689306 -0.222969 0.689306
vn -0.689306 -0.222969 0.689306
vn -0.442545 -0.222963 0.868586
vn -0.442545 -0.222963 0.868586
vn -0.442545 -0.222963 0.868586
vn -0.442545 -0.222963 0.868586
vn -0.152471 -0.222958 0.962830
vn -0.152471 -0.222958 0.962830
vn -0.152471 -0.222958 0.962831
vn -0.152471 -0.222958 0.962831
vn 0.152471 -0.222958 0.962830
vn 0.152471 -0.222958 0.962830
vn 0.152471 -0.222958 0.962830
vn 0.152471 -0.222958 0.962830
vn 0.442549 -0.222966 0.868583
vn 0.442549 -0.222966 0.868583
vn 0.442549 -0.222966 0.868583
vn 0.442549 -0.222966 0.868583
vn 0.689297 -0.222972 0.689314
vn 0.689297 -0.222972 0.689314
vn 0.689297 -0.222972 0.689314
vn 0.689297 -0.222972 0.689314
vn 0.868587 -0.222964 0.442542
vn 0.868587 -0.222964 0.442542
vn 0.868587 -0.222964 0.442542
vn 0.868587 -0.222964 0.442542
vn 0.962830 -0.222958 0.152471
vn 0.962830 -0.222958 0.152471
vn 0.962830 -0.222958 0.152471
vn 0.962830 -0.222958 0.152471
vn 0.962831 -0.222958 -0.152470
vn 0.962831 -0.222958 -0.152470
vn 0.962831 -0.222958 -0.152470
vn 0.962831 -0.222958 -0.152470
vn 0.620169 -0.718014 -0.315985
vn 0.620169 -0.718014 -0.315985
vn 0.620169 -0.718014 -0.315985
vn 0.620169 -0.718015 -0.315985
vn 0.492172 -0.718007 -0.492171
vn 0.492172 -0.718007 -0.492171
vn 0.492172 -0.718007 -0.492171
vn 0.492172 -0.718007 -0.492171
vn 0.315974 -0.718008 -0.620182
vn 0.315974 -0.718008 -0.620182
vn 0.315974 -0.718008 -0.620182
vn 0.315974 -0.718008 -0.620182
vn 0.108877 -0.718011 -0.687463
vn 0.108877 -0.718011 -0.687463
vn 0.108877 -0.718011 -0.687463
vn 0.108877 -0.718011 -0.687463
vn -0.108877 -0.718011 -0.687464
vn -0.108877 -0.718011 -0.687464
vn -0.108877 -0.718011 -0.687464
vn -0.108877 -0.718011 -0.687464
vn -0.315974 -0.718008 -0.620182
vn -0.315974 -0.718008 -0.620182
vn -0.315974 -0.718008 -0.620182
vn -0.315974 -0.718008 -0.620182
vn -0.492172 -0.718008 -0.492171
vn -0.492172 -0.718008 -0.492171
vn -0.492172 -0.718008 -0.492171
vn -0.492172 -0.718008 -0.492171
vn -0.620168 -0.718014 -0.315985
vn -0.620168 -0.718014 -0.315985
vn -0.620168 -0.718014 -0.315985
vn -0.620168 -0.718014 -0.315985
vn -0.687469 -0.718011 -0.108843
vn -0.687469 -0.718011 -0.108843
vn -0.687469 -0.718011 -0.108843
vn -0.687469 -0.718011 -0.108843
vn -0.687469 -0.718011 0.108843
vn -0.687469 -0.718011 0.108843
vn -0.687469 -0.718011 0.108843
vn -0.687469 -0.718011 0.108843
vn -0.620169 -0.718014 0.315985
vn -0.620169 -0.718014 0.315985
vn -0.620169 -0.718014 0.315985
vn -0.620169 -0.718014 0.315985
vn -0.492172 -0.718007 0.492171
vn -0.492172 -0.718007 0.492171
vn -0.492172 -0.718007 0.492171
vn -0.492172 -0.718007 0.492171
vn -0.315974 -0.718008 0.620182
vn -0.315974 -0.718008 0.620182
vn -0.315974 -0.718008 0.620182
vn -0.315974 -0.718008 0.620182
vn -0.108878 -0.718011 0.687463
vn -0.108878 -0.718011 0.687463
vn -0.108878 -0.718011 0.687463
vn -0.108878 -0.718011 0.687463
vn 0.108877 -0.718010 0.687464
vn 0.108877 -0.718010 0.687464
vn 0.108877 -0.718010 0.687464
vn 0.108877 -0.718010 0.687464
vn 0.315974 -0.718008 0.620182
vn 0.315974 -0.718008 0.620182
vn 0.315974 -0.718008 0.620182
vn 0.315974 -0.718008 0.620182
vn 0.492172 -0.718008 0.492171
vn 0.492172 -0.718008 0.492171
vn 0.492172 -0.718008 0.492171
vn 0.492172 -0.718008 0.492171
vn 0.620168 -0.718014 0.315985
vn 0.620168 -0.718014 0.315985
vn 0.620168 -0.718014 0.315985
vn 0.620168 -0.718014 0.315985
vn 0.687469 -0.718011 0.108843
vn 0.687469 -0.718011 0.108843
vn 0.687469 -0.718011 0.108843
vn 0.687469 -0.718011 0.108843
vn 0.687469 -0.718011 -0.108843
vn 0.687469 -0.718011 -0.108843
vn 0.687469 -0.718011 -0.108843
vn 0.687469 -0.718011 -0.108843
vn 0.580076 -0.759050 -0.295560
vn 0.580076 -0.759050 -0.295560
vn 0.580075 -0.759050 -0.295560
vn 0.580075 -0.759050 -0.295560
vn 0.460338 -0.759056 -0.460351
vn 0.460338 -0.759056 -0.460351
vn 0.460338 -0.759056 -0.460351
vn 0.460338 -0.759056 -0.460351
vn 0.295560 -0.759067 -0.580053
vn 0.295560 -0.759067 -0.580053
vn 0.295560 -0.759067 -0.580053
vn 0.295560 -0.759067 -0.580053
vn 0.101812 -0.759069 -0.642999
vn 0.101812 -0.759069 -0.642999
vn 0.101812 -0.759069 -0.642999
vn 0.101812 -0.759069 -0.642999
vn -0.101812 -0.759072 -0.642997
vn -0.101812 -0.759072 -0.642997
vn -0.101812 -0.759072 -0.642997
vn -0.101812 -0.759072 -0.642997
vn -0.295561 -0.759067 -0.580052
vn -0.295561 -0.759067 -0.580052
vn -0.295561 -0.759067 -0.580052
vn -0.295561 -0.759067 -0.580052
vn -0.460338 -0.759056 -0.460351
vn -0.460338 -0.759056 -0.460351
vn -0.460338 -0.759056 -0.460351
vn -0.460338 -0.759056 -0.460351
vn -0.580075 -0.759050 -0.295561
vn -0.580075 -0.759050 -0.295561
vn -0.580075 -0.759050 -0.295561
vn -0.580075 -0.759050 -0.295561
vn -0.642999 -0.759070 -0.101812
vn -0.642999 -0.759070 -0.101812
vn -0.642999 -0.759070 -0.101812
vn -0.642999 -0.759070 -0.101812
vn -0.642999 -0.759070 0.101812
vn -0.642999 -0.759070 0.101812
vn -0.642999 -0.759070 0.101812
vn -0.642999 -0.759070 0.101812
vn -0.580075 -0.759050 0.295560
vn -0.580075 -0.759050 0.295560
vn -0.580075 -0.759050 0.295560
vn -0.580075 -0.759050 0.295560
vn -0.460338 -0.759056 0.460351
vn -0.460338 -0.759056 0.460351
vn -0.460338 -0.759056 0.460351
vn -0.460338 -0.759056 0.460351
vn -0.295560 -0.759067 0.580053
vn -0.295560 -0.759067 0.580053
vn -0.295560 -0.759067 0.580053
vn -0.295560 -0.759067 0.580053
vn -0.101812 -0.759068 0.643001
vn -0.101812 -0.759068 0.643001
vn -0.101812 -0.759068 0.643001
vn -0.101812 -0.759068 0.643001
vn 0.101812 -0.759070 0.642999
vn 0.101812 -0.759070 0.642999
vn 0.101812 -0.759070 0.642999
vn 0.101812 -0.759070 0.642999
vn 0.295561 -0.759067 0.580052
vn 0.295561 -0.759067 0.580052
vn 0.295561 -0.759067 0.580052
vn 0.295561 -0.759067 0.580052
vn 0.460338 -0.759056 0.460351
vn 0.460338 -0.759056 0.460351
vn 0.460338 -0.759056 0.460351
vn 0.460338 -0.759056 0.460351
vn 0.580075 -0.759050 0.295561
vn 0.580075 -0.759050 0.295561
vn 0.580075 -0.759050 0.295561
vn 0.580075 -0.759050 0.295561
vn 0.642999 -0.759070 0.101812
vn 0.642999 -0.759070 0.101812
vn 0.642999 -0.759070 0.101812
vn 0.642999 -0.759070 0.101812
vn 0.642999 -0.759070 -0.101812
vn 0.642999 -0.759070 -0.101812
vn 0.642999 -0.759070 -0.101812
vn 0.642999 -0.759070 -0.101812
vn 0.891017 0.000000 -0.453970
vn 0.891017 0.000000 -0.453970
vn 0.891017 0.000000 -0.453970
vn 0.891017 0.000000 -0.453970
vn 0.707088 0.000000 -0.707126
vn 0.707088 0.000000 -0.707126
vn 0.707088 0.000000 -0.707126
vn 0.707088 0.000000 -0.707126
vn 0.454033 0.000000 -0.890985
vn 0.454033 0.000000 -0.890985
vn 0.454033 0.000000 -0.890985
vn 0.454033 0.000000 -0.890985
vn 0.156356 0.000000 -0.987701
vn 0.156356 0.000000 -0.987701
vn 0.156356 0.000000 -0.987701
vn 0.156356 0.000000 -0.987701
vn -0.156356 0.000000 -0.987701
vn -0.156356 0.000000 -0.987701
vn -0.156356 0.000000 -0.987701
vn -0.156356 0.000000 -0.987701
vn -0.454033 0.000000 -0.890985
vn -0.454033 0.000000 -0.890985
vn -0.454033 0.000000 -0.890985
vn -0.454033 0.000000 -0.890985
vn -0.707088 0.000000 -0.707126
vn -0.707088 0.000000 -0.707126
vn -0.707088 0.000000 -0.707126
vn -0.707088 0.000000 -0.707126
vn -0.891017 0.000000 -0.453970
vn -0.891017 0.000000 -0.453970
vn -0.891017 0.000000 -0.453970
vn -0.891017 0.000000 -0.453970
vn -0.987689 0.000000 -0.156431
vn -0.987689 0.000000 -0.156431
vn -0.987689 0.000000 -0.156431
vn -0.987689 0.000000 -0.156431
vn -0.987689 0.000000 0.156431
vn -0.987689 0.000000 0.156431
vn -0.987689 0.000000 0.156431
vn -0.987689 0.000000 0.156431
vn -0.891017 0.000000 0.453970
vn -0.891017 0.000000 0.453970
vn -0.891017 0.000000 0.453970
vn -0.891017 0.000000 0.453970
vn -0.707088 0.000000 0.707126
vn -0.707088 0.000000 0.707126
vn -0.707088 0.000000 0.707126
vn -0.707088 0.000000 0.707126
vn -0.454033 0.000000 0.890985
vn -0.454033 0.000000 0.890985
vn -0.454033 0.000000 0.890985
vn -0.454033 0.000000 0.890985
vn -0.156357 0.000000 0.987701
vn -0.156357 0.000000 0.987701
vn -0.156357 0.000000 0.987701
vn -0.156357 0.000000 0.987701
vn 0.156357 0.000000 0.987701
vn 0.156357 0.000000 0.987701
vn 0.156357 0.000000 0.987701
vn 0.156357 0.000000 0.987701
vn 0.454033 0.000000 0.890985
vn 0.454033 0.000000 0.890985
vn 0.454033 0.000000 0.890985
vn 0.454033 0.000000 0.890985
vn 0.707088 0.000000 0.707126
vn 0.707088 0.000000 0.707126
vn 0.707088 0.000000 0.707126
vn 0.707088 0.000000 0.707126
vn 0.891017 0.000000 0.453970
vn 0.891017 0.000000 0.453970
vn 0.891017 0.000000 0.453970
vn 0.891017 0.000000 0.453970
vn 0.987689 0.000000 0.156431
vn 0.987689 0.000000 0.156431
vn 0.987689 0.000000 0.156431
vn 0.987689 0.000000 0.156431
vn 0.987689 0.000000 -0.156431
vn 0.987689 0.000000 -0.156431
vn 0.987689 0.000000 -0.156431
vn 0.987689 0.000000 -0.156431
vn 0.697780 0.621850 -0.355535
vn 0.697780 0.621850 -0.355535
vn 0.697780 0.621850 -0.355535
vn 0.697780 0.621850 -0.355535
vn 0.553747 0.621861 -0.553763
vn 0.553747 0.621861 -0.553763
vn 0.553747 0.621861 -0.553763
vn 0.553747 0.621861 -0.553763
vn 0.355537 0.621871 -0.697761
vn 0.355537 0.621871 -0.697761
vn 0.355537 0.621871 -0.697761
vn 0.355537 0.621871 -0.697761
vn 0.122481 0.621865 -0.773487
vn 0.122481 0.621865 -0.773487
vn 0.122481 0.621865 -0.773487
vn 0.122481 0.621865 -0.773487
vn -0.122480 0.621864 -0.773488
vn -0.122480 0.621864 -0.773488
vn -0.122480 0.621864 -0.773488
vn -0.122480 0.621864 -0.773488
vn -0.355541 0.621866 -0.697764
vn -0.355541 0.621866 -0.697764
vn -0.355541 0.621866 -0.697764
vn -0.355541 0.621866 -0.697764
vn -0.553747 0.621860 -0.553763
vn -0.553747 0.621860 -0.553763
vn -0.553747 0.621861 -0.553763
vn -0.553747 0.621860 -0.553763
vn -0.697780 0.621850 -0.355535
vn -0.697780 0.621850 -0.355535
vn -0.697780 0.621850 -0.355535
vn -0.697780 0.621850 -0.355535
vn -0.773489 0.621863 -0.122479
vn -0.773489 0.621863 -0.122479
vn -0.773489 0.621863 -0.122479
vn -0.773489 0.621863 -0.122479
vn -0.773487 0.621865 0.122480
vn -0.773487 0.621865 0.122480
vn -0.773488 0.621865 0.122480
vn -0.773487 0.621865 0.122480
vn -0.697779 0.621854 0.355530
vn -0.697779 0.621854 0.355530
vn -0.697779 0.621854 0.355530
vn -0.697779 0.621854 0.355530
vn -0.553747 0.621861 0.553763
vn -0.553747 0.621861 0.553763
vn -0.553747 0.621861 0.553763
vn -0.553747 0.621861 0.553763
vn -0.355541 0.621866 0.697763
vn -0.355541 0.621866 0.697763
vn -0.355541 0.621866 0.697763
vn -0.355541 0.621866 0.697763
vn -0.122480 0.621864 0.773488
vn -0.122480 0.621864 0.773488
vn -0.122480 0.621864 0.773488
vn -0.122480 0.621864 0.773488
vn 0.122481 0.621864 0.773488
vn 0.122481 0.621864 0.773488
vn 0.122481 0.621864 0.773488
vn 0.122481 0.621864 0.773488
vn 0.355536 0.621870 0.697762
vn 0.355536 0.621870 0.697762
vn 0.355536 0.621870 0.697762
vn 0.355536 0.621870 0.697762
vn 0.553747 0.621861 0.553763
vn 0.553747 0.621861 0.553763
vn 0.553747 0.621861 0.553763
vn 0.553747 0.621861 0.553763
vn 0.697779 0.621854 0.355531
vn 0.697779 0.621854 0.355531
vn 0.697779 0.621854 0.355531
vn 0.697779 0.621854 0.355531
vn 0.773488 0.621865 0.122480
vn 0.773488 0.621865 0.122480
vn 0.773488 0.621865 0.122481
vn 0.773488 0.621865 0.122480
vn 0.773489 0.621863 -0.122479
vn 0.773489 0.621863 -0.122479
vn 0.773489 0.621863 -0.122479
vn 0.773489 0.621863 -0.122479
vn 0.230392 0.965992 -0.117387
vn 0.230392 0.965992 -0.117387
vn 0.230392 0.965992 -0.117387
vn 0.230392 0.965992 -0.117387
vn 0.182842 0.965990 -0.182842
vn 0.182842 0.965990 -0.182842
vn 0.182842 0.965990 -0.182842
vn 0.182842 0.965990 -0.182842
vn 0.117383 0.965990 -0.230399
vn 0.117383 0.965991 -0.230399
vn 0.117383 0.965991 -0.230399
vn 0.117383 0.965991 -0.230399
vn 0.040457 0.965990 -0.255394
vn 0.040457 0.965990 -0.255394
vn 0.040457 0.965990 -0.255394
vn 0.040457 0.965990 -0.255394
vn -0.040456 0.965990 -0.255395
vn -0.040456 0.965990 -0.255395
vn -0.040456 0.965990 -0.255395
vn -0.040456 0.965990 -0.255395
vn -0.117385 0.965991 -0.230397
vn -0.117385 0.965991 -0.230397
vn -0.117385 0.965991 -0.230397
vn -0.117385 0.965991 -0.230397
vn -0.182842 0.965990 -0.182843
vn -0.182842 0.965990 -0.182843
vn -0.182842 0.965990 -0.182843
vn -0.182842 0.965990 -0.182843
vn -0.230392 0.965992 -0.117387
vn -0.230392 0.965992 -0.117387
vn -0.230392 0.965992 -0.117387
vn -0.230392 0.965992 -0.117387
vn -0.255396 0.965990 -0.040442
vn -0.255396 0.965990 -0.040442
vn -0.255396 0.965990 -0.040442
vn -0.255396 0.965990 -0.040442
vn -0.255396 0.965990 0.040445
vn -0.255396 0.965990 0.040445
vn -0.255396 0.965990 0.040445
vn -0.255396 0.965990 0.040445
vn -0.230393 0.965991 0.117386
vn -0.230393 0.965991 0.117386
vn -0.230393 0.965991 0.117386
vn -0.230393 0.965991 0.117386
vn -0.182842 0.965990 0.182842
vn -0.182842 0.965990 0.182842
vn -0.182842 0.965990 0.182842
vn -0.182842 0.965990 0.182842
vn -0.117385 0.965991 0.230397
vn -0.117385 0.965991 0.230397
vn -0.117385 0.965991 0.230397
vn -0.117385 0.965991 0.230397
vn -0.040456 0.965990 0.255393
vn -0.040456 0.965990 0.255393
vn -0.040456 0.965990 0.255393
vn -0.040456 0.965990 0.255393
vn 0.040457 0.965990 0.255394
vn 0.040457 0.965990 0.255394
vn 0.040457 0.965990 0.255394
vn 0.040457 0.965990 0.255394
vn 0.117383 0.965991 0.230399
vn 0.117383 0.965990 0.230399
vn 0.117383 0.965991 0.230399
vn 0.117383 0.965990 0.230399
vn 0.182842 0.965990 0.182843
vn 0.182842 0.965990 0.182843
vn 0.182842 0.965990 0.182843
vn 0.182842 0.965990 0.182843
vn 0.230393 0.965991 0.117386
vn 0.230393 0.965991 0.117386
vn 0.230393 0.965991 0.117386
vn 0.230393 0.965991 0.117386
vn 0.255393 0.965991 0.040435
vn 0.255393 0.965991 0.040435
vn 0.255393 0.965991 0.040435
vn 0.255393 0.965991 0.040435
vn 0.255393 0.965991 -0.040435
vn 0.255393 0.965991 -0.040435
vn 0.255393 0.965991 -0.040435
vn 0.255393 0.965991 -0.040435
vn 0.891029 0.000000 -0.453947
vn 0.891029 0.000000 -0.453947
vn 0.891029 0.000000 -0.453947
vn 0.891029 0.000000 -0.453947
vn 0.707107 0.000000 -0.707107
vn 0.707107 0.000000 -0.707107
vn 0.707107 0.000000 -0.707107
vn 0.707107 0.000000 -0.707107
vn 0.453939 0.000000 -0.891033
vn 0.453939 0.000000 -0.891033
vn 0.453939 0.000000 -0.891033
vn 0.453939 0.000000 -0.891033
vn 0.156478 0.000000 -0.987681
vn 0.156478 0.000000 -0.987681
vn 0.156478 0.000000 -0.987681
vn 0.156478 0.000000 -0.987681
vn -0.156475 0.000000 -0.987682
vn -0.156475 0.000000 -0.987682
vn -0.156475 0.000000 -0.987682
vn -0.156475 0.000000 -0.987682
vn -0.453947 0.000000 -0.891029
vn -0.453947 0.000000 -0.891029
vn -0.453947 0.000000 -0.891029
vn -0.453947 0.000000 -0.891029
vn -0.707107 0.000000 -0.707107
vn -0.707107 0.000000 -0.707107
vn -0.707107 0.000000 -0.707107
vn -0.707107 0.000000 -0.707107
vn -0.891029 0.000000 -0.453947
vn -0.891029 0.000000 -0.453947
vn -0.891029 0.000000 -0.453947
vn -0.891029 0.000000 -0.453947
vn -0.987682 0.000000 -0.156475
vn -0.987682 0.000000 -0.156475
vn -0.987682 0.000000 -0.156475
vn -0.987682 0.000000 -0.156475
vn -0.987682 0.000000 0.156475
vn -0.987682 0.000000 0.156475
vn -0.987682 0.000000 0.156475
vn -0.987682 0.000000 0.156475
vn -0.891029 0.000000 0.453947
vn -0.891029 0.000000 0.453947
vn -0.891029 0.000000 0.453947
vn -0.891029 0.000000 0.453947
vn -0.707107 0.000000 0.707107
vn -0.707107 0.000000 0.707107
vn -0.707107 0.000000 0.707107
vn -0.707107 0.000000 0.707107
vn -0.453947 0.000000 0.891029
vn -0.453947 0.000000 0.891029
vn -0.453947 0.000000 0.891029
vn -0.453947 0.000000 0.891029
vn -0.156475 0.000000 0.987682
vn -0.156475 0.000000 0.987682
vn -0.156475 0.000000 0.987682
vn -0.156475 0.000000 0.987682
vn 0.156478 0.000000 0.987682
vn 0.156478 0.000000 0.987682
vn 0.156478 0.000000 0.987682
vn 0.156478 0.000000 0.987682
vn 0.453939 0.000000 0.891033
vn 0.453939 0.000000 0.891033
vn 0.453939 0.000000 0.891033
vn 0.453939 0.000000 0.891033
vn 0.707107 0.000000 0.707107
vn 0.707107 0.000000 0.707107
vn 0.707107 0.000000 0.707107
vn 0.707107 0.000000 0.707107
vn 0.891029 0.000000 0.453947
vn 0.891029 0.000000 0.453947
vn 0.891029 0.000000 0.453947
vn 0.891029 0.000000 0.453947
vn 0.987694 0.000000 0.156402
vn 0.987694 0.000000 0.156402
vn 0.987694 0.000000 0.156402
vn 0.987694 0.000000 0.156402
vn 0.987694 0.000000 -0.156402
vn 0.987694 0.000000 -0.156402
vn 0.987694 0.000000 -0.156402
vn 0.987694 0.000000 -0.156402
vn 0.321634 -0.932575 -0.163877
vn 0.321634 -0.932575 -0.163877
vn 0.321634 -0.932575 -0.163877
vn 0.321634 -0.932575 -0.163877
vn 0.255252 -0.932576 -0.255242
vn 0.255252 -0.932576 -0.255242
vn 0.255252 -0.932576 -0.255242
vn 0.255252 -0.932576 -0.255242
vn 0.163861 -0.932575 -0.321640
vn 0.163861 -0.932575 -0.321640
vn 0.163861 -0.932576 -0.321640
vn 0.163861 -0.932575 -0.321640
vn 0.056466 -0.932572 -0.356540
vn 0.056466 -0.932572 -0.356540
vn 0.056466 -0.932572 -0.356540
vn 0.056466 -0.932572 -0.356540
vn -0.056466 -0.932572 -0.356540
vn -0.056466 -0.932572 -0.356540
vn -0.056466 -0.932572 -0.356540
vn -0.056466 -0.932572 -0.356540
vn -0.163879 -0.932573 -0.321640
vn -0.163879 -0.932573 -0.321640
vn -0.163879 -0.932573 -0.321640
vn -0.163879 -0.932573 -0.321640
vn -0.255247 -0.932574 -0.255256
vn -0.255247 -0.932574 -0.255256
vn -0.255247 -0.932574 -0.255256
vn -0.255247 -0.932574 -0.255256
vn -0.321634 -0.932575 -0.163876
vn -0.321634 -0.932575 -0.163876
vn -0.321634 -0.932575 -0.163876
vn -0.321634 -0.932575 -0.163876
vn -0.356534 -0.932575 -0.056463
vn -0.356534 -0.932575 -0.056463
vn -0.356534 -0.932575 -0.056463
vn -0.356534 -0.932575 -0.056463
vn -0.356534 -0.932575 0.056463
vn -0.356534 -0.932575 0.056463
vn -0.356534 -0.932575 0.056463
vn -0.356534 -0.932575 0.056463
vn -0.321634 -0.932575 0.163877
vn -0.321634 -0.932575 0.163877
vn -0.321634 -0.932575 0.163877
vn -0.321634 -0.932575 0.163877
vn -0.255247 -0.932574 0.255254
vn -0.255247 -0.932574 0.255254
vn -0.255247 -0.932574 0.255254
vn -0.255247 -0.932574 0.255254
vn -0.163879 -0.932573 0.321639
vn -0.163879 -0.932573 0.321639
vn -0.163879 -0.932573 0.321639
vn -0.163879 -0.932573 0.321639
vn -0.056466 -0.932572 0.356541
vn -0.056466 -0.932572 0.356541
vn -0.056466 -0.932572 0.356541
vn -0.056466 -0.932572 0.356541
vn 0.056466 -0.932572 0.356541
vn 0.056466 -0.932572 0.356541
vn 0.056466 -0.932572 0.356541
vn 0.056466 -0.932572 0.356541
vn 0.163878 -0.932573 0.321638
vn 0.163878 -0.932573 0.321638
vn 0.163878 -0.932573 0.321638
vn 0.163878 -0.932573 0.321638
vn 0.255247 -0.932574 0.255256
vn 0.255247 -0.932574 0.255256
vn 0.255247 -0.932574 0.255256
vn 0.255247 -0.932574 0.255256
vn 0.321634 -0.932575 0.163876
vn 0.321634 -0.932575 0.163876
vn 0.321634 -0.932575 0.163876
vn 0.321634 -0.932575 0.163876
vn 0.356532 -0.932576 0.056454
vn 0.356532 -0.932576 0.056454
vn 0.356532 -0.932576 0.056454
vn 0.356532 -0.932576 0.056454
vn 0.356532 -0.932576 -0.056456
vn 0.356532 -0.932576 -0.056456
vn 0.356532 -0.932576 -0.056456
vn 0.356532 -0.932576 -0.056456
vn 0.502873 -0.825513 -0.256218
vn 0.502873 -0.825513 -0.256218
vn 0.502873 -0.825513 -0.256218
vn 0.502873 -0.825513 -0.256218
vn 0.399085 -0.825519 -0.399061
vn 0.399085 -0.825519 -0.399061
vn 0.399085 -0.825519 -0.399061
vn 0.399085 -0.825519 -0.399061
vn 0.256206 -0.825526 -0.502858
vn 0.256206 -0.825526 -0.502858
vn 0.256206 -0.825526 -0.502858
vn 0.256206 -0.825526 -0.502858
vn 0.088270 -0.825534 -0.557407
vn 0.088270 -0.825534 -0.557407
vn 0.088270 -0.825534 -0.557407
vn 0.088270 -0.825534 -0.557407
vn -0.088271 -0.825534 -0.557406
vn -0.088271 -0.825534 -0.557406
vn -0.088271 -0.825534 -0.557406
vn -0.088271 -0.825534 -0.557406
vn -0.256214 -0.825531 -0.502845
vn -0.256214 -0.825531 -0.502845
vn -0.256214 -0.825531 -0.502845
vn -0.256215 -0.825531 -0.502845
vn -0.399072 -0.825524 -0.399064
vn -0.399072 -0.825524 -0.399064
vn -0.399072 -0.825524 -0.399064
vn -0.399072 -0.825524 -0.399064
vn -0.502873 -0.825513 -0.256217
vn -0.502873 -0.825513 -0.256218
vn -0.502873 -0.825513 -0.256218
vn -0.502873 -0.825513 -0.256218
vn -0.557444 -0.825508 -0.088277
vn -0.557444 -0.825508 -0.088277
vn -0.557444 -0.825508 -0.088277
vn -0.557444 -0.825508 -0.088277
vn -0.557444 -0.825508 0.088277
vn -0.557444 -0.825508 0.088277
vn -0.557443 -0.825508 0.088277
vn -0.557443 -0.825508 0.088277
vn -0.502873 -0.825513 0.256218
vn -0.502873 -0.825513 0.256218
vn -0.502873 -0.825513 0.256218
vn -0.502873 -0.825513 0.256218
vn -0.399072 -0.825524 0.399064
vn -0.399072 -0.825524 0.399064
vn -0.399072 -0.825524 0.399064
vn -0.399072 -0.825524 0.399064
vn -0.256206 -0.825526 0.502858
vn -0.256206 -0.825526 0.502858
vn -0.256206 -0.825526 0.502858
vn -0.256206 -0.825526 0.502858
vn -0.088273 -0.825521 0.557426
vn -0.088273 -0.825521 0.557426
vn -0.088273 -0.825521 0.557426
vn -0.088273 -0.825521 0.557426
vn 0.088273 -0.825521 0.557426
vn 0.088273 -0.825521 0.557426
vn 0.088273 -0.825521 0.557426
vn 0.088273 -0.825521 0.557426
vn 0.256206 -0.825525 0.502858
vn 0.256206 -0.825525 0.502858
vn 0.256206 -0.825525 0.502858
vn 0.256206 -0.825525 0.502858
vn 0.399072 -0.825524 0.399064
vn 0.399072 -0.825524 0.399064
vn 0.399072 -0.825524 0.399064
vn 0.399072 -0.825524 0.399064
vn 0.502873 -0.825513 0.256218
vn 0.502873 -0.825513 0.256218
vn 0.502873 -0.825513 0.256218
vn 0.502873 -0.825513 0.256217
vn 0.557443 -0.825508 0.088277
vn 0.557443 -0.825508 0.088277
vn 0.557443 -0.825508 0.088277
vn 0.557443 -0.825508 0.088277
vn 0.557444 -0.825508 -0.088277
vn 0.557444 -0.825508 -0.088277
vn 0.557444 -0.825508 -0.088277
vn 0.557444 -0.825508 -0.088277
vn 0.789632 -0.463275 -0.402315
vn 0.789632 -0.463275 -0.402315
vn 0.789632 -0.463275 -0.402315
vn 0.789632 -0.463275 -0.402315
vn 0.626665 -0.463255 -0.626646
vn 0.626665 -0.463255 -0.626646
vn 0.626665 -0.463255 -0.626646
vn 0.626665 -0.463255 -0.626646
vn 0.402333 -0.463233 -0.789648
vn 0.402333 -0.463233 -0.789648
vn 0.402333 -0.463233 -0.789648
vn 0.402333 -0.463233 -0.789648
vn 0.138635 -0.463225 -0.875330
vn 0.138635 -0.463225 -0.875330
vn 0.138635 -0.463225 -0.875330
vn 0.138635 -0.463225 -0.875330
vn -0.138635 -0.463225 -0.875330
vn -0.138635 -0.463225 -0.875330
vn -0.138635 -0.463225 -0.875330
vn -0.138635 -0.463225 -0.875330
vn -0.402333 -0.463233 -0.789648
vn -0.402333 -0.463233 -0.789648
vn -0.402333 -0.463233 -0.789648
vn -0.402333 -0.463233 -0.789648
vn -0.626665 -0.463255 -0.626646
vn -0.626665 -0.463255 -0.626646
vn -0.626665 -0.463255 -0.626646
vn -0.626665 -0.463255 -0.626646
vn -0.789632 -0.463275 -0.402314
vn -0.789632 -0.463275 -0.402314
vn -0.789632 -0.463275 -0.402314
vn -0.789632 -0.463275 -0.402314
vn -0.875298 -0.463288 -0.138630
vn -0.875298 -0.463288 -0.138630
vn -0.875298 -0.463288 -0.138630
vn -0.875298 -0.463288 -0.138630
vn -0.875297 -0.463288 0.138630
vn -0.875297 -0.463288 0.138630
vn -0.875297 -0.463288 0.138630
vn -0.875297 -0.463288 0.138630
vn -0.789632 -0.463275 0.402315
vn -0.789632 -0.463275 0.402315
vn -0.789632 -0.463275 0.402315
vn -0.789632 -0.463275 0.402315
vn -0.626660 -0.463244 0.626660
vn -0.626659 -0.463244 0.626660
vn -0.626659 -0.463244 0.626660
vn -0.626660 -0.463244 0.626660
vn -0.402344 -0.463247 0.789634
vn -0.402345 -0.463247 0.789634
vn -0.402345 -0.463247 0.789634
vn -0.402344 -0.463247 0.789634
vn -0.138595 -0.463257 0.875319
vn -0.138595 -0.463257 0.875319
vn -0.138595 -0.463257 0.875320
vn -0.138595 -0.463257 0.875319
vn 0.138595 -0.463257 0.875320
vn 0.138595 -0.463257 0.875320
vn 0.138595 -0.463257 0.875320
vn 0.138595 -0.463257 0.875320
vn 0.402354 -0.463240 0.789633
vn 0.402354 -0.463240 0.789633
vn 0.402354 -0.463240 0.789633
vn 0.402354 -0.463240 0.789633
vn 0.626654 -0.463233 0.626674
vn 0.626654 -0.463233 0.626674
vn 0.626654 -0.463233 0.626674
vn 0.626654 -0.463233 0.626674
vn 0.789632 -0.463275 0.402314
vn 0.789632 -0.463275 0.402314
vn 0.789632 -0.463275 0.402314
vn 0.789632 -0.463275 0.402314
vn 0.875297 -0.463288 0.138630
vn 0.875298 -0.463288 0.138630
vn 0.875297 -0.463288 0.138630
vn 0.875297 -0.463288 0.138630
vn 0.875297 -0.463288 -0.138630
vn 0.875298 -0.463288 -0.138630
vn 0.875297 -0.463288 -0.138630
vn 0.875298 -0.463288 -0.138630
vn 0.860374 -0.259987 -0.438365
vn 0.860374 -0.259987 -0.438365
vn 0.860374 -0.259987 -0.438365
vn 0.860374 -0.259987 -0.438365
vn 0.682792 -0.259984 -0.682791
vn 0.682792 -0.259984 -0.682791
vn 0.682792 -0.259984 -0.682791
vn 0.682792 -0.259984 -0.682791
vn 0.438358 -0.259987 -0.860378
vn 0.438358 -0.259987 -0.860378
vn 0.438358 -0.259987 -0.860378
vn 0.438358 -0.259986 -0.860377
vn 0.151074 -0.259997 -0.953718
vn 0.151074 -0.259997 -0.953718
vn 0.151074 -0.259997 -0.953718
vn 0.151074 -0.259997 -0.953718
vn -0.151075 -0.259997 -0.953718
vn -0.151075 -0.259997 -0.953718
vn -0.151075 -0.259997 -0.953718
vn -0.151075 -0.259997 -0.953718
vn -0.438358 -0.259986 -0.860378
vn -0.438358 -0.259986 -0.860378
vn -0.438358 -0.259986 -0.860378
vn -0.438358 -0.259986 -0.860378
vn -0.682792 -0.259984 -0.682791
vn -0.682792 -0.259984 -0.682791
vn -0.682792 -0.259984 -0.682791
vn -0.682792 -0.259984 -0.682791
vn -0.860374 -0.259987 -0.438365
vn -0.860374 -0.259987 -0.438365
vn -0.860374 -0.259987 -0.438365
vn -0.860374 -0.259987 -0.438365
vn -0.953732 -0.259964 -0.151039
vn -0.953733 -0.259964 -0.151039
vn -0.953733 -0.259964 -0.151039
vn -0.953732 -0.259964 -0.151039
vn -0.953733 -0.259964 0.151039
vn -0.953732 -0.259964 0.151039
vn -0.953733 -0.259964 0.151039
vn -0.953732 -0.259964 0.151039
vn -0.860374 -0.259987 0.438365
vn -0.860374 -0.259987 0.438365
vn -0.860374 -0.259986 0.438365
vn -0.860374 -0.259987 0.438365
vn -0.682787 -0.260008 0.682787
vn -0.682787 -0.260008 0.682787
vn -0.682787 -0.260008 0.682787
vn -0.682787 -0.260008 0.682787
vn -0.438384 -0.260016 0.860355
vn -0.438384 -0.260016 0.860355
vn -0.438384 -0.260016 0.860355
vn -0.438384 -0.260016 0.860355
vn -0.151002 -0.259997 0.953730
vn -0.151002 -0.259997 0.953730
vn -0.151001 -0.259997 0.953730
vn -0.151001 -0.259997 0.953730
vn 0.151001 -0.259997 0.953730
vn 0.151001 -0.259997 0.953730
vn 0.151001 -0.259997 0.953730
vn 0.151001 -0.259997 0.953730
vn 0.438424 -0.259994 0.860342
vn 0.438424 -0.259994 0.860342
vn 0.438424 -0.259994 0.860342
vn 0.438424 -0.259994 0.860342
vn 0.682761 -0.259996 0.682817
vn 0.682761 -0.259996 0.682817
vn 0.682761 -0.259996 0.682817
vn 0.682761 -0.259996 0.682817
vn 0.860374 -0.259987 0.438365
vn 0.860374 -0.259987 0.438365
vn 0.860374 -0.259987 0.438365
vn 0.860374 -0.259987 0.438365
vn 0.953732 -0.259965 0.151039
vn 0.953732 -0.259965 0.151039
vn 0.953732 -0.259965 0.151039
vn 0.953732 -0.259964 0.151039
vn 0.953733 -0.259964 -0.151039
vn 0.953732 -0.259964 -0.151039
vn 0.953732 -0.259964 -0.151039
vn 0.953733 -0.259964 -0.151039
vn 0.891013 0.000000 -0.453978
vn 0.891013 0.000000 -0.453978
vn 0.891013 0.000000 -0.453978
vn 0.891013 0.000000 -0.453978
vn 0.707107 0.000000 -0.707107
vn 0.707107 0.000000 -0.707107
vn 0.707107 0.000000 -0.707107
vn 0.707107 0.000000 -0.707107
vn 0.453970 0.000000 -0.891017
vn 0.453970 0.000000 -0.891017
vn 0.453970 0.000000 -0.891017
vn 0.453970 0.000000 -0.891017
vn 0.156467 0.000000 -0.987683
vn 0.156467 0.000000 -0.987683
vn 0.156467 0.000000 -0.987683
vn 0.156467 0.000000 -0.987683
vn -0.156467 0.000000 -0.987683
vn -0.156467 0.000000 -0.987683
vn -0.156467 0.000000 -0.987683
vn -0.156467 0.000000 -0.987683
vn -0.453970 0.000000 -0.891017
vn -0.453970 0.000000 -0.891017
vn -0.453970 0.000000 -0.891017
vn -0.453970 0.000000 -0.891017
vn -0.707107 0.000000 -0.707107
vn -0.707107 0.000000 -0.707107
vn -0.707107 0.000000 -0.707107
vn -0.707107 0.000000 -0.707107
vn -0.891013 0.000000 -0.453978
vn -0.891013 0.000000 -0.453978
vn -0.891013 0.000000 -0.453978
vn -0.891013 0.000000 -0.453978
vn -0.987695 0.000000 -0.156395
vn -0.987695 0.000000 -0.156395
vn -0.987695 0.000000 -0.156395
vn -0.987695 0.000000 -0.156395
vn -0.987695 0.000000 0.156395
vn -0.987695 0.000000 0.156395
vn -0.987695 0.000000 0.156395
vn -0.987695 0.000000 0.156395
vn -0.891013 0.000000 0.453978
vn -0.891013 0.000000 0.453978
vn -0.891013 0.000000 0.453978
vn -0.891013 0.000000 0.453978
vn -0.707107 0.000020 0.707107
vn -0.707107 0.000020 0.707107
vn -0.707107 0.000020 0.707107
vn -0.707107 0.000020 0.707107
vn -0.454000 0.000025 0.891002
vn -0.454000 0.000025 0.891002
vn -0.454000 0.000025 0.891002
vn -0.454000 0.000025 0.891002
vn -0.156395 0.000000 0.987695
vn -0.156395 0.000000 0.987695
vn -0.156395 0.000000 0.987695
vn -0.156395 0.000000 0.987695
vn 0.156395 0.000000 0.987695
vn 0.156395 0.000000 0.987695
vn 0.156395 0.000000 0.987695
vn 0.156395 0.000000 0.987695
vn 0.454029 0.000000 0.890987
vn 0.454029 0.000000 0.890987
vn 0.454029 0.000000 0.890987
vn 0.454029 0.000000 0.890987
vn 0.707088 0.000000 0.707125
vn 0.707088 0.000000 0.707125
vn 0.707088 0.000000 0.707125
vn 0.707088 0.000000 0.707125
vn 0.891013 0.000000 0.453978
vn 0.891013 0.000000 0.453978
vn 0.891013 0.000000 0.453978
vn 0.891013 0.000000 0.453978
vn 0.987695 0.000000 0.156395
vn 0.987695 0.000000 0.156395
vn 0.987695 0.000000 0.156395
vn 0.987695 0.000000 0.156395
vn 0.987695 0.000000 -0.156395
vn 0.987695 0.000000 -0.156395
vn 0.987695 0.000000 -0.156395
vn 0.987695 0.000000 -0.156395
vn 0.882241 0.140066 -0.449480
vn 0.882241 0.140066 -0.449480
vn 0.882241 0.140065 -0.449480
vn 0.882241 0.140065 -0.449480
vn 0.700128 0.140057 -0.700147
vn 0.700128 0.140057 -0.700147
vn 0.700128 0.140057 -0.700147
vn 0.700128 0.140057 -0.700147
vn 0.449511 0.140051 -0.882228
vn 0.449511 0.140051 -0.882228
vn 0.449511 0.140051 -0.882228
vn 0.449511 0.140051 -0.882228
vn 0.154903 0.140051 -0.977952
vn 0.154903 0.140051 -0.977952
vn 0.154903 0.140051 -0.977952
vn 0.154903 0.140051 -0.977952
vn -0.154904 0.140051 -0.977952
vn -0.154904 0.140051 -0.977952
vn -0.154904 0.140051 -0.977952
vn -0.154904 0.140051 -0.977952
vn -0.449511 0.140051 -0.882228
vn -0.449511 0.140051 -0.882228
vn -0.449511 0.140051 -0.882228
vn -0.449511 0.140051 -0.882228
vn -0.700128 0.140057 -0.700147
vn -0.700128 0.140057 -0.700147
vn -0.700128 0.140057 -0.700147
vn -0.700128 0.140057 -0.700147
vn -0.882241 0.140065 -0.449480
vn -0.882241 0.140065 -0.449480
vn -0.882241 0.140065 -0.449480
vn -0.882241 0.140065 -0.449480
vn -0.977955 0.140072 -0.154866
vn -0.977955 0.140072 -0.154866
vn -0.977955 0.140072 -0.154866
vn -0.977955 0.140072 -0.154866
vn -0.977955 0.140072 0.154866
vn -0.977955 0.140072 0.154866
vn -0.977955 0.140072 0.154866
vn -0.977955 0.140072 0.154866
vn -0.882241 0.140065 0.449480
vn -0.882241 0.140066 0.449480
vn -0.882241 0.140066 0.449480
vn -0.882241 0.140065 0.449480
vn -0.700109 0.140057 0.700166
vn -0.700109 0.140057 0.700166
vn -0.700109 0.140057 0.700166
vn -0.700109 0.140057 0.700166
vn -0.449540 0.140070 0.882210
vn -0.449540 0.140070 0.882210
vn -0.449540 0.140070 0.882210
vn -0.449540 0.140070 0.882210
vn -0.154866 0.140072 0.977955
vn -0.154866 0.140072 0.977955
vn -0.154866 0.140072 0.977955
vn -0.154866 0.140072 0.977955
vn 0.154866 0.140072 0.977955
vn 0.154866 0.140072 0.977955
vn 0.154866 0.140072 0.977955
vn 0.154866 0.140072 0.977955
vn 0.449540 0.140070 0.882210
vn 0.449540 0.140070 0.882210
vn 0.449540 0.140070 0.882210
vn 0.449540 0.140070 0.882210
vn 0.700109 0.140057 0.700166
vn 0.700109 0.140057 0.700166
vn 0.700109 0.140057 0.700166
vn 0.700109 0.140057 0.700166
vn 0.882241 0.140065 0.449480
vn 0.882241 0.140065 0.449480
vn 0.882241 0.140065 0.449480
vn 0.882241 0.140065 0.449480
vn 0.977955 0.140072 0.154866
vn 0.977955 0.140072 0.154866
vn 0.977955 0.140072 0.154866
vn 0.977955 0.140072 0.154866
vn 0.977955 0.140072 -0.154866
vn 0.977955 0.140072 -0.154866
vn 0.977955 0.140072 -0.154866
vn 0.977955 0.140072 -0.154866
vn 0.847549 0.308589 -0.431779
vn 0.847549 0.308589 -0.431779
vn 0.847549 0.308589 -0.431779
vn 0.847549 0.308589 -0.431779
vn 0.672576 0.308591 -0.672617
vn 0.672576 0.308591 -0.672617
vn 0.672576 0.308591 -0.672617
vn 0.672576 0.308591 -0.672617
vn 0.431851 0.308590 -0.847512
vn 0.431851 0.308590 -0.847512
vn 0.431851 0.308590 -0.847512
vn 0.431851 0.308590 -0.847512
vn 0.148762 0.308605 -0.939485
vn 0.148762 0.308605 -0.939485
vn 0.148762 0.308605 -0.939485
vn 0.148762 0.308605 -0.939485
vn -0.148762 0.308605 -0.939485
vn -0.148762 0.308605 -0.939485
vn -0.148762 0.308605 -0.939485
vn -0.148762 0.308605 -0.939485
vn -0.431851 0.308590 -0.847512
vn -0.431851 0.308590 -0.847512
vn -0.431851 0.308590 -0.847512
vn -0.431851 0.308590 -0.847512
vn -0.672576 0.308591 -0.672617
vn -0.672576 0.308591 -0.672617
vn -0.672576 0.308591 -0.672617
vn -0.672576 0.308591 -0.672617
vn -0.847549 0.308589 -0.431779
vn -0.847549 0.308589 -0.431779
vn -0.847549 0.308589 -0.431779
vn -0.847549 0.308589 -0.431779
vn -0.939489 0.308573 -0.148803
vn -0.939489 0.308573 -0.148803
vn -0.939489 0.308573 -0.148803
vn -0.939489 0.308573 -0.148803
vn -0.939489 0.308573 0.148803
vn -0.939489 0.308573 0.148803
vn -0.939489 0.308573 0.148803
vn -0.939489 0.308573 0.148803
vn -0.847549 0.308589 0.431779
vn -0.847549 0.308589 0.431779
vn -0.847549 0.308589 0.431779
vn -0.847549 0.308589 0.431779
vn -0.672568 0.308580 0.672630
vn -0.672568 0.308580 0.672630
vn -0.672568 0.308580 0.672630
vn -0.672568 0.308580 0.672630
vn -0.431837 0.308575 0.847525
vn -0.431837 0.308575 0.847525
vn -0.431837 0.308575 0.847525
vn -0.431837 0.308575 0.847525
vn -0.148803 0.308573 0.939489
vn -0.148803 0.308573 0.939489
vn -0.148803 0.308573 0.939489
vn -0.148803 0.308573 0.939489
vn 0.148803 0.308574 0.939489
vn 0.148803 0.308574 0.939489
vn 0.148803 0.308574 0.939489
vn 0.148803 0.308574 0.939489
vn 0.431837 0.308575 0.847525
vn 0.431837 0.308575 0.847525
vn 0.431837 0.308575 0.847525
vn 0.431837 0.308575 0.847525
vn 0.672568 0.308580 0.672630
vn 0.672568 0.308580 0.672630
vn 0.672568 0.308580 0.672630
vn 0.672568 0.308580 0.672629
vn 0.847549 0.308589 0.431779
vn 0.847549 0.308589 0.431779
vn 0.847549 0.308589 0.431779
vn 0.847549 0.308589 0.431779
vn 0.939489 0.308573 0.148803
vn 0.939489 0.308573 0.148803
vn 0.939489 0.308573 0.148803
vn 0.939489 0.308573 0.148803
vn 0.939489 0.308573 -0.148803
vn 0.939489 0.308573 -0.148803
vn 0.939489 0.308573 -0.148803
vn 0.939489 0.308573 -0.148803
vn 0.789453 0.463680 -0.402200
vn 0.789453 0.463680 -0.402200
vn 0.789453 0.463680 -0.402200
vn 0.789453 0.463680 -0.402200
vn 0.626485 0.463688 -0.626507
vn 0.626485 0.463688 -0.626507
vn 0.626485 0.463688 -0.626507
vn 0.626485 0.463688 -0.626507
vn 0.402251 0.463687 -0.789423
vn 0.402251 0.463687 -0.789423
vn 0.402251 0.463687 -0.789423
vn 0.402251 0.463687 -0.789423
vn 0.138552 0.463683 -0.875101
vn 0.138552 0.463683 -0.875101
vn 0.138551 0.463683 -0.875101
vn 0.138552 0.463683 -0.875101
vn -0.138551 0.463683 -0.875101
vn -0.138552 0.463683 -0.875101
vn -0.138551 0.463683 -0.875101
vn -0.138551 0.463683 -0.875101
vn -0.402251 0.463687 -0.789423
vn -0.402251 0.463687 -0.789423
vn -0.402251 0.463687 -0.789423
vn -0.402251 0.463687 -0.789423
vn -0.626485 0.463688 -0.626506
vn -0.626485 0.463688 -0.626506
vn -0.626485 0.463688 -0.626506
vn -0.626485 0.463688 -0.626506
vn -0.789453 0.463680 -0.402200
vn -0.789453 0.463680 -0.402200
vn -0.789453 0.463680 -0.402200
vn -0.789453 0.463680 -0.402200
vn -0.875098 0.463668 -0.138617
vn -0.875098 0.463668 -0.138617
vn -0.875098 0.463668 -0.138617
vn -0.875098 0.463668 -0.138617
vn -0.875098 0.463668 0.138617
vn -0.875099 0.463668 0.138617
vn -0.875098 0.463668 0.138617
vn -0.875098 0.463668 0.138617
vn -0.789453 0.463680 0.402200
vn -0.789453 0.463680 0.402200
vn -0.789453 0.463680 0.402200
vn -0.789453 0.463680 0.402200
vn -0.626485 0.463688 0.626507
vn -0.626485 0.463688 0.626507
vn -0.626485 0.463688 0.626507
vn -0.626485 0.463688 0.626507
vn -0.402237 0.463674 0.789438
vn -0.402237 0.463674 0.789438
vn -0.402237 0.463674 0.789438
vn -0.402237 0.463674 0.789438
vn -0.138595 0.463683 0.875094
vn -0.138595 0.463683 0.875094
vn -0.138595 0.463683 0.875094
vn -0.138595 0.463683 0.875094
vn 0.138594 0.463683 0.875094
vn 0.138594 0.463683 0.875094
vn 0.138594 0.463683 0.875094
vn 0.138594 0.463683 0.875094
vn 0.402237 0.463673 0.789438
vn 0.402237 0.463673 0.789438
vn 0.402237 0.463673 0.789438
vn 0.402237 0.463673 0.789438
vn 0.626485 0.463688 0.626506
vn 0.626485 0.463688 0.626506
vn 0.626485 0.463688 0.626506
vn 0.626485 0.463688 0.626506
vn 0.789453 0.463680 0.402200
vn 0.789453 0.463680 0.402200
vn 0.789453 0.463680 0.402201
vn 0.789453 0.463680 0.402201
vn 0.875098 0.463668 0.138617
vn 0.875098 0.463668 0.138617
vn 0.875098 0.463668 0.138617
vn 0.875098 0.463668 0.138617
vn 0.875098 0.463668 -0.138617
vn 0.875098 0.463668 -0.138617
vn 0.875098 0.463668 -0.138617
vn 0.875098 0.463668 -0.138617
vn 0.399351 -0.893937 -0.203460
vn 0.399351 -0.893937 -0.203460
vn 0.399351 -0.893937 -0.203460
vn 0.399351 -0.893937 -0.203460
vn 0.316917 -0.893939 -0.316918
vn 0.316917 -0.893939 -0.316918
vn 0.316917 -0.893939 -0.316918
vn 0.316917 -0.893939 -0.316918
vn 0.203469 -0.893932 -0.399356
vn 0.203469 -0.893932 -0.399356
vn 0.203469 -0.893932 -0.399356
vn 0.203469 -0.893932 -0.399356
vn 0.070104 -0.893926 -0.442698
vn 0.070104 -0.893926 -0.442698
vn 0.070104 -0.893926 -0.442698
vn 0.070104 -0.893926 -0.442698
vn -0.070104 -0.893928 -0.442694
vn -0.070104 -0.893928 -0.442694
vn -0.070104 -0.893928 -0.442694
vn -0.070104 -0.893928 -0.442694
vn -0.203469 -0.893932 -0.399357
vn -0.203469 -0.893932 -0.399357
vn -0.203469 -0.893932 -0.399357
vn -0.203469 -0.893932 -0.399357
vn -0.316917 -0.893939 -0.316917
vn -0.316917 -0.893939 -0.316917
vn -0.316917 -0.893939 -0.316917
vn -0.316917 -0.893939 -0.316917
vn -0.399351 -0.893937 -0.203460
vn -0.399351 -0.893937 -0.203460
vn -0.399351 -0.893937 -0.203460
vn -0.399351 -0.893937 -0.203460
vn -0.442686 -0.893932 -0.070112
vn -0.442686 -0.893932 -0.070112
vn -0.442686 -0.893932 -0.070112
vn -0.442686 -0.893932 -0.070112
vn -0.442686 -0.893931 0.070113
vn -0.442686 -0.893931 0.070113
vn -0.442686 -0.893932 0.070113
vn -0.442686 -0.893931 0.070113
vn -0.399351 -0.893937 0.203460
vn -0.399351 -0.893937 0.203460
vn -0.399351 -0.893937 0.203460
vn -0.399351 -0.893937 0.203460
vn -0.316918 -0.893942 0.316908
vn -0.316918 -0.893942 0.316908
vn -0.316918 -0.893942 0.316908
vn -0.316918 -0.893942 0.316908
vn -0.203462 -0.893941 0.399341
vn -0.203462 -0.893941 0.399341
vn -0.203462 -0.893941 0.399341
vn -0.203462 -0.893941 0.399341
vn -0.070101 -0.893936 0.442678
vn -0.070101 -0.893936 0.442678
vn -0.070101 -0.893936 0.442678
vn -0.070101 -0.893936 0.442678
vn 0.070101 -0.893936 0.442679
vn 0.070101 -0.893936 0.442679
vn 0.070101 -0.893936 0.442679
vn 0.070101 -0.893936 0.442679
vn 0.203486 -0.893932 0.399348
vn 0.203486 -0.893932 0.399348
vn 0.203486 -0.893932 0.399348
vn 0.203486 -0.893932 0.399348
vn 0.316917 -0.893936 0.316927
vn 0.316917 -0.893936 0.316927
vn 0.316917 -0.893936 0.316927
vn 0.316917 -0.893936 0.316927
vn 0.399351 -0.893937 0.203460
vn 0.399351 -0.893937 0.203460
vn 0.399351 -0.893937 0.203460
vn 0.399351 -0.893937 0.203460
vn 0.442686 -0.893932 0.070112
vn 0.442686 -0.893932 0.070112
vn 0.442686 -0.893932 0.070112
vn 0.442686 -0.893932 0.070112
vn 0.442686 -0.893932 -0.070113
vn 0.442686 -0.893931 -0.070113
vn 0.442686 -0.893931 -0.070113
vn 0.442686 -0.893932 -0.070113
vn 0.891025 0.000000 -0.453954
vn 0.891025 0.000000 -0.453954
vn 0.891025 0.000000 -0.453954
vn 0.891025 0.000000 -0.453954
vn 0.707108 0.000000 -0.707106
vn 0.707108 0.000000 -0.707106
vn 0.707108 0.000000 -0.707106
vn 0.707108 0.000000 -0.707106
vn 0.453946 0.000000 -0.891029
vn 0.453946 0.000000 -0.891029
vn 0.453946 0.000000 -0.891029
vn 0.453946 0.000000 -0.891029
vn 0.156422 0.000000 -0.987690
vn 0.156422 0.000000 -0.987690
vn 0.156422 0.000000 -0.987690
vn 0.156422 0.000000 -0.987690
vn -0.156420 0.000000 -0.987691
vn -0.156420 0.000000 -0.987691
vn -0.156420 0.000000 -0.987691
vn -0.156420 0.000000 -0.987691
vn -0.453946 0.000000 -0.891029
vn -0.453946 0.000000 -0.891029
vn -0.453946 0.000000 -0.891029
vn -0.453946 0.000000 -0.891029
vn -0.707108 0.000000 -0.707106
vn -0.707108 0.000000 -0.707106
vn -0.707108 0.000000 -0.707106
vn -0.707108 0.000000 -0.707106
vn -0.891025 0.000000 -0.453954
vn -0.891025 0.000000 -0.453954
vn -0.891025 0.000000 -0.453954
vn -0.891025 0.000000 -0.453954
vn -0.987691 0.000000 -0.156421
vn -0.987691 0.000000 -0.156421
vn -0.987691 0.000000 -0.156421
vn -0.987691 0.000000 -0.156421
vn -0.987691 0.000000 0.156421
vn -0.987691 0.000000 0.156421
vn -0.987691 0.000000 0.156421
vn -0.987691 0.000000 0.156421
vn -0.891025 0.000000 0.453954
vn -0.891025 0.000000 0.453954
vn -0.891025 0.000000 0.453954
vn -0.891025 0.000000 0.453954
vn -0.707128 0.000000 0.707086
vn -0.707128 0.000000 0.707086
vn -0.707128 0.000000 0.707086
vn -0.707128 0.000000 0.707086
vn -0.453946 0.000000 0.891029
vn -0.453946 0.000000 0.891029
vn -0.453946 0.000000 0.891029
vn -0.453946 0.000000 0.891029
vn -0.156420 0.000000 0.987691
vn -0.156420 0.000000 0.987691
vn -0.156420 0.000000 0.987691
vn -0.156420 0.000000 0.987691
vn 0.156420 0.000000 0.987691
vn 0.156420 0.000000 0.987691
vn 0.156420 0.000000 0.987691
vn 0.156420 0.000000 0.987691
vn 0.454011 0.000000 0.890996
vn 0.454011 0.000000 0.890996
vn 0.454011 0.000000 0.890996
vn 0.454011 0.000000 0.890996
vn 0.707087 0.000000 0.707126
vn 0.707087 0.000000 0.707126
vn 0.707087 0.000000 0.707126
vn 0.707087 0.000000 0.707126
vn 0.891025 0.000000 0.453954
vn 0.891025 0.000000 0.453954
vn 0.891025 0.000000 0.453954
vn 0.891025 0.000000 0.453954
vn 0.987691 0.000000 0.156421
vn 0.987691 0.000000 0.156421
vn 0.987691 0.000000 0.156421
vn 0.987691 0.000000 0.156421
vn 0.987691 0.000000 -0.156421
vn 0.987691 0.000000 -0.156421
vn 0.987691 0.000000 -0.156421
vn 0.987691 0.000000 -0.156421
vn 0.224968 0.967601 -0.114618
vn 0.224968 0.967601 -0.114618
vn 0.224968 0.967601 -0.114618
vn 0.224968 0.967601 -0.114618
vn 0.178530 0.967602 -0.178529
vn 0.178530 0.967602 -0.178529
vn 0.178530 0.967602 -0.178529
vn 0.178530 0.967602 -0.178529
vn 0.114615 0.967601 -0.224970
vn 0.114615 0.967601 -0.224970
vn 0.114615 0.967601 -0.224970
vn 0.114615 0.967601 -0.224970
vn 0.039496 0.967600 -0.249381
vn 0.039496 0.967600 -0.249381
vn 0.039496 0.967600 -0.249381
vn 0.039496 0.967600 -0.249381
vn -0.039496 0.967600 -0.249381
vn -0.039496 0.967600 -0.249381
vn -0.039496 0.967600 -0.249380
vn -0.039496 0.967600 -0.249381
vn -0.114615 0.967601 -0.224969
vn -0.114615 0.967601 -0.224969
vn -0.114615 0.967601 -0.224969
vn -0.114615 0.967601 -0.224969
vn -0.178530 0.967602 -0.178531
vn -0.178530 0.967602 -0.178531
vn -0.178530 0.967602 -0.178531
vn -0.178530 0.967602 -0.178531
vn -0.224968 0.967601 -0.114618
vn -0.224968 0.967601 -0.114618
vn -0.224968 0.967601 -0.114618
vn -0.224968 0.967601 -0.114618
vn -0.249381 0.967600 -0.039495
vn -0.249381 0.967600 -0.039495
vn -0.249381 0.967600 -0.039495
vn -0.249381 0.967600 -0.039495
vn -0.249381 0.967600 0.039495
vn -0.249381 0.967600 0.039495
vn -0.249381 0.967600 0.039495
vn -0.249381 0.967600 0.039495
vn -0.224969 0.967601 0.114618
vn -0.224969 0.967601 0.114618
vn -0.224969 0.967601 0.114618
vn -0.224969 0.967601 0.114618
vn -0.178531 0.967603 0.178527
vn -0.178531 0.967603 0.178527
vn -0.178531 0.967603 0.178527
vn -0.178531 0.967603 0.178527
vn -0.114612 0.967603 0.224963
vn -0.114612 0.967603 0.224963
vn -0.114612 0.967603 0.224963
vn -0.114612 0.967603 0.224963
vn -0.039495 0.967602 0.249372
vn -0.039495 0.967602 0.249372
vn -0.039495 0.967602 0.249372
vn -0.039495 0.967602 0.249372
vn 0.039495 0.967602 0.249373
vn 0.039495 0.967602 0.249373
vn 0.039495 0.967602 0.249373
vn 0.039495 0.967602 0.249373
vn 0.114626 0.967601 0.224963
vn 0.114626 0.967601 0.224963
vn 0.114626 0.967601 0.224963
vn 0.114626 0.967601 0.224963
vn 0.178526 0.967601 0.178539
vn 0.178526 0.967601 0.178539
vn 0.178526 0.967601 0.178539
vn 0.178526 0.967601 0.178539
vn 0.224969 0.967601 0.114618
vn 0.224969 0.967601 0.114618
vn 0.224969 0.967601 0.114618
vn 0.224969 0.967601 0.114618
vn 0.249380 0.967600 0.039495
vn 0.249381 0.967600 0.039495
vn 0.249380 0.967600 0.039495
vn 0.249380 0.967600 0.039495
vn 0.249381 0.967600 -0.039495
vn 0.249381 0.967600 -0.039495
vn 0.249381 0.967600 -0.039495
vn 0.249381 0.967600 -0.039495
vn 0.891015 0.000000 -0.453975
vn 0.891015 0.000000 -0.453975
vn 0.891015 0.000000 -0.453975
vn 0.891015 0.000000 -0.453975
vn 0.707106 0.000000 -0.707107
vn 0.707106 0.000000 -0.707107
vn 0.707106 0.000000 -0.707107
vn 0.707106 0.000000 -0.707107
vn 0.453962 0.000000 -0.891021
vn 0.453962 0.000000 -0.891021
vn 0.453962 0.000000 -0.891021
vn 0.453962 0.000000 -0.891021
vn 0.156438 0.000000 -0.987688
vn 0.156438 0.000000 -0.987688
vn 0.156438 0.000000 -0.987688
vn 0.156438 0.000000 -0.987688
vn -0.156438 0.000000 -0.987688
vn -0.156438 0.000000 -0.987688
vn -0.156438 0.000000 -0.987688
vn -0.156438 0.000000 -0.987688
vn -0.453962 0.000000 -0.891021
vn -0.453962 0.000000 -0.891021
vn -0.453962 0.000000 -0.891021
vn -0.453962 0.000000 -0.891021
vn -0.707106 0.000000 -0.707107
vn -0.707106 0.000000 -0.707107
vn -0.707106 0.000000 -0.707107
vn -0.707106 0.000000 -0.707107
vn -0.891015 0.000000 -0.453975
vn -0.891015 0.000000 -0.453975
vn -0.891015 0.000000 -0.453975
vn -0.891015 0.000000 -0.453975
vn -0.987688 0.000000 -0.156438
vn -0.987688 0.000000 -0.156438
vn -0.987688 0.000000 -0.156438
vn -0.987688 0.000000 -0.156438
vn -0.987688 0.000000 0.156439
vn -0.987688 0.000000 0.156439
vn -0.987688 0.000000 0.156439
vn -0.987688 0.000000 0.156439
vn -0.891021 0.000000 0.453962
vn -0.891021 0.000000 0.453962
vn -0.891021 0.000000 0.453962
vn -0.891021 0.000000 0.453962
vn -0.707091 0.000000 0.707123
vn -0.707091 0.000000 0.707123
vn -0.707091 0.000000 0.707123
vn -0.707091 0.000000 0.707123
vn -0.453962 0.000000 0.891021
vn -0.453962 0.000000 0.891021
vn -0.453962 0.000000 0.891021
vn -0.453962 0.000000 0.891021
vn -0.156439 0.000000 0.987688
vn -0.156439 0.000000 0.987688
vn -0.156439 0.000000 0.987688
vn -0.156439 0.000000 0.987688
vn 0.156438 0.000000 0.987688
vn 0.156438 0.000000 0.987688
vn 0.156438 0.000000 0.987688
vn 0.156438 0.000000 0.987688
vn 0.453976 0.000000 0.891014
vn 0.453976 0.000000 0.891014
vn 0.453976 0.000000 0.891014
vn 0.453976 0.000000 0.891014
vn 0.707074 0.000000 0.707139
vn 0.707074 0.000000 0.707139
vn 0.707074 0.000000 0.707139
vn 0.707074 0.000000 0.707139
vn 0.891021 0.000000 0.453962
vn 0.891021 0.000000 0.453962
vn 0.891021 0.000000 0.453962
vn 0.891021 0.000000 0.453962
vn 0.987688 0.000000 0.156439
vn 0.987688 0.000000 0.156439
vn 0.987688 0.000000 0.156439
vn 0.987688 0.000000 0.156439
vn 0.987688 0.000000 -0.156438
vn 0.987688 0.000000 -0.156438
vn 0.987688 0.000000 -0.156438
vn 0.987688 0.000000 -0.156438
vn 0.246836 0.960861 -0.125768
vn 0.246836 0.960861 -0.125768
vn 0.246836 0.960861 -0.125768
vn 0.246836 0.960861 -0.125768
vn 0.195888 0.960862 -0.195888
vn 0.195888 0.960862 -0.195888
vn 0.195888 0.960862 -0.195888
vn 0.195888 0.960862 -0.195888
vn 0.125764 0.960861 -0.246840
vn 0.125764 0.960861 -0.246840
vn 0.125764 0.960861 -0.246840
vn 0.125764 0.960861 -0.246840
vn 0.043333 0.960860 -0.273623
vn 0.043333 0.960860 -0.273623
vn 0.043333 0.960860 -0.273623
vn 0.043333 0.960861 -0.273623
vn -0.043333 0.960861 -0.273622
vn -0.043333 0.960861 -0.273622
vn -0.043333 0.960861 -0.273622
vn -0.043333 0.960861 -0.273622
vn -0.125764 0.960861 -0.246839
vn -0.125764 0.960861 -0.246839
vn -0.125764 0.960861 -0.246839
vn -0.125764 0.960861 -0.246839
vn -0.195888 0.960862 -0.195890
vn -0.195888 0.960862 -0.195890
vn -0.195888 0.960862 -0.195890
vn -0.195888 0.960862 -0.195890
vn -0.246836 0.960862 -0.125764
vn -0.246836 0.960862 -0.125764
vn -0.246836 0.960862 -0.125764
vn -0.246836 0.960862 -0.125764
vn -0.273617 0.960862 -0.043332
vn -0.273617 0.960862 -0.043332
vn -0.273617 0.960862 -0.043332
vn -0.273617 0.960862 -0.043332
vn -0.273617 0.960862 0.043332
vn -0.273617 0.960862 0.043332
vn -0.273617 0.960862 0.043332
vn -0.273617 0.960862 0.043332
vn -0.246836 0.960862 0.125765
vn -0.246836 0.960862 0.125765
vn -0.246836 0.960862 0.125765
vn -0.246836 0.960862 0.125765
vn -0.195884 0.960863 0.195889
vn -0.195884 0.960863 0.195889
vn -0.195884 0.960863 0.195889
vn -0.195884 0.960863 0.195889
vn -0.125764 0.960861 0.246840
vn -0.125764 0.960861 0.246840
vn -0.125764 0.960861 0.246840
vn -0.125764 0.960861 0.246840
vn -0.043333 0.960861 0.273622
vn -0.043333 0.960861 0.273622
vn -0.043333 0.960861 0.273622
vn -0.043333 0.960861 0.273622
vn 0.043333 0.960861 0.273622
vn 0.043333 0.960861 0.273622
vn 0.043333 0.960861 0.273622
vn 0.043333 0.960861 0.273622
vn 0.125767 0.960861 0.246839
vn 0.125767 0.960861 0.246839
vn 0.125767 0.960861 0.246839
vn 0.125767 0.960861 0.246839
vn 0.195883 0.960862 0.195893
vn 0.195883 0.960862 0.195893
vn 0.195883 0.960862 0.195893
vn 0.195883 0.960862 0.195893
vn 0.246836 0.960862 0.125762
vn 0.246836 0.960862 0.125762
vn 0.246836 0.960862 0.125762
vn 0.246836 0.960862 0.125762
vn 0.273617 0.960862 0.043332
vn 0.273617 0.960862 0.043332
vn 0.273617 0.960862 0.043332
vn 0.273617 0.960862 0.043332
vn 0.273617 0.960862 -0.043332
vn 0.273617 0.960862 -0.043332
vn 0.273617 0.960862 -0.043332
vn 0.273617 0.960862 -0.043332
vn 0.891011 0.000000 -0.453983
vn 0.891011 0.000000 -0.453983
vn 0.891011 0.000000 -0.453983
vn 0.891011 0.000000 -0.453983
vn 0.707107 0.000000 -0.707107
vn 0.707107 0.000000 -0.707107
vn 0.707107 0.000000 -0.707107
vn 0.707107 0.000000 -0.707107
vn 0.453982 0.000000 -0.891011
vn 0.453982 0.000000 -0.891011
vn 0.453982 0.000000 -0.891011
vn 0.453982 0.000000 -0.891011
vn 0.156383 0.000000 -0.987696
vn 0.156383 0.000000 -0.987696
vn 0.156383 0.000000 -0.987696
vn 0.156383 0.000000 -0.987696
vn -0.156384 0.000000 -0.987696
vn -0.156384 0.000000 -0.987696
vn -0.156384 0.000000 -0.987696
vn -0.156384 0.000000 -0.987696
vn -0.453982 0.000000 -0.891011
vn -0.453982 0.000000 -0.891011
vn -0.453982 0.000000 -0.891011
vn -0.453982 0.000000 -0.891011
vn -0.707107 0.000000 -0.707107
vn -0.707107 0.000000 -0.707107
vn -0.707107 0.000000 -0.707107
vn -0.707107 0.000000 -0.707107
vn -0.891011 0.000000 -0.453983
vn -0.891011 0.000000 -0.453983
vn -0.891011 0.000000 -0.453983
vn -0.891011 0.000000 -0.453983
vn -0.987696 0.000000 -0.156383
vn -0.987696 0.000000 -0.156383
vn -0.987696 0.000000 -0.156383
vn -0.987696 0.000000 -0.156383
vn -0.987696 0.000000 0.156384
vn -0.987696 0.000000 0.156384
vn -0.987696 0.000000 0.156384
vn -0.987696 0.000000 0.156384
vn -0.891011 0.000000 0.453983
vn -0.891011 0.000000 0.453983
vn -0.891011 0.000000 0.453983
vn -0.891011 0.000000 0.453983
vn -0.707107 0.000000 0.707107
vn -0.707107 0.000000 0.707107
vn -0.707107 0.000000 0.707107
vn -0.707107 0.000000 0.707107
vn -0.453982 0.000000 0.891011
vn -0.453982 0.000000 0.891011
vn -0.453982 0.000000 0.891011
vn -0.453982 0.000000 0.891011
vn -0.156384 0.000000 0.987696
vn -0.156384 0.000000 0.987696
vn -0.156384 0.000000 0.987696
vn -0.156384 0.000000 0.987696
vn 0.156384 0.000000 0.987696
vn 0.156384 0.000000 0.987696
vn 0.156384 0.000000 0.987696
vn 0.156384 0.000000 0.987696
vn 0.453982 0.000000 0.891011
vn 0.453982 0.000000 0.891011
vn 0.453982 0.000000 0.891011
vn 0.453982 0.000000 0.891011
vn 0.707107 0.000000 0.707107
vn 0.707107 0.000000 0.707107
vn 0.707107 0.000000 0.707107
vn 0.707107 0.000000 0.707107
vn 0.891011 0.000000 0.453983
vn 0.891011 0.000000 0.453983
vn 0.891011 0.000000 0.453983
vn 0.891011 0.000000 0.453983
vn 0.987696 0.000000 0.156384
vn 0.987696 0.000000 0.156384
vn 0.987696 0.000000 0.156384
vn 0.987696 0.000000 0.156384
vn 0.987696 0.000000 -0.156383
vn 0.987696 0.000000 -0.156383
vn 0.987696 0.000000 -0.156383
vn 0.987696 0.000000 -0.156383
vn 0.189253 0.977183 -0.096419
vn 0.189253 0.977183 -0.096419
vn 0.189253 0.977183 -0.096419
vn 0.189253 0.977183 -0.096419
vn 0.150193 0.977183 -0.150188
vn 0.150193 0.977183 -0.150188
vn 0.150193 0.977183 -0.150188
vn 0.150193 0.977183 -0.150188
vn 0.096425 0.977182 -0.189256
vn 0.096425 0.977182 -0.189256
vn 0.096425 0.977182 -0.189256
vn 0.096425 0.977182 -0.189256
vn 0.033221 0.977182 -0.209788
vn 0.033221 0.977182 -0.209788
vn 0.033221 0.977182 -0.209788
vn 0.033221 0.977182 -0.209788
vn -0.033221 0.977183 -0.209787
vn -0.033221 0.977183 -0.209787
vn -0.033221 0.977183 -0.209787
vn -0.033221 0.977183 -0.209787
vn -0.096425 0.977182 -0.189254
vn -0.096425 0.977182 -0.189254
vn -0.096425 0.977182 -0.189254
vn -0.096425 0.977182 -0.189254
vn -0.150193 0.977181 -0.150195
vn -0.150193 0.977181 -0.150195
vn -0.150193 0.977181 -0.150195
vn -0.150193 0.977181 -0.150195
vn -0.189253 0.977183 -0.096419
vn -0.189253 0.977183 -0.096419
vn -0.189253 0.977183 -0.096419
vn -0.189253 0.977183 -0.096419
vn -0.209790 0.977182 -0.033219
vn -0.209790 0.977182 -0.033219
vn -0.209790 0.977182 -0.033219
vn -0.209790 0.977182 -0.033219
vn -0.209790 0.977182 0.033219
vn -0.209790 0.977182 0.033219
vn -0.209790 0.977182 0.033219
vn -0.209790 0.977182 0.033219
vn -0.189253 0.977183 0.096419
vn -0.189253 0.977183 0.096419
vn -0.189253 0.977183 0.096419
vn -0.189253 0.977183 0.096419
vn -0.150193 0.977183 0.150188
vn -0.150193 0.977183 0.150188
vn -0.150193 0.977183 0.150188
vn -0.150193 0.977183 0.150188
vn -0.096425 0.977182 0.189256
vn -0.096425 0.977182 0.189256
vn -0.096425 0.977182 0.189256
vn -0.096425 0.977182 0.189256
vn -0.033221 0.977183 0.209785
vn -0.033221 0.977183 0.209785
vn -0.033221 0.977183 0.209785
vn -0.033221 0.977183 0.209785
vn 0.033221 0.977182 0.209792
vn 0.033221 0.977182 0.209792
vn 0.033221 0.977182 0.209792
vn 0.033221 0.977182 0.209792
vn 0.096425 0.977182 0.189254
vn 0.096425 0.977182 0.189254
vn 0.096425 0.977182 0.189254
vn 0.096425 0.977182 0.189254
vn 0.150193 0.977181 0.150195
vn 0.150193 0.977181 0.150195
vn 0.150193 0.977181 0.150195
vn 0.150193 0.977181 0.150195
vn 0.189253 0.977183 0.096419
vn 0.189253 0.977183 0.096419
vn 0.189253 0.977183 0.096419
vn 0.189253 0.977183 0.096419
vn 0.209790 0.977182 0.033219
vn 0.209790 0.977182 0.033219
vn 0.209790 0.977182 0.033219
vn 0.209790 0.977182 0.033219
vn 0.209790 0.977182 -0.033219
vn 0.209790 0.977182 -0.033219
vn 0.209790 0.977182 -0.033219
vn 0.209790 0.977182 -0.033219
vn 0.891022 0.000000 -0.453961
vn 0.891022 0.000000 -0.453961
vn 0.891022 0.000000 -0.453961
vn 0.891022 0.000000 -0.453961
vn 0.707106 0.000000 -0.707107
vn 0.707106 0.000000 -0.707107
vn 0.707106 0.000000 -0.707107
vn 0.707106 0.000000 -0.707107
vn 0.453960 0.000000 -0.891022
vn 0.453960 0.000000 -0.891022
vn 0.453960 0.000000 -0.891022
vn 0.453960 0.000000 -0.891022
vn 0.156442 0.000000 -0.987687
vn 0.156442 0.000000 -0.987687
vn 0.156442 0.000000 -0.987687
vn 0.156442 0.000000 -0.987687
vn -0.156442 0.000000 -0.987687
vn -0.156442 0.000000 -0.987687
vn -0.156442 0.000000 -0.987687
vn -0.156442 0.000000 -0.987687
vn -0.453960 0.000000 -0.891022
vn -0.453960 0.000000 -0.891022
vn -0.453960 0.000000 -0.891022
vn -0.453960 0.000000 -0.891022
vn -0.707106 0.000000 -0.707107
vn -0.707106 0.000000 -0.707107
vn -0.707106 0.000000 -0.707107
vn -0.707106 0.000000 -0.707107
vn -0.891022 0.000000 -0.453961
vn -0.891022 0.000000 -0.453961
vn -0.891022 0.000000 -0.453961
vn -0.891022 0.000000 -0.453961
vn -0.987687 0.000000 -0.156443
vn -0.987687 0.000000 -0.156443
vn -0.987687 0.000000 -0.156443
vn -0.987687 0.000000 -0.156443
vn -0.987687 0.000000 0.156443
vn -0.987687 0.000000 0.156443
vn -0.987687 0.000000 0.156443
vn -0.987687 0.000000 0.156443
vn -0.891022 0.000000 0.453960
vn -0.891022 0.000000 0.453960
vn -0.891022 0.000000 0.453960
vn -0.891022 0.000000 0.453960
vn -0.707106 0.000000 0.707108
vn -0.707106 0.000000 0.707108
vn -0.707106 0.000000 0.707108
vn -0.707106 0.000000 0.707108
vn -0.453960 0.000000 0.891022
vn -0.453960 0.000000 0.891022
vn -0.453960 0.000000 0.891022
vn -0.453960 0.000000 0.891022
vn -0.156442 0.000000 0.987687
vn -0.156442 0.000000 0.987687
vn -0.156442 0.000000 0.987687
vn -0.156442 0.000000 0.987687
vn 0.156442 0.000000 0.987687
vn 0.156442 0.000000 0.987687
vn 0.156442 0.000000 0.987687
vn 0.156442 0.000000 0.987687
vn 0.453960 0.000000 0.891022
vn 0.453960 0.000000 0.891022
vn 0.453960 0.000000 0.891022
vn 0.453960 0.000000 0.891022
vn 0.707106 0.000000 0.707108
vn 0.707106 0.000000 0.707108
vn 0.707106 0.000000 0.707108
vn 0.707106 0.000000 0.707108
vn 0.891022 0.000000 0.453960
vn 0.891022 0.000000 0.453960
vn 0.891022 0.000000 0.453960
vn 0.891022 0.000000 0.453960
vn 0.987687 0.000000 0.156443
vn 0.987687 0.000000 0.156443
vn 0.987687 0.000000 0.156443
vn 0.987687 0.000000 0.156443
vn 0.987687 0.000000 -0.156443
vn 0.987687 0.000000 -0.156443
vn 0.987687 0.000000 -0.156443
vn 0.987687 0.000000 -0.156443
vn 0.552000 -0.784983 -0.281244
vn 0.552000 -0.784983 -0.281244
vn 0.552000 -0.784983 -0.281244
vn 0.552000 -0.784983 -0.281244
vn 0.438067 -0.784979 -0.438070
vn 0.438067 -0.784979 -0.438070
vn 0.438067 -0.784979 -0.438070
vn 0.438067 -0.784979 -0.438070
vn 0.281245 -0.784983 -0.552000
vn 0.281245 -0.784983 -0.552000
vn 0.281245 -0.784983 -0.552000
vn 0.281245 -0.784983 -0.552000
vn 0.096910 -0.784982 -0.611893
vn 0.096910 -0.784982 -0.611893
vn 0.096910 -0.784982 -0.611893
vn 0.096910 -0.784982 -0.611893
vn -0.096911 -0.784985 -0.611888
vn -0.096911 -0.784985 -0.611888
vn -0.096911 -0.784985 -0.611888
vn -0.096911 -0.784985 -0.611888
vn -0.281245 -0.784983 -0.552000
vn -0.281245 -0.784983 -0.552000
vn -0.281245 -0.784983 -0.552000
vn -0.281245 -0.784983 -0.552000
vn -0.438067 -0.784979 -0.438070
vn -0.438067 -0.784979 -0.438070
vn -0.438067 -0.784979 -0.438070
vn -0.438067 -0.784979 -0.438070
vn -0.552000 -0.784983 -0.281244
vn -0.552000 -0.784983 -0.281244
vn -0.552000 -0.784983 -0.281244
vn -0.552000 -0.784983 -0.281244
vn -0.611891 -0.784983 -0.096910
vn -0.611891 -0.784983 -0.096910
vn -0.611891 -0.784983 -0.096910
vn -0.611891 -0.784983 -0.096910
vn -0.611891 -0.784983 0.096910
vn -0.611891 -0.784983 0.096910
vn -0.611891 -0.784983 0.096910
vn -0.611891 -0.784983 0.096910
vn -0.552000 -0.784983 0.281244
vn -0.552000 -0.784983 0.281244
vn -0.552000 -0.784983 0.281244
vn -0.552000 -0.784983 0.281244
vn -0.438067 -0.784979 0.438070
vn -0.438067 -0.784979 0.438070
vn -0.438067 -0.784979 0.438070
vn -0.438067 -0.784979 0.438070
vn -0.281245 -0.784983 0.552000
vn -0.281245 -0.784983 0.552000
vn -0.281245 -0.784983 0.552000
vn -0.281245 -0.784983 0.552000
vn -0.096910 -0.784983 0.611891
vn -0.096910 -0.784983 0.611891
vn -0.096910 -0.784983 0.611891
vn -0.096910 -0.784983 0.611890
vn 0.096910 -0.784983 0.611891
vn 0.096910 -0.784983 0.611891
vn 0.096910 -0.784983 0.611891
vn 0.096910 -0.784983 0.611891
vn 0.281245 -0.784983 0.552000
vn 0.281245 -0.784983 0.552000
vn 0.281245 -0.784983 0.552000
vn 0.281245 -0.784983 0.552000
vn 0.438067 -0.784979 0.438070
vn 0.438067 -0.784979 0.438070
vn 0.438067 -0.784979 0.438070
vn 0.438067 -0.784979 0.438070
vn 0.552000 -0.784983 0.281244
vn 0.552000 -0.784983 0.281244
vn 0.552000 -0.784983 0.281244
vn 0.552000 -0.784983 0.281244
vn 0.611891 -0.784983 0.096910
vn 0.611891 -0.784983 0.096910
vn 0.611891 -0.784983 0.096910
vn 0.611891 -0.784983 0.096910
vn 0.611891 -0.784983 -0.096910
vn 0.611891 -0.784983 -0.096910
vn 0.611891 -0.784983 -0.096910
vn 0.611891 -0.784983 -0.096910
vn 0.763626 -0.515257 -0.389082
vn 0.763626 -0.515257 -0.389082
vn 0.763626 -0.515257 -0.389082
vn 0.763626 -0.515257 -0.389082
vn 0.606022 -0.515265 -0.606002
vn 0.606022 -0.515265 -0.606002
vn 0.606022 -0.515265 -0.606002
vn 0.606022 -0.515265 -0.606002
vn 0.389077 -0.515271 -0.763619
vn 0.389077 -0.515271 -0.763619
vn 0.389077 -0.515271 -0.763619
vn 0.389077 -0.515271 -0.763619
vn 0.134049 -0.515268 -0.846481
vn 0.134049 -0.515268 -0.846481
vn 0.134049 -0.515268 -0.846481
vn 0.134049 -0.515268 -0.846481
vn -0.134048 -0.515267 -0.846482
vn -0.134048 -0.515267 -0.846482
vn -0.134048 -0.515267 -0.846482
vn -0.134048 -0.515267 -0.846482
vn -0.389076 -0.515270 -0.763620
vn -0.389076 -0.515270 -0.763620
vn -0.389076 -0.515270 -0.763620
vn -0.389076 -0.515270 -0.763620
vn -0.606022 -0.515264 -0.606004
vn -0.606022 -0.515264 -0.606004
vn -0.606022 -0.515264 -0.606004
vn -0.606022 -0.515264 -0.606004
vn -0.763627 -0.515257 -0.389081
vn -0.763627 -0.515257 -0.389081
vn -0.763627 -0.515257 -0.389081
vn -0.763627 -0.515257 -0.389081
vn -0.846476 -0.515267 -0.134082
vn -0.846476 -0.515267 -0.134082
vn -0.846476 -0.515267 -0.134082
vn -0.846476 -0.515267 -0.134082
vn -0.846476 -0.515267 0.134082
vn -0.846476 -0.515267 0.134082
vn -0.846476 -0.515267 0.134082
vn -0.846476 -0.515267 0.134082
vn -0.763626 -0.515257 0.389082
vn -0.763626 -0.515257 0.389082
vn -0.763626 -0.515257 0.389082
vn -0.763626 -0.515257 0.389082
vn -0.606022 -0.515265 0.606002
vn -0.606022 -0.515265 0.606002
vn -0.606022 -0.515265 0.606002
vn -0.606022 -0.515265 0.606002
vn -0.389077 -0.515271 0.763619
vn -0.389077 -0.515271 0.763619
vn -0.389077 -0.515271 0.763619
vn -0.389077 -0.515271 0.763619
vn -0.134049 -0.515268 0.846481
vn -0.134049 -0.515268 0.846481
vn -0.134049 -0.515268 0.846481
vn -0.134049 -0.515268 0.846481
vn 0.134048 -0.515266 0.846482
vn 0.134048 -0.515266 0.846482
vn 0.134048 -0.515266 0.846482
vn 0.134048 -0.515266 0.846482
vn 0.389076 -0.515270 0.763620
vn 0.389076 -0.515270 0.763620
vn 0.389076 -0.515270 0.763620
vn 0.389076 -0.515270 0.763620
vn 0.606022 -0.515264 0.606004
vn 0.606022 -0.515264 0.606004
vn 0.606022 -0.515264 0.606004
vn 0.606022 -0.515264 0.606004
vn 0.763627 -0.515257 0.389081
vn 0.763627 -0.515257 0.389081
vn 0.763627 -0.515257 0.389081
vn 0.763627 -0.515257 0.389081
vn 0.846476 -0.515267 0.134082
vn 0.846476 -0.515267 0.134082
vn 0.846476 -0.515267 0.134082
vn 0.846476 -0.515267 0.134082
vn 0.846476 -0.515267 -0.134082
vn 0.846476 -0.515267 -0.134082
vn 0.846476 -0.515267 -0.134082
vn 0.846476 -0.515267 -0.134082
vn 0.891009 0.000000 -0.453985
vn 0.891009 0.000000 -0.453985
vn 0.891009 0.000000 -0.453985
vn 0.891009 0.000000 -0.453985
vn 0.707125 0.000000 -0.707088
vn 0.707125 0.000000 -0.707088
vn 0.707125 0.000000 -0.707088
vn 0.707125 0.000000 -0.707088
vn 0.453985 0.000000 -0.891009
vn 0.453985 0.000000 -0.891009
vn 0.453985 0.000000 -0.891009
vn 0.453985 0.000000 -0.891009
vn 0.156403 0.000000 -0.987693
vn 0.156403 0.000000 -0.987693
vn 0.156403 0.000000 -0.987693
vn 0.156403 0.000000 -0.987693
vn -0.156403 0.000000 -0.987693
vn -0.156403 0.000000 -0.987693
vn -0.156403 0.000000 -0.987693
vn -0.156403 0.000000 -0.987693
vn -0.453985 0.000000 -0.891009
vn -0.453985 0.000000 -0.891009
vn -0.453985 0.000000 -0.891009
vn -0.453985 0.000000 -0.891009
vn -0.707125 0.000000 -0.707088
vn -0.707125 0.000000 -0.707088
vn -0.707125 0.000000 -0.707088
vn -0.707125 0.000000 -0.707088
vn -0.891009 0.000000 -0.453985
vn -0.891009 0.000000 -0.453985
vn -0.891009 0.000000 -0.453985
vn -0.891009 0.000000 -0.453985
vn -0.987682 0.000000 -0.156475
vn -0.987682 0.000000 -0.156475
vn -0.987682 0.000000 -0.156475
vn -0.987682 0.000000 -0.156475
vn -0.987682 0.000000 0.156475
vn -0.987682 0.000000 0.156475
vn -0.987682 0.000000 0.156475
vn -0.987682 0.000000 0.156475
vn -0.891009 0.000000 0.453985
vn -0.891009 0.000000 0.453985
vn -0.891009 0.000000 0.453985
vn -0.891009 0.000000 0.453985
vn -0.707125 0.000000 0.707089
vn -0.707125 0.000000 0.707089
vn -0.707125 0.000000 0.707089
vn -0.707125 0.000000 0.707089
vn -0.453985 0.000000 0.891009
vn -0.453985 0.000000 0.891009
vn -0.453985 0.000000 0.891009
vn -0.453985 0.000000 0.891009
vn -0.156404 0.000000 0.987693
vn -0.156404 0.000000 0.987693
vn -0.156404 0.000000 0.987693
vn -0.156404 0.000000 0.987693
vn 0.156403 0.000000 0.987693
vn 0.156403 0.000000 0.987693
vn 0.156403 0.000000 0.987693
vn 0.156403 0.000000 0.987693
vn 0.453985 0.000000 0.891009
vn 0.453985 0.000000 0.891009
vn 0.453985 0.000000 0.891009
vn 0.453985 0.000000 0.891009
vn 0.707125 0.000000 0.707089
vn 0.707125 0.000000 0.707089
vn 0.707125 0.000000 0.707089
vn 0.707125 0.000000 0.707089
vn 0.891009 0.000000 0.453985
vn 0.891009 0.000000 0.453985
vn 0.891009 0.000000 0.453985
vn 0.891009 0.000000 0.453985
vn 0.987682 0.000000 0.156475
vn 0.987682 0.000000 0.156475
vn 0.987682 0.000000 0.156475
vn 0.987682 0.000000 0.156475
vn 0.987682 0.000000 -0.156475
vn 0.987682 0.000000 -0.156475
vn 0.987682 0.000000 -0.156475
vn 0.987682 0.000000 -0.156475
vn 0.865823 0.236115 -0.441135
vn 0.865823 0.236115 -0.441135
vn 0.865823 0.236115 -0.441135
vn 0.865823 0.236115 -0.441135
vn 0.687123 0.236113 -0.687105
vn 0.687123 0.236113 -0.687105
vn 0.687123 0.236113 -0.687105
vn 0.687123 0.236113 -0.687105
vn 0.441149 0.236124 -0.865814
vn 0.441149 0.236124 -0.865814
vn 0.441149 0.236124 -0.865814
vn 0.441149 0.236124 -0.865814
vn 0.151994 0.236116 -0.959764
vn 0.151994 0.236116 -0.959764
vn 0.151994 0.236116 -0.959764
vn 0.151994 0.236116 -0.959764
vn -0.151994 0.236117 -0.959764
vn -0.151994 0.236117 -0.959764
vn -0.151994 0.236117 -0.959764
vn -0.151994 0.236117 -0.959764
vn -0.441149 0.236124 -0.865813
vn -0.441149 0.236124 -0.865813
vn -0.441149 0.236124 -0.865813
vn -0.441149 0.236124 -0.865813
vn -0.687123 0.236113 -0.687104
vn -0.687123 0.236113 -0.687104
vn -0.687123 0.236113 -0.687104
vn -0.687123 0.236113 -0.687104
vn -0.865823 0.236115 -0.441135
vn -0.865823 0.236115 -0.441135
vn -0.865823 0.236115 -0.441135
vn -0.865823 0.236115 -0.441135
vn -0.959754 0.236136 -0.152029
vn -0.959754 0.236136 -0.152029
vn -0.959754 0.236136 -0.152029
vn -0.959754 0.236136 -0.152029
vn -0.959753 0.236136 0.152030
vn -0.959753 0.236136 0.152030
vn -0.959753 0.236136 0.152030
vn -0.959753 0.236136 0.152030
vn -0.865823 0.236115 0.441135
vn -0.865823 0.236115 0.441135
vn -0.865823 0.236115 0.441135
vn -0.865823 0.236115 0.441135
vn -0.687123 0.236113 0.687105
vn -0.687123 0.236113 0.687105
vn -0.687123 0.236113 0.687105
vn -0.687123 0.236113 0.687105
vn -0.441149 0.236124 0.865814
vn -0.441149 0.236124 0.865814
vn -0.441149 0.236124 0.865814
vn -0.441149 0.236124 0.865814
vn -0.151994 0.236116 0.959764
vn -0.151994 0.236116 0.959764
vn -0.151994 0.236116 0.959764
vn -0.151994 0.236116 0.959764
vn 0.151994 0.236117 0.959764
vn 0.151994 0.236117 0.959764
vn 0.151994 0.236117 0.959764
vn 0.151994 0.236117 0.959764
vn 0.441149 0.236124 0.865813
vn 0.441149 0.236124 0.865813
vn 0.441149 0.236124 0.865813
vn 0.441149 0.236124 0.865813
vn 0.687123 0.236113 0.687104
vn 0.687123 0.236113 0.687104
vn 0.687123 0.236113 0.687104
vn 0.687123 0.236113 0.687104
vn 0.865823 0.236115 0.441135
vn 0.865823 0.236115 0.441135
vn 0.865823 0.236115 0.441135
vn 0.865823 0.236115 0.441135
vn 0.959754 0.236136 0.152030
vn 0.959754 0.236136 0.152030
vn 0.959754 0.236136 0.152030
vn 0.959754 0.236136 0.152030
vn 0.959753 0.236136 -0.152030
vn 0.959753 0.236136 -0.152030
vn 0.959753 0.236136 -0.152030
vn 0.959753 0.236136 -0.152030
vn 0.783390 0.476451 -0.399117
vn 0.783390 0.476451 -0.399117
vn 0.783390 0.476451 -0.399117
vn 0.783390 0.476451 -0.399117
vn 0.621687 0.476455 -0.621688
vn 0.621687 0.476455 -0.621688
vn 0.621687 0.476455 -0.621688
vn 0.621687 0.476455 -0.621688
vn 0.399133 0.476461 -0.783376
vn 0.399133 0.476461 -0.783376
vn 0.399133 0.476461 -0.783376
vn 0.399133 0.476461 -0.783376
vn 0.137529 0.476473 -0.868366
vn 0.137529 0.476473 -0.868366
vn 0.137529 0.476473 -0.868366
vn 0.137529 0.476473 -0.868366
vn -0.137528 0.476470 -0.868367
vn -0.137528 0.476470 -0.868368
vn -0.137528 0.476470 -0.868367
vn -0.137528 0.476470 -0.868367
vn -0.399133 0.476461 -0.783376
vn -0.399133 0.476461 -0.783376
vn -0.399133 0.476461 -0.783376
vn -0.399133 0.476461 -0.783376
vn -0.621687 0.476455 -0.621688
vn -0.621687 0.476455 -0.621688
vn -0.621687 0.476455 -0.621688
vn -0.621687 0.476455 -0.621688
vn -0.783389 0.476450 -0.399119
vn -0.783389 0.476450 -0.399119
vn -0.783389 0.476450 -0.399119
vn -0.783389 0.476450 -0.399119
vn -0.868379 0.476449 -0.137531
vn -0.868379 0.476449 -0.137531
vn -0.868379 0.476449 -0.137531
vn -0.868379 0.476449 -0.137531
vn -0.868379 0.476449 0.137531
vn -0.868379 0.476449 0.137531
vn -0.868379 0.476449 0.137531
vn -0.868379 0.476449 0.137531
vn -0.783390 0.476451 0.399117
vn -0.783390 0.476451 0.399117
vn -0.783390 0.476451 0.399117
vn -0.783390 0.476451 0.399117
vn -0.621687 0.476455 0.621688
vn -0.621687 0.476455 0.621688
vn -0.621687 0.476455 0.621688
vn -0.621687 0.476455 0.621688
vn -0.399133 0.476461 0.783376
vn -0.399133 0.476461 0.783376
vn -0.399133 0.476461 0.783376
vn -0.399133 0.476461 0.783376
vn -0.137528 0.476471 0.868367
vn -0.137528 0.476471 0.868367
vn -0.137528 0.476471 0.868367
vn -0.137528 0.476471 0.868367
vn 0.137528 0.476472 0.868367
vn 0.137528 0.476472 0.868367
vn 0.137528 0.476472 0.868367
vn 0.137528 0.476472 0.868367
vn 0.399133 0.476461 0.783376
vn 0.399133 0.476461 0.783376
vn 0.399133 0.476461 0.783376
vn 0.399133 0.476461 0.783376
vn 0.621687 0.476455 0.621688
vn 0.621687 0.476455 0.621688
vn 0.621687 0.476455 0.621688
vn 0.621687 0.476455 0.621688
vn 0.783389 0.476450 0.399119
vn 0.783389 0.476450 0.399119
vn 0.783389 0.476450 0.399119
vn 0.783389 0.476450 0.399119
vn 0.868378 0.476449 0.137531
vn 0.868379 0.476449 0.137531
vn 0.868379 0.476449 0.137531
vn 0.868379 0.476449 0.137531
vn 0.868379 0.476449 -0.137531
vn 0.868379 0.476449 -0.137531
vn 0.868379 0.476449 -0.137531
vn 0.868379 0.476449 -0.137531
vn 0.636924 0.699303 -0.324504
vn 0.636924 0.699303 -0.324504
vn 0.636924 0.699303 -0.324504
vn 0.636924 0.699303 -0.324504
vn 0.505455 0.699306 -0.505456
vn 0.505455 0.699306 -0.505456
vn 0.505455 0.699306 -0.505456
vn 0.505455 0.699306 -0.505456
vn 0.324504 0.699304 -0.636923
vn 0.324504 0.699304 -0.636923
vn 0.324504 0.699304 -0.636923
vn 0.324504 0.699304 -0.636923
vn 0.111808 0.699299 -0.706031
vn 0.111808 0.699299 -0.706031
vn 0.111808 0.699299 -0.706031
vn 0.111808 0.699299 -0.706031
vn -0.111808 0.699299 -0.706031
vn -0.111808 0.699299 -0.706031
vn -0.111808 0.699299 -0.706031
vn -0.111808 0.699299 -0.706031
vn -0.324504 0.699304 -0.636923
vn -0.324504 0.699304 -0.636923
vn -0.324504 0.699304 -0.636923
vn -0.324504 0.699304 -0.636923
vn -0.505454 0.699305 -0.505459
vn -0.505454 0.699305 -0.505459
vn -0.505454 0.699305 -0.505459
vn -0.505454 0.699305 -0.505459
vn -0.636924 0.699303 -0.324504
vn -0.636924 0.699303 -0.324504
vn -0.636924 0.699303 -0.324504
vn -0.636924 0.699303 -0.324504
vn -0.706031 0.699299 -0.111807
vn -0.706031 0.699299 -0.111807
vn -0.706031 0.699299 -0.111807
vn -0.706031 0.699299 -0.111807
vn -0.706031 0.699299 0.111807
vn -0.706031 0.699299 0.111807
vn -0.706031 0.699299 0.111807
vn -0.706031 0.699299 0.111807
vn -0.636924 0.699303 0.324504
vn -0.636924 0.699303 0.324504
vn -0.636924 0.699303 0.324504
vn -0.636924 0.699303 0.324504
vn -0.505455 0.699306 0.505456
vn -0.505455 0.699306 0.505456
vn -0.505455 0.699306 0.505456
vn -0.505455 0.699306 0.505456
vn -0.324504 0.699304 0.636923
vn -0.324504 0.699304 0.636923
vn -0.324504 0.699304 0.636923
vn -0.324504 0.699304 0.636923
vn -0.111808 0.699300 0.706030
vn -0.111808 0.699300 0.706030
vn -0.111808 0.699300 0.706030
vn -0.111808 0.699300 0.706030
vn 0.111808 0.699299 0.706031
vn 0.111808 0.699299 0.706031
vn 0.111808 0.699299 0.706031
vn 0.111808 0.699299 0.706031
vn 0.324504 0.699304 0.636923
vn 0.324504 0.699304 0.636923
vn 0.324504 0.699304 0.636923
vn 0.324504 0.699304 0.636923
vn 0.505454 0.699305 0.505459
vn 0.505454 0.699305 0.505459
vn 0.505454 0.699305 0.505459
vn 0.505454 0.699305 0.505459
vn 0.636924 0.699303 0.324504
vn 0.636924 0.699303 0.324504
vn 0.636924 0.699303 0.324504
vn 0.636924 0.699303 0.324504
vn 0.706031 0.699299 0.111807
vn 0.706031 0.699299 0.111807
vn 0.706031 0.699299 0.111807
vn 0.706031 0.699299 0.111807
vn 0.706031 0.699299 -0.111807
vn 0.706031 0.699299 -0.111807
vn 0.706031 0.699299 -0.111807
vn 0.706031 0.699299 -0.111807
vn 0.951465 0.303938 -0.048323
vn 0.809892 0.583096 -0.063833
vn 0.811749 0.577916 -0.084122
vn 0.952812 0.300416 -0.043595
vn 0.589539 0.804118 -0.076410
vn 0.590809 0.798401 -0.116196
vn 0.310036 0.946956 -0.084573
vn 0.310451 0.940689 -0.136836
vn 0.000000 0.996177 -0.087362
vn 0.000000 0.989593 -0.143898
vn -0.310036 0.946956 -0.084573
vn -0.310452 0.940689 -0.136836
vn -0.589540 0.804117 -0.076410
vn -0.590807 0.798402 -0.116197
vn -0.809892 0.583096 -0.063833
vn -0.811753 0.577910 -0.084120
vn -0.951465 0.303938 -0.048323
vn -0.952811 0.300417 -0.043593
vn -0.999493 -0.004864 -0.031456
vn -0.999980 -0.006160 0.001201
vn -0.949573 -0.313193 -0.014876
vn -0.949102 -0.311607 0.045905
vn -0.806975 -0.590585 -0.000318
vn -0.805777 -0.585932 0.086069
vn -0.585789 -0.810387 0.011169
vn -0.584041 -0.803106 0.117973
vn -0.308142 -0.951163 0.018402
vn -0.306736 -0.941682 0.138378
vn 0.000000 -0.999781 0.020940
vn -0.000000 -0.989368 0.145432
vn 0.308141 -0.951163 0.018401
vn 0.306736 -0.941682 0.138378
vn 0.585789 -0.810386 0.011169
vn 0.584041 -0.803106 0.117973
vn 0.806975 -0.590585 -0.000318
vn 0.805777 -0.585932 0.086069
vn 0.949573 -0.313193 -0.014876
vn 0.949102 -0.311607 0.045905
vn 0.999493 -0.004864 -0.031456
vn 0.999980 -0.006169 0.001202
vn -0.000084 0.228479 -0.973549
vn -0.000263 0.227687 -0.973734
vn 0.000000 0.227233 -0.973840
vn 0.000494 0.226412 -0.974032
vn -0.000415 0.227805 -0.973707
vn 0.000000 0.227456 -0.973788
vn 0.000415 0.227812 -0.973705
vn -0.000494 0.226417 -0.974030
vn 0.000084 0.228473 -0.973550
vn 0.000263 0.227696 -0.973732
vn 0.000000 0.226322 -0.974052
vn -0.000070 0.226682 -0.973969
vn -0.000176 0.227266 -0.973833
vn 0.000051 0.226949 -0.973907
vn -0.000247 0.226828 -0.973935
vn 0.000000 0.227457 -0.973788
vn 0.000247 0.226834 -0.973933
vn -0.000051 0.226960 -0.973904
vn 0.000176 0.227256 -0.973835
vn 0.000070 0.226674 -0.973971
vn 0.000000 0.226312 -0.974055
vn 0.811887 0.572684 -0.113457
vn 0.953109 0.296868 -0.058759
vn 0.590252 0.791799 -0.157027
vn 0.309782 0.932604 -0.185165
vn 0.000000 0.980836 -0.194836
vn -0.309781 0.932604 -0.185165
vn -0.590247 0.791802 -0.157028
vn -0.811896 0.572672 -0.113454
vn -0.953108 0.296870 -0.058756
vn -0.999966 -0.008153 0.001566
vn -0.948197 -0.311705 0.061338
vn -0.803905 -0.583583 0.114746
vn -0.581567 -0.798222 0.156913
vn -0.304956 -0.934498 0.183615
vn 0.000000 -0.981253 0.192724
vn 0.304956 -0.934499 0.183614
vn 0.581567 -0.798222 0.156913
vn 0.803905 -0.583583 0.114746
vn 0.948197 -0.311705 0.061338
vn 0.999965 -0.008169 0.001567
vn 0.886303 0.442965 -0.135088
vn 0.886303 0.442965 -0.135088
vn 0.814487 0.508476 -0.279397
vn 0.954229 0.261601 -0.144956
vn 0.699161 0.684616 -0.206094
vn 0.699161 0.684616 -0.206094
vn 0.593993 0.705581 -0.386430
vn 0.445568 0.857941 -0.255748
vn 0.445568 0.857941 -0.255748
vn 0.312785 0.833301 -0.455824
vn 0.153442 0.947361 -0.281004
vn 0.153442 0.947361 -0.281004
vn 0.000215 0.877448 -0.479671
vn -0.153447 0.947360 -0.281004
vn -0.153447 0.947360 -0.281004
vn -0.312783 0.833293 -0.455839
vn -0.445555 0.857948 -0.255748
vn -0.445555 0.857948 -0.255748
vn -0.594092 0.705509 -0.386408
vn -0.699161 0.684616 -0.206094
vn -0.699161 0.684616 -0.206094
vn -0.814499 0.508459 -0.279395
vn -0.886332 0.442913 -0.135071
vn -0.886332 0.442913 -0.135071
vn -0.954241 0.261568 -0.144936
vn -0.987138 0.152724 -0.047275
vn -0.987138 0.152724 -0.047275
vn -0.999944 -0.010074 0.003235
vn -0.987151 -0.152451 0.047874
vn -0.987151 -0.152451 0.047874
vn -0.948097 -0.279911 0.150874
vn -0.887071 -0.439937 0.139859
vn -0.887071 -0.439937 0.139859
vn -0.804464 -0.521949 0.283562
vn -0.698965 -0.680923 0.218616
vn -0.698965 -0.680923 0.218616
vn -0.583750 -0.712945 0.388517
vn -0.446575 -0.851426 0.275034
vn -0.446575 -0.851426 0.275034
vn -0.307034 -0.835465 0.455773
vn -0.153953 -0.939960 0.304588
vn -0.153953 -0.939960 0.304588
vn 0.000000 -0.877749 0.479121
vn 0.153955 -0.939959 0.304589
vn 0.153955 -0.939959 0.304589
vn 0.307034 -0.835465 0.455773
vn 0.446574 -0.851427 0.275035
vn 0.446574 -0.851427 0.275035
vn 0.583350 -0.713207 0.388636
vn 0.698965 -0.680923 0.218616
vn 0.698965 -0.680923 0.218616
vn 0.804467 -0.521961 0.283529
vn 0.887071 -0.439937 0.139859
vn 0.887071 -0.439937 0.139859
vn 0.948158 -0.279755 0.150775
vn 0.987151 -0.152451 0.047874
vn 0.987151 -0.152451 0.047874
vn 0.999944 -0.010083 0.003239
vn 0.987149 0.152659 -0.047255
vn 0.987148 0.152659 -0.047255
vn 0.809022 0.485858 -0.330796
vn 0.951024 0.255527 -0.173955
vn 0.588008 0.668598 -0.455217
vn 0.308871 0.786219 -0.535218
vn 0.000400 0.826660 -0.562701
vn -0.308865 0.786206 -0.535242
vn -0.588231 0.668456 -0.455139
vn -0.809030 0.485844 -0.330795
vn -0.951044 0.255472 -0.173925
vn -1.000000 0.000028 -0.000017
vn -0.950994 -0.255598 0.174009
vn -0.808925 -0.485977 0.330857
vn -0.588289 -0.668448 0.455076
vn -0.309808 -0.785943 0.535082
vn 0.000000 -0.826606 0.562782
vn 0.309808 -0.785943 0.535082
vn 0.587593 -0.668883 0.455336
vn 0.808916 -0.486015 0.330823
vn 0.951120 -0.255289 0.173776
vn 1.000000 0.000029 -0.000016
vn 0.947142 0.302250 -0.107550
vn 0.809332 0.582337 -0.076582
vn 0.590954 0.805092 -0.051003
vn 0.311931 0.949495 -0.034038
vn 0.000000 0.999607 -0.028042
vn -0.311930 0.949495 -0.034035
vn -0.590954 0.805092 -0.051001
vn -0.809334 0.582334 -0.076582
vn -0.947142 0.302250 -0.107551
vn -0.990184 -0.004045 -0.139712
vn -0.936300 -0.307348 -0.169941
vn -0.792522 -0.577630 -0.195584
vn -0.573285 -0.790660 -0.214943
vn -0.301301 -0.926087 -0.227116
vn 0.000000 -0.972942 -0.231049
vn 0.301301 -0.926086 -0.227119
vn 0.573287 -0.790658 -0.214943
vn 0.792520 -0.577632 -0.195585
vn 0.936300 -0.307349 -0.169938
vn 0.990184 -0.004040 -0.139708
vn 0.930075 0.362231 -0.061238
vn 0.759325 0.649156 -0.044978
vn 0.527451 0.848501 -0.042917
vn 0.268146 0.962284 -0.045893
vn 0.000000 0.998869 -0.047558
vn -0.268142 0.962286 -0.045891
vn -0.527446 0.848504 -0.042916
vn -0.759339 0.649139 -0.044977
vn -0.930078 0.362223 -0.061240
vn -0.995033 0.017654 -0.097967
vn -0.932934 -0.326077 -0.152671
vn -0.763916 -0.609459 -0.212115
vn -0.531341 -0.805528 -0.262301
vn -0.270310 -0.916535 -0.294783
vn -0.000000 -0.952022 -0.306029
vn 0.270310 -0.916534 -0.294784
vn 0.531342 -0.805527 -0.262300
vn 0.763909 -0.609467 -0.212115
vn 0.932934 -0.326076 -0.152670
vn 0.995033 0.017659 -0.097963
vn 0.932141 0.362084 -0.002965
vn 0.741026 0.670645 -0.033410
vn 0.497085 0.864418 -0.075421
vn 0.245550 0.963328 -0.108186
vn -0.000000 0.992737 -0.120307
vn -0.245542 0.963330 -0.108187
vn -0.497078 0.864422 -0.075422
vn -0.741051 0.670618 -0.033408
vn -0.932144 0.362076 -0.002966
vn -0.999741 -0.021704 -0.006783
vn -0.919135 -0.390942 -0.048531
vn -0.730835 -0.673604 -0.110170
vn -0.495095 -0.852327 -0.168582
vn -0.247010 -0.946279 -0.208670
vn 0.000000 -0.974866 -0.222792
vn 0.247010 -0.946279 -0.208669
vn 0.495095 -0.852327 -0.168581
vn 0.730828 -0.673612 -0.110171
vn 0.919134 -0.390943 -0.048536
vn 0.999742 -0.021700 -0.006782
vn -0.951535 0.303721 0.048314
vn -0.810148 0.582739 0.063852
vn -0.811579 0.578158 0.084097
vn -0.952901 0.300136 0.043566
vn -0.588807 0.804664 0.076304
vn -0.590408 0.798695 0.116211
vn -0.309746 0.947057 0.084504
vn -0.311481 0.940341 0.136887
vn 0.000000 0.996174 0.087390
vn -0.000000 0.989551 0.144180
vn 0.309746 0.947057 0.084504
vn 0.311480 0.940341 0.136887
vn 0.588807 0.804664 0.076305
vn 0.590406 0.798697 0.116211
vn 0.810148 0.582738 0.063852
vn 0.811584 0.578152 0.084095
vn 0.951535 0.303721 0.048314
vn 0.952901 0.300138 0.043565
vn 0.999494 -0.004831 0.031432
vn 0.999980 -0.006216 -0.001214
vn 0.949622 -0.313039 0.014964
vn 0.949090 -0.311642 -0.045900
vn 0.806995 -0.590559 0.000278
vn 0.805751 -0.585965 -0.086085
vn 0.585752 -0.810415 -0.011111
vn 0.584463 -0.802815 -0.117860
vn 0.307863 -0.951254 -0.018347
vn 0.307308 -0.941522 -0.138195
vn -0.000000 -0.999784 -0.020767
vn 0.000000 -0.989402 -0.145204
vn -0.307863 -0.951254 -0.018346
vn -0.307308 -0.941522 -0.138195
vn -0.585753 -0.810414 -0.011112
vn -0.584463 -0.802815 -0.117860
vn -0.806995 -0.590558 0.000278
vn -0.805751 -0.585964 -0.086085
vn -0.949622 -0.313039 0.014964
vn -0.949090 -0.311642 -0.045900
vn -0.999494 -0.004831 0.031432
vn -0.999980 -0.006224 -0.001214
vn -0.000418 0.225874 0.974157
vn -0.000271 0.227465 0.973786
vn -0.000000 0.227197 0.973849
vn 0.000352 0.227454 0.973789
vn 0.000405 0.227758 0.973718
vn -0.000000 0.227454 0.973789
vn -0.000405 0.227740 0.973722
vn -0.000352 0.227447 0.973790
vn 0.000418 0.225868 0.974158
vn 0.000271 0.227459 0.973788
vn 0.000000 0.227594 0.973756
vn 0.000070 0.226687 0.973968
vn 0.000176 0.227255 0.973835
vn -0.000049 0.226961 0.973904
vn 0.000246 0.226836 0.973933
vn -0.000000 0.227455 0.973789
vn -0.000246 0.226828 0.973935
vn 0.000049 0.226956 0.973905
vn -0.000176 0.227255 0.973835
vn -0.000070 0.226689 0.973967
vn 0.000000 0.227598 0.973755
vn -0.811514 0.573203 0.113507
vn -0.953241 0.296470 0.058633
vn -0.590165 0.791861 0.157039
vn -0.311715 0.931984 0.185040
vn 0.000000 0.980836 0.194835
vn 0.311714 0.931984 0.185040
vn 0.590161 0.791864 0.157039
vn 0.811522 0.573191 0.113503
vn 0.953240 0.296472 0.058630
vn 0.999965 -0.008230 -0.001617
vn 0.948210 -0.311642 -0.061463
vn 0.803970 -0.583480 -0.114821
vn 0.582333 -0.797703 -0.156710
vn 0.305955 -0.934202 -0.183460
vn 0.000000 -0.981253 -0.192724
vn -0.305955 -0.934202 -0.183461
vn -0.582333 -0.797703 -0.156710
vn -0.803970 -0.583480 -0.114821
vn -0.948210 -0.311643 -0.061463
vn -0.999965 -0.008246 -0.001618
vn -0.886828 0.441979 0.134871
vn -0.886828 0.441979 0.134871
vn -0.814722 0.508200 0.279214
vn -0.954296 0.261386 0.144900
vn -0.698018 0.685638 0.206571
vn -0.698018 0.685638 0.206571
vn -0.593661 0.705790 0.386557
vn -0.447372 0.857020 0.255686
vn -0.447372 0.857020 0.255686
vn -0.312184 0.833489 0.455892
vn -0.150958 0.947792 0.280894
vn -0.150958 0.947792 0.280894
vn 0.000000 0.877476 0.479620
vn 0.150965 0.947791 0.280894
vn 0.150965 0.947791 0.280894
vn 0.312181 0.833489 0.455893
vn 0.447358 0.857026 0.255690
vn 0.447358 0.857026 0.255690
vn 0.593622 0.705812 0.386578
vn 0.698018 0.685638 0.206571
vn 0.698018 0.685638 0.206571
vn 0.814733 0.508183 0.279212
vn 0.886856 0.441928 0.134854
vn 0.886856 0.441928 0.134854
vn 0.954308 0.261353 0.144881
vn 0.987133 0.152749 0.047280
vn 0.987133 0.152749 0.047280
vn 0.999943 -0.010131 -0.003268
vn 0.987096 -0.152779 -0.047950
vn 0.987096 -0.152779 -0.047950
vn 0.948123 -0.279866 -0.150791
vn 0.887142 -0.439806 -0.139818
vn 0.887142 -0.439806 -0.139818
vn 0.804522 -0.521857 -0.283566
vn 0.699779 -0.680127 -0.218486
vn 0.699779 -0.680127 -0.218486
vn 0.583378 -0.713199 -0.388609
vn 0.446724 -0.851253 -0.275330
vn 0.446724 -0.851253 -0.275330
vn 0.306698 -0.835520 -0.455899
vn 0.153960 -0.939842 -0.304948
vn 0.153960 -0.939842 -0.304948
vn 0.000000 -0.877695 -0.479219
vn -0.153959 -0.939842 -0.304947
vn -0.153959 -0.939843 -0.304947
vn -0.306697 -0.835520 -0.455899
vn -0.446724 -0.851253 -0.275330
vn -0.446724 -0.851253 -0.275330
vn -0.583378 -0.713199 -0.388609
vn -0.699780 -0.680127 -0.218486
vn -0.699780 -0.680127 -0.218486
vn -0.804522 -0.521857 -0.283566
vn -0.887142 -0.439807 -0.139818
vn -0.887142 -0.439807 -0.139818
vn -0.948123 -0.279866 -0.150791
vn -0.987096 -0.152779 -0.047950
vn -0.987096 -0.152779 -0.047950
vn -0.999943 -0.010140 -0.003272
vn -0.987144 0.152684 0.047260
vn -0.987144 0.152684 0.047260
vn -0.809206 0.485671 0.330620
vn -0.951057 0.255452 0.173883
vn -0.587796 0.668766 0.455245
vn -0.308143 0.786434 0.535321
vn 0.000000 0.826653 0.562713
vn 0.308139 0.786436 0.535321
vn 0.587743 0.668797 0.455269
vn 0.809214 0.485657 0.330620
vn 0.951077 0.255397 0.173853
vn 1.000000 -0.000041 -0.000024
vn 0.951059 -0.255456 -0.173864
vn 0.808868 -0.486092 -0.330828
vn 0.587380 -0.669043 -0.455375
vn 0.309057 -0.786174 -0.535176
vn -0.000000 -0.826622 -0.562758
vn -0.309056 -0.786175 -0.535177
vn -0.587379 -0.669044 -0.455375
vn -0.808868 -0.486092 -0.330828
vn -0.951059 -0.255456 -0.173864
vn -1.000000 -0.000040 -0.000026
vn -0.947119 0.302301 0.107604
vn -0.810178 0.581117 0.076908
vn -0.590553 0.805382 0.051063
vn -0.310691 0.949907 0.033876
vn 0.000012 0.999611 0.027898
vn 0.310689 0.949908 0.033872
vn 0.590549 0.805385 0.051064
vn 0.810180 0.581114 0.076909
vn 0.947120 0.302301 0.107605
vn 0.990187 -0.003951 0.139695
vn 0.936379 -0.307184 0.169803
vn 0.792482 -0.577682 0.195589
vn 0.573247 -0.790676 0.214988
vn 0.300123 -0.926500 0.226988
vn -0.000000 -0.972916 0.231159
vn -0.300123 -0.926500 0.226988
vn -0.573248 -0.790675 0.214987
vn -0.792480 -0.577686 0.195587
vn -0.936380 -0.307181 0.169800
vn -0.990187 -0.003946 0.139693
vn -0.930100 0.362163 0.061247
vn -0.760792 0.647427 0.045107
vn -0.526577 0.849033 0.043125
vn -0.266858 0.962632 0.046103
vn -0.000017 0.998851 0.047919
vn 0.266817 0.962641 0.046173
vn 0.526620 0.849008 0.043096
vn 0.760806 0.647410 0.045106
vn 0.930106 0.362149 0.061248
vn 0.995009 0.017641 0.098209
vn 0.932842 -0.326251 0.152861
vn 0.764353 -0.608905 0.212129
vn 0.531098 -0.805602 0.262564
vn 0.268890 -0.916849 0.295103
vn 0.000000 -0.951947 0.306262
vn -0.268890 -0.916849 0.295103
vn -0.531094 -0.805605 0.262563
vn -0.764347 -0.608912 0.212130
vn -0.932844 -0.326245 0.152860
vn -0.995010 0.017646 0.098205
vn -0.932029 0.362372 0.002814
vn -0.742727 0.668779 0.033034
vn -0.496059 0.865019 0.075289
vn -0.243837 0.963782 0.108020
vn -0.000057 0.992788 0.119887
vn 0.243826 0.963783 0.108030
vn 0.496090 0.865001 0.075293
vn 0.742751 0.668752 0.033032
vn 0.932039 0.362347 0.002816
vn 0.999738 -0.021847 0.006824
vn 0.918847 -0.391602 0.048660
vn 0.731738 -0.672617 0.110205
vn 0.495018 -0.852298 0.168956
vn 0.245371 -0.946643 0.208948
vn 0.000001 -0.974866 0.222791
vn -0.245371 -0.946643 0.208948
vn -0.495012 -0.852301 0.168958
vn -0.731730 -0.672625 0.110211
vn -0.918847 -0.391602 0.048663
vn -0.999738 -0.021847 0.006821
s off
g pCube2
f 1/1/1 2/2/2 4/4/3 3/3/4
f 5/5/5 6/6/6 8/8/7 7/7/8
f 2/2/9 8/11/10 6/12/11 4/4/12
f 7/13/13 1/1/14 3/3/15 5/14/16
f 7/7/17 8/8/18 10/16/19 9/15/20
f 8/8/21 2/10/22 11/17/23 10/16/24
f 2/10/25 1/9/26 12/18/27 11/17/28
f 1/9/29 7/7/30 9/15/31 12/18/32
f 9/15/33 10/16/34 14/20/35 13/19/36
f 10/16/37 11/17/38 15/21/39 14/20/40
f 11/17/41 12/18/42 16/22/43 15/21/44
f 12/18/45 9/15/46 13/19/47 16/22/48
f 17/27/49 18/28/50 19/29/51 20/30/52
f 18/28/53 21/31/54 22/32/55 19/29/56
f 21/31/57 23/33/58 24/34/59 22/32/60
f 23/33/61 17/27/62 20/30/63 24/34/64
f 3/3/65 4/4/66 18/28/67 17/27/68
f 15/24/69 16/23/70 20/30/71 19/29/72
f 4/4/73 6/6/74 21/31/75 18/28/76
f 14/25/77 15/24/78 19/29/79 22/32/80
f 6/6/81 5/5/82 23/33/83 21/31/84
f 13/26/85 14/25/86 22/32/87 24/34/88
f 5/5/89 3/3/90 17/27/91 23/33/92
f 16/23/93 13/26/94 24/34/95 20/30/96
s 1
f 25/35/97 26/36/98 46/37/99 45/38/100
f 26/36/98 27/39/101 47/40/102 46/37/99
f 27/39/101 28/41/103 48/42/104 47/40/102
f 28/41/103 29/43/105 49/44/106 48/42/104
f 29/43/105 30/45/107 50/46/108 49/44/106
f 30/45/107 31/47/109 51/48/110 50/46/108
f 31/47/109 32/49/111 52/50/112 51/48/110
f 32/49/111 33/51/113 53/52/114 52/50/112
f 33/51/113 34/53/115 54/54/116 53/52/114
f 34/53/115 35/55/117 55/56/118 54/54/116
f 35/55/117 36/57/119 56/58/120 55/56/118
f 36/57/119 37/59/121 57/60/122 56/58/120
f 37/59/121 38/61/123 58/62/124 57/60/122
f 38/61/123 39/63/125 59/64/126 58/62/124
f 39/63/125 40/65/127 60/66/128 59/64/126
f 40/65/127 41/67/129 61/68/130 60/66/128
f 41/67/129 42/69/131 62/70/132 61/68/130
f 42/69/131 43/71/133 63/72/134 62/70/132
f 43/71/133 44/73/135 64/74/136 63/72/134
f 44/73/135 25/75/97 45/76/100 64/74/136
s 2
f 26/77/137 25/78/138 65/79/139
f 27/80/140 26/77/137 65/79/139
f 28/81/141 27/80/140 65/79/139
f 29/82/142 28/81/141 65/79/139
f 30/83/143 29/82/142 65/79/139
f 31/84/144 30/83/143 65/79/139
f 32/85/145 31/84/144 65/79/139
f 33/86/146 32/85/145 65/79/139
f 34/87/147 33/86/146 65/79/139
f 35/88/148 34/87/147 65/79/139
f 36/89/149 35/88/148 65/79/139
f 37/90/150 36/89/149 65/79/139
f 38/91/151 37/90/150 65/79/139
f 39/92/152 38/91/151 65/79/139
f 40/93/153 39/92/152 65/79/139
f 41/94/154 40/93/153 65/79/139
f 42/95/155 41/94/154 65/79/139
f 43/96/156 42/95/155 65/79/139
f 44/97/157 43/96/156 65/79/139
f 25/78/138 44/97/157 65/79/139
s 3
f 686/98/158 687/99/159 688/100/160
f 687/99/159 689/101/161 688/100/160
f 689/101/161 690/102/162 688/100/160
f 690/102/162 691/103/163 688/100/160
f 691/103/163 692/104/164 688/100/160
f 692/104/164 693/105/165 688/100/160
f 693/105/165 694/106/166 688/100/160
f 694/106/166 695/107/167 688/100/160
f 695/107/167 696/108/168 688/100/160
f 696/108/168 697/109/169 688/100/160
f 697/109/169 698/110/170 688/100/160
f 698/110/170 699/111/171 688/100/160
f 699/111/171 700/112/172 688/100/160
f 700/112/172 701/113/173 688/100/160
f 701/113/173 702/114/174 688/100/160
f 702/114/174 703/115/175 688/100/160
f 703/115/175 704/116/176 688/100/160
f 704/116/176 705/117/177 688/100/160
f 705/117/177 706/118/178 688/100/160
f 706/118/178 686/98/158 688/100/160
s off
f 45/119/179 46/120/180 67/121/181 66/122/182
f 46/120/183 47/123/184 68/124/185 67/121/186
f 47/123/187 48/125/188 69/126/189 68/124/190
f 48/125/191 49/127/192 70/128/193 69/126/194
f 49/127/195 50/129/196 71/130/197 70/128/198
f 50/129/199 51/131/200 72/132/201 71/130/202
f 51/131/203 52/133/204 73/134/205 72/132/206
f 52/133/207 53/135/208 74/136/209 73/134/210
f 53/135/211 54/137/212 75/138/213 74/136/214
f 54/137/215 55/139/216 76/140/217 75/138/218
f 55/139/219 56/141/220 77/142/221 76/140/222
f 56/141/223 57/143/224 78/144/225 77/142/226
f 57/143/227 58/145/228 79/146/229 78/144/230
f 58/145/231 59/147/232 80/148/233 79/146/234
f 59/147/235 60/149/236 81/150/237 80/148/238
f 60/149/239 61/151/240 82/152/241 81/150/242
f 61/151/243 62/153/244 83/154/245 82/152/246
f 62/153/247 63/155/248 84/156/249 83/154/250
f 63/155/251 64/157/252 85/158/253 84/156/254
f 64/157/255 45/119/256 66/122/257 85/158/258
f 66/122/259 67/121/260 87/159/261 86/160/262
f 67/121/263 68/124/264 88/161/265 87/159/266
f 68/124/267 69/126/268 89/162/269 88/161/270
f 69/126/271 70/128/272 90/163/273 89/162/274
f 70/128/275 71/130/276 91/164/277 90/163/278
f 71/130/279 72/132/280 92/165/281 91/164/282
f 72/132/283 73/134/284 93/166/285 92/165/286
f 73/134/287 74/136/288 94/167/289 93/166/290
f 74/136/291 75/138/292 95/168/293 94/167/294
f 75/138/295 76/140/296 96/169/297 95/168/298
f 76/140/299 77/142/300 97/170/301 96/169/302
f 77/142/303 78/144/304 98/171/305 97/170/306
f 78/144/307 79/146/308 99/172/309 98/171/310
f 79/146/311 80/148/312 100/173/313 99/172/314
f 80/148/315 81/150/316 101/174/317 100/173/318
f 81/150/319 82/152/320 102/175/321 101/174/322
f 82/152/323 83/154/324 103/176/325 102/175/326
f 83/154/327 84/156/328 104/177/329 103/176/330
f 84/156/331 85/158/332 105/178/333 104/177/334
f 85/158/335 66/122/336 86/160/337 105/178/338
f 86/160/339 87/159/340 107/179/341 106/180/342
f 87/159/343 88/161/344 108/181/345 107/179/346
f 88/161/347 89/162/348 109/182/349 108/181/350
f 89/162/351 90/163/352 110/183/353 109/182/354
f 90/163/355 91/164/356 111/184/357 110/183/358
f 91/164/359 92/165/360 112/185/361 111/184/362
f 92/165/363 93/166/364 113/186/365 112/185/366
f 93/166/367 94/167/368 114/187/369 113/186/370
f 94/167/371 95/168/372 115/188/373 114/187/374
f 95/168/375 96/169/376 116/189/377 115/188/378
f 96/169/379 97/170/380 117/190/381 116/189/382
f 97/170/383 98/171/384 118/191/385 117/190/386
f 98/171/387 99/172/388 119/192/389 118/191/390
f 99/172/391 100/173/392 120/193/393 119/192/394
f 100/173/395 101/174/396 121/194/397 120/193/398
f 101/174/399 102/175/400 122/195/401 121/194/402
f 102/175/403 103/176/404 123/196/405 122/195/406
f 103/176/407 104/177/408 124/197/409 123/196/410
f 104/177/411 105/178/412 125/198/413 124/197/414
f 105/178/415 86/160/416 106/180/417 125/198/418
f 106/180/419 107/179/420 127/199/421 126/200/422
f 107/179/423 108/181/424 128/201/425 127/199/426
f 108/181/427 109/182/428 129/202/429 128/201/430
f 109/182/431 110/183/432 130/203/433 129/202/434
f 110/183/435 111/184/436 131/204/437 130/203/438
f 111/184/439 112/185/440 132/205/441 131/204/442
f 112/185/443 113/186/444 133/206/445 132/205/446
f 113/186/447 114/187/448 134/207/449 133/206/450
f 114/187/451 115/188/452 135/208/453 134/207/454
f 115/188/455 116/189/456 136/209/457 135/208/458
f 116/189/459 117/190/460 137/210/461 136/209/462
f 117/190/463 118/191/464 138/211/465 137/210/466
f 118/191/467 119/192/468 139/212/469 138/211/470
f 119/192/471 120/193/472 140/213/473 139/212/474
f 120/193/475 121/194/476 141/214/477 140/213/478
f 121/194/479 122/195/480 142/215/481 141/214/482
f 122/195/483 123/196/484 143/216/485 142/215/486
f 123/196/487 124/197/488 144/217/489 143/216/490
f 124/197/491 125/198/492 145/218/493 144/217/494
f 125/198/495 106/180/496 126/200/497 145/218/498
f 126/200/499 127/199/500 147/219/501 146/220/502
f 127/199/503 128/201/504 148/221/505 147/219/506
f 128/201/507 129/202/508 149/222/509 148/221/510
f 129/202/511 130/203/512 150/223/513 149/222/514
f 130/203/515 131/204/516 151/224/517 150/223/518
f 131/204/519 132/205/520 152/225/521 151/224/522
f 132/205/523 133/206/524 153/226/525 152/225/526
f 133/206/527 134/207/528 154/227/529 153/226/530
f 134/207/531 135/208/532 155/228/533 154/227/534
f 135/208/535 136/209/536 156/229/537 155/228/538
f 136/209/539 137/210/540 157/230/541 156/229/542
f 137/210/543 138/211/544 158/231/545 157/230/546
f 138/211/547 139/212/548 159/232/549 158/231/550
f 139/212/551 140/213/552 160/233/553 159/232/554
f 140/213/555 141/214/556 161/234/557 160/233/558
f 141/214/559 142/215/560 162/235/561 161/234/562
f 142/215/563 143/216/564 163/236/565 162/235/566
f 143/216/567 144/217/568 164/237/569 163/236/570
f 144/217/571 145/218/572 165/238/573 164/237/574
f 145/218/575 126/200/576 146/220/577 165/238/578
f 146/220/579 147/219/580 167/239/581 166/240/582
f 147/219/583 148/221/584 168/241/585 167/239/586
f 148/221/587 149/222/588 169/242/589 168/241/590
f 149/222/591 150/223/592 170/243/593 169/242/594
f 150/223/595 151/224/596 171/244/597 170/243/598
f 151/224/599 152/225/600 172/245/601 171/244/602
f 152/225/603 153/226/604 173/246/605 172/245/606
f 153/226/607 154/227/608 174/247/609 173/246/610
f 154/227/611 155/228/612 175/248/613 174/247/614
f 155/228/615 156/229/616 176/249/617 175/248/618
f 156/229/619 157/230/620 177/250/621 176/249/622
f 157/230/623 158/231/624 178/251/625 177/250/626
f 158/231/627 159/232/628 179/252/629 178/251/630
f 159/232/631 160/233/632 180/253/633 179/252/634
f 160/233/635 161/234/636 181/254/637 180/253/638
f 161/234/639 162/235/640 182/255/641 181/254/642
f 162/235/643 163/236/644 183/256/645 182/255/646
f 163/236/647 164/237/648 184/257/649 183/256/650
f 164/237/651 165/238/652 185/258/653 184/257/654
f 165/238/655 146/220/656 166/240/657 185/258/658
f 166/240/659 167/239/660 187/259/661 186/260/662
f 167/239/663 168/241/664 188/261/665 187/259/666
f 168/241/667 169/242/668 189/262/669 188/261/670
f 169/242/671 170/243/672 190/263/673 189/262/674
f 170/243/675 171/244/676 191/264/677 190/263/678
f 171/244/679 172/245/680 192/265/681 191/264/682
f 172/245/683 173/246/684 193/266/685 192/265/686
f 173/246/687 174/247/688 194/267/689 193/266/690
f 174/247/691 175/248/692 195/268/693 194/267/694
f 175/248/695 176/249/696 196/269/697 195/268/698
f 176/249/699 177/250/700 197/270/701 196/269/702
f 177/250/703 178/251/704 198/271/705 197/270/706
f 178/251/707 179/252/708 199/272/709 198/271/710
f 179/252/711 180/253/712 200/273/713 199/272/714
f 180/253/715 181/254/716 201/274/717 200/273/718
f 181/254/719 182/255/720 202/275/721 201/274/722
f 182/255/723 183/256/724 203/276/725 202/275/726
f 183/256/727 184/257/728 204/277/729 203/276/730
f 184/257/731 185/258/732 205/278/733 204/277/734
f 185/258/735 166/240/736 186/260/737 205/278/738
f 186/260/739 187/259/740 207/279/741 206/280/742
f 187/259/743 188/261/744 208/281/745 207/279/746
f 188/261/747 189/262/748 209/282/749 208/281/750
f 189/262/751 190/263/752 210/283/753 209/282/754
f 190/263/755 191/264/756 211/284/757 210/283/758
f 191/264/759 192/265/760 212/285/761 211/284/762
f 192/265/763 193/266/764 213/286/765 212/285/766
f 193/266/767 194/267/768 214/287/769 213/286/770
f 194/267/771 195/268/772 215/288/773 214/287/774
f 195/268/775 196/269/776 216/289/777 215/288/778
f 196/269/779 197/270/780 217/290/781 216/289/782
f 197/270/783 198/271/784 218/291/785 217/290/786
f 198/271/787 199/272/788 219/292/789 218/291/790
f 199/272/791 200/273/792 220/293/793 219/292/794
f 200/273/795 201/274/796 221/294/797 220/293/798
f 201/274/799 202/275/800 222/295/801 221/294/802
f 202/275/803 203/276/804 223/296/805 222/295/806
f 203/276/807 204/277/808 224/297/809 223/296/810
f 204/277/811 205/278/812 225/298/813 224/297/814
f 205/278/815 186/260/816 206/280/817 225/298/818
f 206/280/819 207/279/820 227/299/821 226/300/822
f 207/279/823 208/281/824 228/301/825 227/299/826
f 208/281/827 209/282/828 229/302/829 228/301/830
f 209/282/831 210/283/832 230/303/833 229/302/834
f 210/283/835 211/284/836 231/304/837 230/303/838
f 211/284/839 212/285/840 232/305/841 231/304/842
f 212/285/843 213/286/844 233/306/845 232/305/846
f 213/286/847 214/287/848 234/307/849 233/306/850
f 214/287/851 215/288/852 235/308/853 234/307/854
f 215/288/855 216/289/856 236/309/857 235/308/858
f 216/289/859 217/290/860 237/310/861 236/309/862
f 217/290/863 218/291/864 238/311/865 237/310/866
f 218/291/867 219/292/868 239/312/869 238/311/870
f 219/292/871 220/293/872 240/313/873 239/312/874
f 220/293/875 221/294/876 241/314/877 240/313/878
f 221/294/879 222/295/880 242/315/881 241/314/882
f 222/295/883 223/296/884 243/316/885 242/315/886
f 223/296/887 224/297/888 244/317/889 243/316/890
f 224/297/891 225/298/892 245/318/893 244/317/894
f 225/298/895 206/280/896 226/300/897 245/318/898
f 226/300/899 227/299/900 247/319/901 246/320/902
f 227/299/903 228/301/904 248/321/905 247/319/906
f 228/301/907 229/302/908 249/322/909 248/321/910
f 229/302/911 230/303/912 250/323/913 249/322/914
f 230/303/915 231/304/916 251/324/917 250/323/918
f 231/304/919 232/305/920 252/325/921 251/324/922
f 232/305/923 233/306/924 253/326/925 252/325/926
f 233/306/927 234/307/928 254/327/929 253/326/930
f 234/307/931 235/308/932 255/328/933 254/327/934
f 235/308/935 236/309/936 256/329/937 255/328/938
f 236/309/939 237/310/940 257/330/941 256/329/942
f 237/310/943 238/311/944 258/331/945 257/330/946
f 238/311/947 239/312/948 259/332/949 258/331/950
f 239/312/951 240/313/952 260/333/953 259/332/954
f 240/313/955 241/314/956 261/334/957 260/333/958
f 241/314/959 242/315/960 262/335/961 261/334/962
f 242/315/963 243/316/964 263/336/965 262/335/966
f 243/316/967 244/317/968 264/337/969 263/336/970
f 244/317/971 245/318/972 265/338/973 264/337/974
f 245/318/975 226/300/976 246/320/977 265/338/978
f 246/320/979 247/319/980 267/339/981 266/340/982
f 247/319/983 248/321/984 268/341/985 267/339/986
f 248/321/987 249/322/988 269/342/989 268/341/990
f 249/322/991 250/323/992 270/343/993 269/342/994
f 250/323/995 251/324/996 271/344/997 270/343/998
f 251/324/999 252/325/1000 272/345/1001 271/344/1002
f 252/325/1003 253/326/1004 273/346/1005 272/345/1006
f 253/326/1007 254/327/1008 274/347/1009 273/346/1010
f 254/327/1011 255/328/1012 275/348/1013 274/347/1014
f 255/328/1015 256/329/1016 276/349/1017 275/348/1018
f 256/329/1019 257/330/1020 277/350/1021 276/349/1022
f 257/330/1023 258/331/1024 278/351/1025 277/350/1026
f 258/331/1027 259/332/1028 279/352/1029 278/351/1030
f 259/332/1031 260/333/1032 280/353/1033 279/352/1034
f 260/333/1035 261/334/1036 281/354/1037 280/353/1038
f 261/334/1039 262/335/1040 282/355/1041 281/354/1042
f 262/335/1043 263/336/1044 283/356/1045 282/355/1046
f 263/336/1047 264/337/1048 284/357/1049 283/356/1050
f 264/337/1051 265/338/1052 285/358/1053 284/357/1054
f 265/338/1055 246/320/1056 266/340/1057 285/358/1058
f 266/340/1059 267/339/1060 287/359/1061 286/360/1062
f 267/339/1063 268/341/1064 288/361/1065 287/359/1066
f 268/341/1067 269/342/1068 289/362/1069 288/361/1070
f 269/342/1071 270/343/1072 290/363/1073 289/362/1074
f 270/343/1075 271/344/1076 291/364/1077 290/363/1078
f 271/344/1079 272/345/1080 292/365/1081 291/364/1082
f 272/345/1083 273/346/1084 293/366/1085 292/365/1086
f 273/346/1087 274/347/1088 294/367/1089 293/366/1090
f 274/347/1091 275/348/1092 295/368/1093 294/367/1094
f 275/348/1095 276/349/1096 296/369/1097 295/368/1098
f 276/349/1099 277/350/1100 297/370/1101 296/369/1102
f 277/350/1103 278/351/1104 298/371/1105 297/370/1106
f 278/351/1107 279/352/1108 299/372/1109 298/371/1110
f 279/352/1111 280/353/1112 300/373/1113 299/372/1114
f 280/353/1115 281/354/1116 301/374/1117 300/373/1118
f 281/354/1119 282/355/1120 302/375/1121 301/374/1122
f 282/355/1123 283/356/1124 303/376/1125 302/375/1126
f 283/356/1127 284/357/1128 304/377/1129 303/376/1130
f 284/357/1131 285/358/1132 305/378/1133 304/377/1134
f 285/358/1135 266/340/1136 286/360/1137 305/378/1138
f 286/360/1139 287/359/1140 307/379/1141 306/380/1142
f 287/359/1143 288/361/1144 308/381/1145 307/379/1146
f 288/361/1147 289/362/1148 309/382/1149 308/381/1150
f 289/362/1151 290/363/1152 310/383/1153 309/382/1154
f 290/363/1155 291/364/1156 311/384/1157 310/383/1158
f 291/364/1159 292/365/1160 312/385/1161 311/384/1162
f 292/365/1163 293/366/1164 313/386/1165 312/385/1166
f 293/366/1167 294/367/1168 314/387/1169 313/386/1170
f 294/367/1171 295/368/1172 315/388/1173 314/387/1174
f 295/368/1175 296/369/1176 316/389/1177 315/388/1178
f 296/369/1179 297/370/1180 317/390/1181 316/389/1182
f 297/370/1183 298/371/1184 318/391/1185 317/390/1186
f 298/371/1187 299/372/1188 319/392/1189 318/391/1190
f 299/372/1191 300/373/1192 320/393/1193 319/392/1194
f 300/373/1195 301/374/1196 321/394/1197 320/393/1198
f 301/374/1199 302/375/1200 322/395/1201 321/394/1202
f 302/375/1203 303/376/1204 323/396/1205 322/395/1206
f 303/376/1207 304/377/1208 324/397/1209 323/396/1210
f 304/377/1211 305/378/1212 325/398/1213 324/397/1214
f 305/378/1215 286/360/1216 306/380/1217 325/398/1218
f 306/380/1219 307/379/1220 327/399/1221 326/400/1222
f 307/379/1223 308/381/1224 328/401/1225 327/399/1226
f 308/381/1227 309/382/1228 329/402/1229 328/401/1230
f 309/382/1231 310/383/1232 330/403/1233 329/402/1234
f 310/383/1235 311/384/1236 331/404/1237 330/403/1238
f 311/384/1239 312/385/1240 332/405/1241 331/404/1242
f 312/385/1243 313/386/1244 333/406/1245 332/405/1246
f 313/386/1247 314/387/1248 334/407/1249 333/406/1250
f 314/387/1251 315/388/1252 335/408/1253 334/407/1254
f 315/388/1255 316/389/1256 336/409/1257 335/408/1258
f 316/389/1259 317/390/1260 337/410/1261 336/409/1262
f 317/390/1263 318/391/1264 338/411/1265 337/410/1266
f 318/391/1267 319/392/1268 339/412/1269 338/411/1270
f 319/392/1271 320/393/1272 340/413/1273 339/412/1274
f 320/393/1275 321/394/1276 341/414/1277 340/413/1278
f 321/394/1279 322/395/1280 342/415/1281 341/414/1282
f 322/395/1283 323/396/1284 343/416/1285 342/415/1286
f 323/396/1287 324/397/1288 344/417/1289 343/416/1290
f 324/397/1291 325/398/1292 345/418/1293 344/417/1294
f 325/398/1295 306/380/1296 326/400/1297 345/418/1298
f 326/400/1299 327/399/1300 347/419/1301 346/420/1302
f 327/399/1303 328/401/1304 348/421/1305 347/419/1306
f 328/401/1307 329/402/1308 349/422/1309 348/421/1310
f 329/402/1311 330/403/1312 350/423/1313 349/422/1314
f 330/403/1315 331/404/1316 351/424/1317 350/423/1318
f 331/404/1319 332/405/1320 352/425/1321 351/424/1322
f 332/405/1323 333/406/1324 353/426/1325 352/425/1326
f 333/406/1327 334/407/1328 354/427/1329 353/426/1330
f 334/407/1331 335/408/1332 355/428/1333 354/427/1334
f 335/408/1335 336/409/1336 356/429/1337 355/428/1338
f 336/409/1339 337/410/1340 357/430/1341 356/429/1342
f 337/410/1343 338/411/1344 358/431/1345 357/430/1346
f 338/411/1347 339/412/1348 359/432/1349 358/431/1350
f 339/412/1351 340/413/1352 360/433/1353 359/432/1354
f 340/413/1355 341/414/1356 361/434/1357 360/433/1358
f 341/414/1359 342/415/1360 362/435/1361 361/434/1362
f 342/415/1363 343/416/1364 363/436/1365 362/435/1366
f 343/416/1367 344/417/1368 364/437/1369 363/436/1370
f 344/417/1371 345/418/1372 365/438/1373 364/437/1374
f 345/418/1375 326/400/1376 346/420/1377 365/438/1378
f 346/420/1379 347/419/1380 367/439/1381 366/440/1382
f 347/419/1383 348/421/1384 368/441/1385 367/439/1386
f 348/421/1387 349/422/1388 369/442/1389 368/441/1390
f 349/422/1391 350/423/1392 370/443/1393 369/442/1394
f 350/423/1395 351/424/1396 371/444/1397 370/443/1398
f 351/424/1399 352/425/1400 372/445/1401 371/444/1402
f 352/425/1403 353/426/1404 373/446/1405 372/445/1406
f 353/426/1407 354/427/1408 374/447/1409 373/446/1410
f 354/427/1411 355/428/1412 375/448/1413 374/447/1414
f 355/428/1415 356/429/1416 376/449/1417 375/448/1418
f 356/429/1419 357/430/1420 377/450/1421 376/449/1422
f 357/430/1423 358/431/1424 378/451/1425 377/450/1426
f 358/431/1427 359/432/1428 379/452/1429 378/451/1430
f 359/432/1431 360/433/1432 380/453/1433 379/452/1434
f 360/433/1435 361/434/1436 381/454/1437 380/453/1438
f 361/434/1439 362/435/1440 382/455/1441 381/454/1442
f 362/435/1443 363/436/1444 383/456/1445 382/455/1446
f 363/436/1447 364/437/1448 384/457/1449 383/456/1450
f 364/437/1451 365/438/1452 385/458/1453 384/457/1454
f 365/438/1455 346/420/1456 366/440/1457 385/458/1458
f 366/440/1459 367/439/1460 387/459/1461 386/460/1462
f 367/439/1463 368/441/1464 388/461/1465 387/459/1466
f 368/441/1467 369/442/1468 389/462/1469 388/461/1470
f 369/442/1471 370/443/1472 390/463/1473 389/462/1474
f 370/443/1475 371/444/1476 391/464/1477 390/463/1478
f 371/444/1479 372/445/1480 392/465/1481 391/464/1482
f 372/445/1483 373/446/1484 393/466/1485 392/465/1486
f 373/446/1487 374/447/1488 394/467/1489 393/466/1490
f 374/447/1491 375/448/1492 395/468/1493 394/467/1494
f 375/448/1495 376/449/1496 396/469/1497 395/468/1498
f 376/449/1499 377/450/1500 397/470/1501 396/469/1502
f 377/450/1503 378/451/1504 398/471/1505 397/470/1506
f 378/451/1507 379/452/1508 399/472/1509 398/471/1510
f 379/452/1511 380/453/1512 400/473/1513 399/472/1514
f 380/453/1515 381/454/1516 401/474/1517 400/473/1518
f 381/454/1519 382/455/1520 402/475/1521 401/474/1522
f 382/455/1523 383/456/1524 403/476/1525 402/475/1526
f 383/456/1527 384/457/1528 404/477/1529 403/476/1530
f 384/457/1531 385/458/1532 405/478/1533 404/477/1534
f 385/458/1535 366/440/1536 386/460/1537 405/478/1538
f 386/460/1539 387/459/1540 407/479/1541 406/480/1542
f 387/459/1543 388/461/1544 408/481/1545 407/479/1546
f 388/461/1547 389/462/1548 409/482/1549 408/481/1550
f 389/462/1551 390/463/1552 410/483/1553 409/482/1554
f 390/463/1555 391/464/1556 411/484/1557 410/483/1558
f 391/464/1559 392/465/1560 412/485/1561 411/484/1562
f 392/465/1563 393/466/1564 413/486/1565 412/485/1566
f 393/466/1567 394/467/1568 414/487/1569 413/486/1570
f 394/467/1571 395/468/1572 415/488/1573 414/487/1574
f 395/468/1575 396/469/1576 416/489/1577 415/488/1578
f 396/469/1579 397/470/1580 417/490/1581 416/489/1582
f 397/470/1583 398/471/1584 418/491/1585 417/490/1586
f 398/471/1587 399/472/1588 419/492/1589 418/491/1590
f 399/472/1591 400/473/1592 420/493/1593 419/492/1594
f 400/473/1595 401/474/1596 421/494/1597 420/493/1598
f 401/474/1599 402/475/1600 422/495/1601 421/494/1602
f 402/475/1603 403/476/1604 423/496/1605 422/495/1606
f 403/476/1607 404/477/1608 424/497/1609 423/496/1610
f 404/477/1611 405/478/1612 425/498/1613 424/497/1614
f 405/478/1615 386/460/1616 406/480/1617 425/498/1618
f 406/480/1619 407/479/1620 427/499/1621 426/500/1622
f 407/479/1623 408/481/1624 428/501/1625 427/499/1626
f 408/481/1627 409/482/1628 429/502/1629 428/501/1630
f 409/482/1631 410/483/1632 430/503/1633 429/502/1634
f 410/483/1635 411/484/1636 431/504/1637 430/503/1638
f 411/484/1639 412/485/1640 432/505/1641 431/504/1642
f 412/485/1643 413/486/1644 433/506/1645 432/505/1646
f 413/486/1647 414/487/1648 434/507/1649 433/506/1650
f 414/487/1651 415/488/1652 435/508/1653 434/507/1654
f 415/488/1655 416/489/1656 436/509/1657 435/508/1658
f 416/489/1659 417/490/1660 437/510/1661 436/509/1662
f 417/490/1663 418/491/1664 438/511/1665 437/510/1666
f 418/491/1667 419/492/1668 439/512/1669 438/511/1670
f 419/492/1671 420/493/1672 440/513/1673 439/512/1674
f 420/493/1675 421/494/1676 441/514/1677 440/513/1678
f 421/494/1679 422/495/1680 442/515/1681 441/514/1682
f 422/495/1683 423/496/1684 443/516/1685 442/515/1686
f 423/496/1687 424/497/1688 444/517/1689 443/516/1690
f 424/497/1691 425/498/1692 445/518/1693 444/517/1694
f 425/498/1695 406/480/1696 426/500/1697 445/518/1698
f 426/500/1699 427/499/1700 447/519/1701 446/520/1702
f 427/499/1703 428/501/1704 448/521/1705 447/519/1706
f 428/501/1707 429/502/1708 449/522/1709 448/521/1710
f 429/502/1711 430/503/1712 450/523/1713 449/522/1714
f 430/503/1715 431/504/1716 451/524/1717 450/523/1718
f 431/504/1719 432/505/1720 452/525/1721 451/524/1722
f 432/505/1723 433/506/1724 453/526/1725 452/525/1726
f 433/506/1727 434/507/1728 454/527/1729 453/526/1730
f 434/507/1731 435/508/1732 455/528/1733 454/527/1734
f 435/508/1735 436/509/1736 456/529/1737 455/528/1738
f 436/509/1739 437/510/1740 457/530/1741 456/529/1742
f 437/510/1743 438/511/1744 458/531/1745 457/530/1746
f 438/511/1747 439/512/1748 459/532/1749 458/531/1750
f 439/512/1751 440/513/1752 460/533/1753 459/532/1754
f 440/513/1755 441/514/1756 461/534/1757 460/533/1758
f 441/514/1759 442/515/1760 462/535/1761 461/534/1762
f 442/515/1763 443/516/1764 463/536/1765 462/535/1766
f 443/516/1767 444/517/1768 464/537/1769 463/536/1770
f 444/517/1771 445/518/1772 465/538/1773 464/537/1774
f 445/518/1775 426/500/1776 446/520/1777 465/538/1778
f 446/520/1779 447/519/1780 467/539/1781 466/540/1782
f 447/519/1783 448/521/1784 468/541/1785 467/539/1786
f 448/521/1787 449/522/1788 469/542/1789 468/541/1790
f 449/522/1791 450/523/1792 470/543/1793 469/542/1794
f 450/523/1795 451/524/1796 471/544/1797 470/543/1798
f 451/524/1799 452/525/1800 472/545/1801 471/544/1802
f 452/525/1803 453/526/1804 473/546/1805 472/545/1806
f 453/526/1807 454/527/1808 474/547/1809 473/546/1810
f 454/527/1811 455/528/1812 475/548/1813 474/547/1814
f 455/528/1815 456/529/1816 476/549/1817 475/548/1818
f 456/529/1819 457/530/1820 477/550/1821 476/549/1822
f 457/530/1823 458/531/1824 478/551/1825 477/550/1826
f 458/531/1827 459/532/1828 479/552/1829 478/551/1830
f 459/532/1831 460/533/1832 480/553/1833 479/552/1834
f 460/533/1835 461/534/1836 481/554/1837 480/553/1838
f 461/534/1839 462/535/1840 482/555/1841 481/554/1842
f 462/535/1843 463/536/1844 483/556/1845 482/555/1846
f 463/536/1847 464/537/1848 484/557/1849 483/556/1850
f 464/537/1851 465/538/1852 485/558/1853 484/557/1854
f 465/538/1855 446/520/1856 466/540/1857 485/558/1858
f 466/540/1859 467/539/1860 487/559/1861 486/560/1862
f 467/539/1863 468/541/1864 488/561/1865 487/559/1866
f 468/541/1867 469/542/1868 489/562/1869 488/561/1870
f 469/542/1871 470/543/1872 490/563/1873 489/562/1874
f 470/543/1875 471/544/1876 491/564/1877 490/563/1878
f 471/544/1879 472/545/1880 492/565/1881 491/564/1882
f 472/545/1883 473/546/1884 493/566/1885 492/565/1886
f 473/546/1887 474/547/1888 494/567/1889 493/566/1890
f 474/547/1891 475/548/1892 495/568/1893 494/567/1894
f 475/548/1895 476/549/1896 496/569/1897 495/568/1898
f 476/549/1899 477/550/1900 497/570/1901 496/569/1902
f 477/550/1903 478/551/1904 498/571/1905 497/570/1906
f 478/551/1907 479/552/1908 499/572/1909 498/571/1910
f 479/552/1911 480/553/1912 500/573/1913 499/572/1914
f 480/553/1915 481/554/1916 501/574/1917 500/573/1918
f 481/554/1919 482/555/1920 502/575/1921 501/574/1922
f 482/555/1923 483/556/1924 503/576/1925 502/575/1926
f 483/556/1927 484/557/1928 504/577/1929 503/576/1930
f 484/557/1931 485/558/1932 505/578/1933 504/577/1934
f 485/558/1935 466/540/1936 486/560/1937 505/578/1938
f 486/560/1939 487/559/1940 507/579/1941 506/580/1942
f 487/559/1943 488/561/1944 508/581/1945 507/579/1946
f 488/561/1947 489/562/1948 509/582/1949 508/581/1950
f 489/562/1951 490/563/1952 510/583/1953 509/582/1954
f 490/563/1955 491/564/1956 511/584/1957 510/583/1958
f 491/564/1959 492/565/1960 512/585/1961 511/584/1962
f 492/565/1963 493/566/1964 513/586/1965 512/585/1966
f 493/566/1967 494/567/1968 514/587/1969 513/586/1970
f 494/567/1971 495/568/1972 515/588/1973 514/587/1974
f 495/568/1975 496/569/1976 516/589/1977 515/588/1978
f 496/569/1979 497/570/1980 517/590/1981 516/589/1982
f 497/570/1983 498/571/1984 518/591/1985 517/590/1986
f 498/571/1987 499/572/1988 519/592/1989 518/591/1990
f 499/572/1991 500/573/1992 520/593/1993 519/592/1994
f 500/573/1995 501/574/1996 521/594/1997 520/593/1998
f 501/574/1999 502/575/2000 522/595/2001 521/594/2002
f 502/575/2003 503/576/2004 523/596/2005 522/595/2006
f 503/576/2007 504/577/2008 524/597/2009 523/596/2010
f 504/577/2011 505/578/2012 525/598/2013 524/597/2014
f 505/578/2015 486/560/2016 506/580/2017 525/598/2018
f 506/580/2019 507/579/2020 527/599/2021 526/600/2022
f 507/579/2023 508/581/2024 528/601/2025 527/599/2026
f 508/581/2027 509/582/2028 529/602/2029 528/601/2030
f 509/582/2031 510/583/2032 530/603/2033 529/602/2034
f 510/583/2035 511/584/2036 531/604/2037 530/603/2038
f 511/584/2039 512/585/2040 532/605/2041 531/604/2042
f 512/585/2043 513/586/2044 533/606/2045 532/605/2046
f 513/586/2047 514/587/2048 534/607/2049 533/606/2050
f 514/587/2051 515/588/2052 535/608/2053 534/607/2054
f 515/588/2055 516/589/2056 536/609/2057 535/608/2058
f 516/589/2059 517/590/2060 537/610/2061 536/609/2062
f 517/590/2063 518/591/2064 538/611/2065 537/610/2066
f 518/591/2067 519/592/2068 539/612/2069 538/611/2070
f 519/592/2071 520/593/2072 540/613/2073 539/612/2074
f 520/593/2075 521/594/2076 541/614/2077 540/613/2078
f 521/594/2079 522/595/2080 542/615/2081 541/614/2082
f 522/595/2083 523/596/2084 543/616/2085 542/615/2086
f 523/596/2087 524/597/2088 544/617/2089 543/616/2090
f 524/597/2091 525/598/2092 545/618/2093 544/617/2094
f 525/598/2095 506/580/2096 526/600/2097 545/618/2098
f 526/600/2099 527/599/2100 547/619/2101 546/620/2102
f 527/599/2103 528/601/2104 548/621/2105 547/619/2106
f 528/601/2107 529/602/2108 549/622/2109 548/621/2110
f 529/602/2111 530/603/2112 550/623/2113 549/622/2114
f 530/603/2115 531/604/2116 551/624/2117 550/623/2118
f 531/604/2119 532/605/2120 552/625/2121 551/624/2122
f 532/605/2123 533/606/2124 553/626/2125 552/625/2126
f 533/606/2127 534/607/2128 554/627/2129 553/626/2130
f 534/607/2131 535/608/2132 555/628/2133 554/627/2134
f 535/608/2135 536/609/2136 556/629/2137 555/628/2138
f 536/609/2139 537/610/2140 557/630/2141 556/629/2142
f 537/610/2143 538/611/2144 558/631/2145 557/630/2146
f 538/611/2147 539/612/2148 559/632/2149 558/631/2150
f 539/612/2151 540/613/2152 560/633/2153 559/632/2154
f 540/613/2155 541/614/2156 561/634/2157 560/633/2158
f 541/614/2159 542/615/2160 562/635/2161 561/634/2162
f 542/615/2163 543/616/2164 563/636/2165 562/635/2166
f 543/616/2167 544/617/2168 564/637/2169 563/636/2170
f 544/617/2171 545/618/2172 565/638/2173 564/637/2174
f 545/618/2175 526/600/2176 546/620/2177 565/638/2178
f 546/620/2179 547/619/2180 567/639/2181 566/640/2182
f 547/619/2183 548/621/2184 568/641/2185 567/639/2186
f 548/621/2187 549/622/2188 569/642/2189 568/641/2190
f 549/622/2191 550/623/2192 570/643/2193 569/642/2194
f 550/623/2195 551/624/2196 571/644/2197 570/643/2198
f 551/624/2199 552/625/2200 572/645/2201 571/644/2202
f 552/625/2203 553/626/2204 573/646/2205 572/645/2206
f 553/626/2207 554/627/2208 574/647/2209 573/646/2210
f 554/627/2211 555/628/2212 575/648/2213 574/647/2214
f 555/628/2215 556/629/2216 576/649/2217 575/648/2218
f 556/629/2219 557/630/2220 577/650/2221 576/649/2222
f 557/630/2223 558/631/2224 578/651/2225 577/650/2226
f 558/631/2227 559/632/2228 579/652/2229 578/651/2230
f 559/632/2231 560/633/2232 580/653/2233 579/652/2234
f 560/633/2235 561/634/2236 581/654/2237 580/653/2238
f 561/634/2239 562/635/2240 582/655/2241 581/654/2242
f 562/635/2243 563/636/2244 583/656/2245 582/655/2246
f 563/636/2247 564/637/2248 584/657/2249 583/656/2250
f 564/637/2251 565/638/2252 585/658/2253 584/657/2254
f 565/638/2255 546/620/2256 566/640/2257 585/658/2258
f 566/640/2259 567/639/2260 587/659/2261 586/660/2262
f 567/639/2263 568/641/2264 588/661/2265 587/659/2266
f 568/641/2267 569/642/2268 589/662/2269 588/661/2270
f 569/642/2271 570/643/2272 590/663/2273 589/662/2274
f 570/643/2275 571/644/2276 591/664/2277 590/663/2278
f 571/644/2279 572/645/2280 592/665/2281 591/664/2282
f 572/645/2283 573/646/2284 593/666/2285 592/665/2286
f 573/646/2287 574/647/2288 594/667/2289 593/666/2290
f 574/647/2291 575/648/2292 595/668/2293 594/667/2294
f 575/648/2295 576/649/2296 596/669/2297 595/668/2298
f 576/649/2299 577/650/2300 597/670/2301 596/669/2302
f 577/650/2303 578/651/2304 598/671/2305 597/670/2306
f 578/651/2307 579/652/2308 599/672/2309 598/671/2310
f 579/652/2311 580/653/2312 600/673/2313 599/672/2314
f 580/653/2315 581/654/2316 601/674/2317 600/673/2318
f 581/654/2319 582/655/2320 602/675/2321 601/674/2322
f 582/655/2323 583/656/2324 603/676/2325 602/675/2326
f 583/656/2327 584/657/2328 604/677/2329 603/676/2330
f 584/657/2331 585/658/2332 605/678/2333 604/677/2334
f 585/658/2335 566/640/2336 586/660/2337 605/678/2338
f 586/660/2339 587/659/2340 607/679/2341 606/680/2342
f 587/659/2343 588/661/2344 608/681/2345 607/679/2346
f 588/661/2347 589/662/2348 609/682/2349 608/681/2350
f 589/662/2351 590/663/2352 610/683/2353 609/682/2354
f 590/663/2355 591/664/2356 611/684/2357 610/683/2358
f 591/664/2359 592/665/2360 612/685/2361 611/684/2362
f 592/665/2363 593/666/2364 613/686/2365 612/685/2366
f 593/666/2367 594/667/2368 614/687/2369 613/686/2370
f 594/667/2371 595/668/2372 615/688/2373 614/687/2374
f 595/668/2375 596/669/2376 616/689/2377 615/688/2378
f 596/669/2379 597/670/2380 617/690/2381 616/689/2382
f 597/670/2383 598/671/2384 618/691/2385 617/690/2386
f 598/671/2387 599/672/2388 619/692/2389 618/691/2390
f 599/672/2391 600/673/2392 620/693/2393 619/692/2394
f 600/673/2395 601/674/2396 621/694/2397 620/693/2398
f 601/674/2399 602/675/2400 622/695/2401 621/694/2402
f 602/675/2403 603/676/2404 623/696/2405 622/695/2406
f 603/676/2407 604/677/2408 624/697/2409 623/696/2410
f 604/677/2411 605/678/2412 625/698/2413 624/697/2414
f 605/678/2415 586/660/2416 606/680/2417 625/698/2418
f 606/680/2419 607/679/2420 627/699/2421 626/700/2422
f 607/679/2423 608/681/2424 628/701/2425 627/699/2426
f 608/681/2427 609/682/2428 629/702/2429 628/701/2430
f 609/682/2431 610/683/2432 630/703/2433 629/702/2434
f 610/683/2435 611/684/2436 631/704/2437 630/703/2438
f 611/684/2439 612/685/2440 632/705/2441 631/704/2442
f 612/685/2443 613/686/2444 633/706/2445 632/705/2446
f 613/686/2447 614/687/2448 634/707/2449 633/706/2450
f 614/687/2451 615/688/2452 635/708/2453 634/707/2454
f 615/688/2455 616/689/2456 636/709/2457 635/708/2458
f 616/689/2459 617/690/2460 637/710/2461 636/709/2462
f 617/690/2463 618/691/2464 638/711/2465 637/710/2466
f 618/691/2467 619/692/2468 639/712/2469 638/711/2470
f 619/692/2471 620/693/2472 640/713/2473 639/712/2474
f 620/693/2475 621/694/2476 641/714/2477 640/713/2478
f 621/694/2479 622/695/2480 642/715/2481 641/714/2482
f 622/695/2483 623/696/2484 643/716/2485 642/715/2486
f 623/696/2487 624/697/2488 644/717/2489 643/716/2490
f 624/697/2491 625/698/2492 645/718/2493 644/717/2494
f 625/698/2495 606/680/2496 626/700/2497 645/718/2498
f 626/700/2499 627/699/2500 647/719/2501 646/720/2502
f 627/699/2503 628/701/2504 648/721/2505 647/719/2506
f 628/701/2507 629/702/2508 649/722/2509 648/721/2510
f 629/702/2511 630/703/2512 650/723/2513 649/722/2514
f 630/703/2515 631/704/2516 651/724/2517 650/723/2518
f 631/704/2519 632/705/2520 652/725/2521 651/724/2522
f 632/705/2523 633/706/2524 653/726/2525 652/725/2526
f 633/706/2527 634/707/2528 654/727/2529 653/726/2530
f 634/707/2531 635/708/2532 655/728/2533 654/727/2534
f 635/708/2535 636/709/2536 656/729/2537 655/728/2538
f 636/709/2539 637/710/2540 657/730/2541 656/729/2542
f 637/710/2543 638/711/2544 658/731/2545 657/730/2546
f 638/711/2547 639/712/2548 659/732/2549 658/731/2550
f 639/712/2551 640/713/2552 660/733/2553 659/732/2554
f 640/713/2555 641/714/2556 661/734/2557 660/733/2558
f 641/714/2559 642/715/2560 662/735/2561 661/734/2562
f 642/715/2563 643/716/2564 663/736/2565 662/735/2566
f 643/716/2567 644/717/2568 664/737/2569 663/736/2570
f 644/717/2571 645/718/2572 665/738/2573 664/737/2574
f 645/718/2575 626/700/2576 646/720/2577 665/738/2578
f 646/720/2579 647/719/2580 667/739/2581 666/740/2582
f 647/719/2583 648/721/2584 668/741/2585 667/739/2586
f 648/721/2587 649/722/2588 669/742/2589 668/741/2590
f 649/722/2591 650/723/2592 670/743/2593 669/742/2594
f 650/723/2595 651/724/2596 671/744/2597 670/743/2598
f 651/724/2599 652/725/2600 672/745/2601 671/744/2602
f 652/725/2603 653/726/2604 673/746/2605 672/745/2606
f 653/726/2607 654/727/2608 674/747/2609 673/746/2610
f 654/727/2611 655/728/2612 675/748/2613 674/747/2614
f 655/728/2615 656/729/2616 676/749/2617 675/748/2618
f 656/729/2619 657/730/2620 677/750/2621 676/749/2622
f 657/730/2623 658/731/2624 678/751/2625 677/750/2626
f 658/731/2627 659/732/2628 679/752/2629 678/751/2630
f 659/732/2631 660/733/2632 680/753/2633 679/752/2634
f 660/733/2635 661/734/2636 681/754/2637 680/753/2638
f 661/734/2639 662/735/2640 682/755/2641 681/754/2642
f 662/735/2643 663/736/2644 683/756/2645 682/755/2646
f 663/736/2647 664/737/2648 684/757/2649 683/756/2650
f 664/737/2651 665/738/2652 685/758/2653 684/757/2654
f 665/738/2655 646/720/2656 666/740/2657 685/758/2658
f 666/740/2659 667/739/2660 687/99/2661 686/98/2662
f 667/739/2663 668/741/2664 689/101/2665 687/99/2666
f 668/741/2667 669/742/2668 690/102/2669 689/101/2670
f 669/742/2671 670/743/2672 691/103/2673 690/102/2674
f 670/743/2675 671/744/2676 692/104/2677 691/103/2678
f 671/744/2679 672/745/2680 693/105/2681 692/104/2682
f 672/745/2683 673/746/2684 694/106/2685 693/105/2686
f 673/746/2687 674/747/2688 695/107/2689 694/106/2690
f 674/747/2691 675/748/2692 696/108/2693 695/107/2694
f 675/748/2695 676/749/2696 697/109/2697 696/108/2698
f 676/749/2699 677/750/2700 698/110/2701 697/109/2702
f 677/750/2703 678/751/2704 699/111/2705 698/110/2706
f 678/751/2707 679/752/2708 700/112/2709 699/111/2710
f 679/752/2711 680/753/2712 701/113/2713 700/112/2714
f 680/753/2715 681/754/2716 702/114/2717 701/113/2718
f 681/754/2719 682/755/2720 703/115/2721 702/114/2722
f 682/755/2723 683/756/2724 704/116/2725 703/115/2726
f 683/756/2727 684/757/2728 705/117/2729 704/116/2730
f 684/757/2731 685/758/2732 706/118/2733 705/117/2734
f 685/758/2735 666/740/2736 686/98/2737 706/118/2738
s 4
f 707/759/2739 708/760/2740 728/761/2741 727/762/2742
f 708/760/2740 709/763/2743 729/764/2744 728/761/2741
f 709/763/2743 710/765/2745 730/766/2746 729/764/2744
f 710/765/2745 711/767/2747 731/768/2748 730/766/2746
f 711/767/2747 712/769/2749 732/770/2750 731/768/2748
f 712/769/2749 713/771/2751 733/772/2752 732/770/2750
f 713/771/2751 714/773/2753 734/774/2754 733/772/2752
f 714/773/2753 715/775/2755 735/776/2756 734/774/2754
f 715/775/2755 716/777/2757 736/778/2758 735/776/2756
f 716/777/2757 717/779/2759 737/780/2760 736/778/2758
f 717/779/2759 718/781/2761 738/782/2762 737/780/2760
f 718/781/2761 719/783/2763 739/784/2764 738/782/2762
f 719/783/2763 720/785/2765 740/786/2766 739/784/2764
f 720/785/2765 721/787/2767 741/788/2768 740/786/2766
f 721/787/2767 722/789/2769 742/790/2770 741/788/2768
f 722/789/2769 723/791/2771 743/792/2772 742/790/2770
f 723/791/2771 724/793/2773 744/794/2774 743/792/2772
f 724/793/2773 725/795/2775 745/796/2776 744/794/2774
f 725/795/2775 726/797/2777 746/798/2778 745/796/2776
f 726/797/2777 707/799/2739 727/800/2742 746/798/2778
s 5
f 848/801/2779 847/802/2780 849/803/2781
f 850/804/2782 848/801/2779 849/803/2781
f 851/805/2783 850/804/2782 849/803/2781
f 852/806/2784 851/805/2783 849/803/2781
f 853/807/2785 852/806/2784 849/803/2781
f 854/808/2786 853/807/2785 849/803/2781
f 855/809/2787 854/808/2786 849/803/2781
f 856/810/2788 855/809/2787 849/803/2781
f 857/811/2789 856/810/2788 849/803/2781
f 858/812/2790 857/811/2789 849/803/2781
f 859/813/2791 858/812/2790 849/803/2781
f 860/814/2792 859/813/2791 849/803/2781
f 861/815/2793 860/814/2792 849/803/2781
f 862/816/2794 861/815/2793 849/803/2781
f 863/817/2795 862/816/2794 849/803/2781
f 864/818/2796 863/817/2795 849/803/2781
f 865/819/2797 864/818/2796 849/803/2781
f 866/820/2798 865/819/2797 849/803/2781
f 867/821/2799 866/820/2798 849/803/2781
f 847/802/2780 867/821/2799 849/803/2781
s 4
f 727/822/2742 728/823/2741 748/824/2800 747/825/2801
f 728/823/2741 729/826/2744 749/827/2802 748/824/2800
f 729/826/2744 730/828/2746 750/829/2803 749/827/2802
f 730/828/2746 731/830/2748 751/831/2804 750/829/2803
f 731/830/2748 732/832/2750 752/833/2805 751/831/2804
f 732/832/2750 733/834/2752 753/835/2806 752/833/2805
f 733/834/2752 734/836/2754 754/837/2807 753/835/2806
f 734/836/2754 735/838/2756 755/839/2808 754/837/2807
f 735/838/2756 736/840/2758 756/841/2809 755/839/2808
f 736/840/2758 737/842/2760 757/843/2810 756/841/2809
f 737/842/2760 738/844/2762 758/845/2811 757/843/2810
f 738/844/2762 739/846/2764 759/847/2812 758/845/2811
f 739/846/2764 740/848/2766 760/849/2813 759/847/2812
f 740/848/2766 741/850/2768 761/851/2814 760/849/2813
f 741/850/2768 742/852/2770 762/853/2815 761/851/2814
f 742/852/2770 743/854/2772 763/855/2816 762/853/2815
f 743/854/2772 744/856/2774 764/857/2817 763/855/2816
f 744/856/2774 745/858/2776 765/859/2818 764/857/2817
f 745/858/2776 746/860/2778 766/861/2819 765/859/2818
f 746/860/2778 727/822/2742 747/825/2801 766/861/2819
s 6
f 747/825/2820 748/824/2821 768/862/2822 767/863/2823
f 748/824/2824 749/827/2825 769/864/2826 768/862/2822
f 749/827/2827 750/829/2828 770/865/2829 769/864/2826
f 750/829/2830 751/831/2831 771/866/2832 770/865/2829
f 751/831/2833 752/833/2834 772/867/2835 771/866/2832
f 752/833/2836 753/835/2837 773/868/2838 772/867/2835
f 753/835/2839 754/837/2840 774/869/2841 773/868/2838
f 754/837/2842 755/839/2843 775/870/2844 774/869/2841
f 755/839/2845 756/841/2846 776/871/2847 775/870/2844
f 756/841/2848 757/843/2849 777/872/2850 776/871/2847
f 757/843/2851 758/845/2852 778/873/2853 777/872/2850
f 758/845/2854 759/847/2855 779/874/2856 778/873/2853
f 759/847/2857 760/849/2858 780/875/2859 779/874/2856
f 760/849/2860 761/851/2861 781/876/2862 780/875/2859
f 761/851/2863 762/853/2864 782/877/2865 781/876/2862
f 762/853/2866 763/855/2867 783/878/2868 782/877/2865
f 763/855/2869 764/857/2870 784/879/2871 783/878/2868
f 764/857/2872 765/859/2873 785/880/2874 784/879/2871
f 765/859/2875 766/861/2876 786/881/2877 785/880/2874
f 766/861/2878 747/825/2879 767/863/2823 786/881/2877
f 767/863/2823 768/862/2822 788/882/2880 787/883/2881
f 768/862/2822 769/864/2826 789/884/2882 788/882/2880
f 769/864/2826 770/865/2829 790/885/2883 789/884/2882
f 770/865/2829 771/866/2832 791/886/2884 790/885/2883
f 771/866/2832 772/867/2835 792/887/2885 791/886/2884
f 772/867/2835 773/868/2838 793/888/2886 792/887/2885
f 773/868/2838 774/869/2841 794/889/2887 793/888/2886
f 774/869/2841 775/870/2844 795/890/2888 794/889/2887
f 775/870/2844 776/871/2847 796/891/2889 795/890/2888
f 776/871/2847 777/872/2850 797/892/2890 796/891/2889
f 777/872/2850 778/873/2853 798/893/2891 797/892/2890
f 778/873/2853 779/874/2856 799/894/2892 798/893/2891
f 779/874/2856 780/875/2859 800/895/2893 799/894/2892
f 780/875/2859 781/876/2862 801/896/2894 800/895/2893
f 781/876/2862 782/877/2865 802/897/2895 801/896/2894
f 782/877/2865 783/878/2868 803/898/2896 802/897/2895
f 783/878/2868 784/879/2871 804/899/2897 803/898/2896
f 784/879/2871 785/880/2874 805/900/2898 804/899/2897
f 785/880/2874 786/881/2877 806/901/2899 805/900/2898
f 786/881/2877 767/863/2823 787/883/2881 806/901/2899
s 4
f 708/902/2740 707/903/2739 807/904/2900 808/905/2901
f 709/906/2743 708/902/2740 808/905/2901 809/907/2902
f 710/908/2745 709/906/2743 809/907/2902 810/909/2903
f 711/910/2747 710/908/2745 810/909/2903 811/911/2904
f 712/912/2749 711/910/2747 811/911/2904 812/913/2905
f 713/914/2751 712/912/2749 812/913/2905 813/915/2906
f 714/916/2753 713/914/2751 813/915/2906 814/917/2907
f 715/918/2755 714/916/2753 814/917/2907 815/919/2908
f 716/920/2757 715/918/2755 815/919/2908 816/921/2909
f 717/922/2759 716/920/2757 816/921/2909 817/923/2910
f 718/924/2761 717/922/2759 817/923/2910 818/925/2911
f 719/926/2763 718/924/2761 818/925/2911 819/927/2912
f 720/928/2765 719/926/2763 819/927/2912 820/929/2913
f 721/930/2767 720/928/2765 820/929/2913 821/931/2914
f 722/932/2769 721/930/2767 821/931/2914 822/933/2915
f 723/934/2771 722/932/2769 822/933/2915 823/935/2916
f 724/936/2773 723/934/2771 823/935/2916 824/937/2917
f 725/938/2775 724/936/2773 824/937/2917 825/939/2918
f 726/940/2777 725/938/2775 825/939/2918 826/941/2919
f 707/903/2739 726/940/2777 826/941/2919 807/904/2900
f 808/905/2901 807/904/2900 827/942/2920 828/943/2921
f 809/907/2902 808/905/2901 828/943/2921 829/944/2922
f 810/909/2903 809/907/2902 829/944/2922 830/945/2923
f 811/911/2904 810/909/2903 830/945/2923 831/946/2924
f 812/913/2905 811/911/2904 831/946/2924 832/947/2925
f 813/915/2906 812/913/2905 832/947/2925 833/948/2926
f 814/917/2907 813/915/2906 833/948/2926 834/949/2927
f 815/919/2908 814/917/2907 834/949/2927 835/950/2928
f 816/921/2909 815/919/2908 835/950/2928 836/951/2929
f 817/923/2910 816/921/2909 836/951/2929 837/952/2930
f 818/925/2911 817/923/2910 837/952/2930 838/953/2931
f 819/927/2912 818/925/2911 838/953/2931 839/954/2932
f 820/929/2913 819/927/2912 839/954/2932 840/955/2933
f 821/931/2914 820/929/2913 840/955/2933 841/956/2934
f 822/933/2915 821/931/2914 841/956/2934 842/957/2935
f 823/935/2916 822/933/2915 842/957/2935 843/958/2936
f 824/937/2917 823/935/2916 843/958/2936 844/959/2937
f 825/939/2918 824/937/2917 844/959/2937 845/960/2938
f 826/941/2919 825/939/2918 845/960/2938 846/961/2939
f 807/904/2900 826/941/2919 846/961/2939 827/942/2920
f 828/943/2921 827/942/2920 847/802/2940 848/801/2941
f 829/944/2922 828/943/2921 848/801/2941 850/804/2942
f 830/945/2923 829/944/2922 850/804/2942 851/805/2943
f 831/946/2924 830/945/2923 851/805/2943 852/806/2944
f 832/947/2925 831/946/2924 852/806/2944 853/807/2945
f 833/948/2926 832/947/2925 853/807/2945 854/808/2946
f 834/949/2927 833/948/2926 854/808/2946 855/809/2947
f 835/950/2928 834/949/2927 855/809/2947 856/810/2948
f 836/951/2929 835/950/2928 856/810/2948 857/811/2949
f 837/952/2930 836/951/2929 857/811/2949 858/812/2950
f 838/953/2931 837/952/2930 858/812/2950 859/813/2951
f 839/954/2932 838/953/2931 859/813/2951 860/814/2952
f 840/955/2933 839/954/2932 860/814/2952 861/815/2953
f 841/956/2934 840/955/2933 861/815/2953 862/816/2954
f 842/957/2935 841/956/2934 862/816/2954 863/817/2955
f 843/958/2936 842/957/2935 863/817/2955 864/818/2956
f 844/959/2937 843/958/2936 864/818/2956 865/819/2957
f 845/960/2938 844/959/2937 865/819/2957 866/820/2958
f 846/961/2939 845/960/2938 866/820/2958 867/821/2959
f 827/942/2920 846/961/2939 867/821/2959 847/802/2940
s 26
f 868/962/2960 869/963/2961 889/964/2962 888/965/2963
f 869/963/2961 870/966/2964 890/967/2965 889/964/2962
f 870/966/2964 871/968/2966 891/969/2967 890/967/2965
f 871/968/2966 872/970/2968 892/971/2969 891/969/2967
f 872/970/2968 873/972/2970 893/973/2971 892/971/2969
f 873/972/2970 874/974/2972 894/975/2973 893/973/2971
f 874/974/2972 875/976/2974 895/977/2975 894/975/2973
f 875/976/2974 876/978/2976 896/979/2977 895/977/2975
f 876/978/2976 877/980/2978 897/981/2979 896/979/2977
f 877/980/2978 878/982/2980 898/983/2981 897/981/2979
f 878/982/2980 879/984/2982 899/985/2983 898/983/2981
f 879/984/2982 880/986/2984 900/987/2985 899/985/2983
f 880/986/2984 881/988/2986 901/989/2987 900/987/2985
f 881/988/2986 882/990/2988 902/991/2989 901/989/2987
f 882/990/2988 883/992/2990 903/993/2991 902/991/2989
f 883/992/2990 884/994/2992 904/995/2993 903/993/2991
f 884/994/2992 885/996/2994 905/997/2995 904/995/2993
f 885/996/2994 886/998/2996 906/999/2997 905/997/2995
f 886/998/2996 887/1000/2998 907/1001/2999 906/999/2997
f 887/1000/2998 868/1002/2960 888/1003/2963 907/1001/2999
s 27
f 1009/1004/3000 1008/1005/3001 1010/1006/3002
f 1011/1007/3003 1009/1004/3000 1010/1006/3002
f 1012/1008/3004 1011/1007/3003 1010/1006/3002
f 1013/1009/3005 1012/1008/3004 1010/1006/3002
f 1014/1010/3006 1013/1009/3005 1010/1006/3002
f 1015/1011/3007 1014/1010/3006 1010/1006/3002
f 1016/1012/3008 1015/1011/3007 1010/1006/3002
f 1017/1013/3009 1016/1012/3008 1010/1006/3002
f 1018/1014/3010 1017/1013/3009 1010/1006/3002
f 1019/1015/3011 1018/1014/3010 1010/1006/3002
f 1020/1016/3012 1019/1015/3011 1010/1006/3002
f 1021/1017/3013 1020/1016/3012 1010/1006/3002
f 1022/1018/3014 1021/1017/3013 1010/1006/3002
f 1023/1019/3015 1022/1018/3014 1010/1006/3002
f 1024/1020/3016 1023/1019/3015 1010/1006/3002
f 1025/1021/3017 1024/1020/3016 1010/1006/3002
f 1026/1022/3018 1025/1021/3017 1010/1006/3002
f 1027/1023/3019 1026/1022/3018 1010/1006/3002
f 1028/1024/3020 1027/1023/3019 1010/1006/3002
f 1008/1005/3001 1028/1024/3020 1010/1006/3002
s 26
f 888/1025/2963 889/1026/2962 909/1027/3021 908/1028/3022
f 889/1026/2962 890/1029/2965 910/1030/3023 909/1027/3021
f 890/1029/2965 891/1031/2967 911/1032/3024 910/1030/3023
f 891/1031/2967 892/1033/2969 912/1034/3025 911/1032/3024
f 892/1033/2969 893/1035/2971 913/1036/3026 912/1034/3025
f 893/1035/2971 894/1037/2973 914/1038/3027 913/1036/3026
f 894/1037/2973 895/1039/2975 915/1040/3028 914/1038/3027
f 895/1039/2975 896/1041/2977 916/1042/3029 915/1040/3028
f 896/1041/2977 897/1043/2979 917/1044/3030 916/1042/3029
f 897/1043/2979 898/1045/2981 918/1046/3031 917/1044/3030
f 898/1045/2981 899/1047/2983 919/1048/3032 918/1046/3031
f 899/1047/2983 900/1049/2985 920/1050/3033 919/1048/3032
f 900/1049/2985 901/1051/2987 921/1052/3034 920/1050/3033
f 901/1051/2987 902/1053/2989 922/1054/3035 921/1052/3034
f 902/1053/2989 903/1055/2991 923/1056/3036 922/1054/3035
f 903/1055/2991 904/1057/2993 924/1058/3037 923/1056/3036
f 904/1057/2993 905/1059/2995 925/1060/3038 924/1058/3037
f 905/1059/2995 906/1061/2997 926/1062/3039 925/1060/3038
f 906/1061/2997 907/1063/2999 927/1064/3040 926/1062/3039
f 907/1063/2999 888/1025/2963 908/1028/3022 927/1064/3040
s 28
f 908/1028/3041 909/1027/3042 929/1065/3043 928/1066/3044
f 909/1027/3045 910/1030/3046 930/1067/3047 929/1065/3043
f 910/1030/3048 911/1032/3049 931/1068/3050 930/1067/3047
f 911/1032/3051 912/1034/3052 932/1069/3053 931/1068/3050
f 912/1034/3054 913/1036/3055 933/1070/3056 932/1069/3053
f 913/1036/3057 914/1038/3058 934/1071/3059 933/1070/3056
f 914/1038/3060 915/1040/3061 935/1072/3062 934/1071/3059
f 915/1040/3063 916/1042/3064 936/1073/3065 935/1072/3062
f 916/1042/3066 917/1044/3067 937/1074/3068 936/1073/3065
f 917/1044/3069 918/1046/3070 938/1075/3071 937/1074/3068
f 918/1046/3072 919/1048/3073 939/1076/3074 938/1075/3071
f 919/1048/3075 920/1050/3076 940/1077/3077 939/1076/3074
f 920/1050/3078 921/1052/3079 941/1078/3080 940/1077/3077
f 921/1052/3081 922/1054/3082 942/1079/3083 941/1078/3080
f 922/1054/3084 923/1056/3085 943/1080/3086 942/1079/3083
f 923/1056/3087 924/1058/3088 944/1081/3089 943/1080/3086
f 924/1058/3090 925/1060/3091 945/1082/3092 944/1081/3089
f 925/1060/3093 926/1062/3094 946/1083/3095 945/1082/3092
f 926/1062/3096 927/1064/3097 947/1084/3098 946/1083/3095
f 927/1064/3099 908/1028/3100 928/1066/3044 947/1084/3098
f 928/1066/3044 929/1065/3043 949/1085/3101 948/1086/3102
f 929/1065/3043 930/1067/3047 950/1087/3103 949/1085/3101
f 930/1067/3047 931/1068/3050 951/1088/3104 950/1087/3103
f 931/1068/3050 932/1069/3053 952/1089/3105 951/1088/3104
f 932/1069/3053 933/1070/3056 953/1090/3106 952/1089/3105
f 933/1070/3056 934/1071/3059 954/1091/3107 953/1090/3106
f 934/1071/3059 935/1072/3062 955/1092/3108 954/1091/3107
f 935/1072/3062 936/1073/3065 956/1093/3109 955/1092/3108
f 936/1073/3065 937/1074/3068 957/1094/3110 956/1093/3109
f 937/1074/3068 938/1075/3071 958/1095/3111 957/1094/3110
f 938/1075/3071 939/1076/3074 959/1096/3112 958/1095/3111
f 939/1076/3074 940/1077/3077 960/1097/3113 959/1096/3112
f 940/1077/3077 941/1078/3080 961/1098/3114 960/1097/3113
f 941/1078/3080 942/1079/3083 962/1099/3115 961/1098/3114
f 942/1079/3083 943/1080/3086 963/1100/3116 962/1099/3115
f 943/1080/3086 944/1081/3089 964/1101/3117 963/1100/3116
f 944/1081/3089 945/1082/3092 965/1102/3118 964/1101/3117
f 945/1082/3092 946/1083/3095 966/1103/3119 965/1102/3118
f 946/1083/3095 947/1084/3098 967/1104/3120 966/1103/3119
f 947/1084/3098 928/1066/3044 948/1086/3102 967/1104/3120
s 26
f 869/1105/2961 868/1106/2960 968/1107/3121 969/1108/3122
f 870/1109/2964 869/1105/2961 969/1108/3122 970/1110/3123
f 871/1111/2966 870/1109/2964 970/1110/3123 971/1112/3124
f 872/1113/2968 871/1111/2966 971/1112/3124 972/1114/3125
f 873/1115/2970 872/1113/2968 972/1114/3125 973/1116/3126
f 874/1117/2972 873/1115/2970 973/1116/3126 974/1118/3127
f 875/1119/2974 874/1117/2972 974/1118/3127 975/1120/3128
f 876/1121/2976 875/1119/2974 975/1120/3128 976/1122/3129
f 877/1123/2978 876/1121/2976 976/1122/3129 977/1124/3130
f 878/1125/2980 877/1123/2978 977/1124/3130 978/1126/3131
f 879/1127/2982 878/1125/2980 978/1126/3131 979/1128/3132
f 880/1129/2984 879/1127/2982 979/1128/3132 980/1130/3133
f 881/1131/2986 880/1129/2984 980/1130/3133 981/1132/3134
f 882/1133/2988 881/1131/2986 981/1132/3134 982/1134/3135
f 883/1135/2990 882/1133/2988 982/1134/3135 983/1136/3136
f 884/1137/2992 883/1135/2990 983/1136/3136 984/1138/3137
f 885/1139/2994 884/1137/2992 984/1138/3137 985/1140/3138
f 886/1141/2996 885/1139/2994 985/1140/3138 986/1142/3139
f 887/1143/2998 886/1141/2996 986/1142/3139 987/1144/3140
f 868/1106/2960 887/1143/2998 987/1144/3140 968/1107/3121
f 969/1108/3122 968/1107/3121 988/1145/3141 989/1146/3142
f 970/1110/3123 969/1108/3122 989/1146/3142 990/1147/3143
f 971/1112/3124 970/1110/3123 990/1147/3143 991/1148/3144
f 972/1114/3125 971/1112/3124 991/1148/3144 992/1149/3145
f 973/1116/3126 972/1114/3125 992/1149/3145 993/1150/3146
f 974/1118/3127 973/1116/3126 993/1150/3146 994/1151/3147
f 975/1120/3128 974/1118/3127 994/1151/3147 995/1152/3148
f 976/1122/3129 975/1120/3128 995/1152/3148 996/1153/3149
f 977/1124/3130 976/1122/3129 996/1153/3149 997/1154/3150
f 978/1126/3131 977/1124/3130 997/1154/3150 998/1155/3151
f 979/1128/3132 978/1126/3131 998/1155/3151 999/1156/3152
f 980/1130/3133 979/1128/3132 999/1156/3152 1000/1157/3153
f 981/1132/3134 980/1130/3133 1000/1157/3153 1001/1158/3154
f 982/1134/3135 981/1132/3134 1001/1158/3154 1002/1159/3155
f 983/1136/3136 982/1134/3135 1002/1159/3155 1003/1160/3156
f 984/1138/3137 983/1136/3136 1003/1160/3156 1004/1161/3157
f 985/1140/3138 984/1138/3137 1004/1161/3157 1005/1162/3158
f 986/1142/3139 985/1140/3138 1005/1162/3158 1006/1163/3159
f 987/1144/3140 986/1142/3139 1006/1163/3159 1007/1164/3160
f 968/1107/3121 987/1144/3140 1007/1164/3160 988/1145/3141
f 989/1146/3142 988/1145/3141 1008/1005/3161 1009/1004/3162
f 990/1147/3143 989/1146/3142 1009/1004/3162 1011/1007/3163
f 991/1148/3144 990/1147/3143 1011/1007/3163 1012/1008/3164
f 992/1149/3145 991/1148/3144 1012/1008/3164 1013/1009/3165
f 993/1150/3146 992/1149/3145 1013/1009/3165 1014/1010/3166
f 994/1151/3147 993/1150/3146 1014/1010/3166 1015/1011/3167
f 995/1152/3148 994/1151/3147 1015/1011/3167 1016/1012/3168
f 996/1153/3149 995/1152/3148 1016/1012/3168 1017/1013/3169
f 997/1154/3150 996/1153/3149 1017/1013/3169 1018/1014/3170
f 998/1155/3151 997/1154/3150 1018/1014/3170 1019/1015/3171
f 999/1156/3152 998/1155/3151 1019/1015/3171 1020/1016/3172
f 1000/1157/3153 999/1156/3152 1020/1016/3172 1021/1017/3173
f 1001/1158/3154 1000/1157/3153 1021/1017/3173 1022/1018/3174
f 1002/1159/3155 1001/1158/3154 1022/1018/3174 1023/1019/3175
f 1003/1160/3156 1002/1159/3155 1023/1019/3175 1024/1020/3176
f 1004/1161/3157 1003/1160/3156 1024/1020/3176 1025/1021/3177
f 1005/1162/3158 1004/1161/3157 1025/1021/3177 1026/1022/3178
f 1006/1163/3159 1005/1162/3158 1026/1022/3178 1027/1023/3179
f 1007/1164/3160 1006/1163/3159 1027/1023/3179 1028/1024/3180
f 988/1145/3141 1007/1164/3160 1028/1024/3180 1008/1005/3161
