# This file uses meters as units for non-parametric coordinates.

g default
v -2.908749 4.799773 1.341456
v -3.961805 4.280890 0.051556
v -11.464378 6.475634 -0.972112
v -12.362542 5.817775 -0.222915
v -12.784406 7.635986 1.341457
v -12.688680 9.654993 2.771324
v -12.084735 10.450436 4.201187
v -11.031677 10.969328 5.491084
v -9.632601 11.160858 6.514753
v -8.024451 11.006279 7.171984
v -6.364642 10.520737 7.398462
v -4.815656 9.751740 7.171997
v -3.529104 8.774581 6.514753
v -2.630941 7.684900 5.491084
v -2.209070 6.589370 4.201187
v -2.304798 5.595222 2.771324
v -1.219797 9.953333 -2.836576
v -1.697639 8.335966 -3.103609
v -4.074354 8.189098 -3.343134
v -4.075436 8.728233 -5.068520
v -6.364674 10.520660 -6.033852
v -7.913662 11.289646 -5.807384
v -9.200209 11.021461 -5.150143
v -10.098372 13.356499 -4.126473
v -10.520241 14.452028 -2.836576
v -10.424515 15.446159 -1.406716
v -9.820567 16.241611 0.023141
v -8.767511 16.760490 1.313047
v -7.368434 16.952023 2.336716
v -5.760285 16.797455 2.993953
v -4.100477 16.311913 3.220418
v -2.551481 15.542904 2.993959
v -1.264936 14.565758 2.336726
v -0.366774 13.476065 1.313048
v 0.055096 12.380535 0.023148
v -0.615847 10.748775 -1.406713
v 0.498531 11.195103 -4.707691
v -0.532261 10.725739 -6.034040
v -1.896666 10.611343 -7.114462
v -3.461130 10.863121 -7.843212
v -5.072509 11.456404 -8.148951
v -6.573068 12.333130 -8.001755
v -7.815923 13.407501 -7.416035
v -8.679418 14.574314 -6.449116
v -9.079022 15.719360 -5.195660
v -8.975627 16.730576 -3.778345
v -8.379347 17.508972 -2.335927
v -7.348553 17.978310 -1.009590
v -5.984153 18.092716 0.070831
v -4.419689 17.840950 0.799581
v -2.808304 17.247669 1.105323
v -1.307749 16.370918 0.958129
v -0.064899 15.296574 0.372407
v 0.798607 14.129761 -0.594510
v 1.198196 12.984688 -1.847970
v 1.094807 11.973473 -3.265278
v 1.421001 12.332500 -6.040457
v 0.585110 12.023167 -7.289711
v -0.504683 12.083956 -8.368446
v -1.741695 12.508884 -9.171085
v -3.004866 13.256405 -9.619034
v -4.170521 14.253304 -9.668451
v -5.124576 15.402000 -9.314529
v -5.773633 16.590073 -8.591892
v -6.054152 17.701229 -7.571255
v -5.938686 18.626671 -6.352558
v -5.438534 19.275833 -5.055071
v -4.602650 19.585144 -3.805822
v -3.512863 19.524380 -2.727087
v -2.275837 19.099426 -1.924461
v -1.012669 18.351929 -1.476499
v 0.152988 17.355034 -1.427069
v 1.107037 16.206310 -1.781003
v 1.756100 15.018238 -2.503653
v 2.036625 13.907106 -3.524278
v 1.921162 12.981642 -4.742980
v 4.466393 15.043850 -7.823298
v 3.788872 14.879219 -8.891087
v 2.868866 14.968744 -9.769676
v 1.796432 15.303642 -10.373024
v 0.676548 15.851158 -10.642099
v -0.381165 16.557667 -10.550562
v -1.273178 17.354027 -10.107368
v -1.912178 18.162289 -9.355896
v -2.235592 18.903320 -8.369717
v -2.211788 19.504601 -7.245338
v -1.843084 19.907261 -6.092842
v -1.165573 20.071892 -5.025053
v -0.245583 19.982368 -4.146464
v 0.826836 19.647469 -3.543111
v 1.946751 19.099957 -3.274028
v 3.004463 18.393448 -3.365565
v 3.896461 17.597084 -3.808765
v 4.535461 16.788826 -4.560245
v 4.858887 16.047768 -5.546436
v 4.835083 15.446510 -6.670801
v 7.865055 19.254196 -10.410816
v 7.231613 19.136917 -11.314491
v 6.350410 19.098244 -11.987961
v 5.307693 19.141953 -12.365334
v 4.205521 19.263756 -12.409645
v 3.151783 19.451736 -12.116562
v 2.249619 19.687477 -11.514774
v 1.587368 19.947922 -10.663235
v 1.229847 20.207565 -9.645227
v 1.212009 20.440987 -8.560415
v 1.535660 20.625370 -7.515018
v 2.169102 20.742622 -6.611359
v 3.050282 20.781319 -5.937899
v 4.092999 20.737591 -5.560526
v 5.195194 20.615807 -5.516216
v 6.248932 20.427853 -5.809284
v 7.151073 20.192089 -6.411060
v 7.813324 19.931641 -7.262638
v 8.170868 19.672005 -8.280632
v 8.188683 19.438553 -9.365433
v 11.603973 25.296043 -11.520615
v 11.051731 25.162285 -12.224754
v 10.305088 25.066422 -12.726654
v 9.437069 25.017860 -12.977211
v 8.532665 25.021278 -12.951923
v 7.680393 25.076435 -12.653255
v 6.963696 25.177834 -12.110420
v 6.452740 25.315567 -11.376587
v 6.197502 25.476250 -10.523590
v 6.222992 25.644028 -9.634886
v 6.526714 25.802544 -8.797487
v 7.078934 25.936253 -8.093355
v 7.825550 26.032120 -7.591473
v 8.693573 26.080730 -7.340902
v 9.598000 26.077255 -7.366201
v 10.450272 26.022156 -7.664867
v 11.166920 25.920753 -8.207689
v 11.677948 25.782967 -8.941536
v 11.933136 25.622337 -9.794559
v 11.907669 25.454559 -10.683239
v 11.676491 31.495125 -12.524529
v 11.228664 31.287140 -12.949005
v 10.677681 31.048309 -13.200542
v 10.077377 30.801979 -13.254589
v 9.486534 30.572357 -13.105812
v 8.963024 30.381783 -12.768772
v 8.558075 30.249031 -12.276489
v 8.311344 30.187027 -11.677166
v 8.246956 30.201874 -11.029411
v 8.371201 30.292107 -10.396675
v 8.671982 30.448860 -9.840858
v 9.119781 30.656845 -9.416384
v 9.670769 30.895676 -9.164820
v 10.271069 31.141960 -9.110798
v 10.861961 31.371635 -9.259602
v 11.385468 31.562157 -9.596615
v 11.790367 31.694962 -10.088875
v 12.037155 31.756958 -10.688246
v 12.101517 31.742111 -11.336002
v 11.977272 31.651886 -11.968712
v 9.629250 35.597198 -12.335667
v 9.310204 35.488907 -12.684685
v 8.897278 35.379707 -12.914459
v 8.430809 35.280319 -13.002598
v 7.956467 35.200409 -12.940422
v 7.520668 35.147766 -12.734051
v 7.166092 35.127640 -12.403679
v 6.927486 35.141930 -11.981670
v 6.828175 35.189285 -11.509289
v 6.877846 35.265068 -11.032806
v 7.071690 35.361786 -10.598846
v 7.390686 35.470032 -10.249859
v 7.803635 35.579239 -10.020058
v 8.270081 35.678673 -9.931942
v 8.744473 35.758591 -9.994116
v 9.180271 35.811226 -10.200466
v 9.534794 35.831352 -10.530811
v 9.773426 35.817009 -10.952869
v 9.872765 35.769653 -11.425251
v 9.823093 35.693924 -11.901711
v 7.787155 39.873993 -12.754181
v 7.534859 39.788345 -13.030201
v 7.208214 39.701996 -13.211914
v 6.839321 39.623390 -13.281639
v 6.464165 39.560181 -13.232449
v 6.119453 39.518517 -13.069252
v 5.839054 39.502609 -12.807976
v 5.650318 39.513885 -12.474205
v 5.571762 39.551422 -12.100586
v 5.611065 39.611313 -11.723717
v 5.764374 39.687805 -11.380463
v 6.016693 39.773453 -11.104465
v 6.343262 39.859802 -10.922699
v 6.712181 39.938416 -10.853004
v 7.087387 40.001617 -10.902218
v 7.432053 40.043289 -11.065414
v 7.712448 40.059189 -11.326668
v 7.901211 40.047913 -11.660484
v 7.979767 40.010376 -12.034058
v 7.940487 39.950485 -12.410900
v 5.987076 46.458649 -9.718649
v 5.874607 46.420410 -9.841688
v 5.728996 46.381958 -9.922707
v 5.564617 46.346939 -9.953758
v 5.397392 46.318756 -9.931816
v 5.243706 46.300140 -9.859051
v 5.118755 46.293091 -9.742626
v 5.034641 46.298126 -9.593899
v 4.999641 46.314835 -9.427380
v 5.017155 46.341507 -9.259401
v 5.085491 46.375626 -9.106394
v 5.197964 46.413864 -8.983379
v 5.343498 46.452316 -8.902359
v 5.507927 46.487335 -8.871311
v 5.675175 46.515518 -8.893251
v 5.828812 46.534042 -8.965969
v 5.953762 46.541183 -9.082417
v 6.037903 46.536148 -9.231270
v 6.072929 46.519440 -9.397713
v 6.055389 46.492767 -9.565617
v 4.530003 53.100983 -4.466657
v 4.470619 53.080856 -4.531636
v 4.291950 53.079041 -4.305145
v 4.393726 53.060516 -4.574499
v 4.306919 53.042007 -4.590917
v 4.218578 53.027100 -4.579292
v 4.137508 53.017349 -4.540895
v 4.071560 53.013611 -4.479401
v 4.027073 53.016235 -4.400809
v 4.008606 53.024994 -4.313008
v 4.017841 53.039093 -4.224389
v 4.053970 53.057205 -4.143520
v 4.113403 53.077332 -4.078509
v 4.190147 53.097565 -4.035767
v 4.276928 53.116074 -4.019418
v 4.365269 53.130981 -4.031005
v 4.446415 53.140732 -4.069382
v 4.512413 53.144562 -4.130864
v 4.556801 53.141846 -4.209469
v 4.575317 53.133087 -4.297396
v 4.566082 53.118988 -4.385989
v -3.711588 1.932654 1.695117
v -4.764641 1.413768 0.405219
v -6.163718 1.222239 -0.618452
v -7.771872 1.376816 -1.275688
v -9.431679 1.862363 -1.502154
v -13.491526 6.787868 3.124981
v -12.887574 7.583323 4.554852
v -11.834517 6.003196 5.844753
v -10.435444 8.293733 6.868410
v -8.827290 8.139153 7.525654
v -7.167484 7.653612 7.752119
v -5.618494 6.884615 7.525654
v -4.331944 5.907463 6.868410
v -3.433781 4.817779 5.844742
v -3.011909 3.722250 4.554845
v -3.107637 2.728104 3.124981
v -5.637278 0.659150 1.564143
v -6.161787 0.685363 0.924461
v -7.289332 0.437352 -1.704210
v -8.729875 0.499620 -2.080223
v -10.216141 0.560512 -1.992277
v -11.104608 0.882197 7.023254
v -9.664057 0.471509 7.399267
v -7.351661 0.702482 5.485813
v -6.581566 0.672729 5.184052
v -5.942259 0.649973 4.658913
v -5.496329 0.636430 3.961807
v -5.287426 0.633423 3.160968
v -5.335993 0.641252 2.334791
v -7.136715 3.860489 4.857618
v -7.659695 4.550344 4.887184
v -8.354521 5.052690 5.010299
v -9.153178 5.318345 5.214899
v -9.977487 5.321301 5.480957
v -10.746761 5.061282 5.782442
v -11.385698 4.563730 6.089827
v -11.831755 3.877353 6.373018
v -12.041268 3.069338 6.604328
v -11.993726 2.218777 6.761086
v -11.693789 1.408931 6.827951
v -11.170807 0.719076 6.798386
v -10.475986 0.216737 6.675270
v -9.677329 -0.048919 6.470671
v -8.853019 -0.051881 6.204613
v -8.083745 0.208138 5.903129
v -7.444807 0.705693 5.595743
v -6.998753 1.392066 5.312538
v -6.789239 2.200082 5.081242
v -6.836778 3.050642 4.924486
v -6.012265 4.563950 8.333588
v -6.535243 5.253805 8.363153
v -7.230068 5.756148 8.486256
v -8.028724 6.021802 8.690857
v -8.853034 6.024765 8.956913
v -9.622311 5.764740 9.258385
v -10.261245 5.267191 9.565784
v -10.707301 4.580814 9.848976
v -10.916815 3.772799 10.080284
v -10.869272 2.922240 10.237041
v -10.569335 2.112397 10.303921
v -10.046356 1.422537 10.274357
v -9.351532 0.920195 10.151241
v -8.552876 0.654543 9.946629
v -7.728565 0.651580 9.680569
v -6.959290 0.911599 9.379086
v -6.320354 1.409148 9.071712
v -5.874299 2.095528 8.788507
v -5.664784 2.903543 8.557211
v -5.712327 3.754103 8.400442
v -5.444559 5.286628 8.990290
v -5.956482 5.982821 9.049721
v -6.634090 6.495033 9.219360
v -7.411048 6.773125 9.482574
v -8.211307 6.789875 9.813623
v -8.956529 6.543633 10.180099
v -9.573769 6.058519 10.546101
v -10.002607 5.382016 10.875839
v -10.201061 4.580333 11.136992
v -10.149714 3.731961 11.304039
v -9.853582 2.919930 11.360626
v -9.341658 2.223736 11.301195
v -8.664055 1.711526 11.131557
v -7.887095 1.433435 10.868343
v -7.086836 1.416687 10.537292
v -6.341613 1.662925 10.170816
v -5.724374 2.148038 9.804817
v -5.295540 2.824546 9.475077
v -5.097080 3.626225 9.213924
v -5.148435 4.474602 9.046879
v -4.986431 5.656496 9.777920
v -5.401558 6.285029 9.893965
v -5.942781 6.760581 10.142509
v -6.557128 7.036615 10.499199
v -7.184450 7.086096 10.929157
v -7.763352 6.904190 11.390266
v -8.237164 6.508696 11.837412
v -8.559507 5.938336 12.226810
v -8.698820 5.248943 12.520344
v -8.641477 4.507988 12.689278
v -8.393085 3.788005 12.717106
v -7.977960 3.159473 12.601063
v -7.436737 2.683921 12.352516
v -6.822395 2.407892 11.995827
v -6.195063 2.358406 11.565868
v -5.616167 2.540315 11.104759
v -5.142358 2.935804 10.657616
v -4.820014 3.506165 10.268215
v -4.680702 4.195564 9.974682
v -4.738044 4.936516 9.805748
v -3.474001 5.907469 11.369812
v -3.810472 6.424261 11.514137
v -4.267380 6.803375 11.734652
v -4.799979 7.007705 12.009792
v -5.356149 7.017247 12.312637
v -5.881444 6.831064 12.613491
v -6.324444 6.467393 12.882946
v -6.641789 5.961818 13.094604
v -6.802410 5.363836 13.227760
v -6.790588 4.731978 13.269402
v -6.607475 4.128094 13.215405
v -6.271007 3.611302 13.071079
v -5.814113 3.232187 12.850563
v -5.281506 3.027857 12.575424
v -4.725331 3.018315 12.272606
v -4.200041 3.204494 11.971725
v -3.757042 3.568172 11.702271
v -3.439693 4.073748 11.490612
v -3.279076 4.671732 11.357456
v -3.290901 5.303581 11.315815
v -1.786131 6.215320 13.804737
v -2.100712 6.648153 13.936859
v -2.538345 6.960747 14.057358
v -3.056183 7.122510 14.154457
v -3.603558 7.117603 14.218616
v -4.126879 6.946499 14.243603
v -4.574915 6.625955 14.226944
v -4.903808 6.187353 14.170280
v -5.081372 5.673625 14.079147
v -5.090222 5.135037 13.962475
v -4.929492 4.624328 13.831684
v -4.614910 4.191494 13.699562
v -4.177282 3.878904 13.579063
v -3.659441 3.717139 13.481964
v -3.112053 3.722052 13.417778
v -2.588745 3.893148 13.392792
v -2.140707 4.213690 13.409451
v -1.811810 4.652298 13.466141
v -1.634245 5.166029 13.557247
v -1.625401 5.704611 13.673923
v -0.985142 7.882582 16.765388
v -1.259388 8.228527 16.849174
v -1.630205 8.475222 16.908657
v -2.061298 8.598539 16.938019
v -2.510443 8.586386 16.934395
v -2.933697 8.439983 16.898113
v -3.289631 8.173624 16.832767
v -3.543396 7.813425 16.744728
v -3.670147 7.394613 16.642624
v -3.657490 6.958200 16.536415
v -3.506649 6.546885 16.436550
v -3.232401 6.200946 16.352764
v -2.861609 5.954257 16.293308
v -2.430529 5.830946 16.263943
v -1.981359 5.843093 16.267567
v -1.558105 5.989501 16.303825
v -1.202185 6.255848 16.369167
v -0.948406 6.616054 16.457207
v -0.821655 7.034872 16.559341
v -0.834311 7.471279 16.665520
v -0.949110 7.066526 19.775478
v -1.171513 7.301176 19.768383
v -1.445168 7.463907 19.711868
v -1.743294 7.538826 19.611526
v -2.036715 7.518570 19.477165
v -2.296707 7.405143 19.321869
v -2.497810 7.209639 19.160934
v -2.620359 6.951223 19.010117
v -2.652328 6.655136 18.884109
v -2.590620 6.350411 18.795238
v -2.441248 6.066842 18.752312
v -2.218859 5.832192 18.759407
v -1.945215 5.669460 18.815918
v -1.647089 5.594561 18.916267
v -1.353643 5.614810 19.050629
v -1.093651 5.728225 19.205872
v -0.892559 5.923717 19.366806
v -0.770023 6.182163 19.517673
v -0.738029 6.478244 19.643684
v -0.799740 6.782963 19.732552
v -0.909971 3.737347 21.592537
v -1.068413 3.917420 21.615082
v -1.273491 4.043746 21.612770
v -1.505154 4.103986 21.585846
v -1.740728 4.092238 21.536934
v -1.957153 4.009655 21.470856
v -2.133247 3.864326 21.394066
v -2.251745 3.670490 21.314053
v -2.301073 3.447090 21.238670
v -2.276403 3.216010 21.175312
v -2.180136 2.999858 21.130173
v -2.021706 2.819796 21.107628
v -1.816628 2.693470 21.109940
v -1.584978 2.633229 21.136864
v -1.349379 2.644988 21.185730
v -1.132952 2.727556 21.251854
v -0.956884 2.872874 21.328644
v -0.838375 3.066740 21.408661
v -0.789032 3.290139 21.483994
v -0.813704 3.521200 21.547401
v -1.824804 3.050338 23.613052
v -1.950109 3.192757 23.630875
v -2.112326 3.292663 23.629059
v -2.295538 3.340310 23.607773
v -2.481846 3.331013 23.569077
v -2.653046 3.265706 23.516838
v -2.792301 3.150775 23.456100
v -2.886028 2.997461 23.392792
v -2.925041 2.820771 23.333206
v -2.905527 2.637999 23.283089
v -2.829376 2.467042 23.247360
v -2.704073 2.324626 23.229546
v -2.541895 2.224712 23.231354
v -2.358681 2.177072 23.252644
v -2.172335 2.186373 23.291344
v -2.001162 2.251685 23.343628
v -1.861906 2.366608 23.404312
v -1.768166 2.519939 23.467621
v -1.729153 2.696617 23.527206
v -1.748667 2.879364 23.577324
v -2.506214 2.819405 25.379242
v -2.559521 2.842869 25.317398
v -2.615454 2.839944 25.253532
v -2.668520 2.810978 25.194000
v -2.713583 2.758737 25.144432
v -2.746218 2.688375 25.109810
v -2.763227 2.606817 25.093559
v -2.762913 2.521992 25.097130
v -2.745325 2.442213 25.120277
v -2.712212 2.375283 25.160690
v -2.666771 2.327768 25.214485
v -2.613491 2.304313 25.276276
v -2.557556 2.307219 25.340088
v -2.504478 2.336197 25.399673
v -2.459389 2.388439 25.449242
v -2.426767 2.458778 25.483864
v -2.409784 2.540343 25.500114
v -2.410110 2.625218 25.496544
v -2.427662 2.704993 25.473396
v -2.460787 2.771877 25.432983
v -3.848845 0.221020 28.486382
v -3.876987 0.233406 28.453773
v -3.891266 0.091275 28.442848
v -3.906551 0.231909 28.420006
v -3.934582 0.216598 28.388550
v -3.958372 0.189009 28.362434
v -3.975595 0.151883 28.344170
v -3.984539 0.108807 28.335564
v -3.984402 0.063993 28.337425
v -3.975130 0.021911 28.349655
v -3.957655 -0.013391 28.370987
v -3.933651 -0.038507 28.399368
v -3.905483 -0.050906 28.432030
v -3.875994 -0.049372 28.465744
v -3.847975 -0.034067 28.497147
v -3.824162 -0.006484 28.523315
v -3.806925 0.030661 28.541634
v -3.797955 0.073744 28.550240
v -3.798130 0.118556 28.548325
v -3.807404 0.160683 28.536102
v -3.824865 0.195971 28.514763
v -12.392441 2.646271 5.391558
v -12.092504 1.836424 5.458425
v -11.569522 1.146566 5.428860
v -10.874701 0.644227 5.305758
v -10.076044 0.378575 5.101156
v -9.251734 0.375612 4.835099
v -8.482459 0.635631 4.533615
v -7.843520 1.133183 4.226230
v -7.397466 1.819560 3.943025
v -7.187954 2.627575 3.711721
v -10.491608 2.006884 1.658291
v -9.753487 2.059141 1.648770
v -9.064906 2.315903 1.735860
v -8.493274 2.752018 1.911057
v -8.094551 3.324800 2.157195
v -6.990257 3.102782 0.590098
v -6.856052 2.601482 1.608603
v -6.809812 2.428744 2.737620
v -6.856052 2.601482 3.866640
v -6.990257 3.102783 4.885145
v -7.199280 3.883578 5.693433
v -7.462668 4.867435 6.212387
v -15.618173 7.075130 1.726274
v -15.497964 6.626081 0.813924
v -15.310712 5.926661 0.089879
v -15.074786 5.045349 -0.374986
v -14.813245 4.068404 -0.535167
v -14.551704 3.091456 -0.374986
v -14.315778 2.210141 0.089880
v -14.128538 1.510725 0.813925
v -14.008317 1.061674 1.726274
v -13.966901 0.906941 2.737620
v -14.008317 1.061674 3.748973
v -14.128538 1.510725 4.661322
v -14.315778 2.210141 5.385368
v -14.551704 3.091456 5.850226
v -14.813245 4.068404 6.010417
v -15.074786 5.045349 5.850226
v -15.310712 5.926661 5.385368
v -15.497964 6.626081 4.661322
v -15.618173 7.075130 3.748973
v -15.659601 7.229868 2.737620
v -17.796175 6.182465 1.823447
v -17.687529 5.776560 0.998757
v -17.518267 5.144341 0.344280
v -17.304998 4.347706 -0.075921
v -17.068592 3.464628 -0.220712
v -16.832188 2.581549 -0.075921
v -16.618919 1.784911 0.344280
v -16.449673 1.152696 0.998758
v -16.341000 0.746791 1.823447
v -16.303558 0.606921 2.737620
v -16.341011 0.746791 3.651799
v -16.449673 1.152696 4.476486
v -16.618919 1.784911 5.130960
v -16.832188 2.581549 5.551170
v -17.068592 3.464628 5.695961
v -17.304998 4.347706 5.551170
v -17.518267 5.144341 5.130960
v -17.687529 5.776554 4.476486
v -17.796175 6.182465 3.651799
v -17.833616 6.322325 2.737620
v -20.443111 5.641701 1.182740
v -20.352354 5.302669 0.493908
v -20.210972 4.774596 -0.052752
v -20.032854 4.109191 -0.403733
v -19.835386 3.371592 -0.524670
v -19.637920 2.633986 -0.403731
v -19.459776 1.968587 -0.052753
v -19.318419 1.440521 0.493908
v -19.227661 1.101480 1.182740
v -19.196386 0.984658 1.946317
v -19.227661 1.101480 2.709892
v -19.318419 1.440521 3.398731
v -19.459776 1.968585 3.945390
v -19.637920 2.633989 4.296368
v -19.835386 3.371593 4.417306
v -20.032829 4.109194 4.296368
v -20.210972 4.774599 3.945390
v -20.352354 5.302662 3.398731
v -20.443111 5.641701 2.709898
v -20.474388 5.758525 1.946321
v -22.211687 4.945785 -0.506916
v -22.140579 4.680152 -1.046612
v -22.029819 4.266413 -1.474920
v -21.890249 3.745068 -1.749909
v -21.735531 3.167162 -1.844665
v -21.580812 2.589250 -1.749909
v -21.441267 2.067913 -1.474920
v -21.330481 1.654177 -1.046612
v -21.259375 1.388541 -0.506914
v -21.234867 1.297007 0.091344
v -21.259375 1.388541 0.689605
v -21.330507 1.654177 1.229306
v -21.441242 2.067913 1.657611
v -21.580812 2.589253 1.932601
v -21.735531 3.167164 2.027359
v -21.890249 3.745071 1.932601
v -22.029819 4.266413 1.657611
v -22.140579 4.680149 1.229306
v -22.211687 4.945785 0.689608
v -22.236195 5.037316 0.091348
v -24.891029 3.669461 -0.289852
v -24.681412 3.524404 -0.633736
v -24.476646 3.265863 -0.906639
v -24.296818 2.919157 -1.081860
v -24.159512 2.518244 -1.142235
v -24.078140 2.102337 -1.081860
v -24.060730 1.712162 -0.906641
v -24.108910 1.385915 -0.633736
v -24.218037 1.155520 -0.289850
v -24.377384 1.043539 0.091343
v -24.571354 1.060935 0.472538
v -24.780975 1.206000 0.816430
v -24.985741 1.464529 1.089339
v -25.165565 1.811225 1.264555
v -25.302872 2.212152 1.324931
v -25.384220 2.628058 1.264555
v -25.401657 3.018233 1.089336
v -25.353474 3.344487 0.816428
v -25.244347 3.574875 0.472548
v -25.085026 3.686856 0.091353
v -28.217377 3.703170 -1.975470
v -27.894203 3.588518 -2.231658
v -27.599312 3.354106 -2.434968
v -27.361588 3.022896 -2.565506
v -27.204327 2.627319 -2.610482
v -27.142933 2.206075 -2.565506
v -27.183342 1.800407 -2.434968
v -27.321732 1.450029 -2.231658
v -27.544411 1.189227 -1.975470
v -27.829639 1.043539 -1.691482
v -28.149544 1.027228 -1.407496
v -28.472767 1.141889 -1.151299
v -28.767658 1.376284 -0.947985
v -29.005333 1.707488 -0.817451
v -29.162594 2.103079 -0.772470
v -29.223988 2.524320 -0.817451
v -29.183578 2.929990 -0.947985
v -29.045242 3.280375 -1.151299
v -28.822563 3.541171 -1.407487
v -28.537281 3.686856 -1.691475
v -31.394867 2.360617 -5.485834
v -31.144058 2.300065 -5.570993
v -30.920624 2.160965 -5.638590
v -30.746407 1.956923 -5.681993
v -30.638565 1.707926 -5.696939
v -30.607616 1.438370 -5.681993
v -30.656532 1.174621 -5.638590
v -30.780624 0.942494 -5.571007
v -30.967678 0.764703 -5.485834
v -31.199364 0.658667 -5.391430
v -31.453041 0.634760 -5.297010
v -31.703903 0.695330 -5.211839
v -31.927338 0.834419 -5.144242
v -32.101555 1.038447 -5.100851
v -32.209396 1.287433 -5.085894
v -32.240345 1.556993 -5.100851
v -32.191383 1.820747 -5.144242
v -32.067337 2.052877 -5.211839
v -31.880283 2.230670 -5.297010
v -31.648598 2.336709 -5.391417
v -31.717339 1.552833 -9.241058
v -31.588913 1.523265 -9.207142
v -31.474831 1.454228 -9.180244
v -31.386215 1.352440 -9.162956
v -31.331665 1.227901 -9.156994
v -31.316666 1.092805 -9.162956
v -31.342636 0.960371 -9.180244
v -31.406944 0.843562 -9.207142
v -31.503418 0.753796 -9.241058
v -31.622528 0.699868 -9.278650
v -31.752663 0.687067 -9.316242
v -31.881088 0.716641 -9.350159
v -31.995171 0.785691 -9.377056
v -32.083839 0.887456 -9.394342
v -32.138290 1.011977 -9.400305
v -32.153336 1.147076 -9.394342
v -32.127369 1.279516 -9.377056
v -32.063057 1.396335 -9.350159
v -31.966591 1.486104 -9.316242
v -31.847473 1.540026 -9.278650
v -29.063156 1.521513 -11.458363
v -29.028633 1.494829 -11.395611
v -29.031303 1.289433 -11.527985
v -28.994415 1.448032 -11.345791
v -28.963768 1.385679 -11.313759
v -28.939766 1.313921 -11.302738
v -28.924717 1.239780 -11.313759
v -28.920135 1.170495 -11.345741
v -28.926376 1.112865 -11.395584
v -28.942932 1.072503 -11.458389
v -28.968147 1.053371 -11.527985
v -28.999496 1.057356 -11.597607
v -29.034019 1.084059 -11.660408
v -29.068237 1.130853 -11.710228
v -29.098835 1.193184 -11.742210
v -29.122887 1.264925 -11.753231
v -29.137936 1.339064 -11.742210
v -29.142517 1.408365 -11.710228
v -29.136276 1.466010 -11.660385
v -29.119720 1.506366 -11.597607
v -29.094505 1.525485 -11.527985
v -3.916063 4.590203 0.388869
v -4.502155 3.470110 0.127163
v -5.415008 2.581199 -0.080529
v -6.565270 2.010484 -0.213876
v -7.840345 1.813827 -0.259821
v -9.115419 2.010484 -0.213876
v -10.265680 2.581201 -0.080531
v -11.178532 3.470110 0.127163
v -11.764618 4.590203 0.388868
v -11.966570 5.831840 0.678971
v -11.764618 7.073471 0.969072
v -11.178532 8.193565 1.230778
v -10.265680 9.082482 1.438470
v -3.916075 7.073471 0.969072
v -3.714117 5.831840 0.678971
v -3.916063 6.467796 -7.647156
v -4.502155 5.347695 -7.908859
v -5.415008 4.458788 -8.116554
v -6.565270 3.888069 -8.249897
v -7.840345 3.691413 -8.295843
v -9.115419 3.888069 -8.249897
v -10.265680 4.458788 -8.116554
v -11.178532 5.347702 -7.908859
v -11.764618 6.467796 -7.647156
v -11.966570 7.709420 -7.357056
v -11.764618 8.951063 -7.066944
v -11.178532 10.071152 -6.805239
v -10.265680 10.960068 -6.597557
v -9.115419 11.530781 -6.464201
v -7.840345 11.727444 -6.418255
v -6.565270 11.530781 -6.464201
v -5.415007 10.960068 -6.597557
v -4.502155 10.071152 -6.805239
v -3.916075 8.951063 -7.066944
v -3.714117 7.709420 -7.357056
v -3.244766 7.677880 -12.203697
v -3.785173 6.618098 -12.161903
v -4.626875 5.777050 -12.128738
v -5.687480 5.237067 -12.107430
v -6.863173 5.050998 -12.100105
v -8.038866 5.237067 -12.107430
v -9.099471 5.777050 -12.128738
v -9.941170 6.618098 -12.161903
v -10.481575 7.677880 -12.203697
v -10.667786 8.852657 -12.250046
v -10.481575 10.027433 -12.296364
v -9.941170 11.087210 -12.338158
v -9.099465 11.928257 -12.371346
v -8.038863 12.468246 -12.392632
v -6.863173 12.654316 -12.399979
v -5.687488 12.468246 -12.392632
v -4.626881 11.928257 -12.371346
v -3.785173 11.087210 -12.338158
v -3.244766 10.027433 -12.296364
v -3.058559 8.852657 -12.250046
v -4.390627 7.842361 -15.114929
v -4.913671 6.959967 -15.092636
v -5.627533 6.244085 -15.267532
v -6.462360 5.764803 -15.622562
v -7.336422 5.569028 -16.122925
v -8.164160 5.675920 -16.719704
v -8.864545 6.075019 -17.354401
v -9.369015 6.727267 -17.964970
v -9.628204 7.568792 -18.491547
v -9.616734 8.517254 -18.882710
v -9.335726 9.479794 -19.100052
v -8.812677 10.362194 -19.122398
v -8.098806 11.078064 -18.947472
v -7.263992 11.557352 -18.592445
v -6.389926 11.753132 -18.092087
v -5.562189 11.646221 -17.495304
v -4.861814 11.247124 -16.860607
v -4.357332 10.594887 -16.250065
v -4.098145 9.753349 -15.723434
v -4.109617 8.804901 -15.332298
v -3.030165 7.008013 -18.126858
v -3.546177 6.314003 -18.000549
v -4.175817 5.716638 -18.103355
v -4.857468 5.274381 -18.425274
v -5.524384 5.030529 -18.934792
v -6.111307 5.008946 -19.582047
v -6.560763 5.211741 -20.303677
v -6.828758 5.619081 -21.029030
v -6.889073 6.191083 -21.687103
v -6.735799 6.871744 -22.213486
v -6.383938 7.594444 -22.556633
v -5.867920 8.288448 -22.682999
v -5.238274 8.885820 -22.580185
v -4.556643 9.328071 -22.258221
v -3.889719 9.571922 -21.748703
v -3.302803 9.593512 -21.101448
v -2.853342 9.390697 -20.379814
v -2.585335 8.983358 -19.654461
v -2.525024 8.411375 -18.996387
v -2.678295 7.730720 -18.470062
v -0.882532 4.829637 -20.730064
v -1.297647 4.271328 -20.628410
v -1.804197 3.790741 -20.711143
v -2.352579 3.434948 -20.970154
v -2.889111 3.238775 -21.380035
v -3.361279 3.221410 -21.900726
v -3.722860 3.384563 -22.481300
v -3.938456 3.712263 -23.064796
v -3.986980 4.172431 -23.594193
v -3.863676 4.720020 -24.017715
v -3.580610 5.301424 -24.293732
v -3.165483 5.859737 -24.395386
v -2.658932 6.340315 -24.312706
v -2.110563 6.696105 -24.053696
v -1.574034 6.892277 -23.643761
v -1.101866 6.909637 -23.123070
v -0.740282 6.746485 -22.542542
v -0.524673 6.418788 -21.959000
v -0.476151 5.958635 -21.429604
v -0.599466 5.411046 -21.006134
v 1.281380 3.228584 -24.940887
v 1.188129 2.837966 -24.736069
v 0.965302 2.480086 -24.576248
v 0.634678 2.190000 -24.477211
v 0.228687 1.996110 -24.448524
v -0.212986 1.917378 -24.493111
v -0.647083 1.961523 -24.606537
v -1.031111 2.124218 -24.777740
v -1.327501 2.389545 -24.989899
v -1.507217 2.731519 -25.222343
v -1.552683 3.116662 -25.452217
v -1.459423 3.507288 -25.657082
v -1.236580 3.865163 -25.816856
v -0.905996 4.155246 -25.915939
v -0.499990 4.349134 -25.944580
v -0.058319 4.427864 -25.899994
v 0.375793 4.383718 -25.786560
v 0.759830 4.221025 -25.615417
v 1.056210 3.955715 -25.403206
v 1.235912 3.613738 -25.170815
v 1.219181 2.588624 -30.530258
v 1.188004 2.458061 -30.461769
v 1.113503 2.338421 -30.408371
v 1.002991 2.241447 -30.375214
v 0.867298 2.176647 -30.365646
v 0.719650 2.150325 -30.380547
v 0.574543 2.165084 -30.418488
v 0.446171 2.219469 -30.475708
v 0.347084 2.308156 -30.546608
v 0.287022 2.422467 -30.624313
v 0.271824 2.551213 -30.701157
v 0.303001 2.681788 -30.769638
v 0.377480 2.801422 -30.823036
v 0.487988 2.898392 -30.856148
v 0.623707 2.963197 -30.865707
v 0.771355 2.989512 -30.850861
v 0.916462 2.974757 -30.812920
v 1.044838 2.920376 -30.755707
v 1.143898 2.831689 -30.684799
v 1.203983 2.717372 -30.607101
v 0.012337 1.421046 -34.330139
v 0.008221 1.274902 -34.366272
v -0.042377 1.136804 -34.399132
v -0.134394 1.020208 -34.425552
v -0.258642 0.936823 -34.442863
v -0.403194 0.894599 -34.449455
v -0.553747 0.897719 -34.444626
v -0.695583 0.945878 -34.428879
v -0.815025 1.034359 -34.403763
v -0.900158 1.154542 -34.371704
v -0.942694 1.294613 -34.335831
v -0.938517 1.440829 -34.299744
v -0.887930 1.579022 -34.266830
v -0.796066 1.695489 -34.240417
v -0.671818 1.778844 -34.223106
v -0.527252 1.821085 -34.216560
v -0.376612 1.817984 -34.221344
v -0.234650 1.769833 -34.237091
v -0.115385 1.681329 -34.262207
v -0.030277 1.561173 -34.294312
v -0.322136 0.830135 -38.230576
v -0.324175 0.757258 -38.248589
v -0.560341 0.798652 -38.231979
v -0.349424 0.688397 -38.264992
v -0.395330 0.630196 -38.278183
v -0.457304 0.588620 -38.286835
v -0.529366 0.567566 -38.290054
v -0.604486 0.569126 -38.287643
v -0.675303 0.593143 -38.279785
v -0.734835 0.637257 -38.267303
v -0.777308 0.697239 -38.251305
v -0.798544 0.767128 -38.233391
v -0.796455 0.840039 -38.215378
v -0.771231 0.908998 -38.198975
v -0.725437 0.967089 -38.185783
v -0.663439 1.008646 -38.177124
v -0.591314 1.029726 -38.173904
v -0.516094 1.028178 -38.176323
v -0.445301 1.004162 -38.184174
v -0.385883 0.960022 -38.196655
v -0.343424 0.900091 -38.212662
v -10.929704 4.116680 -0.439003
v -10.255508 5.008745 -0.504270
v -4.683053 3.093636 -2.949684
v -4.752588 1.993769 -3.149761
v -5.143591 0.946548 -3.220635
v -5.817792 0.054489 -3.155373
v -6.709185 -0.595098 -2.960346
v -7.730518 -0.938616 -2.654659
v -8.781820 -0.942447 -2.268236
v -9.760180 -0.606207 -1.838890
v -10.569828 0.037178 -1.408663
v -11.131512 0.924739 -1.019658
v -11.390246 1.969592 -0.709959
v -11.320706 3.069459 -0.509880
v -12.562463 5.026333 -4.872021
v -11.888262 5.918395 -4.937277
v -6.776349 1.856208 -7.653646
v -7.450546 0.964139 -7.588377
v -8.341940 0.314558 -7.393364
v -9.363276 -0.028965 -7.087677
v -10.414576 -0.032790 -6.701246
v -11.392939 0.303443 -6.271904
v -12.202585 0.946828 -5.841667
v -12.764264 1.834393 -5.452671
v -13.023006 2.879245 -5.142972
v -12.953460 3.979113 -4.942888
v -13.329964 5.960836 -5.691153
v -12.671595 6.861095 -5.794453
v -7.370288 4.062057 -8.924200
v -7.755838 2.900433 -8.981972
v -8.414206 2.000180 -8.878683
v -9.280942 1.337834 -8.624426
v -10.271209 0.978232 -8.244123
v -11.288073 0.956575 -7.774975
v -12.231993 1.274987 -7.262913
v -13.010564 1.902296 -6.758060
v -13.547598 2.777094 -6.309835
v -13.790506 3.813751 -5.962116
v -13.715512 4.910795 -5.748922
v -13.962648 6.439118 -6.685131
v -13.432282 7.251871 -6.856544
v -12.745846 7.866817 -7.205671
v -11.970527 8.223759 -7.698345
v -9.390726 4.953969 -10.635960
v -9.713109 4.022950 -10.659058
v -10.243475 3.210190 -10.487633
v -10.929912 2.595248 -10.138519
v -11.705231 2.238311 -9.645832
v -12.493533 2.174323 -9.057833
v -13.217655 2.409549 -8.432093
v -13.806710 2.920961 -7.829826
v -14.203054 3.658502 -7.310017
v -14.367862 4.549970 -6.923523
v -14.285030 5.508100 -6.708218
v -15.999206 6.763651 -8.663704
v -15.571926 7.431914 -8.867586
v -14.992986 7.922161 -9.176167
v -14.319061 8.186381 -9.559225
v -13.616125 8.198723 -9.979271
v -12.952970 7.957966 -10.395191
v -12.394523 7.487698 -10.766272
v -11.995443 6.833933 -11.056183
v -11.794806 6.060677 -11.236565
v -11.812230 5.243615 -11.289730
v -12.046030 4.462726 -11.210495
v -12.473310 3.794454 -11.006615
v -13.052244 3.304217 -10.698032
v -13.726169 3.039994 -10.314976
v -14.429105 3.027658 -9.894905
v -15.092260 3.268406 -9.478985
v -15.650706 3.738685 -9.107929
v -16.049780 4.392449 -8.817993
v -16.250431 5.165702 -8.637636
v -16.233006 5.982759 -8.584469
v -18.306072 7.161731 -11.722458
v -17.906433 7.721447 -11.909431
v -17.347219 8.125654 -12.087776
v -16.683157 8.334834 -12.240028
v -15.979227 8.328493 -12.351269
v -15.304359 8.107236 -12.410648
v -14.724601 7.692738 -12.412308
v -14.296705 7.125574 -12.356098
v -14.062577 6.461260 -12.247551
v -14.045091 5.764810 -12.097263
v -14.246005 5.104409 -11.919926
v -14.645632 4.544708 -11.732948
v -15.204833 4.140492 -11.554604
v -15.868907 3.931315 -11.402351
v -16.572849 3.937665 -11.291115
v -17.247705 4.158914 -11.231735
v -17.827477 4.573411 -11.230072
v -18.255371 5.140579 -11.286285
v -18.489500 5.804892 -11.394829
v -18.506987 6.501336 -11.545120
v -19.494198 9.317704 -15.506390
v -19.144201 9.765038 -15.628826
v -18.668146 10.084047 -15.724869
v -18.112680 10.243496 -15.785130
v -17.532156 10.227795 -15.803673
v -16.983397 10.038467 -15.778713
v -16.520123 9.694044 -15.712692
v -16.187691 9.228268 -15.612068
v -16.018631 8.686691 -15.486691
v -16.029488 8.122358 -15.348831
v -16.219217 7.590483 -15.212002
v -16.569225 7.143148 -15.089539
v -17.045242 6.824152 -14.993523
v -17.600721 6.664698 -14.933262
v -18.181271 6.680410 -14.914719
v -18.730019 6.869732 -14.939655
v -19.193291 7.214142 -15.005676
v -19.525724 7.679932 -15.106300
v -19.694784 8.221506 -15.231678
v -19.683939 8.785841 -15.369537
v -19.696547 8.262432 -19.393787
v -19.408798 8.565880 -19.396103
v -19.052311 8.776304 -19.337273
v -18.661905 8.873163 -19.223042
v -18.275827 8.846996 -19.064575
v -17.931871 8.700317 -18.877426
v -17.663700 8.447507 -18.679909
v -17.497559 8.113338 -18.491348
v -17.449726 7.730468 -18.330162
v -17.524858 7.336427 -18.212204
v -17.715633 6.969742 -18.148949
v -18.003355 6.666313 -18.146637
v -18.359842 6.455882 -18.205463
v -18.750223 6.359023 -18.319695
v -19.136351 6.385210 -18.478161
v -19.480309 6.531876 -18.665314
v -19.748453 6.784660 -18.862831
v -19.914595 7.118862 -19.051441
v -19.962452 7.501724 -19.212578
v -19.887320 7.895754 -19.330532
v -19.841148 3.957445 -21.739540
v -19.637592 4.190299 -21.776833
v -19.372492 4.353651 -21.784481
v -19.071787 4.431541 -21.761684
v -18.764866 4.416359 -21.710709
v -18.481800 4.309571 -21.636482
v -18.250315 4.121636 -21.546352
v -18.093056 3.870991 -21.449127
v -18.025421 3.582112 -21.354321
v -18.054029 3.283299 -21.271187
v -18.176064 3.003785 -21.207832
v -18.379620 2.770952 -21.170490
v -18.644695 2.607596 -21.162891
v -18.945400 2.529698 -21.185688
v -19.252344 2.544903 -21.236664
v -19.535412 2.651674 -21.310841
v -19.766872 2.839588 -21.400970
v -19.924131 3.090276 -21.498192
v -19.991791 3.379153 -21.593052
v -19.963182 3.677944 -21.676186
v -18.763659 3.069069 -24.397552
v -18.602676 3.253232 -24.427040
v -18.393005 3.382418 -24.433075
v -18.155180 3.444033 -24.415062
v -17.912447 3.432008 -24.374756
v -17.688534 3.347558 -24.316078
v -17.505459 3.198939 -24.244766
v -17.381086 3.000691 -24.167877
v -17.327618 2.772210 -24.092896
v -17.350214 2.535866 -24.027122
v -17.446758 2.314799 -23.977005
v -17.607740 2.130641 -23.947510
v -17.817387 2.001435 -23.941475
v -18.055212 1.939838 -23.959488
v -18.297995 1.951867 -23.999847
v -18.521856 2.036317 -24.058525
v -18.704931 2.184930 -24.129784
v -18.829330 2.383206 -24.206673
v -18.882824 2.611666 -24.281708
v -18.860203 2.847979 -24.347427
v -17.974621 2.770442 -26.714821
v -17.902557 2.800791 -26.637680
v -17.826998 2.797003 -26.558113
v -17.755339 2.759547 -26.483887
v -17.694548 2.691993 -26.422195
v -17.650591 2.601014 -26.379166
v -17.627769 2.495547 -26.358986
v -17.628374 2.385855 -26.363617
v -17.652277 2.282693 -26.392601
v -17.697165 2.196144 -26.443130
v -17.758659 2.134706 -26.510254
v -17.830696 2.104374 -26.587402
v -17.906282 2.108130 -26.666962
v -17.977942 2.145604 -26.741188
v -18.038757 2.213158 -26.802834
v -18.082714 2.304116 -26.845863
v -18.105486 2.409588 -26.866043
v -18.104881 2.519345 -26.861412
v -18.081003 2.622494 -26.832428
v -18.036116 2.708985 -26.781898
v -16.400658 -0.589550 -30.799026
v -16.362600 -0.573535 -30.758270
v -16.343590 -0.757327 -30.744934
v -16.322657 -0.575473 -30.716202
v -16.284813 -0.595262 -30.677048
v -16.252720 -0.630947 -30.644485
v -16.229521 -0.678955 -30.621742
v -16.217506 -0.734656 -30.611122
v -16.217796 -0.792603 -30.613541
v -16.230402 -0.847021 -30.628838
v -16.254091 -0.892671 -30.655510
v -16.286575 -0.925154 -30.690933
v -16.324657 -0.941175 -30.731697
v -16.364500 -0.939207 -30.773666
v -16.402330 -0.919405 -30.812866
v -16.434462 -0.883739 -30.845428
v -16.457685 -0.835711 -30.868172
v -16.469700 -0.779991 -30.878845
v -16.469372 -0.722051 -30.876373
v -16.456768 -0.667576 -30.861031
v -16.433102 -0.621945 -30.834412
v -4.355747 4.691283 -0.891095
v -4.097012 3.646429 -1.200795
v -4.166546 2.546564 -1.400876
v -4.557549 1.499342 -1.471746
v -5.231750 0.607280 -1.406481
v -6.123138 -0.042301 -1.211460
v -7.144478 -0.385824 -0.905770
v -8.195779 -0.389655 -0.519345
v -9.174139 -0.053416 -0.090000
v -9.983789 0.589975 0.340226
v -10.545469 1.477534 0.729230
v -4.007010 5.553497 1.539598
v -3.750500 4.708597 1.908503
v -3.790495 3.842181 2.312797
v -4.123110 3.039045 2.712918
v -4.715770 2.377818 3.069689
v -5.510445 1.923227 3.348183
v -6.429373 1.719767 3.521154
v -7.382590 1.787341 3.571653
v -11.571472 3.703371 -0.396708
v -11.349491 3.552784 -0.877096
v -11.144256 3.289779 -1.258336
v -10.975868 2.940099 -1.503107
v -10.860799 2.537975 -1.587448
v -10.810325 2.122770 -1.503107
v -10.829378 1.735126 -1.258336
v -10.916098 1.412988 -0.877096
v -11.061996 1.187891 -0.396708
v -11.252783 1.081870 0.135808
v -11.469789 1.105298 0.668324
v -11.691775 1.255886 1.148713
v -11.897005 1.518893 1.529951
v -12.065398 1.868571 1.774725
v -14.949393 3.019213 -1.743160
v -14.727419 2.868626 -2.223549
v -14.522189 2.605619 -2.604790
v -14.353796 2.255940 -2.849560
v -14.238733 1.853816 -2.933902
v -14.188259 1.438609 -2.849560
v -14.207306 1.050965 -2.604790
v -14.294025 0.728829 -2.223549
v -14.439924 0.503735 -1.743160
v -14.630711 0.397711 -1.210642
v -14.847716 0.421136 -0.678128
v -15.069703 0.571724 -0.197740
v -15.274933 0.834730 0.183501
v -15.443326 1.184412 0.428271
v -15.558390 1.586534 0.512614
v -15.503097 2.711520 -0.197738
v -15.357198 2.936618 -0.678128
v -15.166411 3.042640 -1.210642
v -11.520634 2.404335 0.135808
v -17.813210 2.637861 -2.808308
v -17.624296 2.509725 -3.217081
v -17.449677 2.285927 -3.541482
v -17.306381 1.988379 -3.749763
v -17.208479 1.646216 -3.821529
v -17.165527 1.292912 -3.749756
v -17.181744 0.963054 -3.541482
v -17.255531 0.688939 -3.217081
v -17.379677 0.497406 -2.808308
v -17.542019 0.407190 -2.355187
v -17.726679 0.427124 -1.902058
v -17.915565 0.555265 -1.493291
v -18.090187 0.779055 -1.168890
v -18.233482 1.076608 -0.960610
v -18.331385 1.418776 -0.888843
v -18.374336 1.772080 -0.960610
v -18.358131 2.101934 -1.168887
v -18.284332 2.376036 -1.493288
v -18.160187 2.567576 -1.902058
v -17.997845 2.657795 -2.355187
v -20.341232 1.976692 -2.949936
v -20.177633 1.865705 -3.303983
v -20.026361 1.671854 -3.584954
v -19.902266 1.414152 -3.765349
v -19.817472 1.117800 -3.827511
v -19.780283 0.811777 -3.765349
v -19.794323 0.526078 -3.584954
v -19.858232 0.288667 -3.303983
v -19.965748 0.122771 -2.949936
v -20.106350 0.044639 -2.557473
v -20.266302 0.061912 -2.165005
v -20.429901 0.172893 -1.810954
v -20.581148 0.366712 -1.529983
v -20.705269 0.624437 -1.349587
v -20.790064 0.920811 -1.287426
v -20.827251 1.226809 -1.349584
v -20.813211 1.512502 -1.529979
v -20.749302 1.749908 -1.810954
v -20.641787 1.915811 -2.165005
v -20.501184 1.993951 -2.557480
v -23.340126 1.131214 -1.955303
v -23.347221 1.021212 -2.240174
v -23.336731 0.854246 -2.466257
v -23.309658 0.646680 -2.611401
v -23.268646 0.418815 -2.661415
v -23.217743 0.192908 -2.611401
v -23.161911 -0.008855 -2.466257
v -23.106628 -0.166724 -2.240181
v -23.057289 -0.265288 -1.955303
v -23.018742 -0.294890 -1.639526
v -22.994736 -0.252613 -1.323731
v -22.987640 -0.142613 -1.038853
v -22.998131 0.024321 -0.812788
v -23.025230 0.231921 -0.667639
v -23.066223 0.459827 -0.617620
v -23.117123 0.685674 -0.667631
v -23.172955 0.887409 -0.812778
v -23.228233 1.045298 -1.038859
v -23.277576 1.143874 -1.323734
v -23.316124 1.173473 -1.639526
v -26.280899 0.595152 -0.422482
v -26.284676 0.536237 -0.575068
v -26.279037 0.446800 -0.696171
v -26.264545 0.335625 -0.773920
v -26.242607 0.213578 -0.800705
v -26.215332 0.092558 -0.773912
v -26.185387 -0.015504 -0.696171
v -26.155800 -0.100060 -0.575076
v -26.129379 -0.152861 -0.422477
v -26.108696 -0.168725 -0.253337
v -26.095863 -0.146073 -0.084191
v -26.092087 -0.087145 0.068410
v -26.097675 0.002254 0.189497
v -26.112221 0.113461 0.267242
v -26.134159 0.235544 0.294037
v -26.161434 0.356508 0.267250
v -26.191326 0.464571 0.189504
v -26.220917 0.549145 0.068403
v -26.247383 0.601943 -0.084189
v -26.268017 0.617801 -0.253337
v -27.493885 0.845195 2.617556
v -27.570930 0.793943 2.655877
v -27.626785 0.727096 2.686291
v -27.655975 0.651303 2.705822
v -27.655724 0.573985 2.712547
v -27.625931 0.502608 2.705816
v -27.569469 0.444071 2.686297
v -27.491974 0.404252 2.655883
v -27.401039 0.387149 2.617550
v -27.305576 0.394282 2.575065
v -27.214794 0.424847 2.532598
v -27.137699 0.476120 2.494271
v -27.081841 0.542898 2.463857
v -27.052551 0.618603 2.444338
v -27.052902 0.696054 2.437604
v -27.082794 0.767540 2.444332
v -27.139160 0.825977 2.463854
v -27.216606 0.865644 2.494277
v -27.307541 0.882823 2.532598
v -27.403103 0.875800 2.575077
v -26.746387 1.599888 4.091810
v -26.773914 1.581580 4.105505
v -26.696419 1.524636 4.076601
v -26.793892 1.557651 4.116393
v -26.804359 1.530427 4.123395
v -26.804260 1.502708 4.125804
v -26.793640 1.477260 4.123407
v -26.773460 1.456388 4.116431
v -26.745632 1.442072 4.105511
v -26.713024 1.435895 4.091761
v -26.678955 1.438426 4.076607
v -26.646496 1.449400 4.061416
v -26.618870 1.467809 4.047665
v -26.598892 1.491618 4.036795
v -26.588425 1.518720 4.029819
v -26.588524 1.546574 4.027397
v -26.599194 1.572132 4.029800
v -26.619373 1.592953 4.036770
v -26.647049 1.607134 4.047659
v -26.679710 1.613324 4.061416
v -26.713928 1.610826 4.076619
v -6.102249 5.764910 -0.601678
v -5.792235 6.267115 -1.759974
v -5.309380 7.049309 -2.679205
v -4.700950 8.034946 -3.269385
v -4.026497 9.127521 -3.472747
v -3.352055 10.220095 -3.269385
v -2.743626 11.205719 -2.679205
v -2.260765 11.987915 -1.759974
v -1.950764 12.490112 -0.601678
v -1.843941 12.663174 0.682302
v -1.950764 12.490112 1.966283
v -2.260765 11.987915 3.124578
v -2.743626 11.205719 4.043809
v -3.352055 10.220095 4.633990
v -4.026497 9.127521 4.837351
v -4.700950 8.034946 4.633990
v -5.309385 7.049315 4.043809
v -5.792233 6.267115 3.124578
v -6.102249 5.764916 1.966283
v -6.209071 5.591868 0.682302
v 0.969051 1.399778 -0.601678
v 1.279064 1.901981 -1.759974
v 1.761913 2.684178 -2.679205
v 2.370342 3.669806 -3.269385
v 3.044796 4.762383 -3.472747
v 3.719250 5.854963 -3.269385
v 4.327679 6.840589 -2.679205
v 4.810528 7.622789 -1.759974
v 5.120541 8.124987 -0.601678
v 5.227379 8.298035 0.682302
v 5.120541 8.124987 1.966283
v 4.810528 7.622789 3.124578
v 4.327679 6.840589 4.043809
v 3.719250 5.854963 4.633990
v 3.044796 4.762383 4.837351
v 2.370342 3.669809 4.633990
v 1.761913 2.684181 4.043809
v 1.279064 1.901984 3.124578
v 0.969051 1.399782 1.966283
v 0.862240 1.226734 0.682302
v 4.290264 0.791997 1.142062
v 4.572800 1.249712 0.086374
v 5.012875 1.962617 -0.751425
v 5.567410 2.860935 -1.289326
v 6.182129 3.856727 -1.474671
v 6.796825 4.852518 -1.289326
v 7.351357 5.750833 -0.751425
v 7.791431 6.463732 0.086374
v 8.073971 6.921452 1.142062
v 8.171345 7.079169 2.312300
v 8.073971 6.921452 3.482538
v 7.791431 6.463739 4.538232
v 7.351357 5.750833 5.376034
v 6.796825 4.852518 5.913923
v 6.182129 3.856724 6.099275
v 5.567410 2.860934 5.913923
v 5.012875 1.962622 5.376020
v 4.572800 1.249712 4.538225
v 4.290264 0.792000 3.482538
v 4.192890 0.634278 2.312300
v 6.585419 0.064887 3.407400
v 7.146896 0.247408 2.610523
v 7.773163 0.684944 1.978118
v 8.402905 1.334667 1.572087
v 8.974525 2.132975 1.432180
v 9.431984 3.001722 1.572087
v 9.730602 3.855869 1.978118
v 9.841061 4.611820 2.610523
v 9.752594 5.195557 3.407400
v 9.473854 5.549956 4.290744
v 9.032093 5.640311 5.174088
v 8.470615 5.457789 5.970964
v 7.844345 5.020257 6.603359
v 7.214607 4.370534 7.009390
v 6.642986 3.572226 7.149300
v 6.185501 2.703478 7.009390
v 5.886936 1.849326 6.603359
v 5.776451 1.093381 5.970964
v 5.864918 0.509641 5.174088
v 6.143684 0.155248 4.290744
v 7.627605 0.028711 8.278421
v 8.032429 0.160306 7.703897
v 8.483978 0.475755 7.247946
v 8.938015 0.944196 6.955204
v 9.350109 1.519758 6.854332
v 9.679977 2.146106 6.955204
v 9.895256 2.761936 7.247946
v 9.974869 3.306960 7.703897
v 9.911110 3.727826 8.278421
v 9.710121 3.983336 8.915310
v 9.391624 4.048483 9.552197
v 8.986828 3.916891 10.126709
v 8.535282 3.601434 10.582659
v 8.081242 3.133001 10.875412
v 7.669147 2.557437 10.976261
v 7.339306 1.931080 10.875412
v 7.124023 1.315252 10.582659
v 7.044388 0.770229 10.126709
v 7.108173 0.349369 9.552170
v 7.309135 0.093854 8.915310
v 8.205463 0.799363 13.922264
v 8.601730 0.767864 13.882965
v 8.988991 0.860757 13.851765
v 9.329327 1.068940 13.831734
v 9.589394 1.372045 13.824841
v 9.743835 1.740386 13.831734
v 9.777401 2.137933 13.851765
v 9.686871 2.525744 13.882965
v 9.481152 2.865874 13.922264
v 9.180271 3.125024 13.965843
v 8.813793 3.277826 14.009426
v 8.417526 3.309325 14.048729
v 8.030266 3.216436 14.079926
v 7.689930 3.008252 14.099957
v 7.429836 2.705149 14.106850
v 7.275444 2.336800 14.099957
v 7.241856 1.939264 14.079926
v 7.332386 1.551445 14.048729
v 7.538132 1.211319 14.009426
v 7.838963 0.952172 13.965843
v 6.421288 1.131809 18.383347
v 6.621147 1.122241 18.457268
v 6.818638 1.177606 18.515896
v 6.994366 1.292446 18.553535
v 7.131168 1.455568 18.566521
v 7.215714 1.650984 18.553535
v 7.239616 1.859579 18.515896
v 7.200592 2.060934 18.457218
v 7.102459 2.235298 18.383347
v 6.954838 2.365641 18.301418
v 6.772118 2.439215 18.219494
v 6.572285 2.448789 18.145618
v 6.374790 2.393435 18.086945
v 6.199039 2.278574 18.049301
v 6.062210 2.115454 18.036316
v 5.977718 1.920041 18.049301
v 5.953815 1.711447 18.086945
v 5.992840 1.510102 18.145618
v 6.090942 1.335740 18.219494
v 6.238590 1.205384 18.301418
v 3.244957 1.775908 19.912308
v 3.293037 1.813727 20.023067
v 3.354233 1.881118 20.110981
v 3.422569 1.971406 20.167393
v 3.491360 2.075790 20.186821
v 3.553864 2.184063 20.167393
v 3.603958 2.285631 20.110981
v 3.636745 2.370555 20.023067
v 3.649025 2.430475 19.912308
v 3.639587 2.459548 19.789570
v 3.609344 2.454950 19.666733
v 3.561287 2.417129 19.556023
v 3.500069 2.349773 19.468105
v 3.431728 2.259465 19.411694
v 3.362961 2.155062 19.392220
v 3.300461 2.046798 19.411694
v 3.250340 1.945235 19.468105
v 3.217556 1.860330 19.556023
v 3.205276 1.800398 19.666733
v 3.214710 1.771322 19.789570
v 0.627434 2.553609 20.046570
v 0.646706 2.568703 20.090954
v 0.700550 2.689863 19.997200
v 0.671265 2.595728 20.126228
v 0.698738 2.632101 20.148926
v 0.726341 2.674015 20.156723
v 0.751427 2.717410 20.148926
v 0.771534 2.758158 20.126228
v 0.784691 2.792257 20.090954
v 0.789623 2.816323 20.046467
v 0.785824 2.827999 19.997150
v 0.773697 2.826186 19.947937
v 0.754421 2.811034 19.903500
v 0.729839 2.783935 19.868172
v 0.702389 2.747606 19.845478
v 0.674786 2.705764 19.837677
v 0.649700 2.662366 19.845528
v 0.629597 2.621555 19.868172
v 0.616413 2.587422 19.903450
v 0.611481 2.563361 19.947884
v 0.615280 2.551738 19.997200
v 8.842148 22.550877 -9.981056
v 8.456097 22.625710 -10.470348
v 8.023346 22.862427 -10.858639
v 7.586315 23.237785 -11.107964
v 7.187759 23.715149 -11.193867
v 6.866722 24.247665 -11.107964
v 6.654587 24.783302 -10.858665
v 6.572132 25.269623 -10.470348
v 6.627438 25.658974 -9.981056
v 6.815090 25.913307 -9.438677
v 7.116726 26.007610 -8.896271
v 7.502831 25.932781 -8.406994
v 7.935558 25.696114 -8.018688
v 8.372585 25.320702 -7.769377
v 8.771145 24.843391 -7.683475
v 9.092205 24.310822 -7.769377
v 9.304317 23.775185 -8.018688
v 9.386745 23.288914 -8.406994
v 9.331440 22.899567 -8.896296
v 9.143784 22.645233 -9.438677
v 14.177742 26.352875 -13.609642
v 13.791664 26.427658 -14.098934
v 13.358932 26.664375 -14.487251
v 12.921883 27.039780 -14.736549
v 12.523376 27.517097 -14.822453
v 12.202316 28.049614 -14.736549
v 11.990150 28.585304 -14.487251
v 11.907722 29.071571 -14.098934
v 11.963028 29.460922 -13.609642
v 12.150681 29.715256 -13.067261
v 12.452316 29.809608 -12.524857
v 12.838394 29.734726 -12.035568
v 13.271126 29.498062 -11.647274
v 13.708176 29.122650 -11.397976
v 14.106735 28.645340 -11.312050
v 14.427742 28.112770 -11.397976
v 14.639908 27.577133 -11.647274
v 14.722336 27.090866 -12.035568
v 14.667030 26.701515 -12.524883
v 14.479378 26.447182 -13.067261
v 7.979439 24.279266 -9.438677
v 15.902161 28.401573 -14.267063
v 15.746056 28.517822 -14.625713
v 15.540031 28.725304 -14.910339
v 15.304268 29.003784 -15.093090
v 15.061813 29.325958 -15.156044
v 14.836517 29.660248 -15.093090
v 14.650276 29.974014 -14.910339
v 14.521393 30.236496 -14.625690
v 14.462517 30.421989 -14.267036
v 14.479378 30.512421 -13.869484
v 14.570312 30.498833 -13.471909
v 14.726410 30.382584 -13.113258
v 14.932487 30.175110 -12.828632
v 15.168243 29.896622 -12.645882
v 15.410652 29.574501 -12.582905
v 15.636002 29.240158 -12.645882
v 15.822197 28.926392 -12.828606
v 15.951073 28.663910 -13.113258
v 16.010002 28.478416 -13.471909
v 15.993141 28.388039 -13.869484
v 18.290939 30.290298 -14.685020
v 18.273628 30.477600 -14.989750
v 18.187828 30.727348 -15.231552
v 18.041885 31.015144 -15.386799
v 17.850159 31.312805 -15.440292
v 17.631454 31.591194 -15.386799
v 17.407013 31.823082 -15.231529
v 17.198982 31.985725 -14.989750
v 17.027634 32.063225 -14.685020
v 16.909775 32.048027 -14.347252
v 16.856888 31.941544 -14.009510
v 16.874191 31.754288 -13.704803
v 16.960045 31.504539 -13.462978
v 17.105934 31.216736 -13.307705
v 17.297661 30.919083 -13.254211
v 17.516365 30.640694 -13.307705
v 17.740753 30.408859 -13.462952
v 17.948845 30.246216 -13.704781
v 18.120193 30.168663 -14.009510
v 18.238045 30.183914 -14.347252
v 22.863533 34.021034 -12.713997
v 22.900871 34.176682 -12.881218
v 22.883865 34.365547 -13.013947
v 22.814262 34.569305 -13.099194
v 22.698822 34.767776 -13.128582
v 22.548912 34.941696 -13.099194
v 22.379074 35.073990 -13.013947
v 22.206116 35.151688 -12.881245
v 22.046791 35.167244 -12.713997
v 21.916756 35.119080 -12.528557
v 21.828789 35.011948 -12.343193
v 21.791504 34.856293 -12.175941
v 21.808456 34.667381 -12.043190
v 21.878105 34.463676 -11.957993
v 21.993500 34.265152 -11.928604
v 22.143410 34.091286 -11.957970
v 22.313248 33.959038 -12.043190
v 22.486259 33.881287 -12.175941
v 22.645584 33.865692 -12.343193
v 22.775566 33.913895 -12.528606
v 25.471817 36.236603 -10.126440
v 25.517410 36.344902 -10.194702
v 25.526268 36.469101 -10.248852
v 25.497482 36.597267 -10.283623
v 25.433929 36.716736 -10.295628
v 25.341782 36.815819 -10.283649
v 25.230072 36.884811 -10.248877
v 25.109749 36.916969 -10.194702
v 24.992546 36.909225 -10.126440
v 24.889938 36.862221 -10.050730
v 24.812035 36.780647 -9.975121
v 24.766495 36.672401 -9.906881
v 24.757538 36.548157 -9.852684
v 24.786324 36.420029 -9.817909
v 24.849930 36.300514 -9.805935
v 24.942070 36.201477 -9.817909
v 25.053787 36.132439 -9.852684
v 25.174164 36.100281 -9.906881
v 25.291367 36.108032 -9.975143
v 25.393921 36.154984 -10.050781
v 25.861618 37.286041 -9.449018
v 25.873245 37.317039 -9.541512
v 25.854729 37.353020 -9.630886
v 25.807877 37.390610 -9.708559
v 25.737274 37.426041 -9.766933
v 25.649864 37.455826 -9.800171
v 25.554146 37.477112 -9.805079
v 25.459541 37.487785 -9.781200
v 25.375252 37.486832 -9.730852
v 25.309525 37.474243 -9.658915
v 25.268921 37.451401 -9.572611
v 25.257294 37.420403 -9.480167
v 25.275764 37.384369 -9.390694
v 25.322617 37.346832 -9.313021
v 25.393219 37.311401 -9.254721
v 25.480629 37.281616 -9.221458
v 25.576340 37.260323 -9.216526
v 25.670998 37.249657 -9.240456
v 25.755341 37.250610 -9.290777
v 25.820961 37.263138 -9.362638
v 26.135582 39.181961 -8.798065
v 26.143028 39.201889 -8.857321
v 26.131149 39.224930 -8.914562
v 26.101059 39.249084 -8.964458
v 26.055817 39.271729 -9.001848
v 25.999863 39.290855 -9.023109
v 25.938515 39.304543 -9.026279
v 25.877876 39.311287 -9.011007
v 25.823776 39.310684 -8.978699
v 25.781609 39.302628 -8.932503
v 25.755539 39.288040 -8.877249
v 25.748146 39.268211 -8.818169
v 25.760017 39.245056 -8.760727
v 25.790115 39.220901 -8.710806
v 25.835251 39.198257 -8.673441
v 25.891312 39.179138 -8.652205
v 25.952805 39.165550 -8.649059
v 26.013443 39.158707 -8.664333
v 26.067390 39.159309 -8.696564
v 26.109512 39.167358 -8.742661
v 26.467361 41.386505 -8.037258
v 26.470474 41.394760 -8.061892
v 26.388550 41.408546 -8.053715
v 26.465546 41.404320 -8.085581
v 26.453064 41.414284 -8.106276
v 26.434250 41.423744 -8.121902
v 26.411049 41.431694 -8.130707
v 26.385582 41.437332 -8.131979
v 26.360420 41.440147 -8.125637
v 26.337982 41.439941 -8.112226
v 26.320419 41.436630 -8.093079
v 26.309647 41.430481 -8.070183
v 26.306580 41.422333 -8.045637
v 26.311562 41.412674 -8.021797
v 26.324089 41.402603 -8.001013
v 26.342712 41.393250 -7.985563
v 26.365959 41.385391 -7.976820
v 26.391571 41.379662 -7.975475
v 26.416733 41.376846 -7.981789
v 26.439125 41.377045 -7.995152
v 26.456543 41.380363 -8.014236
v 7.619354 25.026215 -11.958298
v 7.455902 24.188232 -12.065685
v 7.316860 23.268433 -11.913658
v 7.215736 22.356983 -11.517067
v 7.162521 21.542961 -10.914724
v 7.162369 20.906120 -10.165617
v 7.215336 20.508774 -9.343039
v 7.316208 20.389908 -8.527554
v 7.455124 20.561005 -7.798965
v 7.618446 21.005459 -7.228569
v 7.790249 21.679688 -6.872232
v 7.953674 22.517662 -6.764816
v 8.092739 23.437469 -6.916855
v 8.193840 24.348969 -7.313450
v 8.247055 25.162991 -7.915779
v 8.247208 25.799774 -8.664911
v 8.194241 26.197128 -9.487465
v 8.093395 26.316040 -10.302948
v 7.954479 26.144890 -11.031548
v 7.791130 25.700439 -11.601936
v -1.476646 31.586014 -8.409597
v -1.640057 30.747986 -8.517036
v -1.779137 29.828232 -8.364986
v -1.880222 28.916679 -7.968378
v -1.933453 28.102707 -7.366051
v -1.933590 27.465866 -6.616943
v -1.880638 27.068573 -5.794376
v -1.779766 26.949654 -4.978868
v -1.640862 27.120758 -4.250280
v -1.477539 27.565208 -3.679889
v -1.305723 28.239433 -3.323559
v -1.142300 29.077408 -3.216145
v -1.003233 29.997215 -3.368189
v -0.902134 30.908714 -3.764777
v -0.848904 31.722687 -4.367118
v -0.848766 32.359528 -5.116225
v -0.901731 32.756874 -5.938791
v -1.002590 32.875786 -6.754288
v -1.141495 32.704636 -7.482887
v -1.304844 32.260239 -8.053274
v 7.704800 23.352974 -9.415251
v -4.463312 33.685333 -5.946793
v -4.711512 33.265938 -5.943382
v -4.914577 32.767494 -5.786438
v -5.052644 32.238846 -5.491306
v -5.112158 31.731697 -5.086912
v -5.087335 31.295700 -4.612820
v -4.980577 30.973579 -4.115402
v -4.802331 30.796799 -3.643405
v -4.570066 30.782707 -3.243023
v -4.306524 30.932716 -2.953408
v -4.037479 31.232040 -2.802948
v -3.789274 31.651482 -2.806339
v -3.586222 32.149933 -2.963284
v -3.448160 32.678574 -3.258396
v -3.388641 33.185730 -3.662804
v -3.413462 33.621674 -4.136915
v -3.520222 33.943787 -4.634295
v -3.698454 34.120575 -5.106312
v -3.930719 34.134666 -5.506706
v -4.194273 33.984703 -5.796314
v -7.647755 37.014801 -3.596541
v -7.994197 36.827194 -3.475163
v -8.274453 36.533058 -3.243526
v -8.461135 36.161118 -2.924233
v -8.535942 35.747818 -2.548610
v -8.491580 35.333557 -2.153374
v -8.332350 34.958954 -1.777200
v -8.073896 34.660645 -1.456973
v -7.741449 34.467804 -1.224007
v -7.367584 34.399315 -1.101080
v -6.988911 34.461914 -1.100278
v -6.642494 34.649467 -1.221632
v -6.362217 34.943657 -1.453278
v -6.175545 35.315598 -1.772539
v -6.100727 35.728897 -2.148178
v -6.145092 36.143105 -2.543427
v -6.304314 36.517761 -2.919540
v -6.562807 36.816124 -3.239802
v -6.895247 37.008911 -3.472791
v -7.269081 37.077347 -3.595698
v -11.524031 44.369644 2.232076
v -11.778948 44.330902 2.369448
v -11.984699 44.206299 2.565925
v -12.121200 44.007828 2.802373
v -12.175014 43.755104 3.055573
v -12.140889 43.472893 3.300734
v -12.022145 43.188568 3.513933
v -11.830497 42.930206 3.674218
v -11.584594 42.722977 3.765976
v -11.308510 42.587112 3.780192
v -11.029425 42.536179 3.715433
v -10.774520 42.574936 3.578095
v -10.568718 42.699532 3.381577
v -10.432261 42.898003 3.145161
v -10.378431 43.150726 2.891954
v -10.412541 43.432938 2.646781
v -10.531294 43.717262 2.433638
v -10.722977 43.975616 2.273293
v -10.968848 44.182846 2.181536
v -11.244907 44.318619 2.167338
v -12.578510 49.076454 6.294653
v -12.730618 49.099701 6.410585
v -12.853254 49.062965 6.553854
v -12.934614 48.969971 6.710598
v -12.966657 48.829666 6.865404
v -12.946200 48.656052 7.003050
v -12.875271 48.465836 7.110149
v -12.760842 48.277725 7.176210
v -12.614081 48.110153 7.194780
v -12.449274 47.979515 7.163971
v -12.282844 47.898697 7.086887
v -12.130799 47.875549 6.970982
v -12.008024 47.912186 6.827662
v -11.926708 48.005180 6.670969
v -11.894684 48.145477 6.516138
v -11.915147 48.319092 6.378504
v -11.986064 48.509315 6.271393
v -12.100587 48.697525 6.205330
v -12.247328 48.865097 6.186773
v -12.411979 48.995636 6.217522
v -12.909780 49.703079 7.986361
v -13.012438 49.680725 7.988586
v -13.093307 49.608261 7.998878
v -13.144637 49.492630 8.016201
v -13.161394 49.345276 8.038872
v -13.141819 49.180527 8.064663
v -13.087897 49.014557 8.091045
v -13.004940 48.863586 8.115438
v -12.900986 48.742310 8.135506
v -12.786218 48.662697 8.149218
v -12.672072 48.632706 8.155218
v -12.569451 48.654953 8.152992
v -12.488469 48.727417 8.142738
v -12.437146 48.843056 8.125416
v -12.420458 48.990501 8.102732
v -12.439990 49.155159 8.076965
v -12.493904 49.321228 8.050560
v -12.576950 49.472290 8.026127
v -12.680885 49.593475 8.006100
v -12.795534 49.672974 7.992386
v -13.665165 49.912415 10.799728
v -13.730937 49.898132 10.801163
v -13.782744 49.851624 10.807755
v -13.815693 49.777344 10.818874
v -13.826425 49.682953 10.833418
v -13.813882 49.577469 10.849899
v -13.779335 49.470978 10.866833
v -13.726169 49.374268 10.882484
v -13.659503 49.296570 10.895340
v -13.585793 49.245438 10.904148
v -13.512699 49.226112 10.907997
v -13.447128 49.240402 10.906563
v -13.395157 49.287003 10.899971
v -13.362132 49.361176 10.888849
v -13.351401 49.455582 10.874331
v -13.363995 49.561066 10.857826
v -13.398654 49.667755 10.840866
v -13.451808 49.764465 10.825214
v -13.518322 49.842072 10.812384
v -13.591869 49.893097 10.803602
v -14.549968 50.179230 14.072578
v -14.577318 50.173294 14.073158
v -14.518353 50.036819 14.095051
v -14.598731 50.154068 14.075901
v -14.612393 50.123169 14.080532
v -14.616910 50.083817 14.086571
v -14.611739 50.040131 14.093414
v -14.597360 49.996063 14.100410
v -14.575293 49.955902 14.106926
v -14.547627 49.923584 14.112259
v -14.517019 49.902359 14.115910
v -14.486737 49.894302 14.117519
v -14.459499 49.900238 14.116940
v -14.437962 49.919662 14.114174
v -14.424223 49.950562 14.109543
v -14.419757 49.989517 14.103554
v -14.425041 50.033295 14.096710
v -14.439433 50.077682 14.089638
v -14.461474 50.117828 14.083149
v -14.489064 50.150040 14.077812
v -14.519510 50.171173 14.074192
v 11.150513 25.026215 -10.571522
v 11.236115 24.188232 -10.747375
v 10.127197 23.268433 -10.865810
v 9.720940 22.356983 -10.915277
v 9.116760 21.542961 -10.890923
v 8.373768 20.906120 -10.795107
v 8.505062 20.508774 -10.637218
v 7.709206 20.389908 -10.432756
v 7.004406 20.561005 -10.201649
v 6.459637 21.005459 -9.966614
v 6.128235 21.679688 -9.750578
v 6.042633 22.517662 -9.574749
v 6.211243 23.437469 -9.456289
v 6.617523 24.348969 -9.406847
v 7.221703 25.162991 -9.431204
v 7.964668 25.799774 -9.527020
v 8.773659 26.197128 -9.684906
v 9.569519 26.316040 -9.889370
v 10.274342 26.144890 -10.120453
v 10.819088 25.700439 -10.355511
v 6.466026 31.586014 -19.138046
v 6.551624 30.747986 -19.313873
v 6.383018 29.828232 -19.432335
v 5.976738 28.916679 -19.481804
v 5.372559 28.102707 -19.457447
v 4.629593 27.465866 -19.361633
v 3.820576 27.068573 -19.203766
v 3.024715 26.949654 -18.999256
v 2.319920 27.120758 -18.768173
v 1.775146 27.565208 -18.533165
v 1.443745 28.239433 -18.317131
v 1.358173 29.077408 -18.141300
v 1.526752 29.997215 -18.022842
v 1.933037 30.908714 -17.973373
v 2.537239 31.722687 -17.997730
v 3.280182 32.359528 -18.093544
v 4.089199 32.756874 -18.251408
v 4.885056 32.875786 -18.455868
v 5.589855 32.704636 -18.687004
v 6.134624 32.260239 -18.922062
v 8.639374 23.352974 -10.161037
v 3.640945 33.685333 -21.784683
v 3.605770 33.265938 -22.030411
v 3.424107 32.767494 -22.211723
v 3.113739 32.238846 -22.310806
v 2.705040 31.731697 -22.318054
v 2.238045 31.295700 -22.232704
v 1.758389 30.973579 -22.063118
v 1.313107 30.796799 -21.825897
v 0.945774 30.782707 -21.544239
v 0.692299 30.932716 -21.245773
v 0.577538 31.232040 -20.959686
v 0.612686 31.651482 -20.713959
v 0.794353 32.149933 -20.532700
v 1.104721 32.678574 -20.433563
v 1.513416 33.185730 -20.426315
v 1.980442 33.621674 -20.511662
v 2.460068 33.943787 -20.681252
v 2.905350 34.120575 -20.918472
v 3.272709 34.134666 -21.200130
v 3.526161 33.984703 -21.498596
v 0.902172 37.014801 -24.641869
v 0.737438 36.827194 -24.969925
v 0.471809 36.533112 -25.218216
v 0.131237 36.161118 -25.362442
v -0.250879 35.747818 -25.388512
v -0.637184 35.333557 -25.293900
v -0.989859 34.958954 -25.087830
v -1.274347 34.660645 -24.790474
v -1.462818 34.467804 -24.430916
v -1.536844 34.399315 -24.044388
v -1.489138 34.461914 -23.668724
v -1.324419 34.649467 -23.340714
v -1.058777 34.943657 -23.092422
v -0.718227 35.315598 -22.948151
v -0.336102 35.728897 -22.922081
v 0.050201 36.143105 -23.016685
v 0.402840 36.517761 -23.222763
v 0.687344 36.816124 -23.520172
v 0.875828 37.008911 -23.879730
v 0.949852 37.077400 -24.266205
v -6.633750 44.395111 -24.201187
v -6.658537 44.309158 -24.479279
v -6.767239 44.151550 -24.723846
v -6.949272 43.937576 -24.910995
v -7.186784 43.688477 -25.022408
v -7.456509 43.428513 -25.047066
v -7.732137 43.183029 -24.982605
v -7.986555 42.976204 -24.835464
v -8.194991 42.828255 -24.619873
v -8.337005 42.753479 -24.356987
v -8.398587 42.759415 -24.072617
v -8.373825 42.845467 -23.794579
v -8.265100 43.003174 -23.549911
v -8.083085 43.216949 -23.362808
v -7.845564 43.466148 -23.251442
v -7.575845 43.726120 -23.226685
v -7.300259 43.971497 -23.291199
v -7.045769 44.178421 -23.438339
v -6.837354 44.326370 -23.653931
v -6.695361 44.401154 -23.916817
v -9.966183 45.896950 -28.539177
v -10.000277 45.839378 -28.719833
v -10.100950 45.780807 -28.872620
v -10.258354 45.726761 -28.982826
v -10.457096 45.682571 -29.039490
v -10.677611 45.652786 -29.037224
v -10.898466 45.639999 -28.976028
v -11.097964 45.645737 -28.862000
v -11.256664 45.669189 -28.706406
v -11.358977 45.708237 -28.524231
v -11.394782 45.759064 -28.333664
v -11.360663 45.816528 -28.153046
v -11.260061 45.875214 -28.000168
v -11.102682 45.929260 -27.889961
v -10.903919 45.973434 -27.833252
v -10.683392 46.003235 -27.835617
v -10.462524 46.016014 -27.896805
v -10.262931 46.010277 -28.010887
v -10.104254 45.986832 -28.166435
v -10.002000 45.947777 -28.348503
v -10.613028 47.759003 -29.245361
v -10.611162 47.752060 -29.350182
v -10.654374 47.715218 -29.443382
v -10.738420 47.652214 -29.515900
v -10.855081 47.569077 -29.560783
v -10.992897 47.474075 -29.573364
v -11.138443 47.376442 -29.552582
v -11.277454 47.285660 -29.500496
v -11.396355 47.210785 -29.422043
v -11.483514 47.158844 -29.325020
v -11.530213 47.135300 -29.218994
v -11.532076 47.142342 -29.114273
v -11.488930 47.179077 -29.020966
v -11.404897 47.242081 -28.948402
v -11.288185 47.325211 -28.903671
v -11.150395 47.420227 -28.890984
v -11.004829 47.517952 -28.911774
v -10.865744 47.608635 -28.963959
v -10.746842 47.683617 -29.042358
v -10.659778 47.735443 -29.139282
v -11.835561 50.477051 -30.455933
v -11.866371 50.433365 -30.496742
v -11.909819 50.379517 -30.506104
v -11.961834 50.320435 -30.483055
v -12.017032 50.262161 -30.430061
v -12.069983 50.210541 -30.352013
v -12.115822 50.170380 -30.256699
v -12.149790 50.145615 -30.153389
v -12.168742 50.138870 -30.052238
v -12.170712 50.150543 -29.962914
v -12.155564 50.179535 -29.894676
v -12.124773 50.223206 -29.853912
v -12.081193 50.277252 -29.844452
v -12.029235 50.336441 -29.867500
v -11.974106 50.394516 -29.920494
v -11.921079 50.446243 -29.998444
v -11.875196 50.486511 -30.094009
v -11.841166 50.511169 -30.197266
v -11.822244 50.518005 -30.298317
v -11.820319 50.506226 -30.387543
v -14.778157 51.971130 -31.277100
v -14.790990 51.952911 -31.294159
v -14.844596 51.909332 -31.160706
v -14.808968 51.930664 -31.297981
v -14.830556 51.906113 -31.288322
v -14.853579 51.881760 -31.266327
v -14.875532 51.860413 -31.234070
v -14.894441 51.843811 -31.194466
v -14.908582 51.833542 -31.151596
v -14.916482 51.830734 -31.109627
v -14.917313 51.835556 -31.072433
v -14.911010 51.847641 -31.044151
v -14.898240 51.865753 -31.027245
v -14.880086 51.888199 -31.023369
v -14.858485 51.912750 -31.033035
v -14.835702 51.936813 -31.054825
v -14.813748 51.958145 -31.087234
v -14.794638 51.974945 -31.127037
v -14.780484 51.985229 -31.169907
v -14.772647 51.988144 -31.211731
v -14.771854 51.983215 -31.248665
v -12.805920 7.979378 1.678762
v -12.849291 8.141380 2.737620
v -12.805920 7.979378 3.796484
v -11.909945 6.776949 5.509754
v -11.764014 4.831391 6.164165
v -11.689354 3.808548 5.996465
v -11.442331 2.885828 5.509754
v -11.246298 2.153553 4.751689
v -11.120434 1.683405 3.796484
v -11.077068 1.521403 2.737620
v -11.120434 1.683405 1.678762
v -11.246298 2.153553 0.723550
v -11.442331 2.885828 -0.034511
v -11.689354 3.808548 -0.521217
v -11.608019 4.831391 -0.688923
v -11.631186 5.854234 -0.521217
v -12.338450 6.776955 -0.034511
v -12.680056 7.509223 0.723550
v -3.916063 5.707712 -4.394028
v -3.714117 6.949343 -4.103929
v -3.916075 8.190973 -3.813824
v -4.502155 9.311074 -3.552118
v -7.840345 10.967365 -3.165129
v -9.115419 10.770702 -3.211081
v -10.265680 10.199991 -3.344423
v -11.178532 9.311074 -3.552118
v -11.764618 8.190973 -3.813824
v -11.966570 6.949343 -4.103929
v -11.764618 5.707712 -4.394028
v -11.178532 4.587617 -4.655732
v -10.265680 3.698705 -4.863428
v -9.115419 3.127989 -4.996771
v -7.840345 2.931332 -5.042716
v -6.565270 3.127988 -4.996771
v -5.415008 3.698705 -4.863428
v -4.502155 4.587617 -4.655732
v -13.248226 7.004465 1.545775
v -13.152499 7.998613 2.975636
v -12.548549 8.794056 4.405505
v -11.495491 9.312948 5.695395
v -10.096415 9.504478 6.719065
v -8.488265 9.349898 7.376308
v -6.828456 8.864357 7.602774
v -5.279469 8.095360 7.376308
v -3.992918 7.118195 6.719065
v -3.094755 6.028521 5.695395
v -2.672884 4.932990 4.405499
v -2.768612 3.938842 2.975636
v -3.372562 3.143394 1.545772
v -4.425613 2.624508 0.255873
v -13.170025 3.446985 -0.414880
v -14.524769 3.105216 -0.346321
v -14.152542 1.445843 0.942780
v -15.332401 1.632305 0.602691
v -15.578380 1.750984 0.479208
v -15.984713 1.970527 0.239508
v -15.895641 2.357629 0.034099
v -15.517489 2.658037 -0.134442
v -15.425788 2.727178 -0.166923
v -11.925941 1.578979 1.572012
v -11.932476 7.570013 -6.205605
v -11.937704 7.421913 -6.009722
v -11.771122 6.003756 -4.962904
v -11.776802 8.166655 -7.485619
v -10.148129 5.962296 -10.696323
v -9.371092 5.181057 -10.584932
v -10.708811 6.818446 -10.534937
v -11.099412 7.515085 -10.124275
v -11.375018 8.017761 -9.457170
v -11.581329 8.273150 -8.563938
v -11.703709 8.245410 -7.897373
v -9.261374 2.470559 -1.577176
v -7.551965 2.162150 -1.372560
v -5.788498 2.562243 -0.783742
v -12.132592 2.067940 4.827085
v -11.674521 1.699139 4.026554
v -11.081956 1.592166 3.096649
v -10.425952 1.749624 2.202238
v -12.281435 3.326839 5.779397
v -11.940150 3.993574 6.000705
v -12.232376 3.224406 5.727375
v -10.730186 5.029182 6.936611
v -6.539209 2.356502 5.854152
v -6.417597 3.312882 6.220276
v -6.572872 4.213231 6.600605
v -7.032692 4.942602 6.825409
v -7.728828 5.444120 6.944462
v -8.406336 5.785568 7.523565
v -9.359877 5.707681 7.390146
v -10.349889 5.309569 7.009277
v -11.257236 4.644099 6.486938
v -11.592444 4.245598 6.221081
v -9.467803 41.477287 1.484117
v -9.489934 41.220840 1.306568
v -9.586641 40.998512 1.152635
v -9.748451 40.832146 1.037403
v -9.959540 40.737839 0.972150
v -10.199232 40.725060 0.963263
v -10.444071 40.794907 1.011614
v -10.670094 40.940536 1.112464
v -10.855163 41.147766 1.255935
v -10.981184 41.396271 1.428022
v -11.035790 41.661774 1.611839
v -11.013667 41.918213 1.789404
v -10.916965 42.140541 1.943332
v -10.755153 42.306915 2.058562
v -10.544066 42.401215 2.123822
v -10.304369 42.414001 2.132707
v -10.059525 42.344147 2.084343
v -9.833509 42.198517 1.983500
v -9.648438 41.991287 1.840019
v -9.522429 41.742790 1.667946
v -9.467803 42.676079 -0.247233
v -9.489934 42.419632 -0.424798
v -9.586641 42.197311 -0.578731
v -9.748451 42.030838 -0.693964
v -9.959540 41.936630 -0.759218
v -10.199235 41.923752 -0.768101
v -10.444071 41.993599 -0.719758
v -10.670094 42.139236 -0.618900
v -10.855163 42.346466 -0.475416
v -10.981177 42.595062 -0.303342
v -11.035790 42.860458 -0.119530
v -11.013667 43.117004 0.058037
v -10.916965 43.339340 0.211970
v -10.755153 43.505707 0.327202
v -10.544066 43.600006 0.392457
v -10.304365 43.612793 0.401343
v -10.059525 43.542938 0.352983
v -9.833512 43.397308 0.252138
v -9.648438 43.190079 0.108652
v -9.522421 42.941582 -0.063419
v -10.251801 41.569473 1.547986
v -9.546168 43.595177 -1.331719
v -9.566084 43.364395 -1.491529
v -9.653124 43.164314 -1.630069
v -9.798764 43.014450 -1.733788
v -9.988752 42.929611 -1.792527
v -10.204485 42.918137 -1.800531
v -10.424857 42.980934 -1.757018
v -10.628284 43.112076 -1.666238
v -10.794857 43.298569 -1.537087
v -10.908278 43.522209 -1.382209
v -10.957432 43.761139 -1.216776
v -10.937523 43.992020 -1.056959
v -10.850476 44.192108 -0.918423
v -10.704836 44.341873 -0.814702
v -10.514853 44.426712 -0.755967
v -10.299113 44.438293 -0.747969
v -10.078743 44.375381 -0.791501
v -9.875319 44.244339 -0.882257
v -9.708743 44.057846 -1.011401
v -9.595328 43.834106 -1.166276
v -9.677958 44.941620 -2.428917
v -9.699471 44.816818 -2.622290
v -9.775063 44.703796 -2.785360
v -9.897323 44.613815 -2.902205
v -10.054274 44.555542 -2.961347
v -10.230564 44.534607 -2.957012
v -10.408924 44.553223 -2.889611
v -10.571917 44.609589 -2.765773
v -10.703578 44.697952 -2.597599
v -10.791001 44.809975 -2.401541
v -10.825648 44.934471 -2.196796
v -10.804129 45.059273 -2.003430
v -10.728532 45.172195 -1.840359
v -10.606281 45.262276 -1.723525
v -10.449327 45.320549 -1.664373
v -10.273040 45.341484 -1.668710
v -10.094667 45.322769 -1.736105
v -9.931674 45.266502 -1.859944
v -9.800039 45.178040 -2.028113
v -9.712605 45.066116 -2.224172
v -9.927868 46.033218 -3.008662
v -9.959978 46.009064 -3.195404
v -10.033817 45.978371 -3.351588
v -10.142162 45.944153 -3.461871
v -10.274385 45.909836 -3.515496
v -10.417561 45.878731 -3.507187
v -10.557666 45.853874 -3.437747
v -10.681007 45.837769 -3.314010
v -10.775489 45.831932 -3.148069
v -10.831857 45.836868 -2.956150
v -10.844614 45.852158 -2.757042
v -10.812502 45.876419 -2.570268
v -10.738659 45.907120 -2.414104
v -10.630310 45.941238 -2.303814
v -10.498084 45.975555 -2.250201
v -10.354915 46.006653 -2.258517
v -10.214800 46.031509 -2.327957
v -10.091459 46.047615 -2.451700
v -9.996996 46.053558 -2.617621
v -9.940631 46.048523 -2.809566
v -10.265709 46.907639 -3.053293
v -10.288206 46.890732 -3.184133
v -10.339941 46.869186 -3.293566
v -10.415854 46.845230 -3.370831
v -10.508486 46.821182 -3.408402
v -10.608801 46.799438 -3.402578
v -10.706962 46.782028 -3.353928
v -10.793372 46.770660 -3.267228
v -10.859579 46.766632 -3.150950
v -10.899070 46.770050 -3.016487
v -10.908009 46.780823 -2.876992
v -10.885508 46.797729 -2.746140
v -10.833763 46.819267 -2.636719
v -10.757857 46.843224 -2.559436
v -10.665213 46.867279 -2.521882
v -10.564900 46.889015 -2.527707
v -10.466742 46.906433 -2.576364
v -10.380322 46.917801 -2.663063
v -10.314141 46.921928 -2.779303
v -10.274650 46.918404 -2.913804
v -10.712302 48.293228 -3.142912
v -10.730381 48.302994 -3.219012
v -10.764688 48.305908 -3.282734
v -10.811892 48.301880 -3.327761
v -10.867303 48.291115 -3.349732
v -10.925546 48.274811 -3.346461
v -10.980939 48.254578 -3.318306
v -11.027997 48.232239 -3.267982
v -11.062160 48.210190 -3.200405
v -11.080069 48.190369 -3.122253
v -11.079981 48.174866 -3.041127
v -11.061902 48.165207 -2.964989
v -11.027556 48.162186 -2.901286
v -10.980367 48.166313 -2.856228
v -10.924948 48.176987 -2.834281
v -10.866712 48.193283 -2.837564
v -10.811351 48.213615 -2.865726
v -10.764279 48.235855 -2.916043
v -10.730129 48.257996 -2.983570
v -10.712208 48.277725 -3.061790
v -11.137166 49.653458 -3.522434
v -11.149911 49.660309 -3.576078
v -11.174078 49.662415 -3.620941
v -11.207360 49.659500 -3.652708
v -11.246417 49.651947 -3.668207
v -11.287481 49.640472 -3.665886
v -11.326550 49.626190 -3.646040
v -11.359688 49.610474 -3.610594
v -11.383749 49.594879 -3.562988
v -11.396379 49.580887 -3.507873
v -11.396336 49.570023 -3.450693
v -11.383597 49.563171 -3.397030
v -11.359367 49.561066 -3.352117
v -11.326097 49.563980 -3.320363
v -11.287041 49.571533 -3.304882
v -11.246009 49.583008 -3.307198
v -11.207008 49.597290 -3.327063
v -11.173845 49.612991 -3.362490
v -11.149734 49.628601 -3.410120
v -11.137091 49.642487 -3.465255
v -11.382460 50.276764 -3.994476
v -11.388177 50.279785 -4.018556
v -11.399022 50.280777 -4.038698
v -11.413961 50.279480 -4.052952
v -11.431493 50.276047 -4.059909
v -11.449917 50.270920 -4.058870
v -11.467443 50.264481 -4.049957
v -11.482306 50.257431 -4.034056
v -11.493100 50.250488 -4.012718
v -11.498775 50.244141 -3.987978
v -11.498762 50.239319 -3.962320
v -11.493037 50.236191 -3.938240
v -11.482155 50.235291 -3.918055
v -11.467235 50.236603 -3.903826
v -11.449710 50.240021 -3.896875
v -11.431279 50.245148 -3.897913
v -11.413797 50.251495 -3.906820
v -11.398928 50.258545 -3.922722
v -11.388102 50.265579 -3.944109
v -11.382421 50.271820 -3.968837
v -11.681069 51.259964 -4.243336
v -11.683723 51.261475 -4.254419
v -11.707841 51.251404 -4.235976
v -11.688705 51.261871 -4.263666
v -11.695581 51.261276 -4.270221
v -11.703651 51.259659 -4.273467
v -11.712132 51.257355 -4.273014
v -11.720201 51.254425 -4.268888
v -11.727033 51.251114 -4.261578
v -11.732009 51.247894 -4.251802
v -11.734619 51.245071 -4.240455
v -11.734607 51.242859 -4.228629
v -11.731965 51.241348 -4.217457
v -11.726920 51.240936 -4.208122
v -11.720114 51.241547 -4.201656
v -11.712074 51.243057 -4.198498
v -11.703532 51.245468 -4.198951
v -11.695480 51.248383 -4.203028
v -11.688643 51.251617 -4.210312
v -11.683680 51.254929 -4.220238
v -11.681050 51.257751 -4.231611
v -5.711039 32.851631 -3.667006
v -5.750528 32.938736 -3.854730
v -5.812037 33.074463 -4.003704
v -5.889534 33.245407 -4.099350
v -5.975453 33.434975 -4.132311
v -6.061361 33.624489 -4.099350
v -6.138865 33.795441 -4.003704
v -6.200373 33.931107 -3.854730
v -6.239857 34.018219 -3.667006
v -6.253469 34.048264 -3.458920
v -6.239857 34.018219 -3.250829
v -6.200373 33.931107 -3.063106
v -6.138865 33.795441 -2.914131
v -6.061361 33.624489 -2.818480
v -5.975453 33.434975 -2.785518
v -5.889534 33.245407 -2.818480
v -5.812037 33.074463 -2.914131
v -5.750528 32.938736 -3.063106
v -5.711039 32.851631 -3.250829
v -5.697432 32.821640 -3.458920
v 0.155968 35.511147 -3.667006
v 0.116478 35.598259 -3.854730
v 0.054970 35.733932 -4.003704
v -0.022526 35.904922 -4.099350
v -0.108440 36.094444 -4.132311
v -0.194353 36.283958 -4.099350
v -0.271864 36.454956 -4.003704
v -0.333359 36.590622 -3.854730
v -0.372849 36.677734 -3.667006
v -0.386461 36.707779 -3.458920
v -0.372849 36.677734 -3.250829
v -0.333359 36.590622 -3.063106
v -0.271864 36.454956 -2.914131
v -0.194353 36.283958 -2.818480
v -0.108440 36.094444 -2.785518
v -0.022526 35.904922 -2.818480
v 0.054970 35.733932 -2.914131
v 0.116478 35.598259 -3.063106
v 0.155968 35.511147 -3.250829
v 0.169582 35.481110 -3.458920
v -5.975453 33.434975 -3.458920
v 1.812160 36.261871 -3.341637
v 1.815708 36.368500 -3.523321
v 1.788334 36.519669 -3.667503
v 1.732750 36.700584 -3.760072
v 1.654396 36.893524 -3.791970
v 1.560925 37.079613 -3.760078
v 1.461510 37.240700 -3.667497
v 1.365845 37.360870 -3.523315
v 1.283340 37.428505 -3.341656
v 1.222023 37.436905 -3.140251
v 1.187931 37.385223 -2.938852
v 1.184406 37.278641 -2.757186
v 1.211758 37.127472 -2.613005
v 1.267338 36.946564 -2.520430
v 1.345692 36.753571 -2.488531
v 1.439167 36.567474 -2.520430
v 1.538578 36.406448 -2.613005
v 1.634243 36.286224 -2.757186
v 1.716774 36.218643 -2.938865
v 1.778065 36.210236 -3.140251
v 3.898121 37.207436 -2.072907
v 3.981735 37.350357 -2.203206
v 4.017864 37.530304 -2.306588
v 4.003071 37.729736 -2.372971
v 3.938782 37.929016 -2.395867
v 3.831268 38.108765 -2.372989
v 3.691044 38.251282 -2.306601
v 3.531872 38.342667 -2.203206
v 3.369305 38.374069 -2.072914
v 3.219238 38.342163 -1.928462
v 3.096401 38.250381 -1.784032
v 3.012817 38.107460 -1.653761
v 2.976658 37.927505 -1.550364
v 2.991455 37.728027 -1.483959
v 3.055740 37.528748 -1.461087
v 3.163280 37.349045 -1.483972
v 3.303482 37.206482 -1.550357
v 3.462677 37.115089 -1.653755
v 3.625244 37.083740 -1.784050
v 3.775284 37.115547 -1.928474
v 5.413170 38.137955 -0.139328
v 5.467796 38.231354 -0.224454
v 5.491421 38.348907 -0.291986
v 5.481735 38.479141 -0.335363
v 5.439739 38.609482 -0.350326
v 5.369488 38.726837 -0.335369
v 5.277878 38.819931 -0.292002
v 5.173908 38.879715 -0.224458
v 5.067677 38.900146 -0.139313
v 4.969597 38.879318 -0.044934
v 4.889359 38.819328 0.049428
v 4.834759 38.726028 0.134526
v 4.811157 38.608475 0.202066
v 4.820793 38.478134 0.245466
v 4.862812 38.347900 0.260411
v 4.933064 38.230453 0.245464
v 5.024677 38.137352 0.202094
v 5.128670 38.077568 0.134537
v 5.234875 38.057137 0.049418
v 5.332932 38.077972 -0.044953
v 6.328945 39.020920 3.492836
v 6.384048 39.091476 3.474310
v 6.414646 39.176224 3.459622
v 6.417793 39.267105 3.450193
v 6.393234 39.355072 3.446935
v 6.343288 39.431557 3.450187
v 6.272911 39.489029 3.459616
v 6.188972 39.521835 3.474310
v 6.099602 39.526871 3.492836
v 6.013622 39.503616 3.513368
v 5.939499 39.454300 3.533899
v 5.884418 39.383850 3.552405
v 5.853848 39.299011 3.567100
v 5.850651 39.208122 3.576542
v 5.875237 39.120255 3.579787
v 5.925179 39.043770 3.576535
v 5.995556 38.986298 3.567106
v 6.079521 38.953384 3.552412
v 6.168869 38.948357 3.533893
v 6.254795 38.971710 3.513361
v 7.000507 39.437195 7.002357
v 7.036564 39.482384 7.005114
v 7.056870 39.536430 7.007290
v 7.059460 39.594299 7.008686
v 7.044113 39.650162 7.009176
v 7.012257 39.698471 7.008686
v 6.967117 39.734604 7.007290
v 6.913021 39.754929 7.005114
v 6.855247 39.757652 7.002357
v 6.799465 39.742249 6.999300
v 6.751205 39.710449 6.996256
v 6.715176 39.665359 6.993500
v 6.694893 39.611206 6.991325
v 6.692280 39.553345 6.989927
v 6.707626 39.497581 6.989437
v 6.739479 39.449272 6.989927
v 6.784645 39.413040 6.991325
v 6.838795 39.392708 6.993513
v 6.896515 39.389992 6.996256
v 6.952221 39.405289 6.999300
v 6.794258 41.586685 10.487675
v 6.819042 41.617783 10.489563
v 6.708607 41.680588 10.485561
v 6.833008 41.654922 10.491072
v 6.834793 41.694687 10.492002
v 6.824226 41.733124 10.492329
v 6.802361 41.766342 10.492002
v 6.771362 41.791100 10.491047
v 6.734196 41.805092 10.489563
v 6.694416 41.807007 10.487675
v 6.656071 41.796432 10.485561
v 6.622856 41.774597 10.483473
v 6.598125 41.743591 10.481560
v 6.584236 41.706360 10.480051
v 6.582424 41.666504 10.479118
v 6.592941 41.628250 10.478792
v 6.614830 41.594940 10.479118
v 6.645905 41.570183 10.480101
v 6.683094 41.556091 10.481586
v 6.722801 41.554276 10.483498
v 6.761070 41.564850 10.485586
v 19.765953 32.585419 -14.284500
v 19.662140 32.427811 -14.378174
v 19.511566 32.289780 -14.429783
v 19.328896 32.184906 -14.434261
v 19.132034 32.123405 -14.391209
v 18.940254 32.111328 -14.304806
v 18.772324 32.149826 -14.183525
v 18.644707 32.235176 -14.039227
v 18.569878 32.358971 -13.886044
v 18.555130 32.509079 -13.738976
v 18.601982 32.670868 -13.612434
v 18.705795 32.828484 -13.518761
v 18.856369 32.966522 -13.467155
v 19.039040 33.071396 -13.462677
v 19.235901 33.132889 -13.505726
v 19.427681 33.144966 -13.592133
v 19.595558 33.106468 -13.713409
v 19.723228 33.021118 -13.857712
v 19.798058 32.897324 -14.010895
v 19.812752 32.747208 -14.157936
v 17.515213 36.694748 -18.705170
v 17.411392 36.537132 -18.798870
v 17.260826 36.399094 -18.850452
v 17.078156 36.294220 -18.854931
v 16.881287 36.232727 -18.811905
v 16.689514 36.220650 -18.725498
v 16.521629 36.259148 -18.604172
v 16.393967 36.344444 -18.459896
v 16.319130 36.468239 -18.306713
v 16.304436 36.618408 -18.159668
v 16.351242 36.780197 -18.033104
v 16.455002 36.937805 -17.939453
v 16.605621 37.075836 -17.887825
v 16.788292 37.180710 -17.883347
v 16.985153 37.242203 -17.926422
v 17.176941 37.254288 -18.012825
v 17.344818 37.215790 -18.134102
v 17.472435 37.130440 -18.278381
v 17.547264 37.006645 -18.431564
v 17.562057 36.856537 -18.578606
v 19.183968 32.628143 -13.948467
v 16.904945 38.098602 -19.739155
v 16.785126 37.975616 -19.861290
v 16.621773 37.865204 -19.935463
v 16.430954 37.777946 -19.954437
v 16.231270 37.722542 -19.916389
v 16.042305 37.704376 -19.825005
v 15.882530 37.725204 -19.689186
v 15.767647 37.782974 -19.522312
v 15.708870 37.872147 -19.340748
v 15.711884 37.983871 -19.162102
v 15.776550 38.107254 -19.003986
v 15.896370 38.230148 -18.881905
v 16.059669 38.340652 -18.807728
v 16.250542 38.427917 -18.788704
v 16.450226 38.483276 -18.826797
v 16.639137 38.501488 -18.918186
v 16.798912 38.480652 -19.053955
v 16.913803 38.422783 -19.220829
v 16.972580 38.333710 -19.402496
v 16.969559 38.222000 -19.581093
v 16.202538 40.510582 -20.476738
v 16.055946 40.482201 -20.625389
v 15.871407 40.446777 -20.720604
v 15.666946 40.407822 -20.753113
v 15.462540 40.368973 -20.719696
v 15.278305 40.334152 -20.623680
v 15.132164 40.306877 -20.474373
v 15.038513 40.289566 -20.286469
v 15.006508 40.284134 -20.078281
v 15.039169 40.290970 -19.870247
v 15.133423 40.309494 -19.682743
v 15.279968 40.337875 -19.534088
v 15.464546 40.373306 -19.438877
v 15.669060 40.412354 -19.406368
v 15.873421 40.451096 -19.439781
v 16.057655 40.485924 -19.535851
v 16.203796 40.513306 -19.685108
v 16.297440 40.530510 -19.873062
v 16.329498 40.535950 -20.081200
v 16.296791 40.529099 -20.289234
v 15.527954 43.045952 -20.347008
v 15.432190 43.027435 -20.444130
v 15.311615 43.004288 -20.506329
v 15.178009 42.978821 -20.527565
v 15.044449 42.953461 -20.505775
v 14.924133 42.930710 -20.443024
v 14.828621 42.912796 -20.345444
v 14.767471 42.901527 -20.222710
v 14.746544 42.898003 -20.086685
v 14.767876 42.902534 -19.950760
v 14.829475 42.914612 -19.828224
v 14.925186 42.933128 -19.731155
v 15.045761 42.956276 -19.668953
v 15.179420 42.981743 -19.647720
v 15.312927 43.007103 -19.669510
v 15.433296 43.029846 -19.732262
v 15.528763 43.047668 -19.829834
v 15.589951 43.058937 -19.952576
v 15.610886 43.062561 -20.088596
v 15.589554 43.058029 -20.224518
v 14.991310 46.457649 -18.649010
v 14.923477 46.487038 -18.702705
v 14.840042 46.504654 -18.735413
v 14.749161 46.508972 -18.743969
v 14.659737 46.499512 -18.727615
v 14.580574 46.477074 -18.687859
v 14.519432 46.443954 -18.628628
v 14.482246 46.403503 -18.555710
v 14.472633 46.359421 -18.476200
v 14.491554 46.316238 -18.397896
v 14.537201 46.278091 -18.328552
v 14.604980 46.248703 -18.274910
v 14.688469 46.230988 -18.242199
v 14.779404 46.226761 -18.233593
v 14.868729 46.236221 -18.249947
v 14.947884 46.258667 -18.289753
v 15.009079 46.291687 -18.348984
v 15.046265 46.332245 -18.421902
v 15.055878 46.376328 -18.501362
v 15.036957 46.419502 -18.579613
v 14.893135 49.569916 -16.847599
v 14.850807 49.600220 -16.872963
v 14.798523 49.620651 -16.886826
v 14.741257 49.629303 -16.887833
v 14.684746 49.625381 -16.875954
v 14.634476 49.609070 -16.852303
v 14.595367 49.582199 -16.819191
v 14.571320 49.547272 -16.779861
v 14.564575 49.507721 -16.738144
v 14.575798 49.467361 -16.698112
v 14.603973 49.430222 -16.663769
v 14.646248 49.400024 -16.638432
v 14.698586 49.379608 -16.624592
v 14.755905 49.370941 -16.623535
v 14.812317 49.374878 -16.635410
v 14.862587 49.391068 -16.659088
v 14.901688 49.418045 -16.692200
v 14.925789 49.452972 -16.731552
v 14.932533 49.492523 -16.773247
v 14.921310 49.532776 -16.813229
v 13.009743 52.267334 -14.400696
v 12.980659 52.288162 -14.418133
v 12.910355 52.219330 -14.337540
v 12.944725 52.302246 -14.427670
v 12.905373 52.308197 -14.428398
v 12.866478 52.305481 -14.420219
v 12.831902 52.294312 -14.403942
v 12.805084 52.275787 -14.381218
v 12.788574 52.251831 -14.354195
v 12.783897 52.224548 -14.325485
v 12.791649 52.196884 -14.297962
v 12.811020 52.171310 -14.274307
v 12.840004 52.150574 -14.256947
v 12.875984 52.136490 -14.247463
v 12.915436 52.130554 -14.246708
v 12.954185 52.133270 -14.254860
v 12.988762 52.144440 -14.271114
v 13.015633 52.162964 -14.293884
v 13.032188 52.187012 -14.320934
v 13.036865 52.214188 -14.349594
v 13.029121 52.241867 -14.377068
v 5.117496 30.896835 -19.464592
v 5.177986 30.735603 -19.343163
v 5.182186 30.549210 -19.245087
v 5.129726 30.355865 -19.179966
v 5.025707 30.174454 -19.154099
v 4.880325 30.022827 -19.170052
v 4.707817 29.915741 -19.226311
v 4.525043 29.863708 -19.317299
v 4.349945 29.871857 -19.434196
v 4.199608 29.939346 -19.565437
v 4.088795 30.059616 -19.698292
v 4.028309 30.220848 -19.819672
v 4.024078 30.407242 -19.917751
v 4.076569 30.600586 -19.982918
v 4.180584 30.781998 -20.008785
v 4.325966 30.933670 -19.992783
v 4.498474 31.040710 -19.936569
v 4.681221 31.092697 -19.845535
v 4.856346 31.084595 -19.728687
v 5.006660 31.017059 -19.597397
v 8.319771 28.351250 -24.440521
v 8.380260 28.190018 -24.319145
v 8.384464 28.003616 -24.221069
v 8.332001 27.810280 -24.155899
v 8.227982 27.628860 -24.130035
v 8.082600 27.477242 -24.146034
v 7.910095 27.370155 -24.202301
v 7.727345 27.318169 -24.293282
v 7.552223 27.326324 -24.410126
v 7.401882 27.393806 -24.541420
v 7.291069 27.514030 -24.674278
v 7.230583 27.675262 -24.795654
v 7.226357 27.861656 -24.893738
v 7.278843 28.055054 -24.958900
v 7.382858 28.236412 -24.984718
v 7.528244 28.388084 -24.968765
v 7.700748 28.495125 -24.912506
v 7.883499 28.547157 -24.821518
v 8.058620 28.539001 -24.704666
v 8.208961 28.471527 -24.573380
v 4.603146 30.478203 -19.581444
v 9.019562 27.779434 -26.051666
v 9.099754 27.602295 -25.970596
v 9.119579 27.403214 -25.904518
v 9.077156 27.201721 -25.859932
v 8.976589 27.017540 -25.841164
v 8.827759 26.868683 -25.850067
v 8.645187 26.769753 -25.885750
v 8.446812 26.730400 -25.944733
v 8.252014 26.754456 -26.021271
v 8.079834 26.839645 -26.107826
v 7.947182 26.977585 -26.195992
v 7.867016 27.154724 -26.277061
v 7.847164 27.353798 -26.343140
v 7.889610 27.555290 -26.387726
v 7.990181 27.739471 -26.406494
v 8.139011 27.888329 -26.397583
v 8.321560 27.987267 -26.361908
v 8.519958 28.026619 -26.302879
v 8.714756 28.002510 -26.226387
v 8.886913 27.917366 -26.139778
v 9.361935 27.446747 -28.625984
v 9.453625 27.257980 -28.645409
v 9.482510 27.049797 -28.659096
v 9.445873 26.842422 -28.665688
v 9.347343 26.656174 -28.664581
v 9.196526 26.509380 -28.655823
v 9.008114 26.416283 -28.640327
v 8.800682 26.386139 -28.619545
v 8.594410 26.421768 -28.595589
v 8.409523 26.519745 -28.570732
v 8.264168 26.670464 -28.547485
v 8.172554 26.859123 -28.528061
v 8.143642 27.067360 -28.514366
v 8.180252 27.274796 -28.507729
v 8.278786 27.460983 -28.508881
v 8.429653 27.607834 -28.517639
v 8.618038 27.700874 -28.533142
v 8.825493 27.731071 -28.553871
v 9.031769 27.695442 -28.577881
v 9.216602 27.597466 -28.602684
v 8.892548 27.444183 -31.210472
v 8.952408 27.320892 -31.223206
v 8.971279 27.184868 -31.232109
v 8.947350 27.049393 -31.236435
v 8.882961 26.927666 -31.235687
v 8.784405 26.831749 -31.229996
v 8.661339 26.770958 -31.219833
v 8.525818 26.751282 -31.206299
v 8.391056 26.774582 -31.190598
v 8.270256 26.838593 -31.174393
v 8.175270 26.937027 -31.159195
v 8.115437 27.060318 -31.146461
v 8.096565 27.196335 -31.137550
v 8.120468 27.331909 -31.133224
v 8.184856 27.453537 -31.133980
v 8.283390 27.549454 -31.139664
v 8.406479 27.610245 -31.149834
v 8.542023 27.629974 -31.163368
v 8.676788 27.606674 -31.179016
v 8.797562 27.542664 -31.195274
v 6.953808 28.268021 -34.431290
v 6.980000 28.195145 -34.479797
v 6.981762 28.111969 -34.517494
v 6.958965 28.026619 -34.540794
v 6.913849 27.947411 -34.547333
v 6.850796 27.882141 -34.536514
v 6.776039 27.837204 -34.509392
v 6.696857 27.817024 -34.468582
v 6.620945 27.823517 -34.418106
v 6.555779 27.856071 -34.362900
v 6.507771 27.911476 -34.308350
v 6.481602 27.984344 -34.259888
v 6.479839 28.067528 -34.222153
v 6.502636 28.152924 -34.198853
v 6.547752 28.232086 -34.192307
v 6.610779 28.297356 -34.203125
v 6.685562 28.342239 -34.230301
v 6.764771 28.362473 -34.271111
v 6.840656 28.355980 -34.321533
v 6.905800 28.323425 -34.376740
v 5.080006 29.460068 -37.261253
v 5.088135 29.419960 -37.302116
v 5.082546 29.372101 -37.334122
v 5.063801 29.321075 -37.354050
v 5.033733 29.271912 -37.359985
v 4.995289 29.229538 -37.351334
v 4.952236 29.198036 -37.328987
v 4.908810 29.180473 -37.295067
v 4.869179 29.178558 -37.252899
v 4.837250 29.192451 -37.206604
v 4.816189 29.220932 -37.160805
v 4.808060 29.260986 -37.119949
v 4.813698 29.308899 -37.088043
v 4.832443 29.359970 -37.068008
v 4.862484 29.409042 -37.062073
v 4.900932 29.451408 -37.070724
v 4.943985 29.482964 -37.093071
v 4.987461 29.500526 -37.127090
v 5.027092 29.502441 -37.169159
v 5.058971 29.488548 -37.215454
v 2.016495 29.121094 -39.965004
v 2.022083 29.093460 -39.993179
v 1.925838 29.038864 -39.930481
v 2.018257 29.060555 -40.015121
v 2.005348 29.025482 -40.028809
v 1.984692 28.991661 -40.032944
v 1.958248 28.962524 -40.027000
v 1.928707 28.940887 -40.011597
v 1.898842 28.928856 -39.988358
v 1.871567 28.927498 -39.959267
v 1.849625 28.937111 -39.927460
v 1.835133 28.956688 -39.895958
v 1.829571 28.984161 -39.867874
v 1.833447 29.017075 -39.845940
v 1.846329 29.052246 -39.832253
v 1.866962 29.085968 -39.828125
v 1.893406 29.115105 -39.834061
v 1.922997 29.136795 -39.849457
v 1.952862 29.148865 -39.872810
v 1.980114 29.150230 -39.901794
v 2.002029 29.140617 -39.933502
v -27.352730 34.929062 23.342468
v -23.613708 36.540054 23.759949
v -20.755568 37.831894 24.408157
v -16.662889 37.831894 24.408157
v -12.570219 37.831894 24.408157
v -8.477543 37.831894 24.408157
v -4.384871 37.831894 24.408157
v -0.292194 37.831894 24.408157
v 4.003525 36.677383 24.308716
v 7.893162 35.592422 23.642746
v 11.782768 34.507408 22.976772
v -27.981514 37.247192 20.028702
v -22.786249 42.428490 21.428940
v -20.755568 42.422150 21.369812
v -16.662889 43.382614 21.618759
v -12.570219 44.494148 21.906807
v -8.477543 44.153564 21.818542
v -4.384871 43.312164 21.600491
v -0.292194 39.597626 20.637863
v 3.800468 39.597626 20.637863
v 7.893162 37.733360 20.154713
v 11.782768 36.648346 19.488739
v -28.610298 39.565315 16.714989
v -24.848232 45.520836 17.945030
v -20.755568 45.520836 17.945030
v -16.662889 45.520836 17.945030
v -12.570219 45.520836 17.945030
v -8.477543 46.259880 18.136559
v -4.384871 45.520836 17.945030
v -0.292194 45.520836 17.945030
v 3.800468 43.052094 17.305225
v 7.893162 39.885376 16.484535
v 11.782768 38.789337 16.000729
v -28.940922 41.602188 12.701584
v -24.848232 47.155624 14.140793
v -20.755568 48.452347 14.476849
v -16.662889 48.452347 14.476849
v -12.570219 49.191391 14.668354
v -8.477543 48.452347 14.476849
v -4.384871 48.452347 14.476849
v -0.292194 48.452347 14.476849
v 3.800468 46.547623 13.983208
v 7.893162 43.117813 13.094376
v 11.985825 40.912064 12.522736
v -28.940922 43.233658 8.896513
v -24.848232 49.479034 10.515049
v -20.755568 49.479034 10.515049
v -16.662889 49.479034 10.515049
v -12.570219 50.218079 10.706554
v -8.477543 49.479034 10.515049
v -4.384871 49.479034 10.515049
v -0.292194 49.479034 10.515049
v 3.800468 47.574310 10.021408
v 7.893162 45.719711 9.540771
v 11.985825 41.938751 8.560947
v -28.940922 44.345596 4.956818
v -24.848232 50.505722 6.553251
v -20.755568 51.726456 6.869593
v -16.662889 52.999023 7.199396
v -12.570219 52.606415 7.097645
v -8.477543 52.440643 7.054680
v -4.384871 52.283737 7.014019
v -0.292194 50.505722 6.553251
v 3.800468 48.600998 6.059620
v 7.893162 47.607925 5.802244
v 11.985825 42.965538 4.599148
v -28.940922 45.092590 0.922516
v -24.848232 49.833206 2.151062
v -20.755568 53.587906 3.124119
v -16.662889 54.704361 3.413445
v -12.570219 54.704361 3.413445
v -8.477543 54.704361 3.413445
v -4.384871 53.310532 3.052227
v -0.292194 51.532516 2.591451
v 3.800468 49.627686 2.097827
v 7.893162 49.627686 2.097827
v 11.985825 43.992226 0.637354
v -28.940922 45.983002 -3.074611
v -24.848232 46.923637 -2.830821
v -20.755568 52.559204 -1.370349
v -16.662889 55.731064 -0.548353
v -12.570219 55.731064 -0.548353
v -8.477543 55.731064 -0.548353
v -4.384871 52.559204 -1.370349
v -0.292194 52.559204 -1.370349
v 3.800468 50.654480 -1.863973
v 7.893162 50.654480 -1.863973
v 11.985825 45.018913 -3.324446
v -28.940922 46.821579 -7.085148
v -24.848232 47.950424 -6.792622
v -20.755568 52.741272 -5.551041
v -16.662889 53.585892 -5.332150
v -12.570219 53.585892 -5.332150
v -8.477543 53.585892 -5.332150
v -4.384871 53.585892 -5.332150
v -0.292194 53.585892 -5.332150
v 3.800468 51.681168 -5.825766
v 7.893162 51.681168 -5.825766
v 11.985825 46.045609 -7.286240
v -28.940922 46.733719 -11.335800
v -24.848232 48.977112 -10.754421
v -20.755568 51.760071 -10.033192
v -16.662889 52.641327 -9.804802
v -12.570219 52.851181 -9.750427
v -8.477543 52.707855 -9.787567
v -4.384871 52.707855 -9.787567
v -0.292194 52.707855 -9.787567
v 3.800468 52.707855 -9.787567
v 7.893162 47.072388 -11.248039
v 11.985825 46.165977 -11.482944
v -28.940922 47.065948 -15.788578
v -24.848232 47.674858 -15.319767
v -20.755568 48.099083 -15.209839
v -16.662889 48.099083 -15.209839
v -12.570219 48.099083 -15.209839
v -8.477543 48.099083 -15.209839
v -4.384871 48.099083 -15.209839
v -0.292194 48.099083 -15.209839
v 3.800468 48.099083 -15.209839
v 7.893162 47.063736 -15.478161
v 11.985825 45.943550 -15.768448
v -35.248398 35.072227 -18.396339
v -32.765816 37.916336 -16.815918
v -31.089661 40.268227 -15.431259
v -28.064499 41.698708 -13.075012
v -25.039280 43.129089 -10.718742
v -22.014093 44.559570 -8.362484
v -18.988905 45.990051 -6.006224
v -15.963703 47.420532 -3.649972
v -12.721458 47.896881 -0.640507
v -9.397802 48.073517 1.741116
v -6.074143 48.250046 4.122734
v -33.481308 35.562881 -22.055115
v -30.584167 42.344849 -20.868149
v -29.043327 43.026527 -19.733063
v -26.185791 45.373489 -17.717983
v -23.354595 47.864578 -15.756546
v -20.269951 48.970070 -13.279324
v -17.097893 49.597595 -10.624184
v -13.424356 47.483627 -6.948545
v -10.399168 48.914108 -4.592288
v -7.048569 48.565674 -1.573836
v -3.724911 48.742210 0.807779
v -31.714218 36.053528 -25.713898
v -29.761841 42.931122 -25.861397
v -26.736675 44.361595 -23.505127
v -23.711460 45.792076 -21.148903
v -20.686272 47.222557 -18.792629
v -17.790060 49.358154 -16.698868
v -14.635881 50.083420 -14.080112
v -11.610686 51.513901 -11.723843
v -8.154583 50.588654 -8.490692
v -4.576646 48.997345 -5.009604
v -1.375671 49.234367 -2.507169
v -29.255539 36.139633 -29.497124
v -27.199646 42.869217 -29.113464
v -24.400810 45.537041 -27.217796
v -21.375595 46.967514 -24.861526
v -18.479410 49.103226 -22.767792
v -15.325218 49.828476 -20.148987
v -12.300016 51.258957 -17.792763
v -9.274821 52.689438 -15.436493
v -5.917161 52.302353 -12.403656
v -2.293312 50.460037 -8.829140
v 1.116875 49.785706 -5.689417
v -26.692741 36.074615 -32.747986
v -24.757675 43.464539 -32.610107
v -21.732462 44.895020 -30.253830
v -18.707272 46.325500 -27.897614
v -15.811073 48.461105 -25.803825
v -12.656881 49.186462 -23.185066
v -9.631686 50.616837 -20.828796
v -6.606491 52.047318 -18.472576
v -3.248831 51.660233 -15.439739
v 0.100086 51.320953 -12.424713
v 3.785221 49.143684 -8.725500
v -24.039314 35.513969 -35.814369
v -22.089327 42.822517 -35.646187
v -19.277205 45.417770 -33.723495
v -16.474129 48.062546 -31.819283
v -13.380412 49.118423 -29.323563
v -10.326271 50.390594 -26.908417
v -7.273694 51.671402 -24.496437
v -3.938154 51.405304 -21.508659
v -0.580494 51.018219 -18.475796
v 2.618031 51.501007 -15.766788
v 6.453545 48.501564 -11.761559
v -21.322153 34.604881 -38.751114
v -19.124399 40.558891 -38.078697
v -16.754566 45.572166 -37.056030
v -13.924240 48.067978 -35.096359
v -10.899044 49.498459 -32.740135
v -7.873846 50.928940 -30.383865
v -4.605362 51.029388 -27.532516
v -1.269831 50.763184 -24.544693
v 2.087830 50.376099 -21.511879
v 5.113018 51.806580 -19.155609
v 9.121895 47.859543 -14.797642
v -18.630026 33.832779 -41.738686
v -15.769029 36.160866 -39.716614
v -13.727477 42.968857 -39.362030
v -11.255910 47.425964 -38.132446
v -8.230713 48.856339 -35.776222
v -5.205520 50.286819 -33.419952
v -1.626696 48.690674 -29.937050
v 1.398506 50.121155 -27.580780
v 4.756153 49.734070 -24.547966
v 7.781368 51.164551 -22.191696
v 11.790222 47.217422 -17.833725
v -15.928866 33.011253 -44.708038
v -13.100692 35.518799 -42.752693
v -10.911719 41.520767 -42.098091
v -8.033952 43.757217 -40.041901
v -5.008756 45.187698 -37.685677
v -1.983561 46.618179 -35.329353
v 1.041641 48.048660 -32.973137
v 4.066830 49.479141 -30.616859
v 7.424503 49.092056 -27.584045
v 10.449665 50.522430 -25.227776
v 14.458542 46.575409 -20.869812
v -13.065994 31.305611 -47.348175
v -10.432362 34.876732 -45.788773
v -7.892926 38.962753 -44.420998
v -5.021552 41.234131 -42.377792
v -2.032978 42.864891 -40.096039
v 1.017235 44.158592 -37.688896
v 4.042423 45.588974 -35.332672
v 7.067638 47.019455 -32.976349
v 10.092827 48.449936 -30.620132
v 14.101654 44.502899 -26.262115
v 17.285080 45.068436 -23.583931
v -10.066977 29.881569 -50.334045
v -7.357533 32.012398 -47.997650
v -4.406371 33.847572 -45.791992
v -1.381184 35.278053 -43.435776
v 1.644032 36.708534 -41.079453
v 4.669220 38.138962 -38.723236
v 7.694408 39.569443 -36.367012
v 10.719597 40.999924 -34.010742
v 13.744812 42.430405 -31.654472
v 16.950737 42.872841 -28.930443
v 20.171455 43.234467 -26.176315
v 8.579891 36.896790 -5.124466
v 9.924194 37.614899 -3.547979
v 10.836147 38.259842 -2.245326
v 12.157173 38.081696 -0.504262
v 13.478203 37.903549 1.236803
v 14.799232 37.725357 2.977868
v 16.120209 37.547165 4.718929
v 17.441231 37.368973 6.459990
v 18.652306 36.590881 8.360096
v 19.963524 35.750839 9.903852
v 21.274788 34.910843 11.447586
v 10.083515 37.404045 -6.637714
v 12.180321 40.022552 -4.455045
v 12.857368 39.919083 -3.609110
v 14.260323 40.266014 -1.876472
v 15.676155 40.695671 -0.145156
v 16.968147 40.331230 1.598894
v 18.217361 39.692932 3.347340
v 19.221512 37.483757 5.120984
v 20.542534 37.305618 6.862045
v 21.704491 36.108032 8.619473
v 23.015709 35.268036 10.163218
v 11.587166 37.911301 -8.150951
v 13.430344 40.940948 -6.700869
v 14.751373 40.762695 -4.959808
v 16.072350 40.584557 -3.218748
v 17.393379 40.406311 -1.477684
v 18.777458 40.632263 0.256899
v 20.035431 40.050026 2.004443
v 21.356461 39.871780 3.745507
v 22.466835 38.343781 5.508232
v 23.517677 36.434021 7.277071
v 24.756683 35.625183 8.878838
v 13.404633 38.125679 -9.731079
v 15.199394 40.984024 -8.038731
v 16.631088 41.514923 -6.309042
v 17.952065 41.336685 -4.567982
v 19.336143 41.562637 -2.833401
v 20.594116 40.980392 -1.085851
v 21.915146 40.802155 0.655211
v 23.236176 40.624008 2.396276
v 24.394661 39.404388 4.154047
v 25.423058 37.350800 5.925196
v 26.555923 35.966522 7.685606
v 15.173431 38.167038 -11.068913
v 17.027275 41.403816 -9.382643
v 18.348251 41.225571 -7.641569
v 19.669281 41.047424 -5.900509
v 21.053360 41.273376 -4.165927
v 22.311340 40.691040 -2.418381
v 23.632370 40.512894 -0.677315
v 24.953346 40.334755 1.063749
v 26.111877 39.115028 2.821521
v 27.274643 37.922775 4.578856
v 28.273148 35.677216 6.353079
v 16.897949 37.924385 -12.402195
v 18.744446 41.114456 -10.715168
v 20.169647 41.603798 -8.984814
v 21.599220 42.121422 -7.254900
v 22.886734 41.728600 -5.510393
v 24.193619 41.459778 -3.767879
v 25.501259 41.195778 -2.025434
v 26.670563 40.045395 -0.268778
v 27.829102 38.825775 1.488995
v 29.065430 38.104538 3.238774
v 29.990372 35.387955 5.020552
v 18.591263 37.482101 -13.732258
v 20.316689 39.896042 -12.032772
v 21.958069 41.770874 -10.324661
v 23.374313 42.203140 -8.593376
v 24.695335 42.025002 -6.852316
v 26.016365 41.846756 -5.111256
v 27.218475 40.906418 -3.357960
v 28.387787 39.756142 -1.601303
v 29.546318 38.536415 0.156468
v 30.867294 38.358269 1.897532
v 31.707588 35.098648 3.688032
v 20.296860 37.118263 -15.063599
v 21.698105 37.454422 -13.330780
v 23.499916 40.357697 -11.639149
v 25.091530 41.913788 -9.925903
v 26.412560 41.735641 -8.184843
v 27.733582 41.557503 -6.443783
v 28.784027 39.645027 -4.674892
v 30.105003 39.466782 -2.933832
v 31.263535 38.247162 -1.176058
v 32.584518 38.068909 0.565008
v 33.424805 34.809341 2.355505
v 21.998032 36.726097 -16.394466
v 23.415321 37.165115 -14.663307
v 25.145073 39.606583 -12.964279
v 26.538162 39.890198 -11.230602
v 27.859192 39.712059 -9.489553
v 29.180168 39.533813 -7.748480
v 30.501144 39.355667 -6.007420
v 31.822220 39.177528 -4.266358
v 32.980759 37.957802 -2.508585
v 34.301743 37.779655 -0.767521
v 35.142029 34.520035 1.022978
v 23.620140 35.827377 -17.717228
v 25.132545 36.875854 -15.995831
v 26.690994 38.219376 -14.279190
v 28.087158 38.523026 -12.545841
v 29.426147 38.459625 -10.806629
v 30.734848 38.203079 -9.064299
v 32.055923 38.024933 -7.323238
v 33.376900 37.846687 -5.582178
v 34.697983 37.668549 -3.841111
v 35.538177 34.408928 -2.050614
v 36.781845 33.735100 -0.301596
v 25.397995 35.095734 -19.141014
v 26.651039 35.313126 -17.307953
v 28.008247 35.366875 -15.570576
v 29.329323 35.188675 -13.829529
v 30.650299 35.010483 -12.088455
v 31.971283 34.832344 -10.347383
v 33.292358 34.654152 -8.606335
v 34.613342 34.475952 -6.865261
v 35.934418 34.297760 -5.124201
v 37.167023 33.553482 -3.374058
v 38.392487 32.762810 -1.623165
v 5.375099 51.201691 -9.421593
v 7.026901 50.899048 -9.214741
v 8.257172 50.742447 -8.944733
v 9.732010 49.960327 -8.634743
v 11.206825 49.178307 -8.324753
v 12.681641 48.396187 -8.014763
v 14.156456 47.614166 -7.704775
v 15.631271 46.832047 -7.394785
v 16.933174 45.753937 -6.941551
v 18.183548 44.660416 -6.736423
v 19.433922 43.567001 -6.531307
v 6.133492 51.173706 -11.012550
v 8.976688 51.516312 -10.843567
v 9.715302 51.115738 -10.710487
v 11.371582 50.579193 -10.446016
v 13.056442 50.081299 -10.188715
v 14.466896 49.212219 -9.862598
v 15.782738 48.215027 -9.512726
v 16.555649 46.483414 -9.026684
v 18.030464 45.701294 -8.716694
v 19.152969 44.442612 -8.318350
v 20.403397 43.349197 -8.113234
v 6.891884 51.145630 -12.603485
v 9.416737 51.889908 -12.715557
v 10.891552 51.107788 -12.405567
v 12.366364 50.325775 -12.095577
v 13.841179 49.543655 -11.785587
v 15.455643 48.950546 -11.510624
v 16.790810 47.979515 -11.165607
v 18.265671 47.197495 -10.855621
v 19.273949 45.784325 -10.428631
v 20.150368 44.192711 -9.968552
v 21.372818 43.131401 -9.695148
v 7.792160 50.870056 -14.388016
v 10.316360 51.507660 -14.341240
v 12.036247 51.057159 -14.092693
v 13.511063 50.275055 -13.782703
v 15.125526 49.681946 -13.507740
v 16.460693 48.710907 -13.162724
v 17.935509 47.928894 -12.852737
v 19.410324 47.146774 -12.542770
v 20.525177 45.877823 -12.142502
v 21.351883 44.218880 -11.669971
v 22.409920 42.872940 -11.255436
v 8.691154 50.487106 -16.013546
v 11.346169 51.301529 -15.999557
v 12.820984 50.519516 -15.689568
v 14.295799 49.737396 -15.379578
v 15.910263 49.144287 -15.104614
v 17.245430 48.173256 -14.759598
v 18.720245 47.391235 -14.449608
v 20.195053 46.609116 -14.139618
v 21.309914 45.340179 -13.739376
v 22.434280 44.083916 -13.341473
v 23.194656 42.335388 -12.852310
v 9.492020 49.971191 -17.614471
v 12.130905 50.763885 -17.596455
v 13.836349 50.293869 -17.344284
v 15.551659 49.837128 -17.094608
v 16.952293 48.954773 -16.766026
v 18.395760 48.130280 -16.448185
v 19.840935 47.308105 -16.130749
v 20.979790 46.071472 -15.736492
v 22.094650 44.802521 -15.336224
v 23.381805 43.766579 -14.979183
v 23.979393 41.797745 -14.449181
v 10.223866 49.362091 -19.198082
v 12.594528 49.791840 -19.112785
v 14.778847 49.969681 -18.980736
v 16.464615 49.472992 -18.723637
v 17.939430 48.690979 -18.413651
v 19.414246 47.908859 -18.103661
v 20.625671 46.770454 -17.727646
v 21.764526 45.533920 -17.333366
v 22.879379 44.264877 -16.933098
v 24.354202 43.482857 -16.623108
v 24.764130 41.260094 -16.046028
v 10.982838 48.789612 -20.788490
v 12.635445 48.248032 -20.523087
v 15.175194 48.906563 -20.480160
v 17.249352 48.935349 -20.320534
v 18.724167 48.153328 -20.010544
v 20.198982 47.371216 -19.700558
v 21.074448 45.778290 -19.240204
v 22.549263 44.996269 -18.930214
v 23.664124 43.727226 -18.529995
v 25.138931 42.945206 -18.220005
v 25.548866 40.722443 -17.642902
v 11.732048 48.203857 -22.376427
v 13.420181 47.710388 -22.119934
v 15.800301 48.153030 -22.037003
v 17.434738 47.586899 -21.767067
v 18.909554 46.804779 -21.457077
v 20.384369 46.022758 -21.147087
v 21.859184 45.240639 -20.837101
v 23.334000 44.458618 -20.527111
v 24.448853 43.189575 -20.126842
v 25.923668 42.407555 -19.816853
v 26.333603 40.184792 -19.239799
v 12.306183 47.381271 -23.920486
v 14.204918 47.172737 -23.716835
v 16.205605 47.102081 -23.538734
v 17.846939 46.545311 -23.270515
v 19.361404 45.816940 -22.970444
v 20.809143 44.998184 -22.653709
v 22.283966 44.216164 -22.343666
v 23.758774 43.434044 -22.033680
v 25.233589 42.652023 -21.723740
v 25.643524 40.429260 -21.146637
v 26.947037 39.415451 -20.793671
v 13.003105 46.607307 -25.598305
v 14.549576 46.039764 -25.203323
v 16.104507 45.366142 -24.913406
v 17.579323 44.584023 -24.603416
v 19.054138 43.802002 -24.293434
v 20.528946 43.019882 -23.983444
v 22.003761 42.237869 -23.673454
v 23.478630 41.455750 -23.363464
v 24.953392 40.673729 -23.053474
v 26.232605 39.626907 -22.694420
v 27.495758 38.558456 -22.331337
v -3.299179 47.923157 -0.667282
v -1.575228 47.441162 -1.880605
v -0.189196 47.173943 -2.680035
v 1.446968 46.094719 -3.611318
v 3.083118 45.015488 -4.542594
v 4.719265 43.936264 -5.473883
v 6.355415 42.857040 -6.405172
v 7.991592 41.777817 -7.336449
v 9.582703 40.336266 -7.963863
v 10.910122 38.870056 -8.778690
v 12.237488 37.403900 -9.593546
v -3.965769 47.786072 -2.814894
v -1.140816 48.052185 -5.136995
v -0.340843 47.499634 -5.623606
v 1.431946 46.720840 -6.771008
v 3.226212 45.989441 -7.952414
v 4.813923 44.803635 -8.807049
v 6.330379 43.461121 -9.549009
v 7.438141 41.219833 -9.644472
v 9.074291 40.140610 -10.575748
v 10.445236 38.478134 -11.087532
v 11.772659 37.011932 -11.902363
v -4.632353 47.649094 -4.962502
v -2.340803 48.437958 -7.300278
v -0.704655 47.358734 -8.231567
v 0.931507 46.279503 -9.162857
v 2.567657 45.200279 -10.094133
v 4.308933 44.352234 -11.191704
v 5.839958 43.041824 -11.956688
v 7.476131 41.962502 -12.887985
v 8.761105 40.110916 -13.263748
v 9.946789 38.040939 -13.482452
v 11.307823 36.619919 -14.211205
v -5.339031 47.180786 -7.397905
v -2.912874 47.839012 -9.578827
v -1.092255 47.165489 -10.801899
v 0.543896 46.086266 -11.733177
v 2.285172 45.238220 -12.830746
v 3.816223 43.927711 -13.595730
v 5.452370 42.848480 -14.527031
v 7.088520 41.769257 -15.458305
v 8.453709 40.094109 -15.960983
v 9.601974 37.941895 -16.120506
v 10.924362 36.172592 -16.555450
v -5.911562 46.580841 -9.675697
v -3.386980 47.455551 -12.012318
v -1.750816 46.376328 -12.943596
v -0.114668 45.296997 -13.874897
v 1.626621 44.449059 -14.972466
v 3.157646 43.138550 -15.737450
v 4.793797 42.059326 -16.668751
v 6.429943 40.980095 -17.600029
v 7.795155 39.304947 -18.102703
v 9.167488 37.645493 -18.616650
v 10.265785 35.383377 -18.697166
v -6.557998 45.818344 -11.836617
v -4.045544 46.666290 -14.154037
v -2.235743 45.969009 -15.360001
v -0.418543 45.287941 -16.577641
v 1.161762 44.085831 -17.420574
v 2.774334 42.954773 -18.314560
v 4.388168 41.826431 -19.210510
v 5.771393 40.190933 -19.741722
v 7.136604 38.515778 -20.244396
v 8.631474 37.125862 -20.952240
v 9.607208 34.594215 -20.838913
v -7.256361 44.941620 -13.915382
v -4.945839 45.345505 -15.913376
v -2.775557 45.441025 -17.689552
v -0.980587 44.711044 -18.872040
v 0.655563 43.631813 -19.803314
v 2.291714 42.552582 -20.734592
v 3.729591 41.037262 -21.352257
v 5.112843 39.401764 -21.883465
v 6.478027 37.726616 -22.386139
v 8.114178 36.647392 -23.317421
v 8.948658 33.805054 -22.980606
v -7.934314 44.109779 -16.026428
v -6.164347 43.324844 -17.169388
v -3.726509 44.008728 -19.368778
v -1.639151 43.921875 -21.013733
v -0.003002 42.842651 -21.945061
v 1.633163 41.763428 -22.876335
v 2.818115 39.691833 -23.093880
v 4.454266 38.612602 -24.025162
v 5.819477 36.937454 -24.527840
v 7.455627 35.858231 -25.459160
v 8.290108 33.015884 -25.122353
v -8.619635 43.261841 -18.125801
v -6.822902 42.535675 -19.311108
v -4.505232 42.955368 -21.320404
v -2.748922 42.140343 -22.441750
v -1.112761 41.061111 -23.373024
v 0.523388 39.981888 -24.304298
v 2.159538 38.902664 -25.235626
v 3.795715 37.823441 -26.166908
v 5.160900 36.148285 -26.669579
v 6.797050 35.069061 -27.600853
v 7.631557 32.226723 -27.264046
v -9.436748 42.123932 -20.016735
v -7.481466 41.746513 -21.452805
v -5.449415 41.537979 -23.010345
v -3.687899 40.734421 -24.139900
v -2.021894 39.720917 -25.118423
v -0.406126 38.596802 -26.017448
v 1.230026 37.517578 -26.948723
v 2.866173 36.438347 -27.879997
v 4.502350 35.359123 -28.811272
v 5.336830 32.516785 -28.474464
v 6.844028 31.153992 -29.201782
v -10.253294 41.035751 -22.142731
v -8.471325 40.228775 -23.070480
v -6.774827 39.282196 -24.097221
v -5.138678 38.202972 -25.028496
v -3.502522 37.123749 -25.959778
v -1.866360 36.044525 -26.891052
v -0.230196 34.965294 -27.822327
v 1.405952 33.886070 -28.753654
v 3.042103 32.806847 -29.684929
v 4.530983 31.403687 -30.383217
v 6.007786 29.974014 -31.062424
vt 0.648603 0.107966
vt 0.626409 0.064408
vt 0.351397 0.107966
vt 0.343750 0.156250
vt 0.351397 0.204534
vt 0.373591 0.248091
vt 0.408159 0.282659
vt 0.451716 0.304853
vt 0.500000 0.312500
vt 0.548284 0.304853
vt 0.591841 0.282659
vt 0.626409 0.248091
vt 0.648603 0.204534
vt 0.656250 0.156250
vt 0.450000 0.312500
vt 0.462500 0.312500
vt 0.475000 0.312500
vt 0.487500 0.312500
vt 0.500000 0.312500
vt 0.512500 0.312500
vt 0.525000 0.312500
vt 0.537500 0.312500
vt 0.550000 0.312500
vt 0.562500 0.312500
vt 0.575000 0.312500
vt 0.587500 0.312500
vt 0.600000 0.312500
vt 0.612500 0.312500
vt 0.450000 0.687500
vt 0.462500 0.687500
vt 0.475000 0.687500
vt 0.487500 0.687500
vt 0.500000 0.687500
vt 0.512500 0.687500
vt 0.525000 0.687500
vt 0.537500 0.687500
vt 0.550000 0.687500
vt 0.562500 0.687500
vt 0.575000 0.687500
vt 0.587500 0.687500
vt 0.600000 0.687500
vt 0.612500 0.687500
vt 0.648603 0.795466
vt 0.626409 0.751908
vt 0.591842 0.717341
vt 0.548284 0.695147
vt 0.500000 0.687500
vt 0.451716 0.695147
vt 0.408159 0.717341
vt 0.373591 0.751909
vt 0.351397 0.795466
vt 0.343750 0.843750
vt 0.351397 0.892034
vt 0.373591 0.935591
vt 0.408159 0.970159
vt 0.451716 0.992353
vt 0.500000 1.000000
vt 0.548284 0.992353
vt 0.591841 0.970159
vt 0.626409 0.935591
vt 0.648603 0.892034
vt 0.656250 0.843750
vt 0.500000 0.843750
vt 0.648603 0.892034
vt 0.626409 0.935591
vt 0.591841 0.970159
vt 0.548284 0.992353
vt 0.500000 1.000000
vt 0.451716 0.992353
vt 0.408159 0.970159
vt 0.373591 0.935591
vt 0.351397 0.892034
vt 0.343750 0.843750
vt 0.351397 0.795466
vt 0.373591 0.751909
vt 0.408159 0.717341
vt 0.451716 0.695147
vt 0.500000 0.687500
vt 0.548284 0.695147
vt 0.591842 0.717341
vt 0.626409 0.751908
vt 0.648603 0.795466
vt 0.656250 0.843750
vt 0.648603 0.892034
vt 0.626409 0.935591
vt 0.591841 0.970159
vt 0.548284 0.992353
vt 0.500000 1.000000
vt 0.451716 0.992353
vt 0.408159 0.970159
vt 0.373591 0.935591
vt 0.351397 0.892034
vt 0.343750 0.843750
vt 0.351397 0.795466
vt 0.373591 0.751909
vt 0.408159 0.717341
vt 0.451716 0.695147
vt 0.500000 0.687500
vt 0.548284 0.695147
vt 0.591842 0.717341
vt 0.626409 0.751908
vt 0.648603 0.795466
vt 0.656250 0.843750
vt 0.648603 0.892034
vt 0.626409 0.935591
vt 0.591841 0.970159
vt 0.548284 0.992353
vt 0.500000 1.000000
vt 0.451716 0.992353
vt 0.408159 0.970159
vt 0.373591 0.935591
vt 0.351397 0.892034
vt 0.343750 0.843750
vt 0.351397 0.795466
vt 0.373591 0.751909
vt 0.408159 0.717341
vt 0.451716 0.695147
vt 0.500000 0.687500
vt 0.548284 0.695147
vt 0.591842 0.717341
vt 0.626409 0.751908
vt 0.648603 0.795466
vt 0.656250 0.843750
vt 0.648603 0.892034
vt 0.626409 0.935591
vt 0.591841 0.970159
vt 0.548284 0.992353
vt 0.500000 1.000000
vt 0.451716 0.992353
vt 0.408159 0.970159
vt 0.373591 0.935591
vt 0.351397 0.892034
vt 0.343750 0.843750
vt 0.351397 0.795466
vt 0.373591 0.751909
vt 0.408159 0.717341
vt 0.451716 0.695147
vt 0.500000 0.687500
vt 0.548284 0.695147
vt 0.591842 0.717341
vt 0.626409 0.751908
vt 0.648603 0.795466
vt 0.656250 0.843750
vt 0.648603 0.892034
vt 0.626409 0.935591
vt 0.591841 0.970159
vt 0.548284 0.992353
vt 0.500000 1.000000
vt 0.451716 0.992353
vt 0.408159 0.970159
vt 0.373591 0.935591
vt 0.351397 0.892034
vt 0.343750 0.843750
vt 0.351397 0.795466
vt 0.373591 0.751909
vt 0.408159 0.717341
vt 0.451716 0.695147
vt 0.500000 0.687500
vt 0.548284 0.695147
vt 0.591842 0.717341
vt 0.626409 0.751908
vt 0.648603 0.795466
vt 0.656250 0.843750
vt 0.648603 0.892034
vt 0.626409 0.935591
vt 0.591841 0.970159
vt 0.548284 0.992353
vt 0.500000 1.000000
vt 0.451716 0.992353
vt 0.408159 0.970159
vt 0.373591 0.935591
vt 0.351397 0.892034
vt 0.343750 0.843750
vt 0.351397 0.795466
vt 0.373591 0.751909
vt 0.408159 0.717341
vt 0.451716 0.695147
vt 0.500000 0.687500
vt 0.548284 0.695147
vt 0.591842 0.717341
vt 0.626409 0.751908
vt 0.648603 0.795466
vt 0.656250 0.843750
vt 0.648603 0.892034
vt 0.626409 0.935591
vt 0.591841 0.970159
vt 0.548284 0.992353
vt 0.500000 1.000000
vt 0.451716 0.992353
vt 0.408159 0.970159
vt 0.373591 0.935591
vt 0.351397 0.892034
vt 0.343750 0.843750
vt 0.351397 0.795466
vt 0.373591 0.751909
vt 0.408159 0.717341
vt 0.451716 0.695147
vt 0.500000 0.687500
vt 0.548284 0.695147
vt 0.591842 0.717341
vt 0.626409 0.751908
vt 0.648603 0.795466
vt 0.656250 0.843750
vt 0.648603 0.892034
vt 0.626409 0.935591
vt 0.591841 0.970159
vt 0.548284 0.992353
vt 0.500000 1.000000
vt 0.451716 0.992353
vt 0.408159 0.970159
vt 0.373591 0.935591
vt 0.351397 0.892034
vt 0.343750 0.843750
vt 0.351397 0.795466
vt 0.373591 0.751909
vt 0.408159 0.717341
vt 0.451716 0.695147
vt 0.500000 0.687500
vt 0.548284 0.695147
vt 0.591842 0.717341
vt 0.626409 0.751908
vt 0.648603 0.795466
vt 0.656250 0.843750
vt 0.648603 0.892034
vt 0.626409 0.935591
vt 0.591841 0.970159
vt 0.548284 0.992353
vt 0.500000 1.000000
vt 0.451716 0.992353
vt 0.408159 0.970159
vt 0.373591 0.935591
vt 0.351397 0.892034
vt 0.343750 0.843750
vt 0.351397 0.795466
vt 0.373591 0.751909
vt 0.408159 0.717341
vt 0.451716 0.695147
vt 0.500000 0.687500
vt 0.548284 0.695147
vt 0.591842 0.717341
vt 0.626409 0.751908
vt 0.648603 0.795466
vt 0.656250 0.843750
vt 0.648603 0.892034
vt 0.626409 0.935591
vt 0.591841 0.970159
vt 0.548284 0.992353
vt 0.500000 1.000000
vt 0.451716 0.992353
vt 0.408159 0.970159
vt 0.373591 0.935591
vt 0.351397 0.892034
vt 0.343750 0.843750
vt 0.351397 0.795466
vt 0.373591 0.751909
vt 0.408159 0.717341
vt 0.451716 0.695147
vt 0.500000 0.687500
vt 0.548284 0.695147
vt 0.591842 0.717341
vt 0.626409 0.751908
vt 0.648603 0.795466
vt 0.656250 0.843750
vt 0.626409 0.064408
vt 0.648603 0.107966
vt 0.591842 0.029841
vt 0.548284 0.007647
vt 0.500000 -0.000000
vt 0.343750 0.156250
vt 0.350892 0.204759
vt 0.374341 0.243824
vt 0.408159 0.282659
vt 0.451716 0.304853
vt 0.500000 0.312500
vt 0.548284 0.304853
vt 0.591841 0.282659
vt 0.626409 0.248091
vt 0.648603 0.204534
vt 0.656250 0.156250
vt 0.626409 0.064408
vt 0.648603 0.107966
vt 0.591842 0.029841
vt 0.548284 0.007647
vt 0.500000 -0.000000
vt 0.408159 0.282659
vt 0.451716 0.304853
vt 0.500000 0.312500
vt 0.548284 0.304853
vt 0.591841 0.282659
vt 0.626409 0.248091
vt 0.648603 0.204534
vt 0.656250 0.156250
vt 0.375000 0.312500
vt 0.387500 0.312500
vt 0.387500 0.687500
vt 0.375000 0.687500
vt 0.400000 0.312500
vt 0.400000 0.687500
vt 0.412500 0.312500
vt 0.412500 0.687500
vt 0.425000 0.312500
vt 0.425000 0.687500
vt 0.437500 0.312500
vt 0.437500 0.687500
vt 0.450000 0.312500
vt 0.450000 0.687500
vt 0.462500 0.312500
vt 0.462500 0.687500
vt 0.475000 0.312500
vt 0.475000 0.687500
vt 0.487500 0.312500
vt 0.487500 0.687500
vt 0.500000 0.312500
vt 0.500000 0.687500
vt 0.512500 0.312500
vt 0.512500 0.687500
vt 0.525000 0.312500
vt 0.525000 0.687500
vt 0.537500 0.312500
vt 0.537500 0.687500
vt 0.550000 0.312500
vt 0.550000 0.687500
vt 0.562500 0.312500
vt 0.562500 0.687500
vt 0.575000 0.312500
vt 0.575000 0.687500
vt 0.587500 0.312500
vt 0.587500 0.687500
vt 0.600000 0.312500
vt 0.600000 0.687500
vt 0.612500 0.312500
vt 0.612500 0.687500
vt 0.625000 0.312500
vt 0.625000 0.687500
vt 0.451716 0.304853
vt 0.500000 0.312500
vt 0.548284 0.304853
vt 0.591841 0.282659
vt 0.626409 0.248091
vt 0.648603 0.892034
vt 0.626409 0.935591
vt 0.500000 0.843750
vt 0.591841 0.970159
vt 0.548284 0.992353
vt 0.500000 1.000000
vt 0.451716 0.992353
vt 0.408159 0.970159
vt 0.373591 0.935591
vt 0.351397 0.892034
vt 0.343750 0.843750
vt 0.351397 0.795466
vt 0.373591 0.751909
vt 0.408159 0.717341
vt 0.451716 0.695147
vt 0.500000 0.687500
vt 0.548284 0.695147
vt 0.591842 0.717341
vt 0.626409 0.751908
vt 0.648603 0.795466
vt 0.656250 0.843750
vt 0.648603 0.892034
vt 0.626409 0.935591
vt 0.626409 0.935591
vt 0.648603 0.892034
vt 0.591841 0.970159
vt 0.591841 0.970159
vt 0.548284 0.992353
vt 0.548284 0.992353
vt 0.500000 1.000000
vt 0.500000 1.000000
vt 0.451716 0.992353
vt 0.451716 0.992353
vt 0.408159 0.970159
vt 0.408159 0.970159
vt 0.373591 0.935591
vt 0.373591 0.935591
vt 0.351397 0.892034
vt 0.351397 0.892034
vt 0.343750 0.843750
vt 0.343750 0.843750
vt 0.351397 0.795466
vt 0.351397 0.795466
vt 0.373591 0.751909
vt 0.373591 0.751909
vt 0.408159 0.717341
vt 0.408159 0.717341
vt 0.451716 0.695147
vt 0.451716 0.695147
vt 0.500000 0.687500
vt 0.500000 0.687500
vt 0.548284 0.695147
vt 0.548284 0.695147
vt 0.591842 0.717341
vt 0.591842 0.717341
vt 0.626409 0.751908
vt 0.626409 0.751908
vt 0.648603 0.795466
vt 0.648603 0.795466
vt 0.656250 0.843750
vt 0.656250 0.843750
vt 0.626409 0.935591
vt 0.648603 0.892034
vt 0.591841 0.970159
vt 0.548284 0.992353
vt 0.500000 1.000000
vt 0.451716 0.992353
vt 0.408159 0.970159
vt 0.373591 0.935591
vt 0.351397 0.892034
vt 0.343750 0.843750
vt 0.351397 0.795466
vt 0.373591 0.751909
vt 0.408159 0.717341
vt 0.451716 0.695147
vt 0.500000 0.687500
vt 0.548284 0.695147
vt 0.591842 0.717341
vt 0.626409 0.751908
vt 0.648603 0.795466
vt 0.656250 0.843750
vt 0.626409 0.935591
vt 0.648603 0.892034
vt 0.591841 0.970159
vt 0.548284 0.992353
vt 0.500000 1.000000
vt 0.451716 0.992353
vt 0.408159 0.970159
vt 0.373591 0.935591
vt 0.351397 0.892034
vt 0.343750 0.843750
vt 0.351397 0.795466
vt 0.373591 0.751909
vt 0.408159 0.717341
vt 0.451716 0.695147
vt 0.500000 0.687500
vt 0.548284 0.695147
vt 0.591842 0.717341
vt 0.626409 0.751908
vt 0.648603 0.795466
vt 0.656250 0.843750
vt 0.626409 0.935591
vt 0.648603 0.892034
vt 0.591841 0.970159
vt 0.548284 0.992353
vt 0.500000 1.000000
vt 0.451716 0.992353
vt 0.408159 0.970159
vt 0.373591 0.935591
vt 0.351397 0.892034
vt 0.343750 0.843750
vt 0.351397 0.795466
vt 0.373591 0.751909
vt 0.408159 0.717341
vt 0.451716 0.695147
vt 0.500000 0.687500
vt 0.548284 0.695147
vt 0.591842 0.717341
vt 0.626409 0.751908
vt 0.648603 0.795466
vt 0.656250 0.843750
vt 0.626409 0.935591
vt 0.648603 0.892034
vt 0.591841 0.970159
vt 0.548284 0.992353
vt 0.500000 1.000000
vt 0.451716 0.992353
vt 0.408159 0.970159
vt 0.373591 0.935591
vt 0.351397 0.892034
vt 0.343750 0.843750
vt 0.351397 0.795466
vt 0.373591 0.751909
vt 0.408159 0.717341
vt 0.451716 0.695147
vt 0.500000 0.687500
vt 0.548284 0.695147
vt 0.591842 0.717341
vt 0.626409 0.751908
vt 0.648603 0.795466
vt 0.656250 0.843750
vt 0.626409 0.935591
vt 0.648603 0.892034
vt 0.591841 0.970159
vt 0.548284 0.992353
vt 0.500000 1.000000
vt 0.451716 0.992353
vt 0.408159 0.970159
vt 0.373591 0.935591
vt 0.351397 0.892034
vt 0.343750 0.843750
vt 0.351397 0.795466
vt 0.373591 0.751909
vt 0.408159 0.717341
vt 0.451716 0.695147
vt 0.500000 0.687500
vt 0.548284 0.695147
vt 0.591842 0.717341
vt 0.626409 0.751908
vt 0.648603 0.795466
vt 0.656250 0.843750
vt 0.626409 0.935591
vt 0.648603 0.892034
vt 0.591841 0.970159
vt 0.548284 0.992353
vt 0.500000 1.000000
vt 0.451716 0.992353
vt 0.408159 0.970159
vt 0.373591 0.935591
vt 0.351397 0.892034
vt 0.343750 0.843750
vt 0.351397 0.795466
vt 0.373591 0.751909
vt 0.408159 0.717341
vt 0.451716 0.695147
vt 0.500000 0.687500
vt 0.548284 0.695147
vt 0.591842 0.717341
vt 0.626409 0.751908
vt 0.648603 0.795466
vt 0.656250 0.843750
vt 0.626409 0.935591
vt 0.648603 0.892034
vt 0.591841 0.970159
vt 0.548284 0.992353
vt 0.500000 1.000000
vt 0.451716 0.992353
vt 0.408159 0.970159
vt 0.373591 0.935591
vt 0.351397 0.892034
vt 0.343750 0.843750
vt 0.351397 0.795466
vt 0.373591 0.751909
vt 0.408159 0.717341
vt 0.451716 0.695147
vt 0.500000 0.687500
vt 0.548284 0.695147
vt 0.591842 0.717341
vt 0.626409 0.751908
vt 0.648603 0.795466
vt 0.656250 0.843750
vt 0.626409 0.935591
vt 0.648603 0.892034
vt 0.591841 0.970159
vt 0.548284 0.992353
vt 0.500000 1.000000
vt 0.451716 0.992353
vt 0.408159 0.970159
vt 0.373591 0.935591
vt 0.351397 0.892034
vt 0.343750 0.843750
vt 0.351397 0.795466
vt 0.373591 0.751909
vt 0.408159 0.717341
vt 0.451716 0.695147
vt 0.500000 0.687500
vt 0.548284 0.695147
vt 0.591842 0.717341
vt 0.626409 0.751908
vt 0.648603 0.795466
vt 0.656250 0.843750
vt 0.373591 0.064409
vt 0.351397 0.107966
vt 0.343750 0.156250
vt 0.343750 0.156250
vt 0.351397 0.204534
vt 0.351397 0.204534
vt 0.373591 0.248091
vt 0.373591 0.248091
vt 0.408159 0.282659
vt 0.408159 0.282659
vt 0.451716 0.304853
vt 0.451716 0.304853
vt 0.500000 0.312500
vt 0.500000 0.312500
vt 0.548284 0.304853
vt 0.548284 0.304853
vt 0.591841 0.282659
vt 0.591841 0.282659
vt 0.626409 0.248091
vt 0.626409 0.248091
vt 0.648603 0.204534
vt 0.648603 0.204534
vt 0.387500 0.687500
vt 0.375000 0.687500
vt 0.400000 0.687500
vt 0.412500 0.687500
vt 0.425000 0.687500
vt 0.437500 0.687500
vt 0.450000 0.687500
vt 0.462500 0.312500
vt 0.462500 0.687500
vt 0.475000 0.312500
vt 0.475000 0.687500
vt 0.487500 0.312500
vt 0.487500 0.687500
vt 0.500000 0.312500
vt 0.500000 0.687500
vt 0.512500 0.312500
vt 0.512500 0.687500
vt 0.525000 0.312500
vt 0.525000 0.687500
vt 0.537500 0.312500
vt 0.537500 0.687500
vt 0.550000 0.687500
vt 0.562500 0.687500
vt 0.575000 0.687500
vt 0.587500 0.687500
vt 0.600000 0.687500
vt 0.612500 0.687500
vt 0.625000 0.687500
vt 0.648603 0.892034
vt 0.626409 0.935591
vt 0.500000 0.843750
vt 0.591841 0.970159
vt 0.548284 0.992353
vt 0.500000 1.000000
vt 0.451716 0.992353
vt 0.408159 0.970159
vt 0.373591 0.935591
vt 0.351397 0.892034
vt 0.343750 0.843750
vt 0.351397 0.795466
vt 0.373591 0.751909
vt 0.408159 0.717341
vt 0.451716 0.695147
vt 0.500000 0.687500
vt 0.548284 0.695147
vt 0.591842 0.717341
vt 0.626409 0.751908
vt 0.648603 0.795466
vt 0.656250 0.843750
vt 0.648603 0.892034
vt 0.626409 0.935591
vt 0.626409 0.935591
vt 0.648603 0.892034
vt 0.591841 0.970159
vt 0.591841 0.970159
vt 0.548284 0.992353
vt 0.548284 0.992353
vt 0.500000 1.000000
vt 0.500000 1.000000
vt 0.451716 0.992353
vt 0.451716 0.992353
vt 0.408159 0.970159
vt 0.408159 0.970159
vt 0.373591 0.935591
vt 0.373591 0.935591
vt 0.351397 0.892034
vt 0.351397 0.892034
vt 0.343750 0.843750
vt 0.343750 0.843750
vt 0.351397 0.795466
vt 0.351397 0.795466
vt 0.373591 0.751909
vt 0.373591 0.751909
vt 0.408159 0.717341
vt 0.408159 0.717341
vt 0.451716 0.695147
vt 0.451716 0.695147
vt 0.500000 0.687500
vt 0.500000 0.687500
vt 0.548284 0.695147
vt 0.548284 0.695147
vt 0.591842 0.717341
vt 0.591842 0.717341
vt 0.626409 0.751908
vt 0.626409 0.751908
vt 0.648603 0.795466
vt 0.648603 0.795466
vt 0.656250 0.843750
vt 0.656250 0.843750
vt 0.626409 0.935591
vt 0.648603 0.892034
vt 0.591841 0.970159
vt 0.548284 0.992353
vt 0.500000 1.000000
vt 0.451716 0.992353
vt 0.408159 0.970159
vt 0.373591 0.935591
vt 0.351397 0.892034
vt 0.343750 0.843750
vt 0.351397 0.795466
vt 0.373591 0.751909
vt 0.408159 0.717341
vt 0.451716 0.695147
vt 0.500000 0.687500
vt 0.548284 0.695147
vt 0.591842 0.717341
vt 0.626409 0.751908
vt 0.648603 0.795466
vt 0.656250 0.843750
vt 0.626409 0.935591
vt 0.648603 0.892034
vt 0.591841 0.970159
vt 0.548284 0.992353
vt 0.500000 1.000000
vt 0.451716 0.992353
vt 0.408159 0.970159
vt 0.373591 0.935591
vt 0.351397 0.892034
vt 0.343750 0.843750
vt 0.351397 0.795466
vt 0.373591 0.751909
vt 0.408159 0.717341
vt 0.451716 0.695147
vt 0.500000 0.687500
vt 0.548284 0.695147
vt 0.591842 0.717341
vt 0.626409 0.751908
vt 0.648603 0.795466
vt 0.656250 0.843750
vt 0.626409 0.935591
vt 0.648603 0.892034
vt 0.591841 0.970159
vt 0.548284 0.992353
vt 0.500000 1.000000
vt 0.451716 0.992353
vt 0.408159 0.970159
vt 0.373591 0.935591
vt 0.351397 0.892034
vt 0.343750 0.843750
vt 0.351397 0.795466
vt 0.373591 0.751909
vt 0.408159 0.717341
vt 0.451716 0.695147
vt 0.500000 0.687500
vt 0.548284 0.695147
vt 0.591842 0.717341
vt 0.626409 0.751908
vt 0.648603 0.795466
vt 0.656250 0.843750
vt 0.626409 0.935591
vt 0.648603 0.892034
vt 0.591841 0.970159
vt 0.548284 0.992353
vt 0.500000 1.000000
vt 0.451716 0.992353
vt 0.408159 0.970159
vt 0.373591 0.935591
vt 0.351397 0.892034
vt 0.343750 0.843750
vt 0.351397 0.795466
vt 0.373591 0.751909
vt 0.408159 0.717341
vt 0.451716 0.695147
vt 0.500000 0.687500
vt 0.548284 0.695147
vt 0.591842 0.717341
vt 0.626409 0.751908
vt 0.648603 0.795466
vt 0.656250 0.843750
vt 0.626409 0.935591
vt 0.648603 0.892034
vt 0.591841 0.970159
vt 0.548284 0.992353
vt 0.500000 1.000000
vt 0.451716 0.992353
vt 0.408159 0.970159
vt 0.373591 0.935591
vt 0.351397 0.892034
vt 0.343750 0.843750
vt 0.351397 0.795466
vt 0.373591 0.751909
vt 0.408159 0.717341
vt 0.451716 0.695147
vt 0.500000 0.687500
vt 0.548284 0.695147
vt 0.591842 0.717341
vt 0.626409 0.751908
vt 0.648603 0.795466
vt 0.656250 0.843750
vt 0.626409 0.935591
vt 0.648603 0.892034
vt 0.591841 0.970159
vt 0.548284 0.992353
vt 0.500000 1.000000
vt 0.451716 0.992353
vt 0.408159 0.970159
vt 0.373591 0.935591
vt 0.351397 0.892034
vt 0.343750 0.843750
vt 0.351397 0.795466
vt 0.373591 0.751909
vt 0.408159 0.717341
vt 0.451716 0.695147
vt 0.500000 0.687500
vt 0.548284 0.695147
vt 0.591842 0.717341
vt 0.626409 0.751908
vt 0.648603 0.795466
vt 0.656250 0.843750
vt 0.375000 0.312500
vt 0.387500 0.312500
vt 0.506954 0.811546
vt 0.400000 0.312500
vt 0.400000 0.687500
vt 0.412500 0.312500
vt 0.412500 0.687500
vt 0.425000 0.312500
vt 0.425000 0.687500
vt 0.437500 0.312500
vt 0.437500 0.687500
vt 0.450000 0.312500
vt 0.450000 0.687500
vt 0.462500 0.312500
vt 0.462500 0.687500
vt 0.475000 0.312500
vt 0.475000 0.687500
vt 0.487500 0.312500
vt 0.487500 0.687500
vt 0.500000 0.312500
vt 0.500000 0.687500
vt 0.512500 0.312500
vt 0.512500 0.687500
vt 0.525000 0.312500
vt 0.525000 0.687500
vt 0.537500 0.687500
vt 0.550000 0.687500
vt 0.587500 0.687500
vt 0.600000 0.312500
vt 0.600000 0.687500
vt 0.612500 0.312500
vt 0.612500 0.687500
vt 0.625000 0.312500
vt 0.636801 0.789767
vt 0.648603 0.892034
vt 0.626409 0.935591
vt 0.500000 0.843750
vt 0.591841 0.970159
vt 0.548284 0.992353
vt 0.500000 1.000000
vt 0.451716 0.992353
vt 0.408159 0.970159
vt 0.373591 0.935591
vt 0.351397 0.892034
vt 0.343750 0.843750
vt 0.351397 0.795466
vt 0.373591 0.751909
vt 0.408159 0.717341
vt 0.451716 0.695147
vt 0.500000 0.687500
vt 0.548284 0.695147
vt 0.591842 0.717341
vt 0.626409 0.751908
vt 0.648603 0.795466
vt 0.656250 0.843750
vt 0.626409 0.935591
vt 0.648603 0.892034
vt 0.591883 0.970341
vt 0.591841 0.970159
vt 0.548308 0.992586
vt 0.548284 0.992353
vt 0.500000 1.000000
vt 0.500000 1.000000
vt 0.451716 0.992353
vt 0.451716 0.992353
vt 0.408159 0.970159
vt 0.408159 0.970159
vt 0.373591 0.935591
vt 0.373591 0.935591
vt 0.351397 0.892034
vt 0.351397 0.892034
vt 0.343750 0.843750
vt 0.343750 0.843750
vt 0.351397 0.795466
vt 0.351397 0.795466
vt 0.373591 0.751909
vt 0.373591 0.751909
vt 0.408159 0.717341
vt 0.408159 0.717341
vt 0.451716 0.695147
vt 0.451716 0.695147
vt 0.500000 0.687500
vt 0.500000 0.687500
vt 0.548284 0.695147
vt 0.548284 0.695147
vt 0.591842 0.717341
vt 0.591842 0.717341
vt 0.626409 0.751908
vt 0.626409 0.751908
vt 0.648603 0.795466
vt 0.648603 0.795466
vt 0.656250 0.843750
vt 0.656250 0.843750
vt 0.626409 0.935591
vt 0.648603 0.892034
vt 0.591841 0.970159
vt 0.548284 0.992353
vt 0.500000 1.000000
vt 0.451716 0.992353
vt 0.408159 0.970159
vt 0.373591 0.935591
vt 0.351397 0.892034
vt 0.343750 0.843750
vt 0.351397 0.795466
vt 0.373591 0.751909
vt 0.408159 0.717341
vt 0.451716 0.695147
vt 0.500000 0.687500
vt 0.548284 0.695147
vt 0.591842 0.717341
vt 0.626409 0.751908
vt 0.648603 0.795466
vt 0.656250 0.843750
vt 0.626409 0.935591
vt 0.648603 0.892034
vt 0.591841 0.970159
vt 0.548284 0.992353
vt 0.500000 1.000000
vt 0.451716 0.992353
vt 0.408159 0.970159
vt 0.373591 0.935591
vt 0.351397 0.892034
vt 0.343750 0.843750
vt 0.351397 0.795466
vt 0.373591 0.751909
vt 0.408159 0.717341
vt 0.451716 0.695147
vt 0.500000 0.687500
vt 0.548284 0.695147
vt 0.591842 0.717341
vt 0.626409 0.751908
vt 0.648603 0.795466
vt 0.656250 0.843750
vt 0.626409 0.935591
vt 0.648603 0.892034
vt 0.591841 0.970159
vt 0.548284 0.992353
vt 0.500000 1.000000
vt 0.451716 0.992353
vt 0.408159 0.970159
vt 0.373591 0.935591
vt 0.351397 0.892034
vt 0.343750 0.843750
vt 0.351397 0.795466
vt 0.373591 0.751909
vt 0.408159 0.717341
vt 0.451716 0.695147
vt 0.500000 0.687500
vt 0.548284 0.695147
vt 0.591842 0.717341
vt 0.626409 0.751908
vt 0.648603 0.795466
vt 0.656250 0.843750
vt 0.626409 0.935591
vt 0.648603 0.892034
vt 0.591841 0.970159
vt 0.548284 0.992353
vt 0.500000 1.000000
vt 0.451716 0.992353
vt 0.408159 0.970159
vt 0.373591 0.935591
vt 0.351397 0.892034
vt 0.343750 0.843750
vt 0.351397 0.795466
vt 0.373591 0.751909
vt 0.408159 0.717341
vt 0.451716 0.695147
vt 0.500000 0.687500
vt 0.548284 0.695147
vt 0.591842 0.717341
vt 0.626409 0.751908
vt 0.648603 0.795466
vt 0.656250 0.843750
vt 0.626409 0.935591
vt 0.648603 0.892034
vt 0.591841 0.970159
vt 0.548284 0.992353
vt 0.500000 1.000000
vt 0.451716 0.992353
vt 0.408159 0.970159
vt 0.373591 0.935591
vt 0.351397 0.892034
vt 0.343750 0.843750
vt 0.351397 0.795466
vt 0.373591 0.751909
vt 0.408159 0.717341
vt 0.451716 0.695147
vt 0.500000 0.687500
vt 0.548284 0.695147
vt 0.591842 0.717341
vt 0.626409 0.751908
vt 0.648603 0.795466
vt 0.656250 0.843750
vt 0.626409 0.935591
vt 0.648603 0.892034
vt 0.591841 0.970159
vt 0.548284 0.992353
vt 0.500000 1.000000
vt 0.451716 0.992353
vt 0.408159 0.970159
vt 0.373591 0.935591
vt 0.351397 0.892034
vt 0.343750 0.843750
vt 0.351397 0.795466
vt 0.373591 0.751909
vt 0.408159 0.717341
vt 0.451716 0.695147
vt 0.500000 0.687500
vt 0.548284 0.695147
vt 0.591842 0.717341
vt 0.626409 0.751908
vt 0.648603 0.795466
vt 0.656250 0.843750
vt 0.375000 0.312500
vt 0.387500 0.312500
vt 0.387500 0.687500
vt 0.375000 0.687500
vt 0.475000 0.312500
vt 0.473836 0.694959
vt 0.487500 0.312500
vt 0.482914 0.729915
vt 0.500000 0.312500
vt 0.500000 0.687500
vt 0.512500 0.312500
vt 0.512500 0.687500
vt 0.525000 0.312500
vt 0.525000 0.687500
vt 0.537500 0.312500
vt 0.537500 0.687500
vt 0.550000 0.312500
vt 0.550000 0.687500
vt 0.562500 0.312500
vt 0.562500 0.687500
vt 0.575000 0.312500
vt 0.575000 0.687500
vt 0.587500 0.312500
vt 0.587500 0.687500
vt 0.600000 0.312500
vt 0.600000 0.687500
vt 0.612500 0.312500
vt 0.612500 0.687500
vt 0.625000 0.312500
vt 0.625000 0.687500
vt 0.373591 0.064409
vt 0.351397 0.107966
vt 0.343750 0.156250
vt 0.351397 0.204534
vt 0.373591 0.248091
vt 0.408159 0.282659
vt 0.451716 0.304853
vt 0.500000 0.312500
vt 0.648603 0.892034
vt 0.626409 0.935591
vt 0.500000 0.843750
vt 0.591841 0.970159
vt 0.548284 0.992353
vt 0.500000 1.000000
vt 0.451716 0.992353
vt 0.408159 0.970159
vt 0.373591 0.935591
vt 0.351397 0.892034
vt 0.343750 0.843750
vt 0.351397 0.795466
vt 0.373591 0.751909
vt 0.408159 0.717341
vt 0.451716 0.695147
vt 0.500000 0.687500
vt 0.548284 0.695147
vt 0.591842 0.717341
vt 0.626409 0.751908
vt 0.648603 0.795466
vt 0.656250 0.843750
vt 0.648603 0.892034
vt 0.626409 0.935591
vt 0.626409 0.935591
vt 0.648603 0.892034
vt 0.339614 0.869864
vt 0.343750 0.843750
vt 0.351397 0.795466
vt 0.351397 0.795466
vt 0.373591 0.751909
vt 0.373591 0.751909
vt 0.408159 0.717341
vt 0.408159 0.717341
vt 0.451716 0.695147
vt 0.451716 0.695147
vt 0.500000 0.687500
vt 0.500000 0.687500
vt 0.548284 0.695147
vt 0.548284 0.695147
vt 0.591842 0.717341
vt 0.591842 0.717341
vt 0.626409 0.751908
vt 0.626409 0.751908
vt 0.648603 0.795466
vt 0.648603 0.795466
vt 0.656250 0.843750
vt 0.656250 0.843750
vt 0.626409 0.935591
vt 0.648603 0.892034
vt 0.591841 0.970159
vt 0.548284 0.992353
vt 0.343750 0.843750
vt 0.351397 0.795466
vt 0.373591 0.751909
vt 0.408159 0.717341
vt 0.451716 0.695147
vt 0.500000 0.687500
vt 0.548284 0.695147
vt 0.591842 0.717341
vt 0.626409 0.751908
vt 0.648603 0.795466
vt 0.656250 0.843750
vt 0.626409 0.935591
vt 0.648603 0.892034
vt 0.591841 0.970159
vt 0.548284 0.992353
vt 0.500000 1.000000
vt 0.451716 0.992353
vt 0.408159 0.970159
vt 0.373591 0.935591
vt 0.351397 0.892034
vt 0.343750 0.843750
vt 0.351397 0.795466
vt 0.373591 0.751909
vt 0.408159 0.717341
vt 0.451716 0.695147
vt 0.500000 0.687500
vt 0.548284 0.695147
vt 0.591842 0.717341
vt 0.626409 0.751908
vt 0.648603 0.795466
vt 0.656250 0.843750
vt 0.626409 0.935591
vt 0.648603 0.892034
vt 0.591841 0.970159
vt 0.548284 0.992353
vt 0.500000 1.000000
vt 0.451716 0.992353
vt 0.408159 0.970159
vt 0.373591 0.935591
vt 0.351397 0.892034
vt 0.343750 0.843750
vt 0.351397 0.795466
vt 0.373591 0.751909
vt 0.408159 0.717341
vt 0.451716 0.695147
vt 0.500000 0.687500
vt 0.548284 0.695147
vt 0.591842 0.717341
vt 0.626409 0.751908
vt 0.648603 0.795466
vt 0.656250 0.843750
vt 0.626409 0.935591
vt 0.648603 0.892034
vt 0.591841 0.970159
vt 0.548284 0.992353
vt 0.500000 1.000000
vt 0.451716 0.992353
vt 0.408159 0.970159
vt 0.373591 0.935591
vt 0.351397 0.892034
vt 0.343750 0.843750
vt 0.351397 0.795466
vt 0.373591 0.751909
vt 0.408159 0.717341
vt 0.451716 0.695147
vt 0.500000 0.687500
vt 0.548284 0.695147
vt 0.591842 0.717341
vt 0.626409 0.751908
vt 0.648603 0.795466
vt 0.656250 0.843750
vt 0.626409 0.935591
vt 0.648603 0.892034
vt 0.591841 0.970159
vt 0.548284 0.992353
vt 0.500000 1.000000
vt 0.451716 0.992353
vt 0.408159 0.970159
vt 0.373591 0.935591
vt 0.351397 0.892034
vt 0.343750 0.843750
vt 0.351397 0.795466
vt 0.373591 0.751909
vt 0.408159 0.717341
vt 0.451716 0.695147
vt 0.500000 0.687500
vt 0.548284 0.695147
vt 0.591842 0.717341
vt 0.626409 0.751908
vt 0.648603 0.795466
vt 0.656250 0.843750
vt 0.626409 0.935591
vt 0.648603 0.892034
vt 0.591841 0.970159
vt 0.548284 0.992353
vt 0.500000 1.000000
vt 0.451716 0.992353
vt 0.408159 0.970159
vt 0.373591 0.935591
vt 0.351397 0.892034
vt 0.343750 0.843750
vt 0.351397 0.795466
vt 0.373591 0.751909
vt 0.408159 0.717341
vt 0.451716 0.695147
vt 0.500000 0.687500
vt 0.548284 0.695147
vt 0.591842 0.717341
vt 0.626409 0.751908
vt 0.648603 0.795466
vt 0.656250 0.843750
vt 0.626409 0.935591
vt 0.648603 0.892034
vt 0.591841 0.970159
vt 0.548284 0.992353
vt 0.500000 1.000000
vt 0.451716 0.992353
vt 0.408159 0.970159
vt 0.373591 0.935591
vt 0.351397 0.892034
vt 0.343750 0.843750
vt 0.351397 0.795466
vt 0.373591 0.751909
vt 0.408159 0.717341
vt 0.451716 0.695147
vt 0.500000 0.687500
vt 0.548284 0.695147
vt 0.591842 0.717341
vt 0.626409 0.751908
vt 0.648603 0.795466
vt 0.656250 0.843750
vt 0.626409 0.935591
vt 0.648603 0.892034
vt 0.591841 0.970159
vt 0.548284 0.992353
vt 0.500000 1.000000
vt 0.451716 0.992353
vt 0.408159 0.970159
vt 0.373591 0.935591
vt 0.351397 0.892034
vt 0.343750 0.843750
vt 0.351397 0.795466
vt 0.373591 0.751909
vt 0.408159 0.717341
vt 0.451716 0.695147
vt 0.500000 0.687500
vt 0.548284 0.695147
vt 0.591842 0.717341
vt 0.626409 0.751908
vt 0.648603 0.795466
vt 0.656250 0.843750
vt 0.373591 0.064409
vt 0.351397 0.107966
vt 0.351397 0.107966
vt 0.343750 0.156250
vt 0.343750 0.156250
vt 0.351397 0.204534
vt 0.351397 0.204534
vt 0.373591 0.248091
vt 0.373591 0.248091
vt 0.408159 0.282659
vt 0.408159 0.282659
vt 0.451716 0.304853
vt 0.451716 0.304853
vt 0.500000 0.312500
vt 0.500000 0.312500
vt 0.548284 0.304853
vt 0.548284 0.304853
vt 0.591841 0.282659
vt 0.591841 0.282659
vt 0.626409 0.248091
vt 0.626409 0.248091
vt 0.375000 0.312500
vt 0.387500 0.312500
vt 0.387500 0.687500
vt 0.375000 0.687500
vt 0.400000 0.312500
vt 0.400000 0.687500
vt 0.412500 0.312500
vt 0.412500 0.687500
vt 0.425000 0.312500
vt 0.425000 0.687500
vt 0.437500 0.312500
vt 0.437500 0.687500
vt 0.450000 0.312500
vt 0.450000 0.687500
vt 0.462500 0.312500
vt 0.462500 0.687500
vt 0.475000 0.312500
vt 0.475000 0.687500
vt 0.487500 0.312500
vt 0.487500 0.687500
vt 0.500000 0.312500
vt 0.500000 0.687500
vt 0.512500 0.312500
vt 0.512500 0.687500
vt 0.525000 0.312500
vt 0.525000 0.687500
vt 0.537500 0.687500
vt 0.550000 0.687500
vt 0.587500 0.687500
vt 0.600000 0.687500
vt 0.612500 0.687500
vt 0.625000 0.312500
vt 0.625000 0.687500
vt 0.626409 0.064408
vt 0.648603 0.107966
vt 0.500000 0.156250
vt 0.591842 0.029841
vt 0.548284 0.007647
vt 0.500000 -0.000000
vt 0.451716 0.007647
vt 0.408159 0.029841
vt 0.373591 0.064409
vt 0.351397 0.107966
vt 0.343750 0.156250
vt 0.351397 0.204534
vt 0.373591 0.248091
vt 0.408159 0.282659
vt 0.451716 0.304853
vt 0.648603 0.892034
vt 0.626409 0.935591
vt 0.500000 0.843750
vt 0.591841 0.970159
vt 0.548284 0.992353
vt 0.500000 1.000000
vt 0.451716 0.992353
vt 0.408159 0.970159
vt 0.373591 0.935591
vt 0.351397 0.892034
vt 0.343750 0.843750
vt 0.351397 0.795466
vt 0.373591 0.751909
vt 0.408159 0.717341
vt 0.451716 0.695147
vt 0.500000 0.687500
vt 0.548284 0.695147
vt 0.591842 0.717341
vt 0.626409 0.751908
vt 0.648603 0.795466
vt 0.656250 0.843750
vt 0.648603 0.892034
vt 0.626409 0.935591
vt 0.626409 0.935591
vt 0.648603 0.892034
vt 0.591841 0.970159
vt 0.591841 0.970159
vt 0.548284 0.992353
vt 0.548284 0.992353
vt 0.500000 1.000000
vt 0.500000 1.000000
vt 0.451716 0.992353
vt 0.451716 0.992353
vt 0.408159 0.970159
vt 0.408159 0.970159
vt 0.373591 0.935591
vt 0.373591 0.935591
vt 0.351397 0.892034
vt 0.351397 0.892034
vt 0.343750 0.843750
vt 0.343750 0.843750
vt 0.351397 0.795466
vt 0.351397 0.795466
vt 0.373591 0.751909
vt 0.373591 0.751909
vt 0.408159 0.717341
vt 0.408159 0.717341
vt 0.451716 0.695147
vt 0.451716 0.695147
vt 0.500000 0.687500
vt 0.500000 0.687500
vt 0.548284 0.695147
vt 0.591842 0.717341
vt 0.626409 0.751908
vt 0.626409 0.751908
vt 0.648603 0.795466
vt 0.648603 0.795466
vt 0.656250 0.843750
vt 0.656250 0.843750
vt 0.626409 0.935591
vt 0.648603 0.892034
vt 0.591841 0.970159
vt 0.548284 0.992353
vt 0.500000 1.000000
vt 0.451716 0.992353
vt 0.408159 0.970159
vt 0.373591 0.935591
vt 0.351397 0.892034
vt 0.343750 0.843750
vt 0.351397 0.795466
vt 0.373591 0.751909
vt 0.408159 0.717341
vt 0.451716 0.695147
vt 0.500000 0.687500
vt 0.548284 0.695147
vt 0.591842 0.717341
vt 0.626409 0.751908
vt 0.648603 0.795466
vt 0.656250 0.843750
vt 0.626409 0.935591
vt 0.648603 0.892034
vt 0.591841 0.970159
vt 0.548284 0.992353
vt 0.500000 1.000000
vt 0.451716 0.992353
vt 0.408159 0.970159
vt 0.373591 0.935591
vt 0.351397 0.892034
vt 0.343750 0.843750
vt 0.351397 0.795466
vt 0.373591 0.751909
vt 0.408159 0.717341
vt 0.451716 0.695147
vt 0.500000 0.687500
vt 0.548284 0.695147
vt 0.591842 0.717341
vt 0.626409 0.751908
vt 0.648603 0.795466
vt 0.656250 0.843750
vt 0.626409 0.935591
vt 0.648603 0.892034
vt 0.591841 0.970159
vt 0.548284 0.992353
vt 0.500000 1.000000
vt 0.451716 0.992353
vt 0.408159 0.970159
vt 0.373591 0.935591
vt 0.351397 0.892034
vt 0.343750 0.843750
vt 0.351397 0.795466
vt 0.373591 0.751909
vt 0.408159 0.717341
vt 0.451716 0.695147
vt 0.500000 0.687500
vt 0.548284 0.695147
vt 0.591842 0.717341
vt 0.626409 0.751908
vt 0.648603 0.795466
vt 0.656250 0.843750
vt 0.626409 0.935591
vt 0.648603 0.892034
vt 0.591841 0.970159
vt 0.548284 0.992353
vt 0.500000 1.000000
vt 0.451716 0.992353
vt 0.408159 0.970159
vt 0.373591 0.935591
vt 0.351397 0.892034
vt 0.343750 0.843750
vt 0.351397 0.795466
vt 0.373591 0.751909
vt 0.408159 0.717341
vt 0.451716 0.695147
vt 0.500000 0.687500
vt 0.548284 0.695147
vt 0.591842 0.717341
vt 0.626409 0.751908
vt 0.648603 0.795466
vt 0.656250 0.843750
vt 0.375000 0.312500
vt 0.387500 0.312500
vt 0.387500 0.687500
vt 0.375000 0.687500
vt 0.400000 0.312500
vt 0.400000 0.687500
vt 0.412500 0.312500
vt 0.412500 0.687500
vt 0.425000 0.312500
vt 0.425000 0.687500
vt 0.437500 0.312500
vt 0.437500 0.687500
vt 0.450000 0.312500
vt 0.450000 0.687500
vt 0.462500 0.312500
vt 0.462500 0.687500
vt 0.475000 0.312500
vt 0.413199 0.789767
vt 0.487500 0.312500
vt 0.487500 0.687500
vt 0.500000 0.312500
vt 0.425699 0.741483
vt 0.512500 0.312500
vt 0.512500 0.687500
vt 0.525000 0.312500
vt 0.525000 0.687500
vt 0.537500 0.312500
vt 0.537500 0.687500
vt 0.550000 0.312500
vt 0.550000 0.687500
vt 0.562500 0.312500
vt 0.562500 0.687500
vt 0.575000 0.312500
vt 0.575000 0.687500
vt 0.587500 0.312500
vt 0.587500 0.687500
vt 0.600000 0.312500
vt 0.600000 0.687500
vt 0.612500 0.312500
vt 0.612500 0.687500
vt 0.625000 0.312500
vt 0.625000 0.687500
vt 0.648603 0.892034
vt 0.626409 0.935591
vt 0.500000 0.843750
vt 0.591841 0.970159
vt 0.548284 0.992353
vt 0.500000 1.000000
vt 0.451716 0.992353
vt 0.408159 0.970159
vt 0.373591 0.935591
vt 0.351397 0.892034
vt 0.343750 0.843750
vt 0.351397 0.795466
vt 0.373591 0.751909
vt 0.408159 0.717341
vt 0.451716 0.695147
vt 0.500000 0.687500
vt 0.548284 0.695147
vt 0.591842 0.717341
vt 0.626409 0.751908
vt 0.648603 0.795466
vt 0.656250 0.843750
vt 0.648603 0.892034
vt 0.626409 0.935591
vt 0.626409 0.935591
vt 0.648603 0.892034
vt 0.591841 0.970159
vt 0.591841 0.970159
vt 0.548284 0.992353
vt 0.548284 0.992353
vt 0.500000 1.000000
vt 0.500000 1.000000
vt 0.451716 0.992353
vt 0.451716 0.992353
vt 0.408159 0.970159
vt 0.408159 0.970159
vt 0.373591 0.935591
vt 0.373591 0.935591
vt 0.351397 0.892034
vt 0.343750 0.843750
vt 0.351397 0.795466
vt 0.373591 0.751909
vt 0.373591 0.751909
vt 0.408159 0.717341
vt 0.408159 0.717341
vt 0.451716 0.695147
vt 0.451716 0.695147
vt 0.500000 0.687500
vt 0.500000 0.687500
vt 0.548284 0.695147
vt 0.548284 0.695147
vt 0.591842 0.717341
vt 0.591842 0.717341
vt 0.626409 0.751908
vt 0.626409 0.751908
vt 0.648603 0.795466
vt 0.648603 0.795466
vt 0.656250 0.843750
vt 0.656250 0.843750
vt 0.626409 0.935591
vt 0.648603 0.892034
vt 0.591841 0.970159
vt 0.548284 0.992353
vt 0.500000 1.000000
vt 0.451716 0.992353
vt 0.408159 0.970159
vt 0.373591 0.935591
vt 0.351397 0.892034
vt 0.343750 0.843750
vt 0.351397 0.795466
vt 0.373591 0.751909
vt 0.408159 0.717341
vt 0.451716 0.695147
vt 0.500000 0.687500
vt 0.548284 0.695147
vt 0.591842 0.717341
vt 0.626409 0.751908
vt 0.648603 0.795466
vt 0.656250 0.843750
vt 0.626409 0.935591
vt 0.648603 0.892034
vt 0.591841 0.970159
vt 0.548284 0.992353
vt 0.500000 1.000000
vt 0.451716 0.992353
vt 0.408159 0.970159
vt 0.373591 0.935591
vt 0.351397 0.892034
vt 0.343750 0.843750
vt 0.351397 0.795466
vt 0.373591 0.751909
vt 0.408159 0.717341
vt 0.451716 0.695147
vt 0.500000 0.687500
vt 0.548284 0.695147
vt 0.591842 0.717341
vt 0.626409 0.751908
vt 0.648603 0.795466
vt 0.656250 0.843750
vt 0.626409 0.935591
vt 0.648603 0.892034
vt 0.591841 0.970159
vt 0.548284 0.992353
vt 0.500000 1.000000
vt 0.451716 0.992353
vt 0.408159 0.970159
vt 0.373591 0.935591
vt 0.351397 0.892034
vt 0.343750 0.843750
vt 0.351397 0.795466
vt 0.373591 0.751909
vt 0.408159 0.717341
vt 0.451716 0.695147
vt 0.500000 0.687500
vt 0.548284 0.695147
vt 0.591842 0.717341
vt 0.626409 0.751908
vt 0.648603 0.795466
vt 0.656250 0.843750
vt 0.626409 0.935591
vt 0.648603 0.892034
vt 0.591841 0.970159
vt 0.548284 0.992353
vt 0.500000 1.000000
vt 0.451716 0.992353
vt 0.408159 0.970159
vt 0.373591 0.935591
vt 0.351397 0.892034
vt 0.343750 0.843750
vt 0.351397 0.795466
vt 0.373591 0.751909
vt 0.408159 0.717341
vt 0.451716 0.695147
vt 0.500000 0.687500
vt 0.548284 0.695147
vt 0.591842 0.717341
vt 0.626409 0.751908
vt 0.648603 0.795466
vt 0.656250 0.843750
vt 0.626409 0.935591
vt 0.648603 0.892034
vt 0.591841 0.970159
vt 0.548284 0.992353
vt 0.500000 1.000000
vt 0.451716 0.992353
vt 0.408159 0.970159
vt 0.373591 0.935591
vt 0.351397 0.892034
vt 0.343750 0.843750
vt 0.351397 0.795466
vt 0.373591 0.751909
vt 0.408159 0.717341
vt 0.451716 0.695147
vt 0.500000 0.687500
vt 0.548284 0.695147
vt 0.591842 0.717341
vt 0.626409 0.751908
vt 0.648603 0.795466
vt 0.656250 0.843750
vt 0.375000 0.312500
vt 0.387500 0.312500
vt 0.387500 0.687500
vt 0.375000 0.687500
vt 0.400000 0.312500
vt 0.400000 0.687500
vt 0.412500 0.312500
vt 0.412500 0.687500
vt 0.425000 0.312500
vt 0.425000 0.687500
vt 0.437500 0.312500
vt 0.437500 0.687500
vt 0.450000 0.312500
vt 0.450000 0.687500
vt 0.462500 0.312500
vt 0.462500 0.687500
vt 0.475000 0.312500
vt 0.475000 0.687500
vt 0.487500 0.312500
vt 0.487500 0.687500
vt 0.500000 0.312500
vt 0.500000 0.687500
vt 0.512500 0.312500
vt 0.512500 0.687500
vt 0.525000 0.312500
vt 0.525000 0.687500
vt 0.537500 0.312500
vt 0.537500 0.687500
vt 0.550000 0.312500
vt 0.550000 0.687500
vt 0.562500 0.312500
vt 0.562500 0.687500
vt 0.575000 0.312500
vt 0.575000 0.687500
vt 0.587500 0.312500
vt 0.587500 0.687500
vt 0.600000 0.312500
vt 0.600000 0.687500
vt 0.612500 0.312500
vt 0.612500 0.687500
vt 0.625000 0.312500
vt 0.625000 0.687500
vt 0.626409 0.064408
vt 0.648603 0.107966
vt 0.500000 0.156250
vt 0.591842 0.029841
vt 0.548284 0.007647
vt 0.500000 -0.000000
vt 0.451716 0.007647
vt 0.408159 0.029841
vt 0.373591 0.064409
vt 0.351397 0.107966
vt 0.343750 0.156250
vt 0.351397 0.204534
vt 0.373591 0.248091
vt 0.408159 0.282659
vt 0.451716 0.304853
vt 0.500000 0.312500
vt 0.548284 0.304853
vt 0.591841 0.282659
vt 0.626409 0.248091
vt 0.648603 0.204534
vt 0.656250 0.156250
vt 0.648603 0.892034
vt 0.626409 0.935591
vt 0.500000 0.843750
vt 0.591841 0.970159
vt 0.548284 0.992353
vt 0.500000 1.000000
vt 0.451716 0.992353
vt 0.408159 0.970159
vt 0.373591 0.935591
vt 0.351397 0.892034
vt 0.343750 0.843750
vt 0.351397 0.795466
vt 0.373591 0.751909
vt 0.408159 0.717341
vt 0.451716 0.695147
vt 0.500000 0.687500
vt 0.548284 0.695147
vt 0.591842 0.717341
vt 0.626409 0.751908
vt 0.648603 0.795466
vt 0.656250 0.843750
vt 0.648603 0.892034
vt 0.626409 0.935591
vt 0.626409 0.935591
vt 0.648603 0.892034
vt 0.591841 0.970159
vt 0.591841 0.970159
vt 0.548284 0.992353
vt 0.548284 0.992353
vt 0.500000 1.000000
vt 0.500000 1.000000
vt 0.451716 0.992353
vt 0.451716 0.992353
vt 0.408159 0.970159
vt 0.408159 0.970159
vt 0.373591 0.935591
vt 0.373591 0.935591
vt 0.351397 0.892034
vt 0.351397 0.892034
vt 0.343750 0.843750
vt 0.343750 0.843750
vt 0.351397 0.795466
vt 0.351397 0.795466
vt 0.373591 0.751909
vt 0.373591 0.751909
vt 0.408159 0.717341
vt 0.408159 0.717341
vt 0.451716 0.695147
vt 0.451716 0.695147
vt 0.500000 0.687500
vt 0.500000 0.687500
vt 0.548284 0.695147
vt 0.548284 0.695147
vt 0.591842 0.717341
vt 0.591842 0.717341
vt 0.626409 0.751908
vt 0.626409 0.751908
vt 0.648603 0.795466
vt 0.648603 0.795466
vt 0.656250 0.843750
vt 0.656250 0.843750
vt 0.626409 0.935591
vt 0.648603 0.892034
vt 0.591841 0.970159
vt 0.548284 0.992353
vt 0.500000 1.000000
vt 0.451716 0.992353
vt 0.408159 0.970159
vt 0.373591 0.935591
vt 0.351397 0.892034
vt 0.343750 0.843750
vt 0.351397 0.795466
vt 0.373591 0.751909
vt 0.408159 0.717341
vt 0.451716 0.695147
vt 0.500000 0.687500
vt 0.548284 0.695147
vt 0.591842 0.717341
vt 0.626409 0.751908
vt 0.648603 0.795466
vt 0.656250 0.843750
vt 0.626409 0.935591
vt 0.648603 0.892034
vt 0.591841 0.970159
vt 0.548284 0.992353
vt 0.500000 1.000000
vt 0.451716 0.992353
vt 0.408159 0.970159
vt 0.373591 0.935591
vt 0.351397 0.892034
vt 0.343750 0.843750
vt 0.351397 0.795466
vt 0.373591 0.751909
vt 0.408159 0.717341
vt 0.451716 0.695147
vt 0.500000 0.687500
vt 0.548284 0.695147
vt 0.591842 0.717341
vt 0.626409 0.751908
vt 0.648603 0.795466
vt 0.656250 0.843750
vt 0.626409 0.935591
vt 0.648603 0.892034
vt 0.591841 0.970159
vt 0.548284 0.992353
vt 0.500000 1.000000
vt 0.451716 0.992353
vt 0.408159 0.970159
vt 0.373591 0.935591
vt 0.351397 0.892034
vt 0.343750 0.843750
vt 0.351397 0.795466
vt 0.373591 0.751909
vt 0.408159 0.717341
vt 0.451716 0.695147
vt 0.500000 0.687500
vt 0.548284 0.695147
vt 0.591842 0.717341
vt 0.626409 0.751908
vt 0.648603 0.795466
vt 0.656250 0.843750
vt 0.626409 0.935591
vt 0.648603 0.892034
vt 0.591841 0.970159
vt 0.548284 0.992353
vt 0.500000 1.000000
vt 0.451716 0.992353
vt 0.408159 0.970159
vt 0.373591 0.935591
vt 0.351397 0.892034
vt 0.343750 0.843750
vt 0.351397 0.795466
vt 0.373591 0.751909
vt 0.408159 0.717341
vt 0.451716 0.695147
vt 0.500000 0.687500
vt 0.548284 0.695147
vt 0.591842 0.717341
vt 0.626409 0.751908
vt 0.648603 0.795466
vt 0.656250 0.843750
vt 0.626409 0.935591
vt 0.648603 0.892034
vt 0.591841 0.970159
vt 0.548284 0.992353
vt 0.500000 1.000000
vt 0.451716 0.992353
vt 0.408159 0.970159
vt 0.373591 0.935591
vt 0.351397 0.892034
vt 0.343750 0.843750
vt 0.351397 0.795466
vt 0.373591 0.751909
vt 0.408159 0.717341
vt 0.451716 0.695147
vt 0.500000 0.687500
vt 0.548284 0.695147
vt 0.591842 0.717341
vt 0.626409 0.751908
vt 0.648603 0.795466
vt 0.656250 0.843750
vt 0.375000 0.312500
vt 0.387500 0.312500
vt 0.387500 0.687500
vt 0.375000 0.687500
vt 0.400000 0.312500
vt 0.400000 0.687500
vt 0.412500 0.312500
vt 0.412500 0.687500
vt 0.425000 0.312500
vt 0.425000 0.687500
vt 0.437500 0.312500
vt 0.437500 0.687500
vt 0.450000 0.312500
vt 0.450000 0.687500
vt 0.462500 0.312500
vt 0.462500 0.687500
vt 0.475000 0.312500
vt 0.475000 0.687500
vt 0.487500 0.312500
vt 0.487500 0.687500
vt 0.500000 0.312500
vt 0.500000 0.687500
vt 0.512500 0.312500
vt 0.512500 0.687500
vt 0.525000 0.312500
vt 0.525000 0.687500
vt 0.537500 0.312500
vt 0.537500 0.687500
vt 0.550000 0.312500
vt 0.550000 0.687500
vt 0.562500 0.312500
vt 0.562500 0.687500
vt 0.575000 0.312500
vt 0.575000 0.687500
vt 0.587500 0.312500
vt 0.587500 0.687500
vt 0.600000 0.312500
vt 0.600000 0.687500
vt 0.612500 0.312500
vt 0.612500 0.687500
vt 0.625000 0.312500
vt 0.625000 0.687500
vt 0.626409 0.064408
vt 0.648603 0.107966
vt 0.500000 0.156250
vt 0.591842 0.029841
vt 0.548284 0.007647
vt 0.500000 -0.000000
vt 0.451716 0.007647
vt 0.408159 0.029841
vt 0.373591 0.064409
vt 0.351397 0.107966
vt 0.343750 0.156250
vt 0.351397 0.204534
vt 0.373591 0.248091
vt 0.408159 0.282659
vt 0.451716 0.304853
vt 0.500000 0.312500
vt 0.548284 0.304853
vt 0.591841 0.282659
vt 0.626409 0.248091
vt 0.648603 0.204534
vt 0.656250 0.156250
vt 0.648603 0.892034
vt 0.626409 0.935591
vt 0.500000 0.843750
vt 0.591841 0.970159
vt 0.548284 0.992353
vt 0.500000 1.000000
vt 0.451716 0.992353
vt 0.408159 0.970159
vt 0.373591 0.935591
vt 0.351397 0.892034
vt 0.343750 0.843750
vt 0.351397 0.795466
vt 0.373591 0.751909
vt 0.408159 0.717341
vt 0.451716 0.695147
vt 0.500000 0.687500
vt 0.548284 0.695147
vt 0.591842 0.717341
vt 0.626409 0.751908
vt 0.648603 0.795466
vt 0.656250 0.843750
vt 0.648603 0.892034
vt 0.626409 0.935591
vt 0.626409 0.935591
vt 0.648603 0.892034
vt 0.591841 0.970159
vt 0.591841 0.970159
vt 0.548284 0.992353
vt 0.548284 0.992353
vt 0.500000 1.000000
vt 0.500000 1.000000
vt 0.451716 0.992353
vt 0.451716 0.992353
vt 0.408159 0.970159
vt 0.408159 0.970159
vt 0.373591 0.935591
vt 0.373591 0.935591
vt 0.351397 0.892034
vt 0.351397 0.892034
vt 0.343750 0.843750
vt 0.343750 0.843750
vt 0.351397 0.795466
vt 0.351397 0.795466
vt 0.373591 0.751909
vt 0.373591 0.751909
vt 0.408159 0.717341
vt 0.408159 0.717341
vt 0.451716 0.695147
vt 0.451716 0.695147
vt 0.500000 0.687500
vt 0.500000 0.687500
vt 0.548284 0.695147
vt 0.548284 0.695147
vt 0.591842 0.717341
vt 0.591842 0.717341
vt 0.626409 0.751908
vt 0.626409 0.751908
vt 0.648603 0.795466
vt 0.648603 0.795466
vt 0.656250 0.843750
vt 0.656250 0.843750
vt 0.626409 0.935591
vt 0.648603 0.892034
vt 0.591841 0.970159
vt 0.548284 0.992353
vt 0.500000 1.000000
vt 0.451716 0.992353
vt 0.408159 0.970159
vt 0.373591 0.935591
vt 0.351397 0.892034
vt 0.343750 0.843750
vt 0.351397 0.795466
vt 0.373591 0.751909
vt 0.408159 0.717341
vt 0.451716 0.695147
vt 0.500000 0.687500
vt 0.548284 0.695147
vt 0.591842 0.717341
vt 0.626409 0.751908
vt 0.648603 0.795466
vt 0.656250 0.843750
vt 0.626409 0.935591
vt 0.648603 0.892034
vt 0.591841 0.970159
vt 0.548284 0.992353
vt 0.500000 1.000000
vt 0.451716 0.992353
vt 0.408159 0.970159
vt 0.373591 0.935591
vt 0.351397 0.892034
vt 0.343750 0.843750
vt 0.351397 0.795466
vt 0.373591 0.751909
vt 0.408159 0.717341
vt 0.451716 0.695147
vt 0.500000 0.687500
vt 0.548284 0.695147
vt 0.591842 0.717341
vt 0.626409 0.751908
vt 0.648603 0.795466
vt 0.656250 0.843750
vt 0.626409 0.935591
vt 0.648603 0.892034
vt 0.591841 0.970159
vt 0.548284 0.992353
vt 0.500000 1.000000
vt 0.451716 0.992353
vt 0.408159 0.970159
vt 0.373591 0.935591
vt 0.351397 0.892034
vt 0.343750 0.843750
vt 0.351397 0.795466
vt 0.373591 0.751909
vt 0.408159 0.717341
vt 0.451716 0.695147
vt 0.500000 0.687500
vt 0.548284 0.695147
vt 0.591842 0.717341
vt 0.626409 0.751908
vt 0.648603 0.795466
vt 0.656250 0.843750
vt 0.626409 0.935591
vt 0.648603 0.892034
vt 0.591841 0.970159
vt 0.548284 0.992353
vt 0.500000 1.000000
vt 0.451716 0.992353
vt 0.408159 0.970159
vt 0.373591 0.935591
vt 0.351397 0.892034
vt 0.343750 0.843750
vt 0.351397 0.795466
vt 0.373591 0.751909
vt 0.408159 0.717341
vt 0.451716 0.695147
vt 0.500000 0.687500
vt 0.548284 0.695147
vt 0.591842 0.717341
vt 0.626409 0.751908
vt 0.648603 0.795466
vt 0.656250 0.843750
vt 0.626409 0.935591
vt 0.648603 0.892034
vt 0.591841 0.970159
vt 0.548284 0.992353
vt 0.500000 1.000000
vt 0.451716 0.992353
vt 0.408159 0.970159
vt 0.373591 0.935591
vt 0.351397 0.892034
vt 0.343750 0.843750
vt 0.351397 0.795466
vt 0.373591 0.751909
vt 0.408159 0.717341
vt 0.451716 0.695147
vt 0.500000 0.687500
vt 0.548284 0.695147
vt 0.591842 0.717341
vt 0.626409 0.751908
vt 0.648603 0.795466
vt 0.656250 0.843750
vt 0.375000 0.312500
vt 0.387500 0.312500
vt 0.387500 0.687500
vt 0.375000 0.687500
vt 0.400000 0.312500
vt 0.400000 0.687500
vt 0.412500 0.312500
vt 0.412500 0.687500
vt 0.425000 0.312500
vt 0.425000 0.687500
vt 0.437500 0.312500
vt 0.437500 0.687500
vt 0.450000 0.312500
vt 0.450000 0.687500
vt 0.462500 0.312500
vt 0.462500 0.687500
vt 0.475000 0.312500
vt 0.475000 0.687500
vt 0.487500 0.312500
vt 0.487500 0.687500
vt 0.500000 0.312500
vt 0.500000 0.687500
vt 0.512500 0.312500
vt 0.512500 0.687500
vt 0.525000 0.312500
vt 0.525000 0.687500
vt 0.537500 0.312500
vt 0.537500 0.687500
vt 0.550000 0.312500
vt 0.550000 0.687500
vt 0.562500 0.312500
vt 0.562500 0.687500
vt 0.575000 0.312500
vt 0.575000 0.687500
vt 0.587500 0.312500
vt 0.587500 0.687500
vt 0.600000 0.312500
vt 0.600000 0.687500
vt 0.612500 0.312500
vt 0.612500 0.687500
vt 0.625000 0.312500
vt 0.625000 0.687500
vt 0.626409 0.064408
vt 0.648603 0.107966
vt 0.500000 0.156250
vt 0.591842 0.029841
vt 0.548284 0.007647
vt 0.500000 -0.000000
vt 0.451716 0.007647
vt 0.408159 0.029841
vt 0.373591 0.064409
vt 0.351397 0.107966
vt 0.343750 0.156250
vt 0.351397 0.204534
vt 0.373591 0.248091
vt 0.408159 0.282659
vt 0.451716 0.304853
vt 0.500000 0.312500
vt 0.548284 0.304853
vt 0.591841 0.282659
vt 0.626409 0.248091
vt 0.648603 0.204534
vt 0.656250 0.156250
vt 0.648603 0.892034
vt 0.626409 0.935591
vt 0.500000 0.843750
vt 0.591841 0.970159
vt 0.548284 0.992353
vt 0.500000 1.000000
vt 0.451716 0.992353
vt 0.408159 0.970159
vt 0.373591 0.935591
vt 0.351397 0.892034
vt 0.343750 0.843750
vt 0.351397 0.795466
vt 0.373591 0.751909
vt 0.408159 0.717341
vt 0.451716 0.695147
vt 0.500000 0.687500
vt 0.548284 0.695147
vt 0.591842 0.717341
vt 0.626409 0.751908
vt 0.648603 0.795466
vt 0.656250 0.843750
vt 0.648603 0.892034
vt 0.626409 0.935591
vt 0.626409 0.935591
vt 0.648603 0.892034
vt 0.591841 0.970159
vt 0.591841 0.970159
vt 0.548284 0.992353
vt 0.548284 0.992353
vt 0.500000 1.000000
vt 0.500000 1.000000
vt 0.451716 0.992353
vt 0.451716 0.992353
vt 0.408159 0.970159
vt 0.408159 0.970159
vt 0.373591 0.935591
vt 0.373591 0.935591
vt 0.351397 0.892034
vt 0.351397 0.892034
vt 0.343750 0.843750
vt 0.343750 0.843750
vt 0.351397 0.795466
vt 0.351397 0.795466
vt 0.373591 0.751909
vt 0.373591 0.751909
vt 0.408159 0.717341
vt 0.408159 0.717341
vt 0.451716 0.695147
vt 0.451716 0.695147
vt 0.500000 0.687500
vt 0.500000 0.687500
vt 0.548284 0.695147
vt 0.548284 0.695147
vt 0.591842 0.717341
vt 0.591842 0.717341
vt 0.626409 0.751908
vt 0.626409 0.751908
vt 0.648603 0.795466
vt 0.648603 0.795466
vt 0.656250 0.843750
vt 0.656250 0.843750
vt 0.626409 0.935591
vt 0.648603 0.892034
vt 0.591841 0.970159
vt 0.548284 0.992353
vt 0.500000 1.000000
vt 0.451716 0.992353
vt 0.408159 0.970159
vt 0.373591 0.935591
vt 0.351397 0.892034
vt 0.343750 0.843750
vt 0.351397 0.795466
vt 0.373591 0.751909
vt 0.408159 0.717341
vt 0.451716 0.695147
vt 0.500000 0.687500
vt 0.548284 0.695147
vt 0.591842 0.717341
vt 0.626409 0.751908
vt 0.648603 0.795466
vt 0.656250 0.843750
vt 0.626409 0.935591
vt 0.648603 0.892034
vt 0.591841 0.970159
vt 0.548284 0.992353
vt 0.500000 1.000000
vt 0.451716 0.992353
vt 0.408159 0.970159
vt 0.373591 0.935591
vt 0.351397 0.892034
vt 0.343750 0.843750
vt 0.351397 0.795466
vt 0.373591 0.751909
vt 0.408159 0.717341
vt 0.451716 0.695147
vt 0.500000 0.687500
vt 0.548284 0.695147
vt 0.591842 0.717341
vt 0.626409 0.751908
vt 0.648603 0.795466
vt 0.656250 0.843750
vt 0.626409 0.935591
vt 0.648603 0.892034
vt 0.591841 0.970159
vt 0.548284 0.992353
vt 0.500000 1.000000
vt 0.451716 0.992353
vt 0.408159 0.970159
vt 0.373591 0.935591
vt 0.351397 0.892034
vt 0.343750 0.843750
vt 0.351397 0.795466
vt 0.373591 0.751909
vt 0.408159 0.717341
vt 0.451716 0.695147
vt 0.500000 0.687500
vt 0.548284 0.695147
vt 0.591842 0.717341
vt 0.626409 0.751908
vt 0.648603 0.795466
vt 0.656250 0.843750
vt 0.626409 0.935591
vt 0.648603 0.892034
vt 0.591841 0.970159
vt 0.548284 0.992353
vt 0.500000 1.000000
vt 0.451716 0.992353
vt 0.408159 0.970159
vt 0.373591 0.935591
vt 0.351397 0.892034
vt 0.343750 0.843750
vt 0.351397 0.795466
vt 0.373591 0.751909
vt 0.408159 0.717341
vt 0.451716 0.695147
vt 0.500000 0.687500
vt 0.548284 0.695147
vt 0.591842 0.717341
vt 0.626409 0.751908
vt 0.648603 0.795466
vt 0.656250 0.843750
vt 0.626409 0.935591
vt 0.648603 0.892034
vt 0.591841 0.970159
vt 0.548284 0.992353
vt 0.500000 1.000000
vt 0.451716 0.992353
vt 0.408159 0.970159
vt 0.373591 0.935591
vt 0.351397 0.892034
vt 0.343750 0.843750
vt 0.351397 0.795466
vt 0.373591 0.751909
vt 0.408159 0.717341
vt 0.451716 0.695147
vt 0.500000 0.687500
vt 0.548284 0.695147
vt 0.591842 0.717341
vt 0.626409 0.751908
vt 0.648603 0.795466
vt 0.656250 0.843750
vt 0.625000 0.536085
vt 0.375000 0.536085
vt 0.612500 0.536085
vt 0.600000 0.536085
vt 0.587168 0.533807
vt 0.575000 0.536085
vt 0.564901 0.536947
vt 0.550029 0.535407
vt 0.537500 0.536085
vt 0.525000 0.536085
vt 0.512500 0.536085
vt 0.500000 0.536085
vt 0.487500 0.536085
vt 0.475000 0.536085
vt 0.462500 0.536085
vt 0.450000 0.536085
vt 0.437500 0.536085
vt 0.425000 0.536085
vt 0.412500 0.536085
vt 0.400000 0.536085
vt 0.387500 0.536085
vt 0.500000 0.535693
vt 0.612500 0.535693
vt 0.600000 0.535693
vt 0.587500 0.535693
vt 0.550000 0.535693
vt 0.537500 0.535693
vt 0.525000 0.535693
vt 0.512500 0.535693
vt 0.500000 0.535693
vt 0.487500 0.535693
vt 0.475000 0.535693
vt 0.462500 0.535693
vt 0.450000 0.535693
vt 0.437500 0.535693
vt 0.425000 0.535693
vt 0.412500 0.535693
vt 0.400000 0.535693
vt 0.387500 0.535693
vt 0.351397 0.107966
vt 0.343750 0.156250
vt 0.351397 0.204534
vt 0.373591 0.248091
vt 0.408159 0.282659
vt 0.451716 0.304853
vt 0.500000 0.312500
vt 0.548284 0.304853
vt 0.591841 0.282659
vt 0.626409 0.248091
vt 0.648603 0.204534
vt 0.656250 0.156250
vt 0.648603 0.107966
vt 0.626409 0.064408
vt 0.612500 0.465872
vt 0.600000 0.595088
vt 0.537500 0.544204
vt 0.550000 0.662413
vt 0.519124 0.690529
vt 0.554951 0.687500
vt 0.548284 0.695147
vt 0.591842 0.717341
vt 0.620670 0.746169
vt 0.585424 0.687500
vt 0.587500 0.678918
vt 0.527148 0.312500
vt 0.415643 0.286473
vt 0.591841 0.970159
vt 0.597140 0.964861
vt 0.621866 0.940134
vt 0.548284 0.992353
vt 0.351397 0.892034
vt 0.345563 0.855194
vt 0.373591 0.935591
vt 0.408159 0.970159
vt 0.451716 0.992353
vt 0.500000 1.000000
vt 0.531941 0.994941
vt 0.500000 -0.000000
vt 0.548284 0.007647
vt 0.591842 0.029841
vt 0.351397 0.204534
vt 0.373591 0.248091
vt 0.408159 0.282659
vt 0.451716 0.304853
vt 0.351397 0.107966
vt 0.373591 0.064409
vt 0.377066 0.251566
vt 0.361911 0.222700
vt 0.408159 0.282659
vt 0.600000 0.395884
vt 0.612500 0.452295
vt 0.625000 0.500540
vt 0.375000 0.500540
vt 0.387500 0.521603
vt 0.400000 0.521165
vt 0.412500 0.561568
vt 0.425000 0.518470
vt 0.437500 0.444856
vt 0.450000 0.355342
vt 0.455794 0.312500
vt 0.375000 0.312500
vt 0.387500 0.312500
vt 0.387500 0.687500
vt 0.375000 0.687500
vt 0.400000 0.312500
vt 0.400000 0.687500
vt 0.412500 0.312500
vt 0.412500 0.687500
vt 0.425000 0.312500
vt 0.425000 0.687500
vt 0.437500 0.312500
vt 0.437500 0.687500
vt 0.450000 0.312500
vt 0.450000 0.687500
vt 0.462500 0.312500
vt 0.462500 0.687500
vt 0.475000 0.312500
vt 0.475000 0.687500
vt 0.487500 0.312500
vt 0.487500 0.687500
vt 0.500000 0.312500
vt 0.500000 0.687500
vt 0.512500 0.312500
vt 0.512500 0.687500
vt 0.525000 0.312500
vt 0.525000 0.687500
vt 0.537500 0.312500
vt 0.537500 0.687500
vt 0.550000 0.312500
vt 0.550000 0.687500
vt 0.562500 0.312500
vt 0.562500 0.687500
vt 0.575000 0.312500
vt 0.575000 0.687500
vt 0.587500 0.312500
vt 0.587500 0.687500
vt 0.600000 0.312500
vt 0.600000 0.687500
vt 0.612500 0.312500
vt 0.612500 0.687500
vt 0.625000 0.312500
vt 0.625000 0.687500
vt 0.626409 0.064408
vt 0.648603 0.107966
vt 0.500000 0.156250
vt 0.591842 0.029841
vt 0.548284 0.007647
vt 0.500000 -0.000000
vt 0.451716 0.007647
vt 0.408159 0.029841
vt 0.373591 0.064409
vt 0.351397 0.107966
vt 0.343750 0.156250
vt 0.351397 0.204534
vt 0.373591 0.248091
vt 0.408159 0.282659
vt 0.451716 0.304853
vt 0.500000 0.312500
vt 0.548284 0.304853
vt 0.591841 0.282659
vt 0.626409 0.248091
vt 0.648603 0.204534
vt 0.656250 0.156250
vt 0.648603 0.892034
vt 0.626409 0.935591
vt 0.500000 0.843750
vt 0.591841 0.970159
vt 0.548284 0.992353
vt 0.500000 1.000000
vt 0.451716 0.992353
vt 0.408159 0.970159
vt 0.373591 0.935591
vt 0.351397 0.892034
vt 0.343750 0.843750
vt 0.351397 0.795466
vt 0.373591 0.751909
vt 0.408159 0.717341
vt 0.451716 0.695147
vt 0.500000 0.687500
vt 0.548284 0.695147
vt 0.591842 0.717341
vt 0.626409 0.751908
vt 0.648603 0.795466
vt 0.656250 0.843750
vt 0.648603 0.892034
vt 0.626409 0.935591
vt 0.626409 0.935591
vt 0.648603 0.892034
vt 0.591841 0.970159
vt 0.591841 0.970159
vt 0.548284 0.992353
vt 0.548284 0.992353
vt 0.500000 1.000000
vt 0.500000 1.000000
vt 0.451716 0.992353
vt 0.451716 0.992353
vt 0.408159 0.970159
vt 0.408159 0.970159
vt 0.373591 0.935591
vt 0.373591 0.935591
vt 0.351397 0.892034
vt 0.351397 0.892034
vt 0.343750 0.843750
vt 0.343750 0.843750
vt 0.351397 0.795466
vt 0.351397 0.795466
vt 0.373591 0.751909
vt 0.373591 0.751909
vt 0.408159 0.717341
vt 0.408159 0.717341
vt 0.451716 0.695147
vt 0.451716 0.695147
vt 0.500000 0.687500
vt 0.500000 0.687500
vt 0.548284 0.695147
vt 0.548284 0.695147
vt 0.591842 0.717341
vt 0.591842 0.717341
vt 0.626409 0.751908
vt 0.626409 0.751908
vt 0.648603 0.795466
vt 0.648603 0.795466
vt 0.656250 0.843750
vt 0.656250 0.843750
vt 0.626409 0.935591
vt 0.648603 0.892034
vt 0.591841 0.970159
vt 0.548284 0.992353
vt 0.500000 1.000000
vt 0.451716 0.992353
vt 0.408159 0.970159
vt 0.373591 0.935591
vt 0.351397 0.892034
vt 0.343750 0.843750
vt 0.351397 0.795466
vt 0.373591 0.751909
vt 0.408159 0.717341
vt 0.451716 0.695147
vt 0.500000 0.687500
vt 0.548284 0.695147
vt 0.591842 0.717341
vt 0.626409 0.751908
vt 0.648603 0.795466
vt 0.656250 0.843750
vt 0.626409 0.935591
vt 0.648603 0.892034
vt 0.591841 0.970159
vt 0.548284 0.992353
vt 0.500000 1.000000
vt 0.451716 0.992353
vt 0.408159 0.970159
vt 0.373591 0.935591
vt 0.351397 0.892034
vt 0.343750 0.843750
vt 0.351397 0.795466
vt 0.373591 0.751909
vt 0.408159 0.717341
vt 0.451716 0.695147
vt 0.500000 0.687500
vt 0.548284 0.695147
vt 0.591842 0.717341
vt 0.626409 0.751908
vt 0.648603 0.795466
vt 0.656250 0.843750
vt 0.626409 0.935591
vt 0.648603 0.892034
vt 0.591841 0.970159
vt 0.548284 0.992353
vt 0.500000 1.000000
vt 0.451716 0.992353
vt 0.408159 0.970159
vt 0.373591 0.935591
vt 0.351397 0.892034
vt 0.343750 0.843750
vt 0.351397 0.795466
vt 0.373591 0.751909
vt 0.408159 0.717341
vt 0.451716 0.695147
vt 0.500000 0.687500
vt 0.548284 0.695147
vt 0.591842 0.717341
vt 0.626409 0.751908
vt 0.648603 0.795466
vt 0.656250 0.843750
vt 0.626409 0.935591
vt 0.648603 0.892034
vt 0.591841 0.970159
vt 0.548284 0.992353
vt 0.500000 1.000000
vt 0.451716 0.992353
vt 0.408159 0.970159
vt 0.373591 0.935591
vt 0.351397 0.892034
vt 0.343750 0.843750
vt 0.351397 0.795466
vt 0.373591 0.751909
vt 0.408159 0.717341
vt 0.451716 0.695147
vt 0.500000 0.687500
vt 0.548284 0.695147
vt 0.591842 0.717341
vt 0.626409 0.751908
vt 0.648603 0.795466
vt 0.656250 0.843750
vt 0.626409 0.935591
vt 0.648603 0.892034
vt 0.591841 0.970159
vt 0.548284 0.992353
vt 0.500000 1.000000
vt 0.451716 0.992353
vt 0.408159 0.970159
vt 0.373591 0.935591
vt 0.351397 0.892034
vt 0.343750 0.843750
vt 0.351397 0.795466
vt 0.373591 0.751909
vt 0.408159 0.717341
vt 0.451716 0.695147
vt 0.500000 0.687500
vt 0.548284 0.695147
vt 0.591842 0.717341
vt 0.626409 0.751908
vt 0.648603 0.795466
vt 0.656250 0.843750
vt 0.626409 0.935591
vt 0.648603 0.892034
vt 0.591841 0.970159
vt 0.548284 0.992353
vt 0.500000 1.000000
vt 0.451716 0.992353
vt 0.408159 0.970159
vt 0.373591 0.935591
vt 0.351397 0.892034
vt 0.343750 0.843750
vt 0.351397 0.795466
vt 0.373591 0.751909
vt 0.408159 0.717341
vt 0.451716 0.695147
vt 0.500000 0.687500
vt 0.548284 0.695147
vt 0.591842 0.717341
vt 0.626409 0.751908
vt 0.648603 0.795466
vt 0.656250 0.843750
vt 0.375000 0.312500
vt 0.387500 0.312500
vt 0.387500 0.687500
vt 0.375000 0.687500
vt 0.400000 0.312500
vt 0.400000 0.687500
vt 0.412500 0.312500
vt 0.412500 0.687500
vt 0.425000 0.312500
vt 0.425000 0.687500
vt 0.437500 0.312500
vt 0.437500 0.687500
vt 0.450000 0.312500
vt 0.450000 0.687500
vt 0.462500 0.312500
vt 0.462500 0.687500
vt 0.475000 0.312500
vt 0.475000 0.687500
vt 0.487500 0.312500
vt 0.487500 0.687500
vt 0.500000 0.312500
vt 0.500000 0.687500
vt 0.512500 0.312500
vt 0.512500 0.687500
vt 0.525000 0.312500
vt 0.525000 0.687500
vt 0.537500 0.312500
vt 0.537500 0.687500
vt 0.550000 0.312500
vt 0.550000 0.687500
vt 0.562500 0.312500
vt 0.562500 0.687500
vt 0.575000 0.312500
vt 0.575000 0.687500
vt 0.587500 0.312500
vt 0.587500 0.687500
vt 0.600000 0.312500
vt 0.600000 0.687500
vt 0.612500 0.312500
vt 0.612500 0.687500
vt 0.625000 0.312500
vt 0.625000 0.687500
vt 0.626409 0.064408
vt 0.648603 0.107966
vt 0.500000 0.156250
vt 0.591842 0.029841
vt 0.548284 0.007647
vt 0.500000 -0.000000
vt 0.451716 0.007647
vt 0.408159 0.029841
vt 0.373591 0.064409
vt 0.351397 0.107966
vt 0.343750 0.156250
vt 0.351397 0.204534
vt 0.373591 0.248091
vt 0.408159 0.282659
vt 0.451716 0.304853
vt 0.500000 0.312500
vt 0.548284 0.304853
vt 0.591841 0.282659
vt 0.626409 0.248091
vt 0.648603 0.204534
vt 0.656250 0.156250
vt 0.648603 0.892034
vt 0.626409 0.935591
vt 0.500000 0.843750
vt 0.591841 0.970159
vt 0.548284 0.992353
vt 0.500000 1.000000
vt 0.451716 0.992353
vt 0.408159 0.970159
vt 0.373591 0.935591
vt 0.351397 0.892034
vt 0.343750 0.843750
vt 0.351397 0.795466
vt 0.373591 0.751909
vt 0.408159 0.717341
vt 0.451716 0.695147
vt 0.500000 0.687500
vt 0.548284 0.695147
vt 0.591842 0.717341
vt 0.626409 0.751908
vt 0.648603 0.795466
vt 0.656250 0.843750
vt 0.648603 0.892034
vt 0.626409 0.935591
vt 0.626409 0.935591
vt 0.648603 0.892034
vt 0.591841 0.970159
vt 0.591841 0.970159
vt 0.548284 0.992353
vt 0.548284 0.992353
vt 0.500000 1.000000
vt 0.500000 1.000000
vt 0.451716 0.992353
vt 0.451716 0.992353
vt 0.408159 0.970159
vt 0.408159 0.970159
vt 0.373591 0.935591
vt 0.373591 0.935591
vt 0.351397 0.892034
vt 0.351397 0.892034
vt 0.343750 0.843750
vt 0.343750 0.843750
vt 0.351397 0.795466
vt 0.351397 0.795466
vt 0.373591 0.751909
vt 0.373591 0.751909
vt 0.408159 0.717341
vt 0.408159 0.717341
vt 0.451716 0.695147
vt 0.451716 0.695147
vt 0.500000 0.687500
vt 0.500000 0.687500
vt 0.548284 0.695147
vt 0.548284 0.695147
vt 0.591842 0.717341
vt 0.591842 0.717341
vt 0.626409 0.751908
vt 0.626409 0.751908
vt 0.648603 0.795466
vt 0.648603 0.795466
vt 0.656250 0.843750
vt 0.656250 0.843750
vt 0.626409 0.935591
vt 0.648603 0.892034
vt 0.591841 0.970159
vt 0.548284 0.992353
vt 0.500000 1.000000
vt 0.451716 0.992353
vt 0.408159 0.970159
vt 0.373591 0.935591
vt 0.351397 0.892034
vt 0.343750 0.843750
vt 0.351397 0.795466
vt 0.373591 0.751909
vt 0.408159 0.717341
vt 0.451716 0.695147
vt 0.500000 0.687500
vt 0.548284 0.695147
vt 0.591842 0.717341
vt 0.626409 0.751908
vt 0.648603 0.795466
vt 0.656250 0.843750
vt 0.626409 0.935591
vt 0.648603 0.892034
vt 0.591841 0.970159
vt 0.548284 0.992353
vt 0.500000 1.000000
vt 0.451716 0.992353
vt 0.408159 0.970159
vt 0.373591 0.935591
vt 0.351397 0.892034
vt 0.343750 0.843750
vt 0.351397 0.795466
vt 0.373591 0.751909
vt 0.408159 0.717341
vt 0.451716 0.695147
vt 0.500000 0.687500
vt 0.548284 0.695147
vt 0.591842 0.717341
vt 0.626409 0.751908
vt 0.648603 0.795466
vt 0.656250 0.843750
vt 0.626409 0.935591
vt 0.648603 0.892034
vt 0.591841 0.970159
vt 0.548284 0.992353
vt 0.500000 1.000000
vt 0.451716 0.992353
vt 0.408159 0.970159
vt 0.373591 0.935591
vt 0.351397 0.892034
vt 0.343750 0.843750
vt 0.351397 0.795466
vt 0.373591 0.751909
vt 0.408159 0.717341
vt 0.451716 0.695147
vt 0.500000 0.687500
vt 0.548284 0.695147
vt 0.591842 0.717341
vt 0.626409 0.751908
vt 0.648603 0.795466
vt 0.656250 0.843750
vt 0.626409 0.935591
vt 0.648603 0.892034
vt 0.591841 0.970159
vt 0.548284 0.992353
vt 0.500000 1.000000
vt 0.451716 0.992353
vt 0.408159 0.970159
vt 0.373591 0.935591
vt 0.351397 0.892034
vt 0.343750 0.843750
vt 0.351397 0.795466
vt 0.373591 0.751909
vt 0.408159 0.717341
vt 0.451716 0.695147
vt 0.500000 0.687500
vt 0.548284 0.695147
vt 0.591842 0.717341
vt 0.626409 0.751908
vt 0.648603 0.795466
vt 0.656250 0.843750
vt 0.375000 0.312500
vt 0.387500 0.312500
vt 0.387500 0.687500
vt 0.375000 0.687500
vt 0.400000 0.312500
vt 0.400000 0.687500
vt 0.412500 0.312500
vt 0.412500 0.687500
vt 0.425000 0.312500
vt 0.425000 0.687500
vt 0.437500 0.312500
vt 0.437500 0.687500
vt 0.450000 0.312500
vt 0.450000 0.687500
vt 0.462500 0.312500
vt 0.462500 0.687500
vt 0.475000 0.312500
vt 0.475000 0.687500
vt 0.487500 0.312500
vt 0.487500 0.687500
vt 0.500000 0.312500
vt 0.500000 0.687500
vt 0.512500 0.312500
vt 0.512500 0.687500
vt 0.525000 0.312500
vt 0.525000 0.687500
vt 0.537500 0.312500
vt 0.537500 0.687500
vt 0.550000 0.312500
vt 0.550000 0.687500
vt 0.562500 0.312500
vt 0.562500 0.687500
vt 0.575000 0.312500
vt 0.575000 0.687500
vt 0.587500 0.312500
vt 0.587500 0.687500
vt 0.600000 0.312500
vt 0.600000 0.687500
vt 0.612500 0.312500
vt 0.612500 0.687500
vt 0.625000 0.312500
vt 0.625000 0.687500
vt 0.626409 0.064408
vt 0.648603 0.107966
vt 0.500000 0.156250
vt 0.591842 0.029841
vt 0.548284 0.007647
vt 0.500000 -0.000000
vt 0.451716 0.007647
vt 0.408159 0.029841
vt 0.373591 0.064409
vt 0.351397 0.107966
vt 0.343750 0.156250
vt 0.351397 0.204534
vt 0.373591 0.248091
vt 0.408159 0.282659
vt 0.451716 0.304853
vt 0.500000 0.312500
vt 0.548284 0.304853
vt 0.591841 0.282659
vt 0.626409 0.248091
vt 0.648603 0.204534
vt 0.656250 0.156250
vt 0.648603 0.892034
vt 0.626409 0.935591
vt 0.500000 0.843750
vt 0.591841 0.970159
vt 0.548284 0.992353
vt 0.500000 1.000000
vt 0.451716 0.992353
vt 0.408159 0.970159
vt 0.373591 0.935591
vt 0.351397 0.892034
vt 0.343750 0.843750
vt 0.351397 0.795466
vt 0.373591 0.751909
vt 0.408159 0.717341
vt 0.451716 0.695147
vt 0.500000 0.687500
vt 0.548284 0.695147
vt 0.591842 0.717341
vt 0.626409 0.751908
vt 0.648603 0.795466
vt 0.656250 0.843750
vt 0.648603 0.892034
vt 0.626409 0.935591
vt 0.626409 0.935591
vt 0.648603 0.892034
vt 0.591841 0.970159
vt 0.591841 0.970159
vt 0.548284 0.992353
vt 0.548284 0.992353
vt 0.500000 1.000000
vt 0.500000 1.000000
vt 0.451716 0.992353
vt 0.451716 0.992353
vt 0.408159 0.970159
vt 0.408159 0.970159
vt 0.373591 0.935591
vt 0.373591 0.935591
vt 0.351397 0.892034
vt 0.351397 0.892034
vt 0.343750 0.843750
vt 0.343750 0.843750
vt 0.351397 0.795466
vt 0.351397 0.795466
vt 0.373591 0.751909
vt 0.373591 0.751909
vt 0.408159 0.717341
vt 0.408159 0.717341
vt 0.451716 0.695147
vt 0.451716 0.695147
vt 0.500000 0.687500
vt 0.500000 0.687500
vt 0.548284 0.695147
vt 0.548284 0.695147
vt 0.591842 0.717341
vt 0.591842 0.717341
vt 0.626409 0.751908
vt 0.626409 0.751908
vt 0.648603 0.795466
vt 0.648603 0.795466
vt 0.656250 0.843750
vt 0.656250 0.843750
vt 0.626409 0.935591
vt 0.648603 0.892034
vt 0.591841 0.970159
vt 0.548284 0.992353
vt 0.500000 1.000000
vt 0.451716 0.992353
vt 0.408159 0.970159
vt 0.373591 0.935591
vt 0.351397 0.892034
vt 0.343750 0.843750
vt 0.351397 0.795466
vt 0.373591 0.751909
vt 0.408159 0.717341
vt 0.451716 0.695147
vt 0.500000 0.687500
vt 0.548284 0.695147
vt 0.591842 0.717341
vt 0.626409 0.751908
vt 0.648603 0.795466
vt 0.656250 0.843750
vt 0.626409 0.935591
vt 0.648603 0.892034
vt 0.591841 0.970159
vt 0.548284 0.992353
vt 0.500000 1.000000
vt 0.451716 0.992353
vt 0.408159 0.970159
vt 0.373591 0.935591
vt 0.351397 0.892034
vt 0.343750 0.843750
vt 0.351397 0.795466
vt 0.373591 0.751909
vt 0.408159 0.717341
vt 0.451716 0.695147
vt 0.500000 0.687500
vt 0.548284 0.695147
vt 0.591842 0.717341
vt 0.626409 0.751908
vt 0.648603 0.795466
vt 0.656250 0.843750
vt 0.626409 0.935591
vt 0.648603 0.892034
vt 0.591841 0.970159
vt 0.548284 0.992353
vt 0.500000 1.000000
vt 0.451716 0.992353
vt 0.408159 0.970159
vt 0.373591 0.935591
vt 0.351397 0.892034
vt 0.343750 0.843750
vt 0.351397 0.795466
vt 0.373591 0.751909
vt 0.408159 0.717341
vt 0.451716 0.695147
vt 0.500000 0.687500
vt 0.548284 0.695147
vt 0.591842 0.717341
vt 0.626409 0.751908
vt 0.648603 0.795466
vt 0.656250 0.843750
vt 0.626409 0.935591
vt 0.648603 0.892034
vt 0.591841 0.970159
vt 0.548284 0.992353
vt 0.500000 1.000000
vt 0.451716 0.992353
vt 0.408159 0.970159
vt 0.373591 0.935591
vt 0.351397 0.892034
vt 0.343750 0.843750
vt 0.351397 0.795466
vt 0.373591 0.751909
vt 0.408159 0.717341
vt 0.451716 0.695147
vt 0.500000 0.687500
vt 0.548284 0.695147
vt 0.591842 0.717341
vt 0.626409 0.751908
vt 0.648603 0.795466
vt 0.656250 0.843750
vt 0.375000 0.312500
vt 0.387500 0.312500
vt 0.387500 0.687500
vt 0.375000 0.687500
vt 0.400000 0.312500
vt 0.400000 0.687500
vt 0.412500 0.312500
vt 0.412500 0.687500
vt 0.425000 0.312500
vt 0.425000 0.687500
vt 0.437500 0.312500
vt 0.437500 0.687500
vt 0.450000 0.312500
vt 0.450000 0.687500
vt 0.462500 0.312500
vt 0.462500 0.687500
vt 0.475000 0.312500
vt 0.475000 0.687500
vt 0.487500 0.312500
vt 0.487500 0.687500
vt 0.500000 0.312500
vt 0.500000 0.687500
vt 0.512500 0.312500
vt 0.512500 0.687500
vt 0.525000 0.312500
vt 0.525000 0.687500
vt 0.537500 0.312500
vt 0.537500 0.687500
vt 0.550000 0.312500
vt 0.550000 0.687500
vt 0.562500 0.312500
vt 0.562500 0.687500
vt 0.575000 0.312500
vt 0.575000 0.687500
vt 0.587500 0.312500
vt 0.587500 0.687500
vt 0.600000 0.312500
vt 0.600000 0.687500
vt 0.612500 0.312500
vt 0.612500 0.687500
vt 0.625000 0.312500
vt 0.625000 0.687500
vt 0.626409 0.064408
vt 0.648603 0.107966
vt 0.500000 0.156250
vt 0.591842 0.029841
vt 0.548284 0.007647
vt 0.500000 -0.000000
vt 0.451716 0.007647
vt 0.408159 0.029841
vt 0.373591 0.064409
vt 0.351397 0.107966
vt 0.343750 0.156250
vt 0.351397 0.204534
vt 0.373591 0.248091
vt 0.408159 0.282659
vt 0.451716 0.304853
vt 0.500000 0.312500
vt 0.548284 0.304853
vt 0.591841 0.282659
vt 0.626409 0.248091
vt 0.648603 0.204534
vt 0.656250 0.156250
vt 0.648603 0.892034
vt 0.626409 0.935591
vt 0.500000 0.843750
vt 0.591841 0.970159
vt 0.548284 0.992353
vt 0.500000 1.000000
vt 0.451716 0.992353
vt 0.408159 0.970159
vt 0.373591 0.935591
vt 0.351397 0.892034
vt 0.343750 0.843750
vt 0.351397 0.795466
vt 0.373591 0.751909
vt 0.408159 0.717341
vt 0.451716 0.695147
vt 0.500000 0.687500
vt 0.548284 0.695147
vt 0.591842 0.717341
vt 0.626409 0.751908
vt 0.648603 0.795466
vt 0.656250 0.843750
vt 0.648603 0.892034
vt 0.626409 0.935591
vt 0.626409 0.935591
vt 0.648603 0.892034
vt 0.591841 0.970159
vt 0.591841 0.970159
vt 0.548284 0.992353
vt 0.548284 0.992353
vt 0.500000 1.000000
vt 0.500000 1.000000
vt 0.451716 0.992353
vt 0.451716 0.992353
vt 0.408159 0.970159
vt 0.408159 0.970159
vt 0.373591 0.935591
vt 0.373591 0.935591
vt 0.351397 0.892034
vt 0.351397 0.892034
vt 0.343750 0.843750
vt 0.343750 0.843750
vt 0.351397 0.795466
vt 0.351397 0.795466
vt 0.373591 0.751909
vt 0.373591 0.751909
vt 0.408159 0.717341
vt 0.408159 0.717341
vt 0.451716 0.695147
vt 0.451716 0.695147
vt 0.500000 0.687500
vt 0.500000 0.687500
vt 0.548284 0.695147
vt 0.548284 0.695147
vt 0.591842 0.717341
vt 0.591842 0.717341
vt 0.626409 0.751908
vt 0.626409 0.751908
vt 0.648603 0.795466
vt 0.648603 0.795466
vt 0.656250 0.843750
vt 0.656250 0.843750
vt 0.626409 0.935591
vt 0.648603 0.892034
vt 0.591841 0.970159
vt 0.548284 0.992353
vt 0.500000 1.000000
vt 0.451716 0.992353
vt 0.408159 0.970159
vt 0.373591 0.935591
vt 0.351397 0.892034
vt 0.343750 0.843750
vt 0.351397 0.795466
vt 0.373591 0.751909
vt 0.408159 0.717341
vt 0.451716 0.695147
vt 0.500000 0.687500
vt 0.548284 0.695147
vt 0.591842 0.717341
vt 0.626409 0.751908
vt 0.648603 0.795466
vt 0.656250 0.843750
vt 0.626409 0.935591
vt 0.648603 0.892034
vt 0.591841 0.970159
vt 0.548284 0.992353
vt 0.500000 1.000000
vt 0.451716 0.992353
vt 0.408159 0.970159
vt 0.373591 0.935591
vt 0.351397 0.892034
vt 0.343750 0.843750
vt 0.351397 0.795466
vt 0.373591 0.751909
vt 0.408159 0.717341
vt 0.451716 0.695147
vt 0.500000 0.687500
vt 0.548284 0.695147
vt 0.591842 0.717341
vt 0.626409 0.751908
vt 0.648603 0.795466
vt 0.656250 0.843750
vt 0.626409 0.935591
vt 0.648603 0.892034
vt 0.591841 0.970159
vt 0.548284 0.992353
vt 0.500000 1.000000
vt 0.451716 0.992353
vt 0.408159 0.970159
vt 0.373591 0.935591
vt 0.351397 0.892034
vt 0.343750 0.843750
vt 0.351397 0.795466
vt 0.373591 0.751909
vt 0.408159 0.717341
vt 0.451716 0.695147
vt 0.500000 0.687500
vt 0.548284 0.695147
vt 0.591842 0.717341
vt 0.626409 0.751908
vt 0.648603 0.795466
vt 0.656250 0.843750
vt 0.626409 0.935591
vt 0.648603 0.892034
vt 0.591841 0.970159
vt 0.548284 0.992353
vt 0.500000 1.000000
vt 0.451716 0.992353
vt 0.408159 0.970159
vt 0.373591 0.935591
vt 0.351397 0.892034
vt 0.343750 0.843750
vt 0.351397 0.795466
vt 0.373591 0.751909
vt 0.408159 0.717341
vt 0.451716 0.695147
vt 0.500000 0.687500
vt 0.548284 0.695147
vt 0.591842 0.717341
vt 0.626409 0.751908
vt 0.648603 0.795466
vt 0.656250 0.843750
vt 0.000000 0.000000
vt 0.100000 0.000000
vt 0.100000 0.100000
vt 0.000000 0.100000
vt 0.200000 0.000000
vt 0.200000 0.100000
vt 0.300000 0.000000
vt 0.300000 0.100000
vt 0.400000 0.000000
vt 0.400000 0.100000
vt 0.500000 0.000000
vt 0.500000 0.100000
vt 0.600000 0.000000
vt 0.600000 0.100000
vt 0.700000 0.000000
vt 0.700000 0.100000
vt 0.800000 0.000000
vt 0.800000 0.100000
vt 0.900000 0.000000
vt 0.900000 0.100000
vt 1.000000 0.000000
vt 1.000000 0.100000
vt 0.100000 0.200000
vt 0.000000 0.200000
vt 0.200000 0.200000
vt 0.300000 0.200000
vt 0.400000 0.200000
vt 0.500000 0.200000
vt 0.600000 0.200000
vt 0.700000 0.200000
vt 0.800000 0.200000
vt 0.900000 0.200000
vt 1.000000 0.200000
vt 0.100000 0.300000
vt 0.000000 0.300000
vt 0.200000 0.300000
vt 0.300000 0.300000
vt 0.400000 0.300000
vt 0.500000 0.300000
vt 0.600000 0.300000
vt 0.700000 0.300000
vt 0.800000 0.300000
vt 0.900000 0.300000
vt 1.000000 0.300000
vt 0.100000 0.400000
vt 0.000000 0.400000
vt 0.200000 0.400000
vt 0.300000 0.400000
vt 0.400000 0.400000
vt 0.500000 0.400000
vt 0.600000 0.400000
vt 0.700000 0.400000
vt 0.800000 0.400000
vt 0.900000 0.400000
vt 1.000000 0.400000
vt 0.100000 0.500000
vt 0.000000 0.500000
vt 0.200000 0.500000
vt 0.300000 0.500000
vt 0.400000 0.500000
vt 0.500000 0.500000
vt 0.600000 0.500000
vt 0.700000 0.500000
vt 0.800000 0.500000
vt 0.900000 0.500000
vt 1.000000 0.500000
vt 0.100000 0.600000
vt 0.000000 0.600000
vt 0.200000 0.600000
vt 0.300000 0.600000
vt 0.400000 0.600000
vt 0.500000 0.600000
vt 0.600000 0.600000
vt 0.700000 0.600000
vt 0.800000 0.600000
vt 0.900000 0.600000
vt 1.000000 0.600000
vt 0.100000 0.700000
vt 0.000000 0.700000
vt 0.200000 0.700000
vt 0.300000 0.700000
vt 0.400000 0.700000
vt 0.500000 0.700000
vt 0.600000 0.700000
vt 0.700000 0.700000
vt 0.800000 0.700000
vt 0.900000 0.700000
vt 1.000000 0.700000
vt 0.100000 0.800000
vt 0.000000 0.800000
vt 0.200000 0.800000
vt 0.300000 0.800000
vt 0.400000 0.800000
vt 0.500000 0.800000
vt 0.600000 0.800000
vt 0.700000 0.800000
vt 0.800000 0.800000
vt 0.900000 0.800000
vt 1.000000 0.800000
vt 0.100000 0.900000
vt 0.000000 0.900000
vt 0.200000 0.900000
vt 0.300000 0.900000
vt 0.400000 0.900000
vt 0.500000 0.900000
vt 0.600000 0.900000
vt 0.700000 0.900000
vt 0.800000 0.900000
vt 0.900000 0.900000
vt 1.000000 0.900000
vt 0.100000 1.000000
vt 0.000000 1.000000
vt 0.200000 1.000000
vt 0.300000 1.000000
vt 0.400000 1.000000
vt 0.500000 1.000000
vt 0.600000 1.000000
vt 0.700000 1.000000
vt 0.800000 1.000000
vt 0.900000 1.000000
vt 1.000000 1.000000
vt 0.000000 0.000000
vt 0.100000 0.000000
vt 0.100000 0.100000
vt 0.000000 0.100000
vt 0.200000 0.000000
vt 0.200000 0.100000
vt 0.300000 0.000000
vt 0.300000 0.100000
vt 0.400000 0.000000
vt 0.400000 0.100000
vt 0.500000 0.000000
vt 0.500000 0.100000
vt 0.600000 0.000000
vt 0.600000 0.100000
vt 0.700000 0.000000
vt 0.700000 0.100000
vt 0.800000 0.000000
vt 0.800000 0.100000
vt 0.900000 0.000000
vt 0.900000 0.100000
vt 1.000000 0.000000
vt 1.000000 0.100000
vt 0.100000 0.200000
vt 0.000000 0.200000
vt 0.200000 0.200000
vt 0.300000 0.200000
vt 0.400000 0.200000
vt 0.500000 0.200000
vt 0.600000 0.200000
vt 0.700000 0.200000
vt 0.800000 0.200000
vt 0.900000 0.200000
vt 1.000000 0.200000
vt 0.100000 0.300000
vt 0.000000 0.300000
vt 0.200000 0.300000
vt 0.300000 0.300000
vt 0.400000 0.300000
vt 0.500000 0.300000
vt 0.600000 0.300000
vt 0.700000 0.300000
vt 0.800000 0.300000
vt 0.900000 0.300000
vt 1.000000 0.300000
vt 0.100000 0.400000
vt 0.000000 0.400000
vt 0.200000 0.400000
vt 0.300000 0.400000
vt 0.400000 0.400000
vt 0.500000 0.400000
vt 0.600000 0.400000
vt 0.700000 0.400000
vt 0.800000 0.400000
vt 0.900000 0.400000
vt 1.000000 0.400000
vt 0.100000 0.500000
vt 0.000000 0.500000
vt 0.200000 0.500000
vt 0.300000 0.500000
vt 0.400000 0.500000
vt 0.500000 0.500000
vt 0.600000 0.500000
vt 0.700000 0.500000
vt 0.800000 0.500000
vt 0.900000 0.500000
vt 1.000000 0.500000
vt 0.100000 0.600000
vt 0.000000 0.600000
vt 0.200000 0.600000
vt 0.300000 0.600000
vt 0.400000 0.600000
vt 0.500000 0.600000
vt 0.600000 0.600000
vt 0.700000 0.600000
vt 0.800000 0.600000
vt 0.900000 0.600000
vt 1.000000 0.600000
vt 0.100000 0.700000
vt 0.000000 0.700000
vt 0.200000 0.700000
vt 0.300000 0.700000
vt 0.400000 0.700000
vt 0.500000 0.700000
vt 0.600000 0.700000
vt 0.700000 0.700000
vt 0.800000 0.700000
vt 0.900000 0.700000
vt 1.000000 0.700000
vt 0.100000 0.800000
vt 0.000000 0.800000
vt 0.200000 0.800000
vt 0.300000 0.800000
vt 0.400000 0.800000
vt 0.500000 0.800000
vt 0.600000 0.800000
vt 0.700000 0.800000
vt 0.800000 0.800000
vt 0.900000 0.800000
vt 1.000000 0.800000
vt 0.100000 0.900000
vt 0.000000 0.900000
vt 0.200000 0.900000
vt 0.300000 0.900000
vt 0.400000 0.900000
vt 0.500000 0.900000
vt 0.600000 0.900000
vt 0.700000 0.900000
vt 0.800000 0.900000
vt 0.900000 0.900000
vt 1.000000 0.900000
vt 0.100000 1.000000
vt 0.000000 1.000000
vt 0.200000 1.000000
vt 0.300000 1.000000
vt 0.400000 1.000000
vt 0.500000 1.000000
vt 0.600000 1.000000
vt 0.700000 1.000000
vt 0.800000 1.000000
vt 0.900000 1.000000
vt 1.000000 1.000000
vt 0.000000 0.000000
vt 0.100000 0.000000
vt 0.100000 0.100000
vt 0.000000 0.100000
vt 0.200000 0.000000
vt 0.200000 0.100000
vt 0.300000 0.000000
vt 0.300000 0.100000
vt 0.400000 0.000000
vt 0.400000 0.100000
vt 0.500000 0.000000
vt 0.500000 0.100000
vt 0.600000 0.000000
vt 0.600000 0.100000
vt 0.700000 0.000000
vt 0.700000 0.100000
vt 0.800000 0.000000
vt 0.800000 0.100000
vt 0.900000 0.000000
vt 0.900000 0.100000
vt 1.000000 0.000000
vt 1.000000 0.100000
vt 0.100000 0.200000
vt 0.000000 0.200000
vt 0.200000 0.200000
vt 0.300000 0.200000
vt 0.400000 0.200000
vt 0.500000 0.200000
vt 0.600000 0.200000
vt 0.700000 0.200000
vt 0.800000 0.200000
vt 0.900000 0.200000
vt 1.000000 0.200000
vt 0.100000 0.300000
vt 0.000000 0.300000
vt 0.200000 0.300000
vt 0.300000 0.300000
vt 0.400000 0.300000
vt 0.500000 0.300000
vt 0.600000 0.300000
vt 0.700000 0.300000
vt 0.800000 0.300000
vt 0.900000 0.300000
vt 1.000000 0.300000
vt 0.100000 0.400000
vt 0.000000 0.400000
vt 0.200000 0.400000
vt 0.300000 0.400000
vt 0.400000 0.400000
vt 0.500000 0.400000
vt 0.600000 0.400000
vt 0.700000 0.400000
vt 0.800000 0.400000
vt 0.900000 0.400000
vt 1.000000 0.400000
vt 0.100000 0.500000
vt 0.000000 0.500000
vt 0.200000 0.500000
vt 0.300000 0.500000
vt 0.400000 0.500000
vt 0.500000 0.500000
vt 0.600000 0.500000
vt 0.700000 0.500000
vt 0.800000 0.500000
vt 0.900000 0.500000
vt 1.000000 0.500000
vt 0.100000 0.600000
vt 0.000000 0.600000
vt 0.200000 0.600000
vt 0.300000 0.600000
vt 0.400000 0.600000
vt 0.500000 0.600000
vt 0.600000 0.600000
vt 0.700000 0.600000
vt 0.800000 0.600000
vt 0.900000 0.600000
vt 1.000000 0.600000
vt 0.100000 0.700000
vt 0.000000 0.700000
vt 0.200000 0.700000
vt 0.300000 0.700000
vt 0.400000 0.700000
vt 0.500000 0.700000
vt 0.600000 0.700000
vt 0.700000 0.700000
vt 0.800000 0.700000
vt 0.900000 0.700000
vt 1.000000 0.700000
vt 0.100000 0.800000
vt 0.000000 0.800000
vt 0.200000 0.800000
vt 0.300000 0.800000
vt 0.400000 0.800000
vt 0.500000 0.800000
vt 0.600000 0.800000
vt 0.700000 0.800000
vt 0.800000 0.800000
vt 0.900000 0.800000
vt 1.000000 0.800000
vt 0.100000 0.900000
vt 0.000000 0.900000
vt 0.200000 0.900000
vt 0.300000 0.900000
vt 0.400000 0.900000
vt 0.500000 0.900000
vt 0.600000 0.900000
vt 0.700000 0.900000
vt 0.800000 0.900000
vt 0.900000 0.900000
vt 1.000000 0.900000
vt 0.100000 1.000000
vt 0.000000 1.000000
vt 0.200000 1.000000
vt 0.300000 1.000000
vt 0.400000 1.000000
vt 0.500000 1.000000
vt 0.600000 1.000000
vt 0.700000 1.000000
vt 0.800000 1.000000
vt 0.900000 1.000000
vt 1.000000 1.000000
vt 0.000000 0.000000
vt 0.100000 0.000000
vt 0.100000 0.100000
vt 0.000000 0.100000
vt 0.200000 0.000000
vt 0.200000 0.100000
vt 0.300000 0.000000
vt 0.300000 0.100000
vt 0.400000 0.000000
vt 0.400000 0.100000
vt 0.500000 0.000000
vt 0.500000 0.100000
vt 0.600000 0.000000
vt 0.600000 0.100000
vt 0.700000 0.000000
vt 0.700000 0.100000
vt 0.800000 0.000000
vt 0.800000 0.100000
vt 0.900000 0.000000
vt 0.900000 0.100000
vt 1.000000 0.000000
vt 1.000000 0.100000
vt 0.100000 0.200000
vt 0.000000 0.200000
vt 0.200000 0.200000
vt 0.300000 0.200000
vt 0.400000 0.200000
vt 0.500000 0.200000
vt 0.600000 0.200000
vt 0.700000 0.200000
vt 0.800000 0.200000
vt 0.900000 0.200000
vt 1.000000 0.200000
vt 0.100000 0.300000
vt 0.000000 0.300000
vt 0.200000 0.300000
vt 0.300000 0.300000
vt 0.400000 0.300000
vt 0.500000 0.300000
vt 0.600000 0.300000
vt 0.700000 0.300000
vt 0.800000 0.300000
vt 0.900000 0.300000
vt 1.000000 0.300000
vt 0.100000 0.400000
vt 0.000000 0.400000
vt 0.200000 0.400000
vt 0.300000 0.400000
vt 0.400000 0.400000
vt 0.500000 0.400000
vt 0.600000 0.400000
vt 0.700000 0.400000
vt 0.800000 0.400000
vt 0.900000 0.400000
vt 1.000000 0.400000
vt 0.100000 0.500000
vt 0.000000 0.500000
vt 0.200000 0.500000
vt 0.300000 0.500000
vt 0.400000 0.500000
vt 0.500000 0.500000
vt 0.600000 0.500000
vt 0.700000 0.500000
vt 0.800000 0.500000
vt 0.900000 0.500000
vt 1.000000 0.500000
vt 0.100000 0.600000
vt 0.000000 0.600000
vt 0.200000 0.600000
vt 0.300000 0.600000
vt 0.400000 0.600000
vt 0.500000 0.600000
vt 0.600000 0.600000
vt 0.700000 0.600000
vt 0.800000 0.600000
vt 0.900000 0.600000
vt 1.000000 0.600000
vt 0.100000 0.700000
vt 0.000000 0.700000
vt 0.200000 0.700000
vt 0.300000 0.700000
vt 0.400000 0.700000
vt 0.500000 0.700000
vt 0.600000 0.700000
vt 0.700000 0.700000
vt 0.800000 0.700000
vt 0.900000 0.700000
vt 1.000000 0.700000
vt 0.100000 0.800000
vt 0.000000 0.800000
vt 0.200000 0.800000
vt 0.300000 0.800000
vt 0.400000 0.800000
vt 0.500000 0.800000
vt 0.600000 0.800000
vt 0.700000 0.800000
vt 0.800000 0.800000
vt 0.900000 0.800000
vt 1.000000 0.800000
vt 0.100000 0.900000
vt 0.000000 0.900000
vt 0.200000 0.900000
vt 0.300000 0.900000
vt 0.400000 0.900000
vt 0.500000 0.900000
vt 0.600000 0.900000
vt 0.700000 0.900000
vt 0.800000 0.900000
vt 0.900000 0.900000
vt 1.000000 0.900000
vt 0.100000 1.000000
vt 0.000000 1.000000
vt 0.200000 1.000000
vt 0.300000 1.000000
vt 0.400000 1.000000
vt 0.500000 1.000000
vt 0.600000 1.000000
vt 0.700000 1.000000
vt 0.800000 1.000000
vt 0.900000 1.000000
vt 1.000000 1.000000
vt 0.000000 0.000000
vt 0.100000 0.000000
vt 0.100000 0.100000
vt 0.000000 0.100000
vt 0.200000 0.000000
vt 0.200000 0.100000
vt 0.300000 0.000000
vt 0.300000 0.100000
vt 0.400000 0.000000
vt 0.400000 0.100000
vt 0.500000 0.000000
vt 0.500000 0.100000
vt 0.600000 0.000000
vt 0.600000 0.100000
vt 0.700000 0.000000
vt 0.700000 0.100000
vt 0.800000 0.000000
vt 0.800000 0.100000
vt 0.900000 0.000000
vt 0.900000 0.100000
vt 1.000000 0.000000
vt 1.000000 0.100000
vt 0.100000 0.200000
vt 0.000000 0.200000
vt 0.200000 0.200000
vt 0.300000 0.200000
vt 0.400000 0.200000
vt 0.500000 0.200000
vt 0.600000 0.200000
vt 0.700000 0.200000
vt 0.800000 0.200000
vt 0.900000 0.200000
vt 1.000000 0.200000
vt 0.100000 0.300000
vt 0.000000 0.300000
vt 0.200000 0.300000
vt 0.300000 0.300000
vt 0.400000 0.300000
vt 0.500000 0.300000
vt 0.600000 0.300000
vt 0.700000 0.300000
vt 0.800000 0.300000
vt 0.900000 0.300000
vt 1.000000 0.300000
vt 0.100000 0.400000
vt 0.000000 0.400000
vt 0.200000 0.400000
vt 0.300000 0.400000
vt 0.400000 0.400000
vt 0.500000 0.400000
vt 0.600000 0.400000
vt 0.700000 0.400000
vt 0.800000 0.400000
vt 0.900000 0.400000
vt 1.000000 0.400000
vt 0.100000 0.500000
vt 0.000000 0.500000
vt 0.200000 0.500000
vt 0.300000 0.500000
vt 0.400000 0.500000
vt 0.500000 0.500000
vt 0.600000 0.500000
vt 0.700000 0.500000
vt 0.800000 0.500000
vt 0.900000 0.500000
vt 1.000000 0.500000
vt 0.100000 0.600000
vt 0.000000 0.600000
vt 0.200000 0.600000
vt 0.300000 0.600000
vt 0.400000 0.600000
vt 0.500000 0.600000
vt 0.600000 0.600000
vt 0.700000 0.600000
vt 0.800000 0.600000
vt 0.900000 0.600000
vt 1.000000 0.600000
vt 0.100000 0.700000
vt 0.000000 0.700000
vt 0.200000 0.700000
vt 0.300000 0.700000
vt 0.400000 0.700000
vt 0.500000 0.700000
vt 0.600000 0.700000
vt 0.700000 0.700000
vt 0.800000 0.700000
vt 0.900000 0.700000
vt 1.000000 0.700000
vt 0.100000 0.800000
vt 0.000000 0.800000
vt 0.200000 0.800000
vt 0.300000 0.800000
vt 0.400000 0.800000
vt 0.500000 0.800000
vt 0.600000 0.800000
vt 0.700000 0.800000
vt 0.800000 0.800000
vt 0.900000 0.800000
vt 1.000000 0.800000
vt 0.100000 0.900000
vt 0.000000 0.900000
vt 0.200000 0.900000
vt 0.300000 0.900000
vt 0.400000 0.900000
vt 0.500000 0.900000
vt 0.600000 0.900000
vt 0.700000 0.900000
vt 0.800000 0.900000
vt 0.900000 0.900000
vt 1.000000 0.900000
vt 0.100000 1.000000
vt 0.000000 1.000000
vt 0.200000 1.000000
vt 0.300000 1.000000
vt 0.400000 1.000000
vt 0.500000 1.000000
vt 0.600000 1.000000
vt 0.700000 1.000000
vt 0.800000 1.000000
vt 0.900000 1.000000
vt 1.000000 1.000000
vn -0.758925 -0.140792 -0.635775
vn -0.900816 0.035297 -0.432764
vn -0.881751 0.027958 -0.470885
vn -0.761974 -0.158242 -0.627977
vn -0.942936 0.155679 -0.294339
vn -0.935640 0.206207 -0.286455
vn -0.947627 0.317740 -0.032312
vn -0.912189 0.404156 -0.067592
vn -0.832939 0.472524 0.287982
vn -0.781263 0.591607 0.199074
vn -0.648909 0.548526 0.527291
vn -0.588477 0.691773 0.418502
vn -0.403025 0.571236 0.715025
vn -0.339965 0.726975 0.596600
vn -0.119235 0.538565 0.834105
vn -0.059059 0.694465 0.717099
vn 0.175541 0.453628 0.873732
vn 0.228269 0.596988 0.769089
vn 0.453581 0.324411 0.830074
vn 0.495201 0.442447 0.747674
vn 0.688539 0.163170 0.706604
vn 0.715846 0.243529 0.654414
vn 0.857614 -0.014485 0.514089
vn 0.867265 0.017477 0.497539
vn 0.950736 -0.211646 0.226510
vn 0.929242 -0.250492 0.271595
vn 0.952536 -0.303553 0.023054
vn 0.888355 -0.446933 0.105244
vn -0.181881 0.973908 -0.135731
vn -0.181854 0.973929 -0.135616
vn -0.181906 0.973896 -0.135782
vn -0.181969 0.973890 -0.135741
vn -0.182091 0.973867 -0.135744
vn -0.181863 0.973897 -0.135832
vn -0.181661 0.973929 -0.135872
vn -0.181888 0.973917 -0.135657
vn -0.181995 0.973920 -0.135493
vn -0.181999 0.973890 -0.135698
vn -0.182083 0.973791 -0.136296
vn -0.181828 0.973858 -0.136160
vn -0.181404 0.974020 -0.135566
vn -0.181726 0.973948 -0.135653
vn -0.182138 0.973850 -0.135802
vn -0.181757 0.973905 -0.135919
vn -0.181935 0.973906 -0.135669
vn -0.182112 0.973862 -0.135748
vn -0.181885 0.973900 -0.135784
vn -0.182039 0.973885 -0.135685
vn -0.182016 0.973848 -0.135980
vn 0.744152 -0.664178 0.071455
vn 0.388825 -0.834451 -0.390522
vn 0.462382 -0.811844 -0.356528
vn 0.732496 -0.680769 0.001819
vn 0.244313 -0.841055 -0.482637
vn 0.266275 -0.813452 -0.517101
vn 0.097500 -0.845842 -0.524447
vn -0.031361 -0.755127 -0.654829
vn -0.346966 -0.731512 -0.586946
vn -0.281342 -0.624172 -0.728874
vn -0.485106 -0.571378 -0.661966
vn -0.458566 -0.407100 -0.789928
vn -0.665458 -0.103629 -0.739207
vn -0.778024 0.141132 -0.612177
vn -0.790058 0.425826 -0.441000
vn -0.727016 0.645460 -0.234158
vn -0.591922 0.805694 -0.022043
vn -0.400658 0.899389 0.174849
vn -0.170863 0.924055 0.341948
vn 0.079681 0.879045 0.470032
vn 0.332999 0.763250 0.553680
vn 0.568775 0.574251 0.588839
vn 0.759873 0.312417 0.570077
vn 0.871038 -0.005294 0.491187
vn 0.859143 -0.373726 0.349574
vn 0.777159 -0.602812 0.180672
vn 0.505484 -0.778249 -0.372578
vn 0.655348 -0.748484 -0.101446
vn 0.314554 -0.721239 -0.617147
vn 0.098128 -0.582422 -0.806942
vn -0.120479 -0.376637 -0.918493
vn -0.314870 -0.128264 -0.940428
vn -0.462489 0.134224 -0.876406
vn -0.549288 0.384759 -0.741784
vn -0.570358 0.603369 -0.557349
vn -0.527936 0.776492 -0.344011
vn -0.428870 0.895378 -0.119871
vn -0.282649 0.953920 0.100727
vn -0.100131 0.946472 0.306862
vn 0.106764 0.865811 0.488848
vn 0.323239 0.703491 0.632944
vn 0.527110 0.458223 0.715672
vn 0.688081 0.152807 0.709362
vn 0.781043 -0.162047 0.603086
vn 0.800678 -0.433781 0.413217
vn 0.755779 -0.632624 0.169071
vn 0.538242 -0.740880 -0.401736
vn 0.674052 -0.725644 -0.138186
vn 0.354217 -0.683897 -0.637820
vn 0.137823 -0.547355 -0.825474
vn -0.084742 -0.329016 -0.940514
vn -0.275720 -0.043850 -0.960237
vn -0.396234 0.265664 -0.878875
vn -0.361870 0.498900 -0.787495
vn -0.353747 0.711156 -0.607553
vn -0.302420 0.863745 -0.403097
vn -0.222877 0.957621 -0.182449
vn -0.121904 0.990871 0.057566
vn 0.003306 0.948118 0.317902
vn 0.098437 0.834883 0.541554
vn 0.273636 0.602342 0.749872
vn 0.460544 0.289615 0.839060
vn 0.618812 -0.026809 0.785082
vn 0.724603 -0.295100 0.622790
vn 0.769889 -0.501069 0.395223
vn 0.752707 -0.644593 0.133911
vn 0.564314 -0.704602 -0.430216
vn 0.698136 -0.688146 -0.197637
vn 0.396932 -0.525533 -0.752503
vn 0.138944 -0.378694 -0.915033
vn -0.139240 -0.164553 -0.976491
vn -0.384838 0.089319 -0.918652
vn -0.551561 0.339768 -0.761799
vn -0.521501 0.596174 -0.610420
vn -0.530286 0.525053 -0.665670
vn -0.447214 0.794933 -0.409976
vn -0.465610 0.764433 -0.445926
vn -0.345981 0.907517 -0.238138
vn -0.353845 0.901225 -0.250175
vn -0.252834 0.963575 -0.087174
vn -0.248153 0.965494 -0.079008
vn -0.173206 0.982380 0.070209
vn -0.159138 0.981892 0.102782
vn -0.090406 0.960570 0.262928
vn -0.061231 0.941949 0.330127
vn 0.087732 0.800914 0.592318
vn 0.190982 0.365235 0.911114
vn 0.450846 0.084225 0.888619
vn 0.651478 -0.163690 0.740799
vn 0.776454 -0.354322 0.521129
vn 0.829834 -0.489616 0.267678
vn 0.817613 -0.575769 0.000547
vn 0.774123 -0.539975 -0.330395
vn 0.625564 -0.488234 -0.608521
vn 0.675303 -0.349153 -0.649660
vn 0.841022 -0.366892 -0.397583
vn 0.437696 -0.285369 -0.852635
vn 0.145053 -0.169493 -0.974798
vn -0.164717 -0.008204 -0.986307
vn -0.438694 0.172491 -0.881926
vn -0.637360 0.339309 -0.691839
vn -0.685256 0.559741 -0.465956
vn -0.674415 0.543159 -0.500142
vn -0.725718 0.642497 -0.246031
vn -0.724820 0.639373 -0.256588
vn -0.723024 0.690482 -0.021718
vn -0.721362 0.692530 -0.006315
vn -0.678110 0.704456 0.209545
vn -0.665162 0.702991 0.251721
vn -0.582495 0.678097 0.448201
vn -0.545440 0.662081 0.513949
vn -0.420908 0.597844 0.682216
vn -0.376949 0.507569 0.774780
vn -0.183351 0.449493 0.874265
vn -0.095275 0.370595 0.923895
vn 0.217134 0.203642 0.954664
vn 0.504415 0.038427 0.862606
vn 0.728235 -0.103215 0.677511
vn 0.874519 -0.214420 0.435018
vn 0.941440 -0.295505 0.162380
vn 0.846834 -0.531001 -0.030181
vn 0.621258 0.031886 -0.782957
vn 0.824887 0.075272 -0.560264
vn 0.354678 -0.003034 -0.934984
vn 0.048706 -0.023711 -0.998532
vn -0.265898 -0.025455 -0.963665
vn -0.554259 -0.006839 -0.832316
vn -0.784254 0.029076 -0.619758
vn -0.879077 0.312208 -0.360207
vn -0.873793 0.306411 -0.377623
vn -0.917135 0.383126 -0.109898
vn -0.917163 0.383487 -0.108400
vn -0.891865 0.431030 0.137076
vn -0.886916 0.434022 0.158132
vn -0.806497 0.454365 0.378306
vn -0.786675 0.455638 0.416578
vn -0.654034 0.451532 0.606925
vn -0.609469 0.446834 0.654894
vn -0.339359 0.264271 0.902771
vn -0.027396 0.272517 0.961761
vn 0.286097 0.270633 0.919188
vn 0.566978 0.258956 0.781971
vn 0.788073 0.237302 0.568004
vn 0.931142 0.205959 0.300924
vn 0.986020 0.166499 0.006572
vn 0.969492 -0.061041 -0.237400
vn 0.949572 0.121681 -0.288974
vn 0.530177 0.234231 -0.814892
vn 0.728379 0.333486 -0.598541
vn 0.274840 0.119420 -0.954045
vn -0.013398 0.000639 -0.999910
vn -0.305055 -0.109471 -0.946022
vn -0.569305 -0.199119 -0.797649
vn -0.778899 -0.259282 -0.571043
vn -0.921930 -0.274305 -0.273501
vn -0.913591 -0.284648 -0.290392
vn -0.962112 -0.270354 0.035342
vn -0.961674 -0.273726 0.016045
vn -0.912018 -0.230552 0.339219
vn -0.919795 -0.228300 0.319150
vn -0.776802 -0.159046 0.609330
vn -0.792198 -0.152866 0.590808
vn -0.569074 -0.062393 0.819916
vn -0.590384 -0.054299 0.805294
vn -0.332902 0.058393 0.941152
vn -0.044801 0.174437 0.983649
vn 0.244472 0.282248 0.927669
vn 0.505229 0.371002 0.779167
vn 0.711439 0.431950 0.554322
vn 0.843997 0.459430 0.276754
vn 0.892055 0.451156 -0.026397
vn 0.852353 0.407951 -0.327215
vn 0.509223 0.323138 -0.797667
vn 0.719336 0.361173 -0.593388
vn 0.256755 0.265820 -0.929202
vn -0.019181 0.194674 -0.980681
vn -0.298565 0.114993 -0.947436
vn -0.559149 0.032183 -0.828442
vn -0.776340 -0.047514 -0.628521
vn -0.924862 -0.117264 -0.361772
vn -0.983997 -0.170079 -0.053129
vn -0.943646 -0.200047 0.263655
vn -0.808144 -0.203180 0.552830
vn -0.594389 -0.178312 0.784160
vn -0.325605 -0.127016 0.936936
vn -0.026509 -0.053067 0.998239
vn 0.276266 0.037556 0.960347
vn 0.553124 0.136012 0.821921
vn 0.771558 0.230452 0.592951
vn 0.903175 0.307510 0.299522
vn 0.933945 0.356832 -0.020426
vn 0.867465 0.374089 -0.327966
vn 0.430120 0.527071 -0.732935
vn 0.669408 0.491101 -0.557416
vn 0.212359 0.469123 -0.857221
vn -0.056960 0.434181 -0.899023
vn -0.322210 0.373877 -0.869711
vn -0.551583 0.353813 -0.755362
vn -0.767895 0.239696 -0.594040
vn -0.932681 0.092486 -0.348643
vn -0.996515 -0.077353 -0.031212
vn -0.922511 -0.238713 0.303298
vn -0.729938 -0.356639 0.583095
vn -0.477754 -0.418178 0.772579
vn -0.211201 -0.430418 0.877573
vn 0.052036 -0.403014 0.913713
vn 0.308284 -0.339967 0.888473
vn 0.555223 -0.239250 0.796547
vn 0.776378 -0.097653 0.622656
vn 0.930574 0.078028 0.357692
vn 0.965522 0.258822 0.027901
vn 0.865271 0.403433 -0.297571
vn 0.392360 0.622544 -0.677120
vn 0.658313 0.550415 -0.513486
vn 0.106990 0.634435 -0.765536
vn 0.140851 0.635852 -0.758850
vn -0.096412 0.611172 -0.785604
vn -0.093811 0.611628 -0.785564
vn -0.294219 0.563959 -0.771612
vn -0.321115 0.555539 -0.766982
vn -0.550364 0.460672 -0.696334
vn -0.776162 0.309348 -0.549434
vn -0.951695 0.085274 -0.294968
vn -0.981853 -0.182982 0.049817
vn -0.832416 -0.406956 0.376125
vn -0.593775 -0.536853 0.599349
vn -0.349385 -0.591665 0.726542
vn -0.122389 -0.600139 0.790477
vn 0.089431 -0.577404 0.811546
vn 0.294732 -0.527345 0.796895
vn 0.502367 -0.444542 0.741626
vn 0.712314 -0.314881 0.627263
vn 0.898227 -0.120045 0.422821
vn 0.984287 0.136675 0.111795
vn 0.890378 0.387222 -0.239345
vn 0.795280 -0.288463 -0.533215
vn 0.889405 -0.292390 -0.351377
vn 0.870132 -0.292569 -0.396577
vn 0.795280 -0.288464 -0.533215
vn 0.268461 -0.191621 -0.944039
vn 0.352331 -0.211123 -0.911751
vn 0.360187 -0.020783 -0.932649
vn 0.258695 0.217849 -0.941073
vn 0.091358 -0.147070 -0.984898
vn 0.111752 0.252840 -0.961033
vn -0.907090 0.318663 -0.275031
vn -0.950015 0.309785 0.038807
vn -0.848037 0.240639 0.472151
vn -0.708418 0.209335 0.674035
vn -0.514239 0.211401 0.831185
vn -0.224183 0.180897 0.957611
vn 0.044473 0.110025 0.992933
vn 0.316869 0.028213 0.948050
vn 0.576975 -0.061098 0.814473
vn 0.795897 -0.150529 0.586421
vn 0.933569 -0.227227 0.277157
vn 0.958336 -0.276968 -0.069869
vn 0.647486 -0.683288 -0.337460
vn 0.762621 -0.607144 -0.223128
vn 0.552693 -0.827377 -0.099885
vn 0.491315 -0.851252 -0.184336
vn 0.306988 0.520972 -0.796459
vn 0.158076 0.458004 -0.874783
vn 0.115275 0.437635 -0.891733
vn -0.447832 0.088249 0.889752
vn -0.676922 0.120773 0.726079
vn -0.660195 0.068433 0.747970
vn -0.405437 0.043996 0.913063
vn 0.016300 -0.043703 0.998912
vn -0.363888 0.036004 0.930747
vn 0.081419 -0.090859 0.992530
vn 0.271286 -0.167293 0.947849
vn 0.273891 -0.238923 0.931611
vn 0.207358 -0.276888 0.938262
vn 0.203873 -0.375029 0.904317
vn 0.430823 -0.350638 0.831532
vn 0.405563 -0.457820 0.791151
vn 0.624203 -0.433497 0.649962
vn 0.564634 -0.554144 0.611647
vn 0.771153 -0.480568 0.417585
vn 0.623600 -0.598676 0.502702
vn 0.905833 -0.414986 -0.085172
vn 0.626457 -0.779257 0.017642
vn 0.824180 0.440616 -0.355788
vn 0.633627 0.692403 -0.345101
vn 0.543978 0.625907 -0.558864
vn 0.756560 0.383400 -0.529738
vn 0.379076 0.875454 -0.299802
vn 0.288642 0.799013 -0.527507
vn 0.094777 0.969312 -0.226828
vn 0.001754 0.900023 -0.435840
vn -0.201771 0.970611 -0.131159
vn -0.285157 0.918645 -0.273453
vn -0.499212 0.866369 -0.013843
vn -0.534902 0.840038 -0.090646
vn -0.745074 0.658209 0.107819
vn -0.737344 0.671414 0.074340
vn -0.802164 0.579941 0.142128
vn -0.875246 0.436636 0.208070
vn -0.872678 0.439640 0.212483
vn -0.949563 0.141002 0.280086
vn -0.931194 0.156655 0.329147
vn -0.938196 -0.171763 0.300475
vn -0.899572 -0.142000 0.413045
vn -0.837530 -0.464727 0.287353
vn -0.781264 -0.425428 0.456769
vn -0.655733 -0.713302 0.247415
vn -0.588477 -0.666640 0.457479
vn -0.412744 -0.892085 0.183924
vn -0.339962 -0.843397 0.416063
vn -0.132180 -0.985913 0.102492
vn -0.059057 -0.939747 0.336731
vn 0.160114 -0.987044 0.010346
vn 0.228268 -0.946888 0.226488
vn 0.437684 -0.895185 -0.084116
vn 0.495202 -0.863618 0.094550
vn 0.674931 -0.717608 -0.171774
vn 0.715846 -0.696594 -0.048170
vn 0.848811 -0.469312 -0.243447
vn 0.867265 -0.460428 -0.189359
vn 0.922360 -0.263565 -0.282464
vn 0.940578 -0.218333 -0.260085
vn 0.927460 -0.200515 -0.315613
vn 0.934129 0.136489 -0.329807
vn 0.891510 0.101109 -0.441573
vn -0.752320 0.025083 0.658320
vn -0.752398 0.024990 0.658235
vn -0.752458 0.025176 0.658159
vn -0.752540 0.025092 0.658068
vn -0.752306 0.025225 0.658331
vn -0.752246 0.025216 0.658399
vn -0.752364 0.024921 0.658276
vn -0.752420 0.024882 0.658213
vn -0.752430 0.025264 0.658188
vn -0.752425 0.025396 0.658188
vn -0.752298 0.025195 0.658341
vn -0.752268 0.025110 0.658379
vn -0.752676 0.025200 0.657908
vn -0.752559 0.025407 0.658034
vn -0.752285 0.025387 0.658349
vn -0.752594 0.025032 0.658009
vn -0.752644 0.025042 0.657951
vn -0.752579 0.025211 0.658019
vn -0.752591 0.025208 0.658006
vn -0.752625 0.025336 0.657962
vn -0.752586 0.025332 0.658007
vn 0.429548 0.572783 -0.698146
vn 0.621001 0.347256 -0.702688
vn 0.214203 0.756776 -0.617582
vn -0.021265 0.881745 -0.471247
vn -0.263996 0.925176 -0.272682
vn -0.488913 0.871273 -0.042981
vn -0.665816 0.721329 0.190715
vn -0.770141 0.495533 0.401659
vn -0.790058 0.226019 0.569845
vn -0.727016 -0.053008 0.684571
vn -0.591925 -0.312332 0.743016
vn -0.400656 -0.530348 0.747131
vn -0.170856 -0.692742 0.700654
vn 0.079682 -0.790845 0.606807
vn 0.333001 -0.819266 0.466813
vn 0.568774 -0.773313 0.280147
vn 0.759874 -0.648192 0.049377
vn 0.871037 -0.445246 -0.207484
vn 0.874873 -0.185722 -0.447331
vn 0.779234 0.089706 -0.620280
vn 0.505482 0.660486 -0.555200
vn 0.655350 0.401219 -0.639953
vn 0.314553 0.859745 -0.402361
vn 0.098129 0.975358 -0.197605
vn -0.120478 0.992068 0.035873
vn -0.314872 0.909572 0.271172
vn -0.462490 0.742952 0.483865
vn -0.549289 0.516953 0.656537
vn -0.570358 0.258752 0.779576
vn -0.527940 -0.007004 0.849253
vn -0.428875 -0.260223 0.865072
vn -0.282647 -0.485333 0.827383
vn -0.100128 -0.670033 0.735548
vn 0.106763 -0.802523 0.586991
vn 0.323241 -0.866813 0.379672
vn 0.527110 -0.840976 0.122124
vn 0.688081 -0.709217 -0.153480
vn 0.781043 -0.482500 -0.396441
vn 0.800677 -0.197429 -0.565631
vn 0.755778 0.106995 -0.646028
vn 0.538242 0.671630 -0.509125
vn 0.674053 0.425268 -0.603987
vn 0.354217 0.863171 -0.359815
vn 0.137826 0.977770 -0.158016
vn -0.084740 0.992480 0.088338
vn -0.275719 0.892788 0.356241
vn -0.396235 0.690968 0.604617
vn -0.361871 0.511497 0.779372
vn -0.353748 0.260013 0.898474
vn -0.302425 0.010821 0.953112
vn -0.222880 -0.228906 0.947590
vn -0.121903 -0.461268 0.878847
vn 0.003302 -0.680767 0.732493
vn 0.098435 -0.837774 0.537071
vn 0.273640 -0.931591 0.239289
vn 0.460544 -0.883806 -0.082371
vn 0.618811 -0.704084 -0.348336
vn 0.724604 -0.445550 -0.525771
vn 0.769888 -0.153280 -0.619498
vn 0.752706 0.143967 -0.642423
vn 0.564314 0.682606 -0.464326
vn 0.698136 0.463958 -0.545297
vn 0.343520 0.829612 -0.440158
vn 0.113967 0.929217 -0.351522
vn -0.140921 0.966680 -0.213710
vn -0.412169 0.911083 -0.006692
vn -0.648323 0.711706 0.270465
vn -0.521501 0.310063 0.794920
vn -0.530286 0.389731 0.752932
vn -0.447216 0.045486 0.893269
vn -0.465611 0.090815 0.880318
vn -0.345984 -0.157498 0.924927
vn -0.353848 -0.143936 0.924161
vn -0.252834 -0.318155 0.913702
vn -0.248154 -0.326386 0.912081
vn -0.173206 -0.469279 0.865897
vn -0.159138 -0.498748 0.852013
vn -0.090406 -0.635826 0.766519
vn -0.061233 -0.689353 0.721833
vn 0.087734 -0.870001 0.485182
vn 0.201725 -0.888931 0.411228
vn 0.443764 -0.871862 0.207195
vn 0.683797 -0.729370 -0.020990
vn 0.855200 -0.462187 -0.234557
vn 0.910652 -0.128932 -0.392542
vn 0.855161 0.194943 -0.480309
vn 0.749851 0.467753 -0.467901
vn 0.532237 0.669553 -0.518095
vn 0.600006 0.768747 -0.221408
vn 0.800625 0.556333 -0.222469
vn 0.354363 0.913316 -0.200701
vn 0.079455 0.984003 -0.159453
vn -0.209262 0.973371 -0.093583
vn -0.491072 0.871117 0.001906
vn -0.732254 0.668895 0.127998
vn -0.905137 0.320508 0.279289
vn -0.851060 0.509596 0.126531
vn -0.859598 -0.048898 0.508625
vn -0.903671 0.128621 0.408455
vn -0.710152 -0.323818 0.625162
vn -0.779976 -0.218465 0.586438
vn -0.543918 -0.506060 0.669370
vn -0.596226 -0.456132 0.660650
vn -0.383053 -0.630351 0.675225
vn -0.410961 -0.611496 0.676153
vn -0.223866 -0.719425 0.657504
vn -0.305722 -0.816574 0.489633
vn -0.056220 -0.782701 0.619854
vn -0.067954 -0.903807 0.422511
vn 0.204030 -0.923326 0.325332
vn 0.493165 -0.846195 0.201847
vn 0.754176 -0.653364 0.065829
vn 0.929675 -0.363765 -0.058131
vn 0.988379 -0.033114 -0.148359
vn 0.859772 0.307326 -0.407850
vn 0.541985 0.659544 0.520820
vn 0.786977 0.483053 0.383831
vn 0.245587 0.755671 0.607165
vn -0.060344 0.764887 0.641331
vn -0.341721 0.696684 0.630760
vn -0.578083 0.568318 0.585521
vn -0.761126 0.397088 0.512843
vn -0.879072 0.199320 0.433018
vn -0.873786 0.217578 0.434924
vn -0.917137 -0.057993 0.394330
vn -0.917165 -0.059502 0.394041
vn -0.891865 -0.302704 0.336075
vn -0.886917 -0.323114 0.330114
vn -0.806504 -0.532058 0.257808
vn -0.786678 -0.567455 0.243173
vn -0.654034 -0.739157 0.160895
vn -0.609466 -0.780917 0.136822
vn -0.285062 -0.861878 -0.419411
vn 0.067226 -0.868225 -0.491595
vn 0.383454 -0.785133 -0.486342
vn 0.640124 -0.643075 -0.420352
vn 0.832840 -0.460085 -0.307733
vn 0.956953 -0.243768 -0.157541
vn 0.999786 -0.001105 0.020649
vn 0.969490 0.241448 0.042345
vn 0.944989 0.251219 0.209489
vn 0.469350 0.528695 0.707242
vn 0.740292 0.365038 0.564549
vn 0.168454 0.620551 0.765859
vn -0.123667 0.647684 0.751806
vn -0.391642 0.619993 0.679872
vn -0.628731 0.541282 0.558310
vn -0.824562 0.409835 0.390043
vn -0.904430 0.170273 0.391169
vn -0.957974 0.224139 0.179020
vn -0.988103 0.002064 0.153781
vn -0.998172 -0.006998 -0.060037
vn -0.968560 -0.205497 -0.140221
vn -0.920763 -0.255531 -0.294787
vn -0.796895 -0.411847 -0.441973
vn -0.731525 -0.479476 -0.484741
vn -0.496519 -0.554336 -0.667967
vn -0.467785 -0.644760 -0.604534
vn -0.174023 -0.738290 -0.651648
vn 0.116713 -0.762864 -0.635938
vn 0.385093 -0.726874 -0.568645
vn 0.619640 -0.638011 -0.457153
vn 0.810059 -0.500785 -0.304989
vn 0.941162 -0.318264 -0.113680
vn 0.989023 -0.096925 0.111532
vn 0.925137 0.143532 0.351454
vn 0.542651 0.713261 0.443609
vn 0.756840 0.475281 0.448667
vn 0.266363 0.874913 0.404447
vn -0.039336 0.941117 0.335786
vn -0.338454 0.908282 0.245911
vn -0.600661 0.786362 0.144365
vn -0.804860 0.592113 0.040036
vn -0.937050 0.344180 -0.058966
vn -0.987548 0.061765 -0.144687
vn -0.949625 -0.233534 -0.208984
vn -0.821518 -0.515461 -0.243738
vn -0.610796 -0.753671 -0.242709
vn -0.337639 -0.918863 -0.204185
vn -0.033381 -0.990630 -0.132430
vn 0.266700 -0.963070 -0.036967
vn 0.531903 -0.843866 0.070494
vn 0.739658 -0.648809 0.178754
vn 0.874560 -0.397142 0.278251
vn 0.926127 -0.109561 0.360951
vn 0.887395 0.190549 0.419786
vn 0.028309 0.889946 0.455187
vn 0.334903 0.777675 0.532036
vn 0.189710 0.931008 0.311825
vn -0.150500 0.949263 0.276132
vn -0.464150 0.853090 0.238334
vn -0.845293 0.530140 0.066570
vn -0.948546 0.315374 -0.028279
vn -0.990629 0.050057 -0.127075
vn -0.937628 -0.265729 -0.224148
vn -0.748829 -0.593349 -0.295282
vn -0.433063 -0.846788 -0.308881
vn -0.076063 -0.962952 -0.258722
vn 0.239874 -0.956305 -0.167157
vn 0.488607 -0.870698 -0.056100
vn 0.676316 -0.733829 0.063968
vn 0.811230 -0.553162 0.189521
vn 0.890771 -0.325758 0.316874
vn 0.898649 -0.049754 0.435839
vn 0.810204 0.259511 0.525570
vn 0.613681 0.555799 0.560788
vn -0.373435 0.784187 0.495577
vn -0.077839 0.781090 0.619548
vn -0.615989 0.712611 0.335772
vn -0.590494 0.724357 0.355842
vn -0.752199 0.624809 0.209309
vn -0.750655 0.626105 0.210974
vn -0.856379 0.510648 0.076511
vn -0.868247 0.492772 0.057647
vn -0.942860 0.313659 -0.112401
vn -0.950243 0.070941 -0.303326
vn -0.835144 -0.238413 -0.495676
vn -0.555451 -0.549970 -0.623704
vn -0.184586 -0.752847 -0.631783
vn 0.150374 -0.821273 -0.550362
vn 0.406219 -0.804197 -0.433882
vn 0.595623 -0.741838 -0.308074
vn 0.738334 -0.650623 -0.177631
vn 0.845948 -0.531853 -0.038786
vn 0.918967 -0.377084 0.115355
vn 0.941524 -0.170507 0.290620
vn 0.871738 0.101016 0.479446
vn 0.651642 0.412706 0.636425
vn 0.293254 0.665678 0.686203
vn -0.960825 -0.189747 0.202020
vn -0.873289 -0.486487 0.026399
vn -0.689082 -0.713855 -0.124806
vn -0.460592 -0.853040 -0.245311
vn -0.200413 -0.916668 -0.345767
vn 0.056353 -0.905794 -0.419955
vn 0.271842 -0.852042 -0.447355
vn 0.627933 -0.631676 -0.454627
vn 0.745429 -0.457436 -0.484858
vn 0.874204 -0.328920 -0.357184
vn -0.811005 -0.562939 -0.159282
vn -0.623380 -0.740027 -0.252502
vn -0.385890 -0.856231 -0.343449
vn -0.096335 -0.897567 -0.430224
vn -0.049487 -0.896201 -0.440880
vn 0.072763 -0.876476 -0.475915
vn 0.220455 -0.832666 -0.508004
vn 0.670832 -0.467024 -0.576084
vn 0.670832 -0.467024 -0.576084
vn 0.180457 -0.872854 -0.453389
vn 0.195340 -0.930919 -0.308598
vn 0.195340 -0.930919 -0.308598
vn 0.168847 -0.831469 -0.529292
vn 0.207980 -0.978133 0.000000
vn 0.207980 -0.978133 0.000000
vn 0.195340 -0.930919 0.308598
vn 0.195340 -0.930919 0.308598
vn 0.158658 -0.793896 0.586989
vn 0.158658 -0.793897 0.586989
vn 0.101525 -0.580481 0.807920
vn 0.101525 -0.580481 0.807920
vn 0.067595 -0.451263 0.889827
vn 0.044678 -0.367395 0.928991
vn 0.890342 0.238531 -0.387808
vn 0.890282 0.238476 -0.387979
vn 0.890385 0.238362 -0.387812
vn 0.890410 0.238343 -0.387766
vn 0.890408 0.238317 -0.387786
vn 0.890416 0.238319 -0.387767
vn 0.890431 0.238158 -0.387831
vn 0.890463 0.238316 -0.387662
vn 0.890430 0.238479 -0.387636
vn 0.890358 0.238241 -0.387949
vn 0.890462 0.238232 -0.387716
vn 0.890440 0.238344 -0.387698
vn 0.890350 0.238346 -0.387903
vn 0.890449 0.238214 -0.387756
vn 0.890335 0.238520 -0.387829
vn 0.890257 0.238642 -0.387933
vn 0.890359 0.238150 -0.388002
vn 0.890395 0.238310 -0.387820
vn 0.890349 0.238531 -0.387791
vn 0.890320 0.238360 -0.387962
vn 0.890444 0.238409 -0.387649
vn -0.328508 0.892919 -0.307861
vn -0.289105 0.753276 -0.590757
vn -0.187954 0.789929 -0.583682
vn -0.250325 0.920677 -0.299485
vn -0.221916 0.530622 -0.818043
vn -0.122680 0.574748 -0.809082
vn -0.150410 0.276109 -0.949284
vn -0.061352 0.297243 -0.952829
vn -0.080617 -0.011186 -0.996682
vn -0.009969 -0.014242 -0.999849
vn -0.003853 -0.318629 -0.947872
vn 0.026708 -0.326849 -0.944699
vn 0.067951 -0.588016 -0.805990
vn 0.045585 -0.606588 -0.793709
vn 0.124948 -0.800923 -0.585586
vn 0.045562 -0.823695 -0.565200
vn 0.161543 -0.937617 -0.307861
vn 0.027482 -0.957770 -0.286220
vn 0.174152 -0.984719 0.000000
vn -0.006297 -0.999896 0.012938
vn 0.161542 -0.937617 0.307860
vn -0.052432 -0.951360 0.303589
vn 0.124948 -0.800922 0.585586
vn -0.107008 -0.820730 0.561206
vn 0.067951 -0.588016 0.805990
vn -0.165761 -0.621242 0.765886
vn -0.003860 -0.319116 0.947708
vn -0.224114 -0.369368 0.901854
vn -0.080638 0.008237 0.996709
vn -0.277142 -0.084595 0.957098
vn -0.144756 0.286730 0.947012
vn -0.319625 0.210172 0.923941
vn -0.213098 0.545005 0.810900
vn -0.346431 0.488555 0.800812
vn -0.278009 0.742926 0.608910
vn -0.353367 0.722084 0.594750
vn -0.332244 0.895205 0.297022
vn -0.338392 0.883713 0.323330
vn -0.341119 0.940020 0.000000
vn -0.302615 0.953009 0.014090
vn -0.032832 0.809344 -0.586416
vn -0.113010 0.938779 -0.325459
vn 0.033553 0.607678 -0.793474
vn 0.081590 0.349627 -0.933330
vn 0.107320 0.052183 -0.992854
vn 0.107199 -0.261230 -0.959306
vn 0.079519 -0.557036 -0.826672
vn 0.026670 -0.795654 -0.605164
vn -0.044108 -0.944903 -0.324366
vn -0.123096 -0.992115 -0.023582
vn -0.201631 -0.943601 0.262606
vn -0.273779 -0.814714 0.511161
vn -0.335705 -0.621103 0.708190
vn -0.384149 -0.375993 0.843243
vn -0.415141 -0.092605 0.905032
vn -0.423670 0.210575 0.881000
vn -0.404958 0.504899 0.762290
vn -0.357503 0.752543 0.553056
vn -0.285952 0.917362 0.276910
vn -0.200545 0.979271 -0.028463
vn 0.061250 0.898703 -0.434260
vn 0.061250 0.898703 -0.434260
vn -0.098484 0.772210 -0.627689
vn -0.236542 0.901357 -0.362773
vn 0.287000 0.724992 -0.626113
vn 0.287000 0.724992 -0.626113
vn -0.196512 0.562504 -0.803102
vn 0.437802 0.508346 -0.741562
vn 0.437802 0.508346 -0.741562
vn 0.437802 0.508346 -0.741562
vn 0.437802 0.508346 -0.741562
vn 0.528796 0.273319 -0.803537
vn 0.528796 0.273319 -0.803537
vn 0.528796 0.273319 -0.803537
vn 0.528796 0.273319 -0.803537
vn 0.569162 0.017591 -0.822037
vn 0.569162 0.017591 -0.822037
vn 0.569162 0.017591 -0.822037
vn 0.569162 0.017591 -0.822037
vn 0.552825 -0.268166 -0.788968
vn 0.552825 -0.268166 -0.788968
vn 0.234706 -0.498639 -0.834429
vn 0.031883 -0.333375 -0.942255
vn 0.456501 -0.578004 -0.676401
vn 0.456501 -0.578004 -0.676401
vn 0.197331 -0.746000 -0.636038
vn 0.256855 -0.853273 -0.453818
vn 0.256855 -0.853273 -0.453818
vn 0.114756 -0.925326 -0.361390
vn -0.014379 -0.988483 -0.150646
vn -0.014379 -0.988483 -0.150646
vn 0.041781 -0.996128 -0.077353
vn -0.268881 -0.953680 0.134896
vn -0.268881 -0.953680 0.134896
vn -0.268881 -0.953680 0.134896
vn -0.268881 -0.953680 0.134896
vn -0.457408 -0.820257 0.343449
vn -0.457408 -0.820257 0.343449
vn -0.457408 -0.820257 0.343449
vn -0.457408 -0.820257 0.343449
vn -0.586196 -0.653140 0.479355
vn -0.586196 -0.653140 0.479355
vn -0.586196 -0.653140 0.479355
vn -0.586196 -0.653140 0.479355
vn -0.674266 -0.477612 0.563251
vn -0.674266 -0.477612 0.563251
vn -0.674266 -0.477612 0.563251
vn -0.674266 -0.477612 0.563251
vn -0.734972 -0.296733 0.609726
vn -0.734972 -0.296733 0.609726
vn -0.734972 -0.296733 0.609726
vn -0.734972 -0.296733 0.609726
vn -0.774050 -0.104839 0.624384
vn -0.774050 -0.104839 0.624385
vn -0.774050 -0.104839 0.624385
vn -0.774050 -0.104839 0.624385
vn -0.789715 0.107189 0.604037
vn -0.789715 0.107189 0.604037
vn -0.789715 0.107189 0.604037
vn -0.789715 0.107189 0.604037
vn -0.770030 0.347651 0.534969
vn -0.770030 0.347651 0.534969
vn -0.770030 0.347651 0.534969
vn -0.770030 0.347651 0.534969
vn -0.687767 0.611312 0.391502
vn -0.687767 0.611312 0.391502
vn -0.687767 0.611312 0.391502
vn -0.687767 0.611312 0.391502
vn -0.506220 0.849144 0.150651
vn -0.506220 0.849144 0.150651
vn -0.374372 0.925926 -0.050072
vn -0.450078 0.860524 0.238598
vn -0.228691 0.960858 -0.156374
vn -0.228691 0.960858 -0.156374
vn -0.410406 0.699639 -0.584869
vn -0.428280 0.851201 -0.303371
vn -0.375562 0.474750 -0.795969
vn -0.321930 0.197600 -0.925913
vn -0.324505 0.209667 -0.922354
vn -0.257450 -0.068926 -0.963830
vn -0.257450 -0.068924 -0.963830
vn -0.176349 -0.343748 -0.922355
vn -0.088134 -0.598896 -0.795962
vn -0.005965 -0.811104 -0.584871
vn 0.054272 -0.951325 -0.303372
vn 0.080853 -0.996600 0.015827
vn 0.073969 -0.953388 0.292540
vn 0.071092 -0.941033 0.330762
vn 0.035925 -0.815171 0.578105
vn 0.030585 -0.796211 0.604246
vn -0.025934 -0.601522 0.798435
vn -0.031068 -0.583576 0.811464
vn -0.101122 -0.337494 0.935880
vn -0.104097 -0.326827 0.939334
vn -0.180343 -0.048281 0.982418
vn -0.180343 -0.048282 0.982418
vn -0.256214 0.241832 0.935880
vn -0.253462 0.231104 0.939334
vn -0.322994 0.508109 0.798437
vn -0.318476 0.489999 0.811464
vn -0.376149 0.724088 0.578108
vn -0.371301 0.704994 0.604251
vn -0.408567 0.850689 0.330758
vn -0.427874 0.903700 0.015829
vn 0.152488 0.949158 -0.275402
vn 0.152488 0.949158 -0.275402
vn 0.178652 0.883857 -0.432297
vn -0.011652 0.979001 -0.203520
vn 0.281516 0.798864 -0.531569
vn 0.281516 0.798864 -0.531569
vn 0.343768 0.701996 -0.623719
vn 0.375700 0.563312 -0.735887
vn 0.375700 0.563312 -0.735887
vn 0.468807 0.451849 -0.758981
vn 0.426323 0.271786 -0.862775
vn 0.426323 0.271786 -0.862775
vn 0.543988 0.157833 -0.824115
vn 0.433591 -0.039346 -0.900250
vn 0.433591 -0.039346 -0.900250
vn 0.564307 -0.152061 -0.811440
vn 0.403374 -0.338299 -0.850202
vn 0.403374 -0.338300 -0.850202
vn 0.528580 -0.448728 -0.720587
vn 0.341620 -0.602099 -0.721646
vn 0.341620 -0.602099 -0.721646
vn 0.439092 -0.703303 -0.559074
vn 0.251863 -0.812471 -0.525791
vn 0.251863 -0.812471 -0.525791
vn 0.302250 -0.889464 -0.342782
vn 0.136949 -0.951092 -0.276892
vn 0.136949 -0.951092 -0.276892
vn 0.129718 -0.986998 -0.094913
vn 0.002812 -0.999989 0.003804
vn 0.002812 -0.999989 0.003804
vn -0.061852 -0.985662 0.156988
vn -0.139034 -0.947852 0.286787
vn -0.139034 -0.947852 0.286787
vn -0.253019 -0.887107 0.386035
vn -0.272577 -0.797005 0.538966
vn -0.272577 -0.797005 0.538966
vn -0.424482 -0.703345 0.570194
vn -0.381289 -0.564883 0.731797
vn -0.381289 -0.564883 0.731797
vn -0.559239 -0.453634 0.693878
vn -0.452112 -0.279252 0.847121
vn -0.452112 -0.279252 0.847121
vn -0.643968 -0.161723 0.747764
vn -0.477483 0.029104 0.878159
vn -0.477483 0.029104 0.878159
vn -0.669754 0.145678 0.728154
vn -0.455146 0.330749 0.826709
vn -0.455146 0.330749 0.826709
vn -0.633047 0.440070 0.636859
vn -0.387465 0.599630 0.700225
vn -0.387465 0.599630 0.700225
vn -0.536501 0.692938 0.481667
vn -0.280918 0.812946 0.510102
vn -0.280918 0.812946 0.510102
vn -0.389621 0.878496 0.276479
vn -0.145804 0.951444 0.271100
vn -0.145804 0.951444 0.271100
vn -0.208055 0.977277 0.040544
vn 0.004160 0.999990 0.001589
vn 0.004160 0.999990 0.001589
vn 0.194477 0.894409 -0.402755
vn -0.068830 0.964600 -0.254577
vn 0.434795 0.733771 -0.522046
vn 0.628758 0.496516 -0.598444
vn 0.755973 0.204777 -0.621749
vn 0.801303 -0.111724 -0.587734
vn 0.758085 -0.418709 -0.499990
vn 0.630631 -0.682312 -0.369804
vn 0.433874 -0.875215 -0.213898
vn 0.190007 -0.980496 -0.050242
vn -0.075608 -0.991603 0.104914
vn -0.337610 -0.910576 0.238475
vn -0.572192 -0.746173 0.340326
vn -0.757899 -0.513212 0.402744
vn -0.876941 -0.232524 0.420603
vn -0.917341 0.069810 0.391934
vn -0.874850 0.364805 0.318677
vn -0.753766 0.623808 0.206642
vn -0.566219 0.821670 0.065232
vn -0.330483 0.939186 -0.093329
vn 0.315230 0.945776 -0.078348
vn 0.014862 0.990322 -0.137988
vn 0.602466 0.759549 -0.245194
vn 0.814842 0.527318 -0.240765
vn 0.943604 0.245120 -0.222549
vn 0.979253 -0.062048 -0.192909
vn 0.916848 -0.367901 -0.155042
vn 0.757533 -0.642977 -0.112805
vn 0.478502 -0.876941 0.044837
vn 0.196602 -0.980395 -0.013192
vn -0.097282 -0.992359 -0.075897
vn -0.379552 -0.915014 -0.136713
vn -0.662702 -0.748636 0.019251
vn -0.850371 -0.525971 0.014973
vn -0.964328 -0.264710 0.000936
vn -0.999613 0.016974 -0.022022
vn -0.952061 0.301273 -0.053050
vn -0.754314 0.603076 -0.259442
vn -0.541773 0.808442 -0.230007
vn -0.278482 0.941627 -0.189172
vn 0.292393 0.897098 0.331243
vn 0.070299 0.994981 0.071209
vn 0.450807 0.729206 0.514813
vn 0.471284 0.698684 0.538267
vn 0.580570 0.475073 0.661245
vn 0.592060 0.442226 0.673722
vn 0.652065 0.189239 0.734166
vn 0.656009 0.160868 0.737410
vn 0.668680 -0.106667 0.735859
vn 0.667861 -0.126353 0.733482
vn 0.630688 -0.397923 0.666251
vn 0.628576 -0.406742 0.662913
vn 0.533123 -0.666153 0.521556
vn 0.534093 -0.664302 0.522922
vn 0.381215 -0.869200 0.314908
vn 0.178905 -0.982222 0.056860
vn -0.044163 -0.976416 -0.211332
vn -0.250865 -0.859476 -0.445385
vn -0.433464 -0.636815 -0.637633
vn -0.415876 -0.665342 -0.619974
vn -0.541020 -0.399714 -0.739950
vn -0.530785 -0.429016 -0.730899
vn -0.600494 -0.147464 -0.785914
vn -0.596652 -0.172714 -0.783694
vn -0.614700 0.109675 -0.781099
vn -0.615178 0.091851 -0.783019
vn -0.583127 0.364254 -0.726142
vn -0.584894 0.356222 -0.728700
vn -0.500801 0.608375 -0.615694
vn -0.357695 0.824677 -0.438136
vn -0.159640 0.966607 -0.200467
vn 0.951057 -0.300912 -0.070307
vn 0.809016 -0.572371 -0.133732
vn 0.784757 -0.603548 -0.141017
vn 0.962700 -0.263475 -0.061560
vn 0.587785 -0.787800 -0.184066
vn 0.587785 -0.787800 -0.184066
vn 0.309017 -0.926114 -0.216383
vn 0.309017 -0.926114 -0.216383
vn -0.000000 -0.973774 -0.227518
vn -0.000000 -0.973774 -0.227518
vn -0.309017 -0.926114 -0.216383
vn -0.309017 -0.926114 -0.216383
vn -0.453990 -0.867639 -0.202720
vn -0.532301 -0.824353 -0.192607
vn -0.891007 -0.442084 -0.103291
vn -0.951057 -0.300912 -0.070307
vn -0.951057 -0.300912 -0.070307
vn -0.846556 -0.518340 -0.121108
vn -1.000000 0.000000 -0.000000
vn -1.000000 0.000000 0.000000
vn -0.951057 0.300912 0.070307
vn -0.951057 0.300912 0.070307
vn -0.809019 0.572367 0.133732
vn -0.809018 0.572368 0.133732
vn -0.707110 0.688559 0.160880
vn -0.640634 0.747709 0.174699
vn 0.987688 0.152337 0.035593
vn 1.000000 0.000004 0.000001
vn 1.000000 0.000004 0.000001
vn 0.969612 0.238233 0.055662
vn -0.026073 0.240544 -0.970288
vn -0.026066 0.240615 -0.970271
vn -0.026098 0.240453 -0.970310
vn -0.026068 0.240601 -0.970274
vn -0.026074 0.240592 -0.970276
vn -0.026446 0.240459 -0.970299
vn -0.026466 0.240307 -0.970336
vn -0.026138 0.240354 -0.970333
vn -0.025875 0.240203 -0.970378
vn -0.025763 0.240241 -0.970371
vn -0.026046 0.240593 -0.970277
vn -0.026107 0.240610 -0.970271
vn -0.026089 0.240412 -0.970320
vn -0.025986 0.240543 -0.970291
vn -0.025854 0.240740 -0.970245
vn -0.026432 0.240508 -0.970287
vn -0.026598 0.240307 -0.970332
vn -0.026123 0.240335 -0.970338
vn -0.025810 0.240178 -0.970386
vn -0.025839 0.240334 -0.970346
vn -0.026098 0.240583 -0.970278
vn 0.961099 -0.274642 0.029341
vn 0.776398 -0.625370 -0.078221
vn 0.812232 -0.563447 -0.151017
vn 0.945279 -0.313481 -0.090431
vn 0.577992 -0.798585 -0.167891
vn 0.610684 -0.766247 -0.199828
vn 0.294758 -0.925164 -0.239141
vn 0.348100 -0.908253 -0.232172
vn -0.012346 -0.957405 -0.288485
vn 0.037532 -0.967931 -0.248396
vn -0.312767 -0.897609 -0.310604
vn -0.289378 -0.923341 -0.252393
vn -0.580729 -0.755015 -0.304477
vn -0.585507 -0.771697 -0.248326
vn -0.794579 -0.542699 -0.272255
vn -0.809847 -0.536052 -0.238320
vn -0.935567 -0.277610 -0.218282
vn -0.942023 -0.251334 -0.222314
vn -0.988731 0.018029 -0.148616
vn -0.978660 0.050315 -0.199230
vn -0.945944 0.316549 -0.070616
vn -0.924083 0.343241 -0.168096
vn -0.809202 0.587478 0.007817
vn -0.785322 0.605554 -0.128737
vn -0.591713 0.802240 0.079286
vn -0.572053 0.816070 -0.082372
vn -0.315983 0.938705 0.137798
vn -0.299182 0.953649 -0.032301
vn -0.047951 0.984622 0.167991
vn 0.010374 0.999826 0.015518
vn 0.288706 0.938055 0.191576
vn 0.325245 0.944157 0.052761
vn 0.565579 0.797157 0.211334
vn 0.609437 0.789697 0.070467
vn 0.815799 0.548170 0.184340
vn 0.829553 0.554949 0.062237
vn 0.943287 0.301762 0.138379
vn 0.962325 0.270503 0.027543
vn 0.996998 -0.004684 0.077286
vn 0.999216 -0.028882 -0.027062
vn 0.745974 -0.571299 -0.342257
vn 0.868883 -0.350245 -0.349816
vn 0.568705 -0.771677 -0.284762
vn 0.309573 -0.929795 -0.199113
vn -0.021890 -0.999756 0.003119
vn -0.333736 -0.941826 -0.039811
vn -0.605159 -0.788468 -0.110007
vn -0.805059 -0.560097 -0.195373
vn -0.916934 -0.283817 -0.280499
vn -0.936077 0.012657 -0.351568
vn -0.865772 0.303276 -0.398075
vn -0.714908 0.563946 -0.413365
vn -0.497149 0.772660 -0.394765
vn -0.230664 0.910177 -0.344053
vn 0.062339 0.961449 -0.267824
vn 0.356508 0.917263 -0.177569
vn 0.624310 0.776111 -0.088819
vn 0.836925 0.547013 -0.018251
vn 0.946143 0.216678 -0.240550
vn 0.946851 -0.091091 -0.308506
vn 0.825684 -0.321807 0.463343
vn 0.678401 -0.580295 0.450588
vn 0.605661 -0.508410 0.612123
vn 0.769921 -0.244208 0.589562
vn 0.479017 -0.784196 0.394436
vn 0.482069 -0.781802 0.395469
vn 0.240769 -0.922328 0.302227
vn 0.137749 -0.878455 0.457539
vn -0.119917 -0.947765 0.295568
vn -0.358887 -0.928476 0.095559
vn -0.554579 -0.822904 -0.123579
vn -0.686993 -0.642005 -0.340397
vn -0.743196 -0.404278 -0.533122
vn -0.718673 -0.133614 -0.682390
vn -0.617321 0.143423 -0.773527
vn -0.450304 0.400471 -0.798028
vn -0.234267 0.613782 -0.753917
vn 0.010321 0.763709 -0.645479
vn 0.260777 0.836003 -0.482798
vn 0.493695 0.822938 -0.281137
vn 0.686744 0.724413 -0.060071
vn 0.820878 0.548746 0.158229
vn 0.906276 0.273407 0.322355
vn 0.882514 0.312477 0.351464
vn 0.905991 -0.027234 0.422421
vn 0.865120 0.038971 0.500048
vn 0.603423 -0.414490 0.681234
vn 0.766025 -0.165484 0.621144
vn 0.272983 -0.638364 0.719703
vn 0.390595 -0.633802 0.667631
vn 0.146629 -0.802260 0.578687
vn -0.104225 -0.901627 0.419769
vn -0.334532 -0.919822 0.204980
vn -0.518084 -0.854240 -0.043162
vn -0.635228 -0.712880 -0.297134
vn -0.676211 -0.512220 -0.529499
vn -0.640990 -0.273134 -0.717308
vn -0.536391 -0.017686 -0.843785
vn -0.373282 0.231937 -0.898257
vn -0.165343 0.453398 -0.875838
vn 0.070207 0.624411 -0.777935
vn 0.312029 0.725451 -0.613481
vn 0.536009 0.743943 -0.399052
vn 0.718528 0.677522 -0.157106
vn 0.840569 0.534592 0.087490
vn 0.890506 0.331917 0.311176
vn 0.864614 0.090929 0.494140
vn 0.836402 -0.393352 0.381714
vn 0.941192 -0.114899 0.317737
vn 0.660450 -0.639051 0.394233
vn 0.433029 -0.829184 0.353467
vn 0.178932 -0.947705 0.264272
vn -0.076264 -0.987633 0.136988
vn -0.310843 -0.950347 -0.014716
vn -0.509440 -0.842171 -0.176690
vn -0.661979 -0.669973 -0.336036
vn -0.653511 -0.395486 -0.645379
vn -0.596102 -0.143132 -0.790048
vn -0.477052 0.115664 -0.871231
vn -0.301187 0.360988 -0.882595
vn -0.076034 0.566437 -0.820590
vn 0.180351 0.702729 -0.688219
vn 0.438040 0.747978 -0.498647
vn 0.533091 0.805669 -0.258287
vn 0.750757 0.654177 -0.091741
vn 0.897905 0.434773 0.068840
vn 0.962871 0.170043 0.209677
vn 0.940962 -0.337143 -0.030432
vn 0.996305 -0.022913 -0.082772
vn 0.794192 -0.607592 0.009575
vn 0.582679 -0.811970 0.034496
vn 0.313339 -0.949629 0.004844
vn 0.043678 -0.998514 -0.032589
vn -0.223802 -0.974350 0.023570
vn -0.497434 -0.867482 -0.005815
vn -0.738949 -0.672102 -0.047251
vn -0.845986 -0.468725 -0.254174
vn -0.913763 -0.394161 -0.098354
vn -0.937532 -0.160676 -0.308573
vn -0.986175 -0.062093 -0.153635
vn -0.921622 0.175647 -0.346066
vn -0.939229 0.275034 -0.205438
vn -0.793472 0.490654 -0.360084
vn -0.785495 0.567256 -0.247421
vn -0.573551 0.740521 -0.350239
vn -0.556306 0.783738 -0.276188
vn -0.294182 0.900327 -0.320731
vn -0.284060 0.913758 -0.290442
vn 0.014174 0.960831 -0.276772
vn 0.006530 0.957109 -0.289654
vn 0.296629 0.915030 -0.273372
vn 0.567129 0.787369 -0.241691
vn 0.793185 0.576528 -0.196147
vn 0.944739 0.296041 -0.140814
vn 0.955721 -0.264519 -0.128948
vn 0.974196 0.054319 -0.219069
vn 0.832602 -0.552983 -0.031372
vn 0.625781 -0.777635 0.060686
vn 0.383385 -0.907872 0.169661
vn 0.363681 -0.921092 0.139014
vn 0.099533 -0.958268 0.267984
vn 0.074336 -0.977085 0.199449
vn -0.219402 -0.945575 0.240313
vn -0.495555 -0.828731 0.260058
vn -0.730908 -0.632315 0.256811
vn -0.900382 -0.369814 0.229237
vn -0.981856 -0.066180 0.177704
vn -0.963740 0.245325 0.104978
vn -0.848500 0.528919 0.017062
vn -0.650793 0.755205 -0.078323
vn -0.393777 0.903159 -0.171006
vn -0.104517 0.962604 -0.249939
vn 0.191496 0.932542 -0.306097
vn 0.470851 0.816918 -0.333083
vn 0.710820 0.622579 -0.327310
vn 0.886791 0.361372 -0.288118
vn 0.975271 -0.214071 -0.054961
vn 0.987415 0.120125 -0.102872
vn 0.855953 -0.516991 -0.008014
vn 0.655243 -0.754739 0.032022
vn 0.403230 -0.913005 0.061866
vn 0.125717 -0.988830 0.080069
vn -0.159346 -0.983453 0.086195
vn -0.435716 -0.896538 0.079823
vn -0.684080 -0.726892 0.060513
vn -0.877892 -0.478007 0.028548
vn -0.985670 -0.168130 -0.013702
vn -0.984226 0.166002 -0.061177
vn -0.872666 0.476432 -0.107082
vn -0.673028 0.725080 -0.145918
vn -0.416661 0.892126 -0.174655
vn -0.131903 0.972426 -0.192324
vn 0.161315 0.966686 -0.198736
vn 0.445136 0.874336 -0.193367
vn 0.697007 0.695286 -0.175384
vn 0.888040 0.436434 -0.144602
vn -0.808112 0.442750 0.388494
vn -0.722851 0.574412 0.384107
vn -0.627270 0.553494 0.547884
vn -0.763260 0.412797 0.497024
vn 0.859591 -0.368113 -0.354395
vn 0.879611 -0.318193 -0.353606
vn 0.817158 -0.352581 -0.456003
vn 0.787319 -0.503991 -0.355135
vn 0.845122 -0.415722 -0.336070
vn 0.801741 -0.372654 -0.467270
vn 0.645308 -0.713301 -0.273459
vn 0.569699 -0.666639 -0.480662
vn 0.405055 -0.892083 -0.200295
vn 0.323042 -0.843395 -0.429336
vn 0.127973 -0.985913 -0.107700
vn 0.045534 -0.939746 -0.338827
vn -0.160403 -0.987044 -0.003929
vn -0.237151 -0.946888 -0.217171
vn -0.433967 -0.895186 0.101564
vn -0.498588 -0.863618 -0.074658
vn -0.667515 -0.717609 0.198646
vn -0.713345 -0.696595 0.076779
vn -0.834619 -0.483025 0.264759
vn -0.858993 -0.460428 0.223913
vn -0.936753 -0.156987 0.312809
vn -0.918918 -0.177375 0.352317
vn -0.917329 0.150236 0.368697
vn -0.885724 0.124092 0.447319
vn 0.725534 0.025059 -0.687730
vn 0.725623 0.025158 -0.687632
vn 0.725509 0.025164 -0.687752
vn 0.725349 0.025190 -0.687921
vn 0.725339 0.025100 -0.687934
vn 0.725568 0.024887 -0.687700
vn 0.725514 0.025085 -0.687750
vn 0.725444 0.025214 -0.687819
vn 0.725469 0.025177 -0.687794
vn 0.725489 0.025313 -0.687768
vn 0.725379 0.025170 -0.687889
vn 0.725406 0.025102 -0.687863
vn 0.725588 0.025214 -0.687668
vn 0.725653 0.025201 -0.687599
vn 0.725509 0.025336 -0.687747
vn 0.725446 0.025312 -0.687814
vn 0.725612 0.024942 -0.687652
vn 0.725645 0.024975 -0.687616
vn 0.725655 0.025473 -0.687587
vn 0.725556 0.025384 -0.687695
vn 0.725403 0.024982 -0.687871
vn -0.431514 0.571825 0.697718
vn -0.592381 0.347263 0.726976
vn 0.551028 -0.314093 -0.773119
vn 0.614203 -0.200644 -0.763215
vn 0.370438 -0.530350 -0.762565
vn 0.142684 -0.692742 -0.706930
vn -0.103902 -0.790845 -0.603132
vn -0.351414 -0.819265 -0.453115
vn -0.579530 -0.773313 -0.257160
vn -0.761241 -0.648193 -0.018928
vn -0.862036 -0.445249 0.242172
vn -0.856270 -0.185726 0.481983
vn -0.753785 0.089709 0.650969
vn -0.483040 0.660299 0.575046
vn -0.629213 0.401223 0.665666
vn 0.398966 -0.256896 -0.880245
vn 0.412552 -0.069647 -0.908268
vn 0.249313 -0.485331 -0.838032
vn 0.070614 -0.670032 -0.738966
vn -0.130170 -0.802526 -0.582244
vn -0.338176 -0.866812 -0.366434
vn -0.531575 -0.840976 -0.100933
vn -0.681388 -0.709217 0.180894
vn -0.764550 -0.482506 0.427378
vn -0.777401 -0.197430 0.597218
vn -0.729319 0.107004 0.675754
vn -0.517437 0.671627 0.530260
vn -0.649340 0.425270 0.630479
vn -0.312638 0.854133 0.415590
vn -0.339535 0.863169 0.373704
vn -0.128492 0.976656 0.172145
vn -0.132233 0.977400 0.164933
vn 0.301761 0.168062 -0.938454
vn 0.291186 0.117277 -0.949451
vn 0.259586 -0.002567 -0.965717
vn 0.311011 0.215817 -0.925578
vn 0.184782 -0.228905 -0.955750
vn 0.086638 -0.461262 -0.883024
vn -0.032617 -0.680766 -0.731774
vn -0.119852 -0.837775 -0.532699
vn -0.282996 -0.931591 -0.228146
vn -0.456879 -0.883807 0.100736
vn -0.604375 -0.704085 0.372820
vn -0.702981 -0.445556 0.554345
vn -0.744480 -0.153280 0.649812
vn -0.726393 0.143972 0.672031
vn -0.545281 0.682603 0.486541
vn -0.675753 0.463958 0.572800
vn -0.325627 0.829612 0.453553
vn -0.099810 0.929217 0.355801
vn 0.081995 0.993012 -0.084877
vn 0.149363 0.966679 0.207899
vn 0.280981 0.887367 -0.365554
vn 0.412107 0.911083 -0.009807
vn 0.407213 0.663086 -0.628088
vn 0.636979 0.711707 -0.296193
vn 0.489272 0.310072 -0.815149
vn 0.499731 0.389735 -0.773548
vn 0.411112 0.045489 -0.910449
vn 0.430009 0.090822 -0.898245
vn 0.308691 -0.157510 -0.938030
vn 0.316581 -0.143946 -0.937580
vn 0.216066 -0.318155 -0.923089
vn 0.211453 -0.326384 -0.921282
vn 0.138413 -0.469274 -0.872138
vn 0.124911 -0.498746 -0.857700
vn 0.059656 -0.635829 -0.769521
vn 0.032297 -0.689353 -0.723706
vn -0.107081 -0.870003 -0.481279
vn -0.218017 -0.888930 -0.402829
vn -0.451702 -0.871862 -0.189270
vn -0.682404 -0.729376 0.048333
vn -0.845130 -0.462178 0.268601
vn -0.894214 -0.128935 0.428668
vn -0.835256 0.194940 0.514145
vn -0.730516 0.467763 0.497538
vn -0.511083 0.669549 0.538980
vn -0.590669 0.768743 0.245244
vn -0.791081 0.556335 0.254328
vn -0.346040 0.913318 0.214725
vn -0.073007 0.984004 0.162497
vn 0.212831 0.973372 0.085143
vn 0.490603 0.871116 -0.021564
vn 0.726548 0.668892 -0.157197
vn 0.893235 0.320498 -0.315297
vn 0.845314 0.509594 -0.160491
vn 0.838561 -0.048879 -0.542611
vn 0.886600 0.128620 -0.444294
vn 0.684560 -0.323824 -0.653081
vn 0.755887 -0.218456 -0.617180
vn 0.516693 -0.506064 -0.690600
vn 0.569305 -0.456139 -0.683980
vn 0.355724 -0.630352 -0.690012
vn 0.383574 -0.611497 -0.692057
vn 0.197370 -0.719427 -0.665936
vn 0.285879 -0.816575 -0.501476
vn 0.031376 -0.782698 -0.621611
vn 0.050994 -0.903803 -0.424899
vn -0.216894 -0.923326 -0.316901
vn -0.500843 -0.846197 -0.181957
vn -0.756210 -0.653360 -0.035592
vn -0.926607 -0.363757 0.095293
vn -0.981650 -0.033130 0.187792
vn -0.842754 0.307341 0.441936
vn -0.562410 0.659542 -0.498698
vn -0.801691 0.483061 -0.352055
vn -0.269688 0.755670 -0.596852
vn 0.034647 0.764876 -0.643245
vn 0.316193 0.696700 -0.643919
vn 0.554189 0.568315 -0.608188
vn 0.740001 0.397078 -0.542888
vn 0.861045 0.199300 -0.467846
vn 0.855687 0.217562 -0.469539
vn 0.900621 -0.057975 -0.430722
vn 0.900659 -0.059488 -0.430435
vn 0.877703 -0.302693 -0.371504
vn 0.872995 -0.323110 -0.365348
vn 0.795537 -0.532064 -0.289878
vn 0.776315 -0.567454 -0.274464
vn 0.647068 -0.739158 -0.186943
vn 0.603498 -0.780919 -0.161105
vn 0.301631 -0.861884 0.407646
vn -0.047520 -0.868227 0.493886
vn -0.363705 -0.785120 0.501305
vn -0.622785 -0.643076 0.445636
vn -0.819860 -0.460083 0.340814
vn -0.949883 -0.243761 0.195713
vn -0.999812 -0.001113 0.019373
vn -0.970407 0.241448 -0.003513
vn -0.952623 0.251208 -0.171475
vn -0.497240 0.528705 -0.687912
vn -0.762330 0.365017 -0.534430
vn -0.198994 0.620548 -0.758500
vn 0.093483 0.647675 -0.756160
vn 0.364109 0.620012 -0.694989
vn 0.605899 0.541277 -0.583014
vn 0.808298 0.409820 -0.422732
vn 0.888053 0.170271 -0.427049
vn 0.950042 0.224131 -0.217221
vn 0.981155 0.002075 -0.193213
vn 0.999774 -0.006999 0.020058
vn 0.973393 -0.205504 0.101358
vn 0.931838 -0.255503 0.257677
vn 0.813982 -0.411819 0.409681
vn 0.750342 -0.479472 0.455075
vn 0.522828 -0.554343 0.647576
vn 0.491595 -0.644762 0.585334
vn 0.199971 -0.738298 0.644149
vn -0.091208 -0.762857 0.640102
vn -0.362032 -0.726885 0.583584
vn -0.600843 -0.638000 0.481605
vn -0.797208 -0.500792 0.337146
vn -0.935856 -0.318258 0.151282
vn -0.992691 -0.096939 -0.071885
vn -0.938451 0.143558 -0.314167
vn -0.559973 0.713257 -0.421539
vn -0.774182 0.475295 -0.418016
vn -0.282344 0.874909 -0.393466
vn 0.025838 0.941115 -0.337096
vn 0.328340 0.908282 -0.259261
vn 0.594422 0.786349 -0.168281
vn 0.802612 0.592116 -0.072200
vn 0.938671 0.344149 0.021416
vn 0.992547 0.061763 0.105053
vn 0.957236 -0.233503 0.170809
vn 0.830621 -0.515448 0.210671
vn 0.620008 -0.753681 0.218071
vn 0.345533 -0.918868 0.190498
vn 0.038641 -0.990630 0.130990
vn -0.265006 -0.963071 0.047610
vn -0.534291 -0.843871 -0.049147
vn -0.746225 -0.648801 -0.149018
vn -0.884987 -0.397163 -0.243020
vn -0.939831 -0.109559 -0.323597
vn -0.903475 0.190581 -0.383941
vn -0.046625 0.889941 -0.453686
vn -0.355810 0.777721 -0.518218
vn -0.202058 0.931002 -0.303987
vn 0.139315 0.949265 -0.281935
vn 0.454227 0.853094 -0.256727
vn 0.841979 0.530102 -0.100319
vn 0.948904 0.315415 -0.009759
vn 0.994920 0.049960 0.087401
vn 0.945883 -0.265644 0.186384
vn 0.759960 -0.593430 0.265144
vn 0.445154 -0.846770 0.291235
vn 0.086226 -0.962958 0.255493
vn -0.232973 -0.956307 0.176637
vn -0.486021 -0.870669 0.075617
vn -0.678260 -0.733898 -0.036844
vn -0.818144 -0.553185 -0.156929
vn -0.902762 -0.325656 -0.281014
vn -0.915372 -0.049785 -0.399520
vn -0.830583 0.259507 -0.492736
vn -0.635732 0.555732 -0.535730
vn 0.353356 0.784180 -0.510099
vn 0.052868 0.781071 -0.622200
vn 0.601997 0.712640 -0.360200
vn 0.575724 0.724383 -0.379224
vn 0.743225 0.624804 -0.239243
vn 0.741605 0.626108 -0.240854
vn 0.852635 0.510643 -0.110716
vn 0.865232 0.492790 -0.092365
vn 0.946588 0.313716 0.074525
vn 0.961600 0.070784 0.265170
vn 0.854357 -0.238348 0.461805
vn 0.579875 -0.550048 0.600993
vn 0.209785 -0.752821 0.623899
vn -0.128463 -0.821285 0.555867
vn -0.388446 -0.804215 0.449832
vn -0.582828 -0.741833 0.331656
vn -0.730652 -0.650608 0.207020
vn -0.843665 -0.531926 0.072688
vn -0.922851 -0.377076 -0.078489
vn -0.952396 -0.170441 -0.252767
vn -0.890196 0.101085 -0.444222
vn -0.676575 0.412726 -0.609839
vn -0.320600 0.665627 -0.673911
vn 0.987947 0.019656 -0.153538
vn 0.973219 -0.100138 -0.206924
vn 0.839575 -0.542925 0.018627
vn 0.754867 -0.653368 0.057321
vn 0.411747 -0.879308 0.239337
vn 0.220408 -0.914517 0.339233
vn 0.019336 -0.923444 0.383246
vn -0.318069 -0.868147 0.380988
vn -0.582925 -0.697983 0.415955
vn -0.673427 -0.609513 0.418318
vn 0.945707 0.251395 -0.206008
vn 0.945707 0.251395 -0.206008
vn 0.988490 0.066853 -0.135718
vn 0.994474 -0.064036 -0.083188
vn 0.785660 -0.601722 0.143766
vn 0.785660 -0.601722 0.143766
vn 0.332900 -0.876452 0.347865
vn 0.210455 -0.894577 0.394261
vn 0.067091 -0.896200 0.438548
vn -0.077390 0.953750 -0.290468
vn -0.008418 0.899852 -0.436114
vn 0.009928 0.902097 -0.431420
vn -0.083302 0.973537 -0.212806
vn 0.112570 0.742885 -0.659886
vn 0.120578 0.740992 -0.660599
vn 0.244996 0.464833 -0.850828
vn 0.235893 0.456534 -0.857864
vn 0.356646 0.072233 -0.931443
vn 0.325304 0.058390 -0.943805
vn 0.406561 -0.332866 -0.850828
vn 0.354938 -0.347852 -0.867766
vn 0.392766 -0.640534 -0.659887
vn 0.328152 -0.654252 -0.681374
vn 0.342390 -0.832211 -0.436113
vn 0.271011 -0.844836 -0.461308
vn 0.275395 -0.937032 -0.214776
vn 0.200819 -0.949119 -0.242581
vn 0.198508 -0.980099 -0.000001
vn 0.122763 -0.991994 -0.029616
vn 0.110922 -0.970344 0.214777
vn 0.035596 -0.982300 0.183902
vn 0.008418 -0.899851 0.436116
vn -0.064436 -0.912229 0.404583
vn -0.103026 -0.758263 0.643758
vn -0.179281 -0.765457 0.618008
vn -0.183202 -0.611052 0.770099
vn -0.307790 -0.273683 0.911243
vn -0.425638 -0.132420 0.895152
vn -0.308593 -0.520927 0.795868
vn -0.453057 0.124250 0.882780
vn -0.350231 0.753222 0.556772
vn -0.370540 0.749286 0.548882
vn -0.311527 0.839350 0.445469
vn 0.912906 0.184897 0.363889
vn 0.912909 0.184894 0.363885
vn 0.912906 0.184898 0.363888
vn 0.912906 0.184897 0.363889
vn 0.912905 0.184903 0.363889
vn 0.912905 0.184899 0.363891
vn 0.912906 0.184895 0.363890
vn 0.912906 0.184900 0.363889
vn 0.912905 0.184896 0.363892
vn 0.912906 0.184897 0.363890
vn 0.912908 0.184899 0.363884
vn 0.912906 0.184902 0.363888
vn 0.912907 0.184896 0.363887
vn 0.912907 0.184899 0.363887
vn 0.912905 0.184904 0.363889
vn 0.912905 0.184904 0.363889
vn 0.400059 0.081142 0.912890
vn 0.400162 0.081233 0.912837
vn 0.400012 0.081064 0.912918
vn 0.400127 0.081048 0.912869
vn 0.400094 0.080870 0.912899
vn 0.400071 0.080919 0.912905
vn 0.399967 0.081195 0.912926
vn 0.399925 0.081347 0.912931
vn 0.400123 0.081128 0.912863
vn 0.400162 0.081054 0.912853
vn 0.399958 0.081078 0.912940
vn 0.400056 0.081197 0.912887
vn 0.400106 0.081179 0.912866
vn 0.399972 0.080770 0.912962
vn 0.399918 0.080678 0.912993
vn 0.399895 0.080950 0.912979
vn 0.399757 0.081329 0.913006
vn 0.399937 0.081201 0.912939
vn 0.400216 0.080766 0.912855
vn 0.399828 0.081006 0.913004
vn 0.399849 0.081032 0.912992
vn -0.061508 0.884500 -0.462469
vn -0.128774 0.964598 -0.230148
vn 0.015738 0.717036 -0.696859
vn 0.098646 0.432724 -0.896113
vn 0.168129 0.044130 -0.984777
vn 0.200672 -0.351908 -0.914271
vn 0.194868 -0.654752 -0.730292
vn 0.165392 -0.845907 -0.507038
vn 0.123192 -0.951649 -0.281404
vn 0.071910 -0.995642 -0.059372
vn 0.010686 -0.986222 0.165083
vn -0.063524 -0.914695 0.399120
vn -0.152884 -0.753342 0.639611
vn -0.250275 -0.464389 0.849532
vn -0.326104 -0.059123 0.943483
vn -0.450002 0.269045 0.851535
vn -0.350638 0.352238 0.867745
vn -0.381182 0.669002 0.638073
vn -0.332515 0.665229 0.668509
vn -0.293002 0.848225 0.441207
vn -0.235256 0.947653 0.215889
vn -0.243081 0.945586 0.216285
vn -0.162160 0.986762 -0.002092
vn -0.188336 0.982087 -0.005847
vn -0.288338 0.807202 -0.515059
vn -0.289659 0.916536 -0.275787
vn -0.267888 0.615852 -0.740920
vn -0.222778 0.328954 -0.917692
vn -0.154485 -0.031290 -0.987500
vn -0.077234 -0.389690 -0.917702
vn -0.007141 -0.671549 -0.740926
vn 0.048490 -0.855797 -0.515034
vn 0.089807 -0.957016 -0.275780
vn 0.119468 -0.992263 -0.033776
vn 0.139330 -0.967192 0.212429
vn 0.148674 -0.872747 0.464982
vn 0.142512 -0.685804 0.713697
vn 0.110597 -0.384037 0.916670
vn 0.043851 0.008873 0.998999
vn -0.047574 0.396823 0.916662
vn -0.135575 0.687215 0.713691
vn -0.202636 0.861811 0.464996
vn -0.248000 0.945183 0.212428
vn -0.276051 0.960550 -0.033772
vn -0.383089 0.787811 -0.482283
vn -0.321370 0.913451 -0.249656
vn -0.422702 0.578623 -0.697509
vn -0.428087 0.278040 -0.859905
vn -0.388803 -0.084089 -0.917475
vn -0.311476 -0.433169 -0.845782
vn -0.217184 -0.703155 -0.677055
vn -0.123206 -0.877831 -0.462854
vn -0.035371 -0.971479 -0.234471
vn 0.047520 -0.998870 -0.001206
vn 0.127744 -0.963001 0.237297
vn 0.204130 -0.853264 0.479866
vn 0.267700 -0.649250 0.711907
vn 0.298868 -0.338395 0.892282
vn 0.275391 0.048104 0.960128
vn 0.194287 0.423208 0.884956
vn 0.079617 0.707247 0.702469
vn -0.040223 0.881022 0.471363
vn -0.149428 0.961960 0.228701
vn -0.243211 0.969897 -0.012209
vn -0.501653 0.761678 -0.410110
vn -0.349137 0.910620 -0.221077
vn -0.623310 0.529415 -0.575503
vn -0.691328 0.218296 -0.688776
vn -0.686650 -0.135004 -0.714343
vn -0.612490 -0.462332 -0.641174
vn -0.492415 -0.712997 -0.499162
vn -0.350124 -0.878900 -0.323957
vn -0.199875 -0.970596 -0.134141
vn -0.048203 -0.996764 0.064335
vn 0.103927 -0.957117 0.270420
vn 0.256852 -0.838620 0.480358
vn 0.400458 -0.618273 0.676293
vn 0.505444 -0.285457 0.814273
vn 0.279143 0.073396 0.957441
vn 0.217345 0.449980 0.866187
vn 0.124393 0.722953 0.679606
vn 0.023373 0.887232 0.460732
vn -0.009617 0.983878 0.178582
vn -0.181595 0.983102 -0.023096
vn -0.748274 0.613213 -0.253092
vn -0.516690 0.821854 -0.239973
vn -0.881298 0.286818 -0.375565
vn -0.926247 0.044807 -0.374244
vn -0.920167 -0.172089 -0.351679
vn -0.873888 -0.374747 -0.309651
vn -0.784112 -0.570558 -0.244198
vn -0.519383 -0.852425 0.060102
vn -0.246819 -0.955630 0.160785
vn 0.058416 -0.965721 0.252924
vn 0.364047 -0.875236 0.318484
vn 0.599503 -0.685043 0.413899
vn 0.815482 -0.375403 0.440525
vn 0.910079 -0.067953 0.408826
vn 0.918254 0.167613 0.358770
vn 0.914477 0.204093 0.349396
vn 0.861568 0.418192 0.287777
vn 0.851832 0.442843 0.279773
vn 0.734997 0.645635 0.207207
vn 0.724474 0.659163 0.201595
vn 0.520698 0.846901 0.107850
vn 0.407209 0.909002 -0.088856
vn 0.096438 0.983285 -0.154435
vn -0.224248 0.952556 -0.205790
vn -0.657356 0.752099 -0.047218
vn -0.489069 0.851733 -0.188047
vn -0.835815 0.516186 0.186988
vn -0.806538 0.575436 0.135534
vn -0.888808 0.184616 0.419448
vn -0.889453 0.283328 0.358607
vn -0.769779 -0.211001 0.602427
vn -0.816964 -0.111897 0.565728
vn -0.522097 -0.528175 0.669661
vn -0.576898 -0.474448 0.664897
vn -0.257642 -0.715233 0.649663
vn -0.290701 -0.697199 0.655292
vn -0.037051 -0.803418 0.594261
vn 0.177411 -0.839146 0.514160
vn 0.365983 -0.828666 0.423519
vn 0.543749 -0.776550 0.318288
vn 0.693802 -0.689370 0.208346
vn 0.717315 -0.670738 0.188599
vn 0.849206 -0.525085 0.055995
vn 0.876480 -0.480980 0.021019
vn 0.957784 -0.252841 -0.136828
vn 0.967727 -0.167769 -0.188038
vn 0.930252 0.132026 -0.342346
vn 0.891261 0.236571 -0.386895
vn 0.711920 0.514333 -0.478155
vn 0.645141 0.583730 -0.493004
vn 0.404895 0.761998 -0.505390
vn 0.354560 0.788926 -0.501879
vn 0.096760 0.883961 -0.457438
vn -0.120857 0.914070 -0.387130
vn -0.312051 0.902014 -0.298321
vn -0.499572 -0.809282 -0.309016
vn -0.424961 -0.688416 -0.587785
vn -0.277735 -0.762506 -0.584336
vn -0.372805 -0.872957 -0.314582
vn -0.308753 -0.500164 -0.809017
vn -0.153941 -0.583383 -0.797475
vn -0.162320 -0.262950 -0.951057
vn -0.012420 -0.352462 -0.935744
vn 0.000000 0.000000 -1.000000
vn 0.134293 -0.090120 -0.986835
vn 0.162321 0.262952 -0.951057
vn 0.272688 0.180664 -0.944988
vn 0.308752 0.500164 -0.809017
vn 0.388991 0.435300 -0.811911
vn 0.424961 0.688417 -0.587784
vn 0.470352 0.649113 -0.597847
vn 0.499571 0.809282 -0.309018
vn 0.511325 0.790141 -0.337971
vn 0.525280 0.850929 -0.000000
vn 0.525280 0.850929 -0.000000
vn 0.499571 0.809282 0.309018
vn 0.455814 0.827613 0.327552
vn 0.424961 0.688417 0.587784
vn 0.330124 0.745286 0.579281
vn 0.308752 0.500164 0.809017
vn 0.199461 0.563850 0.801429
vn 0.162321 0.262952 0.951057
vn 0.053265 0.324645 0.944335
vn 0.000000 0.000000 1.000000
vn -0.094500 0.050570 0.994240
vn -0.162320 -0.262951 0.951057
vn -0.229871 -0.231597 0.945263
vn -0.308753 -0.500164 0.809017
vn -0.339802 -0.492728 0.801095
vn -0.424961 -0.688417 0.587784
vn -0.413653 -0.704785 0.576342
vn -0.499572 -0.809282 0.309016
vn -0.444624 -0.845628 0.295335
vn -0.525281 -0.850929 0.000002
vn -0.430355 -0.902581 -0.011933
vn -0.835852 0.516207 0.186765
vn -0.835838 0.516146 0.186997
vn -0.835991 0.516062 0.186547
vn -0.836200 0.515745 0.186484
vn -0.836243 0.515724 0.186350
vn -0.835890 0.516265 0.186436
vn -0.835759 0.516461 0.186482
vn -0.835925 0.516114 0.186699
vn -0.835988 0.516011 0.186699
vn -0.835956 0.516113 0.186558
vn -0.835925 0.516085 0.186777
vn -0.835942 0.516044 0.186817
vn -0.836110 0.515905 0.186447
vn -0.836277 0.515733 0.186173
vn -0.836017 0.516111 0.186292
vn -0.835652 0.516640 0.186464
vn -0.835903 0.516162 0.186666
vn -0.836147 0.515729 0.186767
vn -0.836074 0.515903 0.186615
vn -0.836063 0.516031 0.186310
vn -0.836048 0.516113 0.186147
vn 0.104233 -0.872256 -0.477813
vn -0.051502 -0.965280 -0.256092
vn 0.252096 -0.722428 -0.643852
vn 0.389835 -0.530695 -0.752590
vn 0.514170 -0.305933 -0.801271
vn 0.618385 -0.055247 -0.783931
vn 0.690338 0.210886 -0.692069
vn 0.711926 0.472528 -0.519499
vn 0.762373 0.556036 -0.331075
vn 0.113012 0.835957 0.537033
vn 0.352048 0.867255 0.352038
vn -0.113032 0.706926 0.698197
vn -0.303803 0.525100 0.794968
vn -0.442353 0.295159 0.846880
vn -0.522832 0.006693 0.852409
vn -0.421563 -0.374893 0.825676
vn -0.401806 -0.665321 0.629206
vn -0.360491 -0.878679 0.313001
vn -0.210449 -0.977490 0.015017
vn 0.253810 -0.925137 -0.282314
vn 0.019598 -0.991626 -0.127646
vn 0.446380 -0.802329 -0.396248
vn 0.609376 -0.642715 -0.464304
vn 0.670549 -0.445127 -0.593487
vn 0.806660 -0.175860 -0.564245
vn 0.926265 -0.051119 -0.373389
vn 0.954682 0.160943 -0.250359
vn 0.921129 0.378890 -0.089242
vn 0.761707 0.647339 -0.027493
vn 0.789058 0.606029 0.100575
vn 0.497631 0.817011 0.291300
vn 0.053594 0.909243 0.412802
vn -0.357671 0.829761 0.428449
vn -0.623876 0.670770 0.401056
vn -0.746773 0.460993 0.479390
vn -0.885291 0.277539 0.373139
vn -0.798345 -0.181344 0.574247
vn -0.926735 -0.002823 0.375706
vn -0.643431 -0.601859 0.473036
vn -0.856155 -0.379230 0.350976
vn -0.610222 -0.754974 0.240089
vn -0.275100 -0.959686 0.057640
vn 0.327107 -0.942165 -0.072983
vn -0.041711 -0.999129 0.001504
vn 0.570492 -0.814003 -0.109262
vn 0.731010 -0.671486 -0.121372
vn 0.796725 -0.591873 -0.122128
vn 0.981124 -0.180951 -0.068217
vn 0.952702 -0.290266 -0.090024
vn 0.998655 0.050095 -0.013405
vn 0.933891 0.349614 0.074957
vn 0.696341 0.689828 0.198110
vn 0.264285 0.913159 0.310311
vn -0.168199 0.917270 0.361005
vn -0.471476 0.801581 0.367667
vn -0.668883 0.651256 0.358416
vn -0.795775 0.497506 0.345298
vn -0.802058 0.487917 0.344441
vn -0.893585 0.306539 0.327932
vn -0.947491 0.090505 0.306706
vn -0.943969 -0.184477 0.273662
vn -0.820328 -0.530535 0.213528
vn -0.492443 -0.863024 0.112647
vn 0.194708 -0.976259 0.094911
vn 0.194708 -0.976259 0.094911
vn 0.274768 -0.957798 0.084411
vn -0.039612 -0.995782 0.082754
vn 0.452089 -0.891427 0.031222
vn 0.452089 -0.891427 0.031222
vn 0.521623 -0.849457 0.079578
vn 0.645164 -0.763915 -0.014011
vn 0.645164 -0.763915 -0.014011
vn 0.710703 -0.698944 0.079861
vn 0.791509 -0.610033 -0.037057
vn 0.791509 -0.610033 -0.037057
vn 0.850638 -0.517739 0.091444
vn 0.900047 -0.434214 -0.037059
vn 0.900047 -0.434214 -0.037059
vn 0.943854 -0.308932 0.117048
vn 0.972047 -0.234369 -0.014009
vn 0.972047 -0.234369 -0.014009
vn 0.985021 -0.072006 0.156678
vn 0.999502 -0.004611 0.031227
vn 0.999502 -0.004611 0.031227
vn 0.959245 0.193159 0.206247
vn 0.960008 0.263398 0.094905
vn 0.960008 0.263398 0.094905
vn 0.840267 0.479070 0.253858
vn 0.805777 0.569099 0.163861
vn 0.805777 0.569099 0.163861
vn 0.597956 0.752879 0.274996
vn 0.473499 0.857307 0.202047
vn 0.473499 0.857307 0.202047
vn 0.237666 0.941489 0.238984
vn 0.001195 0.986715 0.162459
vn 0.001195 0.986715 0.162459
vn -0.153808 0.977782 0.142425
vn -0.407039 0.911238 0.062967
vn -0.407039 0.911238 0.062967
vn -0.471404 0.881560 0.025112
vn -0.654969 0.755057 -0.030078
vn -0.654969 0.755057 -0.030078
vn -0.689932 0.720253 -0.072311
vn -0.796400 0.599296 -0.081193
vn -0.796400 0.599295 -0.081193
vn -0.837139 0.530404 -0.133677
vn -0.892662 0.443353 -0.081194
vn -0.892662 0.443353 -0.081194
vn -0.937674 0.310695 -0.155680
vn -0.968512 0.247142 -0.030084
vn -0.968512 0.247142 -0.030084
vn -0.989818 0.039074 -0.136874
vn -0.997021 -0.044529 0.062970
vn -0.997022 -0.044529 0.062970
vn -0.950326 -0.300865 -0.079752
vn -0.881541 -0.443274 0.162458
vn -0.881541 -0.443274 0.162458
vn -0.751807 -0.659377 -0.003046
vn -0.554211 -0.807482 0.202046
vn -0.554212 -0.807482 0.202046
vn -0.408848 -0.910801 0.057319
vn -0.147579 -0.975383 0.163856
vn -0.147579 -0.975383 0.163856
vn 0.070013 -0.974020 0.215369
vn -0.196569 -0.979933 0.033056
vn 0.325728 -0.868393 0.373892
vn 0.540235 -0.680453 0.495106
vn 0.766241 -0.497520 0.406632
vn 0.859210 -0.231478 0.456264
vn 0.875955 0.049052 0.479892
vn 0.723710 0.389909 0.569398
vn 0.595985 0.631187 0.496392
vn 0.407801 0.826067 0.388989
vn 0.169251 0.954022 0.247379
vn -0.101516 0.991963 0.075522
vn -0.410270 0.911804 0.017071
vn -0.665915 0.737026 -0.115544
vn -0.844206 0.488670 -0.220267
vn -0.936713 0.202320 -0.285718
vn -0.946388 -0.095183 -0.308690
vn -0.876457 -0.384537 -0.289750
vn -0.640518 -0.701907 -0.311551
vn -0.441512 -0.884493 -0.150795
vn -0.063366 -0.881047 0.468765
vn -0.186779 -0.968807 0.162868
vn 0.064770 -0.696590 0.714540
vn 0.178281 -0.450741 0.874671
vn 0.370829 -0.192569 0.908517
vn 0.264764 -0.178495 0.947649
vn 0.408131 0.054650 0.911286
vn 0.318500 0.096413 0.943007
vn 0.411695 0.294918 0.862283
vn 0.337119 0.359372 0.870174
vn 0.319402 0.598585 0.734628
vn 0.265376 0.799433 0.538965
vn 0.177764 0.941342 0.286835
vn 0.063930 0.997899 -0.010510
vn -0.062647 0.943246 -0.326132
vn -0.234813 0.851723 -0.468435
vn -0.182635 0.768960 -0.612654
vn -0.353239 0.608405 -0.710680
vn -0.278094 0.501763 -0.819083
vn -0.424043 0.307046 -0.852004
vn -0.342028 0.193360 -0.919581
vn -0.454501 -0.000295 -0.890746
vn -0.378063 -0.111513 -0.919039
vn -0.456541 -0.290105 -0.841076
vn -0.391942 -0.390014 -0.833229
vn -0.432938 -0.556811 -0.708891
vn -0.384603 -0.631699 -0.673080
vn -0.351399 -0.824252 -0.443990
vn -0.285969 -0.945393 -0.156377
vn -0.221672 -0.823879 0.521618
vn -0.265543 -0.934619 0.236587
vn -0.161406 -0.622317 0.765944
vn -0.090175 -0.345664 0.934016
vn -0.016912 -0.027882 0.999468
vn 0.048517 0.288065 0.956381
vn 0.098694 0.565101 0.819097
vn 0.129990 0.780771 0.611146
vn 0.141357 0.924268 0.354608
vn 0.132646 0.988799 0.068428
vn 0.103955 0.967776 -0.229355
vn 0.056092 0.854825 -0.515876
vn -0.007689 0.650646 -0.759342
vn -0.080437 0.372015 -0.924735
vn -0.152601 0.053378 -0.986845
vn -0.214596 -0.260759 -0.941251
vn -0.260738 -0.535041 -0.803584
vn -0.288961 -0.748560 -0.596791
vn -0.299112 -0.890755 -0.342182
vn -0.291326 -0.954839 -0.058409
vn 0.429984 -0.861419 -0.270318
vn 0.237558 -0.824123 -0.514186
vn 0.295948 -0.780858 -0.550160
vn 0.480419 -0.823650 -0.301328
vn 0.021871 -0.706148 -0.707726
vn 0.087048 -0.658305 -0.747702
vn -0.195940 -0.519060 -0.831976
vn -0.126022 -0.468396 -0.874485
vn -0.394576 -0.281158 -0.874791
vn -0.322674 -0.229923 -0.918159
vn -0.554583 -0.015748 -0.831979
vn -0.483871 0.033803 -0.874486
vn -0.660314 0.251217 -0.707725
vn -0.593814 0.297204 -0.747700
vn -0.701407 0.493602 -0.514183
vn -0.641447 0.534670 -0.550158
vn -0.673843 0.687640 -0.270345
vn -0.621680 0.722981 -0.301351
vn -0.580313 0.814394 -0.000004
vn -0.536115 0.843749 -0.025851
vn -0.429960 0.861419 0.270356
vn -0.393063 0.885141 0.249052
vn -0.237556 0.824122 0.514190
vn -0.206815 0.843199 0.496229
vn -0.021875 0.706151 0.707723
vn 0.004057 0.722108 0.691769
vn 0.195937 0.519063 0.831975
vn 0.218542 0.533662 0.816972
vn 0.394578 0.281159 0.874790
vn 0.415518 0.296078 0.860048
vn 0.554597 0.015728 0.831971
vn 0.575774 0.032329 0.816969
vn 0.660319 -0.251232 0.707715
vn 0.683868 -0.231929 0.691762
vn 0.701406 -0.493615 0.514173
vn 0.729475 -0.470788 0.496211
vn 0.673840 -0.687644 0.270341
vn 0.708309 -0.660513 0.249039
vn 0.580313 -0.814394 0.000006
vn 0.622488 -0.782203 -0.025836
vn -0.712432 -0.507648 0.484494
vn -0.712433 -0.507643 0.484497
vn -0.712426 -0.507649 0.484502
vn -0.712420 -0.507652 0.484507
vn -0.712430 -0.507643 0.484502
vn -0.712431 -0.507645 0.484498
vn -0.712425 -0.507652 0.484499
vn -0.712426 -0.507651 0.484500
vn -0.712425 -0.507656 0.484496
vn -0.712421 -0.507649 0.484508
vn -0.712432 -0.507649 0.484492
vn -0.712422 -0.507660 0.484497
vn -0.712408 -0.507654 0.484523
vn -0.712433 -0.507639 0.484501
vn -0.712428 -0.507650 0.484498
vn -0.712419 -0.507655 0.484506
vn -0.712430 -0.507638 0.484507
vn -0.712429 -0.507644 0.484502
vn -0.712427 -0.507658 0.484491
vn -0.712421 -0.507651 0.484507
vn -0.712419 -0.507640 0.484522
vn 0.188523 0.923502 0.334071
vn 0.188722 0.923697 0.333418
vn 0.188368 0.923841 0.333218
vn 0.188369 0.924041 0.332665
vn 0.188316 0.924263 0.332077
vn 0.189302 0.923822 0.332743
vn 0.188999 0.923793 0.332995
vn 0.187637 0.924132 0.332825
vn 0.188540 0.924117 0.332355
vn 0.189210 0.924007 0.332281
vn 0.187592 0.923644 0.334202
vn 0.187339 0.924063 0.333185
vn 0.188193 0.924082 0.332651
vn 0.188166 0.923434 0.334461
vn 0.187743 0.923760 0.333797
vn 0.187244 0.924055 0.333260
vn 0.188068 0.923835 0.333407
vn 0.188099 0.923713 0.333725
vn 0.188700 0.923791 0.333171
vn 0.189777 0.923647 0.332959
vn 0.188799 0.923434 0.334103
vn 0.455838 -0.633292 -0.625422
vn 0.601385 -0.711107 -0.364229
vn 0.283716 -0.485969 -0.826644
vn 0.100827 -0.286958 -0.952622
vn -0.077895 -0.055500 -0.995416
vn -0.238326 0.189006 -0.952616
vn -0.366710 0.426828 -0.826645
vn -0.449770 0.637630 -0.625408
vn -0.475803 0.800581 -0.364254
vn -0.437532 0.896678 -0.067336
vn -0.335735 0.912681 0.233012
vn -0.181756 0.845863 0.501479
vn 0.004425 0.705432 0.708764
vn 0.200196 0.508695 0.837348
vn 0.385877 0.274950 0.880626
vn 0.546180 0.023145 0.837348
vn 0.668237 -0.226117 0.708752
vn 0.740164 -0.447961 0.501486
vn 0.753055 -0.615321 0.233000
vn 0.704700 -0.706305 -0.067308
vn 0.571155 -0.576808 -0.584015
vn 0.625647 -0.715999 -0.309697
vn 0.466959 -0.378857 -0.799010
vn 0.322921 -0.142826 -0.935587
vn 0.152246 0.108478 -0.982371
vn -0.029575 0.351897 -0.935571
vn -0.205666 0.565056 -0.799007
vn -0.358735 0.728177 -0.584010
vn -0.472482 0.825121 -0.309735
vn -0.533765 0.845630 -0.002255
vn -0.534967 0.786918 0.307524
vn -0.475915 0.654552 0.587424
vn -0.363956 0.461727 0.808916
vn -0.212084 0.227462 0.950411
vn 0.225110 0.160398 0.961040
vn 0.145779 -0.274723 0.950408
vn 0.317622 -0.494762 0.808905
vn 0.463268 -0.663522 0.587471
vn 0.569149 -0.762572 0.307494
vn 0.625028 -0.780599 -0.002224
vn 0.702010 -0.478664 -0.527317
vn 0.698716 -0.660722 -0.274305
vn 0.643071 -0.248456 -0.724382
vn 0.528463 0.006636 -0.848930
vn 0.368924 0.262854 -0.891517
vn 0.178788 0.497350 -0.848927
vn -0.024931 0.688977 -0.724354
vn -0.223256 0.819818 -0.527309
vn -0.396382 0.876142 -0.274329
vn -0.525676 0.850611 0.011222
vn -0.596492 0.744194 0.300621
vn -0.600959 0.567303 0.563042
vn -0.539503 0.338199 0.771076
vn -0.419924 0.080125 0.904015
vn -0.182707 -0.130155 0.974514
vn -0.255193 -0.181792 0.949646
vn -0.061303 -0.423103 0.904006
vn 0.143531 -0.620381 0.771055
vn 0.339966 -0.753214 0.563109
vn 0.508682 -0.806777 0.300588
vn 0.632355 -0.774597 0.011265
vn 0.827977 -0.390274 -0.402666
vn 0.782705 -0.599018 -0.168968
vn 0.795344 -0.142356 -0.589206
vn 0.692077 0.117987 -0.712115
vn 0.531362 0.367308 -0.763373
vn 0.328651 0.586154 -0.740548
vn 0.100267 0.757481 -0.645112
vn -0.135932 0.865254 -0.482555
vn -0.358848 0.895166 -0.264399
vn -0.544605 0.838629 -0.010297
vn -0.670484 0.697616 0.252554
vn -0.720547 0.487459 0.493148
vn -0.690274 0.233200 0.684938
vn -0.585957 -0.036406 0.809524
vn -0.421411 -0.293761 0.857973
vn -0.213333 -0.516708 0.829157
vn 0.019917 -0.686509 0.726849
vn 0.258444 -0.787708 0.559216
vn 0.480416 -0.808680 0.339466
vn 0.662302 -0.744069 0.087846
vn 0.977755 -0.191765 -0.084975
vn 0.926176 -0.320772 0.198251
vn 0.930518 -0.037616 -0.364309
vn 0.785838 0.122508 -0.606178
vn 0.561162 0.269618 -0.782562
vn 0.284838 0.389531 -0.875861
vn -0.012350 0.474767 -0.880025
vn -0.303640 0.522614 -0.796667
vn -0.564895 0.530738 -0.631831
vn -0.772105 0.495921 -0.397386
vn -0.902571 0.415324 -0.113452
vn -0.937749 0.292130 0.187847
vn -0.871980 0.138097 0.469660
vn -0.714721 -0.027882 0.698854
vn -0.488462 -0.184466 0.852864
vn -0.220992 -0.314330 0.923233
vn 0.061430 -0.406462 0.911600
vn 0.336524 -0.454888 0.824517
vn 0.585340 -0.456774 0.669876
vn 0.788786 -0.411418 0.456675
vn 0.990132 -0.115071 -0.079984
vn 0.953131 -0.213651 0.214229
vn 0.931090 -0.000315 -0.364789
vn 0.782346 0.118937 -0.611383
vn 0.557806 0.231649 -0.796989
vn 0.279187 0.326649 -0.902970
vn -0.025289 0.394344 -0.918615
vn -0.326392 0.428303 -0.842630
vn -0.594535 0.425177 -0.682461
vn -0.803334 0.385332 -0.454064
vn -0.932979 0.312429 -0.178711
vn -0.969996 0.213722 0.115886
vn -0.911120 0.099261 0.400010
vn -0.762434 -0.020041 0.646756
vn -0.537202 -0.133073 0.832890
vn -0.258501 -0.228036 0.938710
vn 0.045252 -0.295548 0.954256
vn 0.346204 -0.329531 0.878381
vn 0.614625 -0.326412 0.718117
vn 0.823778 -0.286471 0.489209
vn 0.989651 -0.118320 -0.081188
vn 0.952670 -0.216900 0.213013
vn 0.930547 -0.003511 -0.366154
vn 0.781987 0.115617 -0.612478
vn 0.557388 0.228383 -0.798223
vn 0.278405 0.323501 -0.904344
vn -0.025996 0.391183 -0.919946
vn -0.327178 0.425139 -0.843926
vn -0.595208 0.422012 -0.683837
vn -0.803893 0.382247 -0.455680
vn -0.933798 0.309270 -0.179924
vn -0.970807 0.210350 0.115269
vn -0.911884 0.095972 0.399071
vn -0.763597 -0.023049 0.645282
vn -0.537647 -0.136429 0.832060
vn -0.258629 -0.231463 0.937836
vn 0.044206 -0.298767 0.953302
vn 0.345342 -0.332811 0.877483
vn 0.614003 -0.329718 0.717138
vn 0.823351 -0.289734 0.488004
vn -0.171756 0.273780 -0.946332
vn -0.363419 0.000058 -0.931626
vn -0.392755 0.069856 -0.916986
vn -0.183484 0.359073 -0.915096
vn -0.487177 -0.218066 -0.845639
vn -0.527070 -0.163149 -0.834014
vn -0.565625 -0.391740 -0.725678
vn -0.610331 -0.345672 -0.712746
vn -0.612951 -0.535790 -0.580706
vn -0.659896 -0.494570 -0.565631
vn -0.633462 -0.659018 -0.405490
vn -0.681579 -0.621101 -0.386888
vn -0.621515 -0.760846 -0.186634
vn -0.669056 -0.725861 -0.159657
vn -0.558770 -0.824268 0.091425
vn -0.599279 -0.788803 0.136581
vn -0.414166 -0.804554 0.425629
vn -0.433914 -0.754415 0.492520
vn -0.173395 -0.643677 0.745395
vn -0.168549 -0.566968 0.806312
vn 0.100401 -0.362110 0.926712
vn 0.110059 -0.280160 0.953623
vn 0.318682 -0.069496 0.945311
vn 0.320614 -0.004883 0.947197
vn 0.463177 0.171915 0.869432
vn 0.457990 0.217522 0.861934
vn 0.554054 0.362984 0.749177
vn 0.543963 0.394882 0.740387
vn 0.608688 0.519716 0.599495
vn 0.594485 0.542418 0.593609
vn 0.633120 0.653399 0.415005
vn 0.614727 0.669935 0.416292
vn 0.620291 0.763972 0.177725
vn 0.598287 0.777568 0.193497
vn 0.544739 0.827834 -0.133980
vn 0.523834 0.846738 -0.092911
vn 0.366898 0.781631 -0.504420
vn 0.357505 0.825127 -0.437443
vn 0.094581 0.571947 -0.814820
vn 0.094660 0.650226 -0.753821
vn 0.974398 -0.171386 -0.145515
vn 0.974401 -0.171381 -0.145502
vn 0.974400 -0.171381 -0.145508
vn 0.974402 -0.171375 -0.145501
vn 0.974398 -0.171397 -0.145508
vn 0.974400 -0.171383 -0.145511
vn 0.974398 -0.171384 -0.145518
vn 0.974399 -0.171380 -0.145517
vn 0.974397 -0.171385 -0.145524
vn 0.974402 -0.171372 -0.145507
vn 0.974404 -0.171371 -0.145495
vn 0.974399 -0.171384 -0.145510
vn 0.974401 -0.171376 -0.145507
vn 0.974401 -0.171377 -0.145505
vn 0.974401 -0.171379 -0.145508
vn 0.974402 -0.171381 -0.145499
vn 0.974399 -0.171382 -0.145514
vn 0.974402 -0.171376 -0.145505
vn 0.974400 -0.171381 -0.145507
vn 0.974399 -0.171382 -0.145516
vn 0.974404 -0.171370 -0.145500
vn -0.012092 0.153238 0.988115
vn -0.011834 0.153392 0.988095
vn -0.011795 0.153299 0.988109
vn -0.011525 0.153491 0.988083
vn -0.011871 0.153186 0.988126
vn -0.012014 0.153150 0.988130
vn -0.011875 0.153226 0.988120
vn -0.012045 0.153321 0.988103
vn -0.011823 0.153326 0.988105
vn -0.011594 0.153169 0.988132
vn -0.011712 0.153184 0.988128
vn -0.012138 0.153107 0.988135
vn -0.011930 0.153215 0.988121
vn -0.011517 0.153362 0.988103
vn -0.011703 0.153272 0.988115
vn -0.011759 0.153170 0.988130
vn -0.011785 0.153299 0.988110
vn -0.011688 0.153465 0.988085
vn -0.011811 0.153451 0.988086
vn -0.011352 0.153380 0.988102
vn -0.011609 0.153315 0.988109
vn -0.567756 0.094687 -0.817733
vn -0.360884 0.369054 -0.856482
vn -0.686516 -0.112851 -0.718304
vn -0.755352 -0.270541 -0.596867
vn -0.794093 -0.397523 -0.459774
vn -0.809046 -0.505412 -0.300006
vn -0.795442 -0.597328 -0.102329
vn -0.733093 -0.662407 0.154244
vn -0.579040 -0.660959 0.477332
vn -0.295902 -0.527524 0.796342
vn 0.044682 -0.269547 0.961950
vn 0.310190 -0.001109 0.950674
vn 0.473980 0.214605 0.853983
vn 0.568738 0.383004 0.727904
vn 0.620502 0.522517 0.584768
vn 0.638754 0.646641 0.416952
vn 0.616375 0.760228 0.205269
vn 0.523283 0.848678 -0.076939
vn 0.305151 0.849147 -0.431083
vn -0.038485 0.669990 -0.741372
vn -0.592004 0.192311 -0.782654
vn -0.295553 0.435621 -0.850225
vn -0.758464 -0.009681 -0.651643
vn -0.845835 -0.168467 -0.506144
vn -0.886245 -0.299485 -0.353381
vn -0.890651 -0.415221 -0.185294
vn -0.853025 -0.521705 0.013119
vn -0.746298 -0.612908 0.259583
vn -0.518074 -0.653008 0.552431
vn -0.142660 -0.569085 0.809809
vn 0.258786 -0.354508 0.898529
vn 0.542361 -0.120123 0.831514
vn 0.706773 0.071056 0.703863
vn 0.796940 0.221984 0.561792
vn 0.722958 0.464482 0.511457
vn 0.851149 0.461993 0.249215
vn 0.820080 0.569489 0.056137
vn 0.722224 0.666137 -0.186155
vn 0.502678 0.717617 -0.482017
vn 0.124030 0.647046 -0.752295
vn -0.643454 0.294610 -0.706521
vn -0.333461 0.496043 -0.801714
vn -0.822669 0.109921 -0.557794
vn -0.915834 -0.045438 -0.398978
vn -0.954807 -0.178699 -0.237508
vn -0.951897 -0.298951 -0.067238
vn -0.902850 -0.412000 0.122955
vn -0.784403 -0.515698 0.344627
vn -0.550653 -0.586978 0.593496
vn -0.168211 -0.567083 0.806302
vn 0.268815 -0.418141 0.867696
vn 0.594458 -0.213148 0.775363
vn 0.781474 -0.028548 0.623284
vn 0.878111 0.123066 0.462360
vn 0.894546 0.277299 0.350560
vn 0.919713 0.252631 0.300508
vn 0.919267 0.371570 0.129939
vn 0.871191 0.486935 -0.062619
vn 0.748085 0.596553 -0.290677
vn 0.497973 0.672519 -0.547486
vn 0.097143 0.648185 -0.755261
vn -0.644161 0.466827 -0.605912
vn -0.293920 0.643233 -0.707009
vn -0.851399 0.270387 -0.449455
vn -0.953422 0.094065 -0.286597
vn -0.990180 -0.058027 -0.127190
vn -0.980480 -0.193623 0.034198
vn -0.924443 -0.320534 0.206550
vn -0.804038 -0.441662 0.398067
vn -0.580459 -0.545223 0.604813
vn -0.214738 -0.587383 0.780301
vn 0.236583 -0.510500 0.826691
vn 0.605558 -0.339337 0.719826
vn 0.823526 -0.154346 0.545877
vn 0.930205 0.009838 0.366909
vn 0.968172 0.154402 0.196987
vn 0.956923 0.288704 0.030793
vn 0.896130 0.420679 -0.141353
vn 0.766243 0.552678 -0.327749
vn 0.527077 0.669949 -0.522838
vn 0.148449 0.720420 -0.677464
vn -0.424876 0.864897 -0.267270
vn 0.067538 0.980191 -0.186183
vn -0.792572 0.542052 -0.279302
vn -0.945853 0.214213 -0.243874
vn -0.979601 -0.040530 -0.196822
vn -0.959536 -0.239747 -0.147691
vn -0.907430 -0.409672 -0.093490
vn -0.821229 -0.569995 -0.026238
vn -0.678547 -0.731580 0.066066
vn -0.426305 -0.882638 0.198024
vn 0.001736 -0.933557 0.358425
vn 0.498912 -0.740503 0.450269
vn 0.808410 -0.409878 0.422461
vn 0.928788 -0.121970 0.349965
vn 0.955942 0.098661 0.276479
vn 0.938071 0.276531 0.208694
vn 0.889616 0.433383 0.144090
vn 0.807546 0.584627 0.077987
vn 0.673452 0.739218 0.004399
vn 0.446217 0.890983 -0.083905
vn -0.468654 0.862856 -0.189323
vn 0.029289 0.997183 -0.069053
vn -0.812688 0.527390 -0.247788
vn -0.946459 0.204713 -0.249617
vn -0.972642 -0.044623 -0.227981
vn -0.950217 -0.241742 -0.196592
vn -0.897643 -0.411564 -0.157644
vn -0.812496 -0.572901 -0.107864
vn -0.675256 -0.736512 -0.039740
vn -0.441594 -0.895288 0.058779
vn -0.047887 -0.979861 0.193852
vn 0.445729 -0.837071 0.317234
vn 0.785587 -0.504497 0.358240
vn 0.920961 -0.187775 0.341425
vn 0.949778 0.056850 0.307717
vn 0.929559 0.250310 0.270675
vn 0.878659 0.417624 0.231407
vn 0.794552 0.577908 0.186304
vn 0.657952 0.741980 0.128705
vn 0.423934 0.904472 0.047006
vn -0.495842 0.845227 -0.199331
vn 0.000479 0.996704 -0.081119
vn -0.822448 0.509730 -0.252497
vn -0.947434 0.196756 -0.252300
vn -0.971973 -0.046408 -0.230466
vn -0.949985 -0.240362 -0.199387
vn -0.898741 -0.407793 -0.161150
vn -0.816162 -0.566725 -0.112700
vn -0.684103 -0.727871 -0.046986
vn -0.461030 -0.886109 0.047567
vn -0.079939 -0.980438 0.179862
vn 0.421864 -0.852635 0.308292
vn 0.779127 -0.516989 0.354519
vn 0.920882 -0.192644 0.338917
vn 0.950618 0.057084 0.305069
vn 0.929765 0.252694 0.267735
vn 0.877927 0.420950 0.228136
vn 0.791984 0.582709 0.182238
vn 0.651429 0.748666 0.123042
vn 0.408496 0.911955 0.038337
vn 0.916538 0.273783 -0.291548
vn 0.795145 -0.209176 -0.569201
vn 0.825000 -0.050070 -0.562910
vn 0.884059 0.359074 -0.299177
vn 0.720984 -0.347709 -0.599400
vn 0.688201 -0.311747 -0.655128
vn 0.674912 -0.413179 -0.611373
vn 0.654343 -0.357955 -0.666111
vn 0.515597 -0.556514 -0.651499
vn 0.495714 -0.506415 -0.705557
vn 0.423719 -0.613588 -0.666312
vn 0.360276 -0.587785 -0.724369
vn 0.045192 -0.783050 -0.620315
vn 0.089543 -0.711477 -0.696981
vn -0.162240 -0.824267 -0.542459
vn -0.212216 -0.788803 -0.576848
vn -0.475172 -0.804553 -0.356239
vn -0.544041 -0.754415 -0.367256
vn -0.761464 -0.643678 -0.076495
vn -0.821257 -0.566970 -0.063888
vn -0.906220 -0.362112 0.218269
vn -0.931673 -0.280156 0.231298
vn -0.896706 -0.069490 0.437138
vn -0.898331 -0.004884 0.439293
vn -0.802948 0.171913 0.570720
vn -0.796173 0.217524 0.564617
vn -0.672038 0.362989 0.645449
vn -0.664615 0.394884 0.634314
vn -0.516597 0.519714 0.680459
vn -0.512577 0.542415 0.665620
vn -0.330497 0.653397 0.681061
vn -0.334129 0.669933 0.662984
vn -0.096819 0.763969 0.637948
vn -0.115280 0.777565 0.618145
vn 0.202654 0.827834 0.523090
vn 0.159246 0.846738 0.507617
vn 0.547263 0.781629 0.299264
vn 0.479636 0.825126 0.298525
vn 0.820222 0.571948 -0.010559
vn 0.759735 0.650227 -0.002672
vn 0.285489 -0.235395 0.929024
vn 0.269114 -0.171373 0.947739
vn 0.300973 -0.206267 0.931058
vn 0.367186 -0.426948 0.826371
vn 0.392226 -0.245421 0.886526
vn 0.358326 -0.266321 0.894805
vn 0.976049 -0.147411 0.159995
vn 0.380839 -0.170146 0.908852
vn 0.269123 -0.171392 0.947733
vn 0.269119 -0.171381 0.947736
vn 0.269102 -0.171377 0.947742
vn 0.269114 -0.171384 0.947737
vn 0.269108 -0.171377 0.947740
vn 0.269111 -0.171376 0.947739
vn 0.269109 -0.171367 0.947742
vn 0.269104 -0.171374 0.947741
vn 0.269123 -0.171368 0.947737
vn 0.269107 -0.171364 0.947742
vn 0.269102 -0.171368 0.947743
vn 0.269118 -0.171374 0.947738
vn 0.269115 -0.171370 0.947739
vn -0.766319 0.634552 -0.100492
vn -0.766018 0.634941 -0.100333
vn -0.766093 0.634843 -0.100380
vn -0.765816 0.635239 -0.099982
vn -0.766513 0.634339 -0.100360
vn -0.766319 0.634555 -0.100475
vn -0.765974 0.634980 -0.100423
vn -0.766283 0.634614 -0.100378
vn -0.766151 0.634626 -0.101305
vn -0.765774 0.635253 -0.100219
vn -0.765915 0.635086 -0.100200
vn -0.766241 0.634603 -0.100766
vn -0.765769 0.635229 -0.100409
vn -0.765537 0.635567 -0.100036
vn -0.766252 0.634655 -0.100355
vn -0.766068 0.634866 -0.100422
vn -0.765920 0.635061 -0.100317
vn -0.766128 0.634811 -0.100309
vn -0.766016 0.635024 -0.099818
vn -0.766328 0.634546 -0.100464
vn -0.766182 0.634743 -0.100332
vn 0.738283 0.094695 -0.667810
vn 0.803205 0.369049 -0.467616
vn 0.624456 -0.112854 -0.772864
vn 0.495200 -0.270545 -0.825580
vn 0.354279 -0.397522 -0.846441
vn 0.193914 -0.505409 -0.840809
vn -0.000391 -0.597326 -0.801998
vn -0.246879 -0.662411 -0.707293
vn -0.547569 -0.660959 -0.513129
vn -0.827680 -0.527527 -0.191472
vn -0.948304 -0.269546 0.167527
vn -0.903112 -0.001106 0.429404
vn -0.786237 0.214608 0.579461
vn -0.649067 0.382998 0.657285
vn -0.500480 0.522512 0.690290
vn -0.331704 0.646638 0.686900
vn -0.124630 0.760228 0.637590
vn 0.143344 0.848682 0.509109
vn 0.466610 0.849148 0.247432
vn 0.730340 0.669985 -0.133131
vn 0.635556 0.381498 -0.671214
vn 0.744043 0.569967 -0.348623
vn 0.478212 0.185072 -0.858523
vn 0.313946 0.011701 -0.949369
vn 0.150855 -0.138258 -0.978840
vn -0.016288 -0.272574 -0.961997
vn -0.195874 -0.397728 -0.896351
vn -0.393744 -0.513860 -0.762177
vn -0.601008 -0.604106 -0.523301
vn -0.768782 -0.620448 -0.154982
vn -0.810248 -0.518623 0.272998
vn -0.709234 -0.340192 0.617460
vn -0.539964 -0.155536 0.827193
vn -0.358558 0.009747 0.933457
vn -0.414652 0.464477 0.782512
vn -0.004798 0.296873 0.954905
vn 0.179028 0.432494 0.883684
vn 0.377953 0.562225 0.735564
vn 0.581743 0.662532 0.471832
vn 0.730546 0.678322 0.078623
vn 0.579602 0.574158 -0.578277
vn 0.636342 0.740533 -0.216057
vn 0.450616 0.343011 -0.824190
vn 0.291602 0.113700 -0.949758
vn 0.126193 -0.087853 -0.988108
vn -0.041349 -0.261856 -0.964221
vn -0.214602 -0.414308 -0.884474
vn -0.396492 -0.546569 -0.737602
vn -0.578018 -0.645781 -0.498861
vn -0.720986 -0.676141 -0.151697
vn -0.759257 -0.598302 0.256054
vn -0.670484 -0.427501 0.606377
vn -0.509953 -0.225048 0.830242
vn -0.333032 -0.031209 0.942399
vn -0.051461 -0.006880 0.998651
vn -0.161297 0.144646 0.976248
vn 0.003074 0.306099 0.951995
vn 0.163375 0.457875 0.873876
vn 0.322214 0.599910 0.732316
vn 0.474062 0.720288 0.506409
vn 0.593597 0.784477 0.179553
vn 0.828002 0.305331 -0.470304
vn 0.708632 0.686733 -0.161983
vn 0.750280 -0.082433 -0.655961
vn 0.589162 -0.348526 -0.728985
vn 0.415643 -0.523374 -0.743855
vn 0.240416 -0.646214 -0.724299
vn 0.058376 -0.735540 -0.674961
vn -0.139042 -0.795243 -0.590132
vn -0.358067 -0.815201 -0.455232
vn -0.592543 -0.765827 -0.249802
vn -0.799136 -0.600276 0.032404
vn -0.890979 -0.304306 0.336977
vn -0.827072 0.041003 0.560598
vn -0.670369 0.333789 0.662714
vn -0.493084 0.546769 0.676692
vn -0.321610 0.697668 0.640177
vn -0.155144 0.805492 0.571938
vn 0.018367 0.879814 0.474963
vn 0.217304 0.915753 0.337899
vn 0.458019 0.878931 0.133035
vn 0.888797 0.184007 -0.419740
vn 0.932625 0.360573 -0.014076
vn 0.679302 -0.007957 -0.733816
vn 0.408900 -0.154910 -0.899335
vn 0.148122 -0.250583 -0.956696
vn -0.088435 -0.309498 -0.946779
vn -0.304991 -0.342914 -0.888476
vn -0.509550 -0.355572 -0.783535
vn -0.704609 -0.344014 -0.620629
vn -0.878174 -0.294293 -0.377097
vn -0.982897 -0.180732 -0.035343
vn -0.935573 0.001945 0.353128
vn -0.725058 0.192619 0.661202
vn -0.452518 0.333098 0.827208
vn -0.197637 0.421536 0.885012
vn 0.026033 0.475641 0.879254
vn 0.230011 0.507517 0.830374
vn 0.427408 0.521476 0.738502
vn 0.626779 0.513470 0.586086
vn 0.814908 0.468191 0.341646
vn 0.700013 0.230047 -0.676063
vn 0.798390 0.526473 -0.292233
vn 0.451286 -0.098739 -0.886900
vn 0.189089 -0.326478 -0.926098
vn -0.030851 -0.461165 -0.886778
vn -0.218172 -0.539810 -0.813023
vn -0.387017 -0.582735 -0.714589
vn -0.550904 -0.597922 -0.582232
vn -0.713077 -0.581092 -0.392243
vn -0.855450 -0.506480 -0.108086
vn -0.898231 -0.329244 0.291170
vn -0.728590 -0.057153 0.682562
vn -0.428092 0.198640 0.881635
vn -0.160024 0.377178 0.912211
vn 0.044526 0.496387 0.866959
vn 0.206932 0.581135 0.787059
vn 0.345901 0.643489 0.682843
vn 0.477330 0.687346 0.547460
vn 0.610239 0.706084 0.359240
vn 0.735556 0.672094 0.085135
vn 0.338227 0.164744 -0.926532
vn 0.481258 0.593007 -0.645549
vn 0.125388 -0.255115 -0.958746
vn -0.049096 -0.521477 -0.851852
vn -0.177270 -0.678523 -0.712869
vn -0.276183 -0.774125 -0.569608
vn -0.358793 -0.832431 -0.422287
vn -0.435319 -0.863046 -0.256220
vn -0.509387 -0.859039 -0.050773
vn -0.573493 -0.788535 0.222080
vn -0.585626 -0.570766 0.575559
vn -0.459168 -0.149862 0.875618
vn -0.229225 0.283247 0.931250
vn -0.030511 0.558236 0.829121
vn 0.111592 0.714829 0.690339
vn 0.216485 0.808382 0.547406
vn 0.300759 0.866457 0.398493
vn 0.375063 0.898460 0.228247
vn 0.442835 0.896517 0.012473
vn 0.493621 0.823668 -0.279125
vn -0.308524 0.951217 0.000000
vn -0.295884 0.904002 -0.308600
vn -0.300690 0.911956 0.279146
vn -0.238242 0.745675 0.622262
vn -0.163414 0.532058 0.830789
vn -0.106091 0.317694 0.942239
vn -0.051411 0.055371 0.997141
vn 0.101525 -0.580480 -0.807920
vn 0.025542 -0.295467 -0.955012
vn -0.053017 0.028680 -0.998182
vn -0.110225 0.271172 -0.956199
vn -0.176888 0.510805 -0.841302
vn -0.253793 0.757962 -0.600902
vn 0.891009 0.442080 0.103291
vn -0.309019 0.926114 0.216382
vn -0.156440 0.961784 0.224717
vn -0.928944 0.288707 0.231759
vn -0.817633 0.202220 0.539058
vn 0.932791 -0.358893 0.033116
vn 0.932791 -0.358893 0.033116
vn 0.932791 -0.358893 0.033116
vn 0.932791 -0.358893 0.033116
vn 0.305025 0.940122 0.152085
vn 0.305025 0.940122 0.152085
vn 0.305025 0.940122 0.152085
vn 0.305025 0.940122 0.152085
vn 0.450330 0.879136 -0.155957
vn 0.450330 0.879136 -0.155957
vn 0.450330 0.879136 -0.155957
vn 0.450330 0.879136 -0.155957
vn -0.162652 0.982464 -0.091155
vn -0.242316 0.962917 0.118634
vn -0.178676 -0.620526 0.763559
vn 0.891006 -0.442086 -0.103292
vn 0.891006 -0.442086 -0.103292
vn 0.891006 -0.442086 -0.103292
vn 0.891006 -0.442086 -0.103292
vn -0.359289 0.710582 0.604967
vn -0.362168 0.768058 0.528130
vn -0.201906 0.564332 0.800477
vn -0.163784 0.902095 0.399248
vn 0.334918 0.431160 -0.837813
vn 0.335257 0.474652 -0.813824
vn 0.303531 0.703061 -0.643098
vn 0.189512 0.909285 -0.370522
vn 0.016953 0.997229 -0.072442
vn -0.038181 0.999133 0.016581
vn -0.946595 0.099566 0.306667
vn -0.874200 0.328925 0.357186
vn -0.663173 0.051697 0.746679
vn 0.924822 0.179344 -0.335469
vn 0.815635 0.455971 -0.356131
vn 0.631252 0.694718 -0.344802
vn 0.376818 0.876599 -0.299303
vn 0.095105 0.969258 -0.226923
vn -0.181331 0.973637 -0.138384
vn -0.438978 0.897622 -0.039654
vn -0.626778 0.777878 0.045330
vn 0.671204 -0.694000 0.260480
vn 0.671204 -0.694000 0.260480
vn 0.671204 -0.694000 0.260480
vn 0.671204 -0.694000 0.260480
vn 0.468746 -0.686470 -0.555910
vn 0.468746 -0.686470 -0.555910
vn 0.468746 -0.686470 -0.555910
vn 0.468746 -0.686470 -0.555910
vn 0.578567 -0.776733 0.248889
vn 0.578567 -0.776733 0.248889
vn 0.578567 -0.776733 0.248889
vn 0.578567 -0.776734 0.248889
vn 0.886562 -0.448805 -0.112173
vn 0.886562 -0.448805 -0.112173
vn 0.886562 -0.448805 -0.112173
vn 0.886562 -0.448805 -0.112173
vn 0.998693 0.042019 0.029096
vn 0.979805 -0.164396 -0.113827
vn 0.978644 -0.150069 -0.140482
vn 0.998643 0.050882 0.011109
vn 0.877424 -0.394406 -0.273078
vn 0.874731 -0.373011 -0.309367
vn 0.647764 -0.626362 -0.433673
vn 0.644186 -0.596559 -0.478687
vn 0.277577 -0.789861 -0.546874
vn 0.275766 -0.753540 -0.596767
vn -0.141657 -0.813883 -0.563496
vn -0.140152 -0.777440 -0.613143
vn -0.486361 -0.718386 -0.497367
vn -0.483384 -0.686806 -0.542804
vn -0.722177 -0.568707 -0.393741
vn -0.719471 -0.543010 -0.433015
vn -0.872075 -0.402348 -0.278571
vn -0.870145 -0.381995 -0.311333
vn -0.960707 -0.228203 -0.158004
vn -0.959578 -0.212533 -0.184496
vn -0.998693 -0.042016 -0.029091
vn -0.998300 -0.030651 -0.049572
vn -0.979813 0.164364 0.113803
vn -0.980152 0.171584 0.099304
vn -0.877406 0.394429 0.273102
vn -0.878513 0.397585 0.264843
vn -0.647758 0.626357 0.433689
vn -0.649407 0.625898 0.431883
vn -0.277582 0.789850 0.546887
vn -0.278863 0.786914 0.550456
vn 0.141771 0.813855 0.563509
vn 0.141681 0.809935 0.569149
vn 0.486369 0.718363 0.497393
vn 0.487183 0.714942 0.501508
vn 0.722174 0.568696 0.393763
vn 0.723241 0.567061 0.394163
vn 0.872055 0.402371 0.278601
vn 0.873022 0.403438 0.273988
vn 0.960703 0.228211 0.158015
vn 0.961312 0.232756 0.147321
vn 0.000038 -0.569244 0.822169
vn 0.000046 -0.569242 0.822170
vn -0.000009 -0.569264 0.822155
vn -0.000035 -0.569308 0.822125
vn 0.000055 -0.569282 0.822143
vn 0.000014 -0.569265 0.822154
vn -0.000096 -0.569297 0.822132
vn -0.000026 -0.569303 0.822128
vn -0.000022 -0.569295 0.822133
vn -0.000053 -0.569289 0.822138
vn -0.000038 -0.569277 0.822146
vn -0.000057 -0.569257 0.822160
vn -0.000040 -0.569245 0.822168
vn -0.000082 -0.569269 0.822151
vn -0.000000 -0.569239 0.822172
vn -0.000010 -0.569220 0.822186
vn -0.000064 -0.569242 0.822170
vn 0.000014 -0.569247 0.822167
vn 0.000034 -0.569247 0.822167
vn 0.000033 -0.569250 0.822165
vn 0.000049 -0.569260 0.822158
vn -0.252716 0.949611 0.185401
vn -0.255756 0.949091 0.183887
vn -0.255230 0.949611 0.181926
vn -0.256874 0.949329 0.181082
vn -0.259459 0.948719 0.180590
vn -0.255536 0.949773 0.180643
vn -0.250188 0.950958 0.181891
vn -0.255631 0.949263 0.183175
vn -0.259500 0.948146 0.183519
vn -0.255892 0.949804 0.179976
vn -0.254537 0.950510 0.178162
vn -0.252857 0.949927 0.183583
vn -0.254831 0.949372 0.183721
vn -0.256929 0.949338 0.180954
vn -0.253323 0.950068 0.182202
vn -0.254401 0.949691 0.182668
vn -0.255531 0.949521 0.181972
vn -0.253114 0.950127 0.182186
vn -0.256652 0.948780 0.184247
vn -0.257217 0.948977 0.182432
vn -0.254324 0.950593 0.178022
vn 0.972555 -0.106317 -0.206961
vn 0.997253 0.069934 -0.024420
vn 0.862653 -0.299144 -0.407851
vn 0.628773 -0.489385 -0.604273
vn 0.265751 -0.621929 -0.736600
vn -0.139661 -0.644293 -0.751919
vn -0.477243 -0.570351 -0.668535
vn -0.712915 -0.448245 -0.539286
vn -0.865039 -0.307825 -0.396170
vn -0.955993 -0.157109 -0.247778
vn -0.995803 0.006659 -0.091284
vn -0.978529 0.189887 0.080146
vn -0.878060 0.394861 0.270364
vn -0.650544 0.601326 0.463895
vn -0.280473 0.745205 0.604983
vn 0.141919 0.761783 0.632096
vn 0.489549 0.670841 0.557059
vn 0.726448 0.533711 0.432927
vn 0.875940 0.384635 0.291179
vn 0.962790 0.231331 0.139716
vn 0.964851 -0.034203 -0.260562
vn 0.992385 0.111930 -0.051412
vn 0.851648 -0.194722 -0.486600
vn 0.616543 -0.356102 -0.702187
vn 0.256539 -0.476365 -0.840990
vn -0.144902 -0.511690 -0.846863
vn -0.481019 -0.466394 -0.742359
vn -0.716820 -0.375393 -0.587579
vn -0.869348 -0.262558 -0.418685
vn -0.960069 -0.134735 -0.245181
vn -0.997895 0.010152 -0.064058
vn -0.975450 0.176703 0.131427
vn -0.866188 0.363700 0.342697
vn -0.631178 0.548226 0.548691
vn -0.265574 0.673381 0.689948
vn 0.143074 0.689748 0.709773
vn 0.483092 0.615683 0.622540
vn 0.720108 0.500893 0.480157
vn 0.871619 0.375088 0.315579
vn 0.959167 0.246346 0.138970
vn 0.930410 0.150349 -0.334264
vn 0.966072 0.238419 -0.099304
vn 0.809061 0.046698 -0.585866
vn 0.566296 -0.070306 -0.821198
vn 0.201777 -0.179704 -0.962805
vn -0.198289 -0.248586 -0.948096
vn -0.527092 -0.264689 -0.807535
vn -0.751922 -0.241328 -0.613493
vn -0.892221 -0.193732 -0.407934
vn -0.971120 -0.128467 -0.201052
vn -0.998928 -0.044940 0.011151
vn -0.969717 0.061753 0.236295
vn -0.857749 0.196281 0.475122
vn -0.630189 0.488472 0.603537
vn -0.268064 0.628304 0.730326
vn 0.140024 0.663711 0.734766
vn 0.498389 0.509639 0.701339
vn 0.724619 0.453939 0.518524
vn 0.864363 0.387057 0.321034
vn 0.941643 0.315722 0.116738
vn 0.895721 0.304848 -0.323653
vn 0.941119 0.328967 -0.077952
vn 0.765022 0.265574 -0.586696
vn 0.511903 0.201605 -0.835051
vn 0.135557 0.111297 -0.984498
vn -0.267929 0.016361 -0.963300
vn -0.585516 -0.055248 -0.808776
vn -0.793108 -0.096309 -0.601418
vn -0.916658 -0.112353 -0.383556
vn -0.980543 -0.108592 -0.163537
vn -0.994176 -0.086611 0.064126
vn -0.950551 -0.044147 0.307416
vn -0.824343 0.023271 0.565613
vn -0.581046 0.144815 0.800883
vn -0.578229 0.116613 0.807498
vn -0.214211 0.247723 0.944853
vn -0.208827 0.219696 0.952956
vn 0.184969 0.326771 0.926826
vn 0.192915 0.299793 0.934295
vn 0.515425 0.341522 0.785939
vn 0.730082 0.355069 0.583872
vn 0.859524 0.353720 0.368918
vn 0.926733 0.344449 0.150067
vn 0.913017 0.250602 -0.321869
vn 0.952473 0.296681 -0.069103
vn 0.786428 0.183563 -0.589776
vn 0.538354 0.089749 -0.837926
vn 0.170636 -0.020827 -0.985114
vn -0.227057 -0.117384 -0.966781
vn -0.548747 -0.177196 -0.816994
vn -0.766419 -0.201901 -0.609785
vn -0.899621 -0.201328 -0.387491
vn -0.970377 -0.181096 -0.159917
vn -0.986834 -0.142491 0.076525
vn -0.941353 -0.082985 0.327059
vn -0.810134 0.000857 0.586245
vn -0.562881 0.107046 0.819577
vn -0.204906 0.217393 0.954334
vn 0.179506 0.301438 0.936436
vn 0.494885 0.345202 0.797449
vn 0.714068 0.356960 0.602234
vn 0.852926 0.349079 0.388150
vn 0.929923 0.328455 0.165413
vn 0.920667 0.182820 -0.344891
vn 0.952955 0.292940 -0.077868
vn 0.789787 0.043738 -0.611819
vn 0.544630 -0.111379 -0.831248
vn 0.210985 -0.250403 -0.944872
vn -0.141743 -0.341047 -0.929299
vn -0.449884 -0.376344 -0.809920
vn -0.686751 -0.367187 -0.627333
vn -0.850731 -0.326000 -0.412288
vn -0.949132 -0.259695 -0.178066
vn -0.982778 -0.170573 0.071077
vn -0.941900 -0.058487 0.330761
vn -0.807657 0.073892 0.585004
vn -0.565628 0.215742 0.795940
vn -0.234785 0.343659 0.909272
vn 0.115163 0.431191 0.894881
vn 0.416313 0.469355 0.778710
vn 0.645718 0.466426 0.604562
vn 0.808336 0.433196 0.398666
vn 0.911068 0.375208 0.170804
vn 0.924845 0.126907 -0.358546
vn 0.955988 0.280323 -0.086636
vn 0.786558 -0.042763 -0.616034
vn 0.509966 -0.340149 -0.790085
vn 0.235729 -0.465510 -0.853072
vn -0.040781 -0.536109 -0.843163
vn -0.307108 -0.556384 -0.772089
vn -0.639697 -0.441500 -0.629178
vn -0.820214 -0.383694 -0.424298
vn -0.938556 -0.288513 -0.189402
vn -0.985276 -0.157001 0.067683
vn -0.942957 0.007664 0.332828
vn -0.792489 0.300956 0.530459
vn -0.553419 0.476459 0.683165
vn -0.274848 0.599106 0.752017
vn 0.007522 0.666882 0.745126
vn 0.272826 0.684941 0.675590
vn 0.513355 0.657549 0.551449
vn 0.767654 0.500655 0.400064
vn 0.897443 0.406395 0.171579
vn 0.912893 0.187755 -0.362457
vn 0.958759 0.265510 -0.101420
vn 0.775145 0.085323 -0.625996
vn 0.570250 -0.018184 -0.821270
vn 0.527386 -0.036581 -0.848838
vn 0.205304 -0.153045 -0.966658
vn 0.188763 -0.158176 -0.969200
vn -0.192019 -0.256651 -0.947238
vn -0.170451 -0.252077 -0.952577
vn -0.514515 -0.308337 -0.800127
vn -0.474127 -0.303828 -0.826373
vn -0.699655 -0.318727 -0.639450
vn -0.851783 -0.305947 -0.425280
vn -0.942029 -0.271652 -0.196943
vn -0.975080 -0.217303 0.044709
vn -0.942463 -0.139644 0.303749
vn -0.777683 -0.007963 0.628606
vn -0.818991 -0.034123 0.572792
vn -0.529916 0.115618 0.840132
vn -0.574387 0.096358 0.812893
vn -0.202443 0.233026 0.951166
vn -0.217856 0.228311 0.948901
vn 0.141430 0.320397 0.936666
vn 0.165432 0.325237 0.931049
vn 0.441022 0.367859 0.818645
vn 0.483248 0.372013 0.792514
vn 0.667336 0.380146 0.640431
vn 0.708208 0.379095 0.595591
vn 0.853387 0.360133 0.376875
vn 0.935457 0.322111 0.145479
vn 0.392657 -0.866221 -0.309003
vn 0.334011 -0.736844 -0.587790
vn 0.354817 -0.725275 -0.589984
vn 0.403794 -0.859806 -0.312545
vn 0.242669 -0.535343 -0.809024
vn 0.271437 -0.520210 -0.809755
vn 0.127578 -0.281446 -0.951058
vn 0.161775 -0.264671 -0.950673
vn 0.000001 -0.000002 -1.000000
vn 0.036441 0.016516 -0.999199
vn -0.127584 0.281459 -0.951054
vn -0.092426 0.296114 -0.950670
vn -0.242683 0.535370 -0.809002
vn -0.212336 0.547027 -0.809737
vn -0.334027 0.736878 -0.587739
vn -0.311612 0.744896 -0.589939
vn -0.392649 0.866201 -0.309069
vn -0.380483 0.870351 -0.312606
vn -0.412863 0.910793 0.000000
vn -0.412174 0.911095 -0.004319
vn -0.392649 0.866202 0.309065
vn -0.403388 0.862780 0.304776
vn -0.334027 0.736877 0.587740
vn -0.354866 0.729859 0.584274
vn -0.242686 0.535379 0.808995
vn -0.271218 0.524943 0.806768
vn -0.127590 0.281472 0.951049
vn -0.160663 0.268051 0.949914
vn 0.000001 -0.000002 1.000000
vn -0.034159 -0.015486 0.999296
vn 0.127584 -0.281459 0.951054
vn 0.095696 -0.297493 0.949916
vn 0.242673 -0.535351 0.809017
vn 0.216024 -0.549936 0.806786
vn 0.334010 -0.736843 0.587792
vn 0.314997 -0.747897 0.584318
vn 0.392657 -0.866222 0.308999
vn 0.383004 -0.872042 0.304715
vn 0.412860 -0.910795 0.000000
vn 0.413541 -0.910475 -0.004322
vn -0.910809 -0.412828 -0.000010
vn -0.910797 -0.412856 0.000041
vn -0.910792 -0.412866 -0.000000
vn -0.910800 -0.412847 -0.000010
vn -0.910798 -0.412853 0.000014
vn -0.910803 -0.412842 0.000000
vn -0.910782 -0.412887 -0.000007
vn -0.910774 -0.412905 -0.000017
vn -0.910780 -0.412892 0.000003
vn -0.910786 -0.412878 0.000034
vn -0.910787 -0.412877 0.000007
vn -0.910786 -0.412879 -0.000031
vn -0.910779 -0.412893 -0.000010
vn -0.910774 -0.412906 0.000015
vn -0.910784 -0.412884 0.000009
vn -0.910803 -0.412841 0.000000
vn -0.910797 -0.412854 -0.000014
vn -0.910801 -0.412846 0.000007
vn -0.910809 -0.412829 0.000007
vn -0.910796 -0.412856 -0.000041
vn -0.910795 -0.412859 -0.000000
vn -0.048562 -0.021830 0.998582
vn -0.048718 -0.022045 0.998569
vn -0.048603 -0.021927 0.998578
vn -0.048708 -0.021697 0.998577
vn -0.048569 -0.021502 0.998588
vn -0.048486 -0.021942 0.998583
vn -0.048434 -0.022072 0.998582
vn -0.048312 -0.022130 0.998587
vn -0.048321 -0.022159 0.998586
vn -0.048690 -0.022159 0.998568
vn -0.048654 -0.022061 0.998572
vn -0.048695 -0.022227 0.998566
vn -0.048930 -0.022380 0.998552
vn -0.048734 -0.021700 0.998576
vn -0.048591 -0.021510 0.998587
vn -0.048517 -0.021965 0.998581
vn -0.048648 -0.021863 0.998577
vn -0.048537 -0.021831 0.998583
vn -0.048670 -0.021914 0.998574
vn -0.048791 -0.021796 0.998571
vn -0.048497 -0.021771 0.998586
vn 0.529058 -0.633211 -0.564925
vn 0.499848 -0.809209 -0.308760
vn 0.507427 -0.398843 -0.763834
vn 0.438755 -0.129780 -0.889186
vn 0.330251 0.149685 -0.931949
vn 0.191579 0.415483 -0.889197
vn 0.034457 0.644541 -0.763793
vn -0.127524 0.815239 -0.564909
vn -0.279098 0.909256 -0.308802
vn -0.404610 0.914292 -0.018990
vn -0.489865 0.827369 0.274760
vn -0.525232 0.656589 0.541316
vn -0.507048 0.420170 0.752569
vn -0.438004 0.142915 0.887540
vn -0.325671 -0.147643 0.933884
vn -0.181195 -0.423605 0.887540
vn -0.018187 -0.658262 0.752569
vn 0.147632 -0.827761 0.541310
vn 0.299334 -0.913723 0.274790
vn 0.420935 -0.906891 -0.019018
vn 0.683548 -0.568323 -0.458008
vn 0.593869 -0.769377 -0.235328
vn 0.708763 -0.312875 -0.632270
vn 0.669102 -0.028694 -0.742616
vn 0.569532 0.258119 -0.780389
vn 0.419390 0.522121 -0.742632
vn 0.231778 0.739312 -0.632216
vn 0.023127 0.888638 -0.458027
vn -0.187203 0.953719 -0.235320
vn -0.377965 0.925711 0.014184
vn -0.529207 0.806119 0.264788
vn -0.625231 0.606863 0.490718
vn -0.656262 0.348982 0.668979
vn -0.619584 0.058812 0.782724
vn -0.518942 -0.235272 0.821795
vn -0.364139 -0.504717 0.782728
vn -0.170064 -0.723565 0.668978
vn 0.044315 -0.870195 0.490711
vn 0.257383 -0.929299 0.264872
vn 0.447073 -0.894385 0.014177
vn 0.839452 -0.487436 -0.240263
vn 0.695120 -0.713116 -0.090957
vn 0.907315 -0.216324 -0.360533
vn 0.894414 0.074710 -0.440955
vn 0.803070 0.360111 -0.474762
vn 0.641199 0.614852 -0.459153
vn 0.422631 0.815498 -0.395407
vn 0.165381 0.942983 -0.288848
vn -0.108180 0.982942 -0.148736
vn -0.371771 0.928250 0.011779
vn -0.598438 0.781303 0.177304
vn -0.763031 0.555003 0.331294
vn -0.846357 0.272447 0.457660
vn -0.838651 -0.036397 0.543452
vn -0.740512 -0.339678 0.579879
vn -0.562555 -0.605317 0.563136
vn -0.324080 -0.806264 0.494885
vn -0.050471 -0.922721 0.382150
vn 0.229126 -0.944227 0.236511
vn 0.485521 -0.871140 0.073382
vn 0.879977 -0.461408 -0.112888
vn 0.704849 -0.708916 -0.025022
vn 0.966980 -0.175830 -0.184482
vn 0.964799 0.119607 -0.234215
vn 0.877976 0.402437 -0.259236
vn 0.713152 0.651855 -0.257874
vn 0.480424 0.846464 -0.229547
vn 0.195854 0.964826 -0.175366
vn -0.114514 0.988420 -0.099563
vn -0.416252 0.909194 -0.009997
vn -0.672706 0.735272 0.082720
vn -0.855829 0.489144 0.168215
vn -0.950103 0.201314 0.238278
vn -0.952504 -0.098904 0.288019
vn -0.866358 -0.387803 0.314696
vn -0.698425 -0.642098 0.316091
vn -0.458896 -0.839632 0.290572
vn -0.165961 -0.956981 0.238001
vn 0.151014 -0.975203 0.161783
vn 0.453276 -0.888591 0.070341
vn 0.860304 -0.503383 0.080520
vn 0.659498 -0.733512 0.164385
vn 0.976242 -0.216369 -0.011648
vn 0.990395 0.092999 -0.102316
vn 0.903595 0.387969 -0.181651
vn 0.731192 0.638096 -0.241228
vn 0.495441 0.823825 -0.275410
vn 0.217927 0.934527 -0.281366
vn -0.082200 0.962686 -0.257834
vn -0.383750 0.923142 0.023355
vn -0.645925 0.757415 0.095414
vn -0.866872 0.498087 -0.021035
vn -0.977147 0.194726 0.085241
vn -0.975866 -0.123153 0.180330
vn -0.873050 -0.416900 0.252940
vn -0.691388 -0.657955 0.298460
vn -0.453228 -0.832966 0.317416
vn -0.178965 -0.933143 0.311794
vn 0.112764 -0.952436 0.283107
vn 0.400783 -0.885998 0.233197
vn 0.837808 -0.440647 0.322348
vn 0.612291 -0.656243 0.440960
vn 0.976647 -0.149903 0.153912
vn 0.985226 0.167159 -0.037246
vn 0.868017 0.448369 -0.213336
vn 0.669785 0.655536 -0.348798
vn 0.434306 0.786167 -0.439681
vn 0.187163 0.850820 -0.490995
vn -0.064123 0.858955 -0.508021
vn -0.354352 0.799208 -0.485491
vn -0.316642 0.811476 -0.491167
vn -0.621261 0.664094 -0.415949
vn -0.562844 0.702051 -0.436269
vn -0.787203 0.517813 -0.334935
vn -0.949244 0.255449 -0.183527
vn -0.998410 -0.056300 0.002666
vn -0.912773 -0.361272 0.190598
vn -0.721063 -0.601397 0.344079
vn -0.473070 -0.757652 0.449632
vn -0.203747 -0.836035 0.509444
vn 0.072110 -0.845838 0.528544
vn 0.347950 -0.788338 0.507400
vn 0.864255 -0.063480 -0.499033
vn 0.710161 -0.297486 -0.638102
vn 0.699878 -0.284341 -0.655226
vn 0.858348 -0.058198 -0.509756
vn 0.486505 -0.502437 -0.714751
vn 0.473333 -0.482623 -0.736906
vn 0.215225 -0.658200 -0.721423
vn 0.200877 -0.633828 -0.746934
vn -0.077090 -0.749519 -0.657479
vn -0.091011 -0.723392 -0.684413
vn -0.361939 -0.767469 -0.529142
vn -0.374127 -0.742686 -0.555379
vn -0.611258 -0.710298 -0.349056
vn -0.620865 -0.689815 -0.372401
vn -0.800778 -0.583599 -0.134784
vn -0.807416 -0.569767 -0.153119
vn -0.911929 -0.399735 0.092718
vn -0.915511 -0.394007 0.081230
vn -0.933791 -0.176766 0.311110
vn -0.934377 -0.179529 0.307748
vn -0.864254 0.063483 0.499034
vn -0.861902 0.052897 0.504309
vn -0.710162 0.297483 0.638101
vn -0.704844 0.280546 0.651528
vn -0.486518 0.502429 0.714748
vn -0.478237 0.481028 0.734780
vn -0.215183 0.658221 0.721417
vn -0.204156 0.634359 0.745593
vn 0.077133 0.749528 0.657463
vn 0.090184 0.725073 0.682742
vn 0.361917 0.767473 0.529151
vn 0.375628 0.744123 0.552435
vn 0.611307 0.710279 0.349010
vn 0.623849 0.689682 0.367629
vn 0.800800 0.583577 0.134750
vn 0.810245 0.567410 0.146796
vn 0.911911 0.399788 -0.092667
vn 0.916720 0.389674 -0.088194
vn 0.933795 0.176831 -0.311058
vn 0.933191 0.174068 -0.314412
vn 0.349442 -0.637921 0.686256
vn 0.349400 -0.637956 0.686245
vn 0.349402 -0.637929 0.686269
vn 0.349454 -0.637886 0.686282
vn 0.349393 -0.637923 0.686279
vn 0.349371 -0.637935 0.686279
vn 0.349376 -0.637938 0.686274
vn 0.349375 -0.637930 0.686282
vn 0.349376 -0.637939 0.686273
vn 0.349397 -0.637972 0.686231
vn 0.349409 -0.637967 0.686230
vn 0.349401 -0.637955 0.686245
vn 0.349453 -0.637895 0.686275
vn 0.349457 -0.637867 0.686299
vn 0.349371 -0.637920 0.686292
vn 0.349364 -0.637928 0.686289
vn 0.349420 -0.637926 0.686263
vn 0.349391 -0.637901 0.686300
vn 0.349366 -0.637919 0.686296
vn 0.349408 -0.637963 0.686234
vn 0.349412 -0.637945 0.686249
vn 0.095293 0.714541 0.693073
vn 0.095765 0.714112 0.693451
vn 0.095464 0.714387 0.693208
vn 0.095472 0.714165 0.693436
vn 0.095528 0.714230 0.693362
vn 0.095842 0.714206 0.693343
vn 0.095321 0.713999 0.693628
vn 0.095502 0.714384 0.693206
vn 0.095850 0.714357 0.693186
vn 0.095553 0.714575 0.693002
vn 0.095823 0.714770 0.692764
vn 0.096022 0.714279 0.693242
vn 0.096296 0.714176 0.693311
vn 0.095460 0.714272 0.693327
vn 0.094978 0.714561 0.693095
vn 0.095414 0.714473 0.693127
vn 0.095052 0.714451 0.693199
vn 0.095011 0.714455 0.693201
vn 0.095047 0.714455 0.693195
vn 0.095073 0.714523 0.693122
vn 0.094984 0.714762 0.692888
vn 0.621943 -0.142218 -0.770040
vn 0.814779 0.012668 -0.579633
vn 0.371994 -0.281440 -0.884540
vn 0.090070 -0.392794 -0.915205
vn -0.198473 -0.467189 -0.861593
vn -0.469003 -0.498642 -0.728967
vn -0.697711 -0.483998 -0.528153
vn -0.863106 -0.423395 -0.275291
vn -0.947090 -0.320882 0.007365
vn -0.938195 -0.185309 0.292321
vn -0.834770 -0.029758 0.549794
vn -0.646743 0.129425 0.751646
vn -0.394084 0.275428 0.876834
vn -0.103171 0.393395 0.913562
vn 0.197003 0.471876 0.859374
vn 0.477556 0.503355 0.720121
vn 0.711647 0.484779 0.508476
vn 0.875114 0.417550 0.244596
vn 0.950252 0.308239 -0.044829
vn 0.928987 0.168241 -0.329665
vn 0.576026 0.045602 -0.816159
vn 0.787138 0.133276 -0.602206
vn 0.310208 -0.042361 -0.949725
vn 0.016301 -0.121919 -0.992406
vn -0.278557 -0.186009 -0.942235
vn -0.548382 -0.228917 -0.804285
vn -0.768576 -0.246571 -0.590333
vn -0.917790 -0.237237 -0.318402
vn -0.979457 -0.201189 -0.013645
vn -0.945215 -0.141853 0.294018
vn -0.817028 -0.065120 0.572909
vn -0.607910 0.020995 0.793728
vn -0.339699 0.107933 0.934321
vn -0.039816 0.187469 0.981463
vn 0.262478 0.252489 0.931319
vn 0.537860 0.296852 0.789041
vn 0.759933 0.316138 0.567942
vn 0.906473 0.307728 0.289153
vn 0.962163 0.271758 -0.019748
vn 0.920865 0.211486 -0.327538
vn 0.522791 0.319053 -0.790503
vn 0.749143 0.313456 -0.583550
vn 0.248460 0.301029 -0.920679
vn -0.048067 0.262141 -0.963832
vn -0.340780 0.206219 -0.917247
vn -0.603883 0.138134 -0.785012
vn -0.813279 0.063510 -0.578397
vn -0.949239 -0.011854 -0.314334
vn -0.996532 -0.081579 -0.016424
vn -0.947508 -0.139308 0.287788
vn -0.803764 -0.178528 0.567531
vn -0.577879 -0.193919 0.792749
vn -0.292612 -0.182642 0.938627
vn 0.021675 -0.144874 0.989213
vn 0.332746 -0.084427 0.939230
vn 0.607726 -0.007821 0.794109
vn 0.818442 0.076570 0.569465
vn 0.943969 0.159002 0.289207
vn 0.972960 0.230359 -0.016833
vn 0.904873 0.283406 -0.317625
vn 0.509410 0.443703 -0.737312
vn 0.750747 0.369646 -0.547486
vn 0.225615 0.476159 -0.849924
vn -0.072019 0.467697 -0.880950
vn -0.361217 0.421115 -0.831976
vn -0.620416 0.339815 -0.706831
vn -0.827401 0.228769 -0.512906
vn -0.960109 0.095410 -0.262846
vn -0.998622 -0.048259 0.020600
vn -0.933262 -0.186599 0.306923
vn -0.770237 -0.302751 0.561317
vn -0.531150 -0.383604 0.755466
vn -0.245704 -0.422187 0.872575
vn 0.056440 -0.417217 0.907053
vn 0.351663 -0.370436 0.859715
vn 0.616249 -0.285535 0.733967
vn 0.826843 -0.168179 0.536700
vn 0.959177 -0.028031 0.281414
vn 0.992751 0.119987 -0.006992
vn 0.919899 0.258181 -0.295174
vn 0.564791 0.571548 -0.595268
vn 0.786838 0.479355 -0.388723
vn 0.279795 0.607626 -0.743307
vn -0.033736 0.580546 -0.813528
vn -0.339085 0.494522 -0.800293
vn -0.604157 0.362724 -0.709524
vn -0.807332 0.201963 -0.554461
vn -0.936681 0.027169 -0.349127
vn -0.983050 -0.148406 -0.107647
vn -0.942474 -0.138790 0.304107
vn -0.789408 -0.273513 0.549568
vn -0.555278 -0.531793 0.639423
vn -0.252730 -0.555250 0.792354
vn 0.070670 -0.515690 0.853856
vn 0.375315 -0.424127 0.824169
vn 0.631174 -0.295761 0.717039
vn 0.822635 -0.143581 0.550142
vn 0.940288 0.021142 0.339724
vn 0.976845 0.188354 0.101474
vn 0.926374 0.346087 -0.148513
vn 0.519468 0.744469 -0.419427
vn 0.728166 0.663683 -0.171170
vn 0.226534 0.738734 -0.634786
vn -0.102811 0.633561 -0.766831
vn -0.404078 0.453663 -0.794299
vn -0.633775 0.243872 -0.734068
vn -0.786620 0.035095 -0.616440
vn -0.871706 -0.158858 -0.463565
vn -0.897932 -0.334847 -0.285650
vn -0.856374 -0.513689 -0.052413
vn -0.866490 -0.491967 -0.084639
vn -0.734232 -0.650281 0.195033
vn -0.769763 -0.623349 0.137482
vn -0.593587 -0.712976 0.373255
vn -0.332194 -0.732245 0.594529
vn -0.010903 -0.656717 0.754058
vn 0.312571 -0.491135 0.813072
vn 0.576254 -0.275225 0.769534
vn 0.756607 -0.049775 0.651973
vn 0.857250 0.163087 0.488390
vn 0.887010 0.356622 0.293315
vn 0.846787 0.527094 0.071577
vn 0.763837 0.621635 0.173560
vn 0.853644 0.382235 0.353818
vn 0.865649 0.370313 0.336927
vn 0.771674 0.613986 0.165954
vn 0.859898 0.105405 0.499465
vn 0.875348 0.090729 0.474904
vn 0.781987 -0.181723 0.596216
vn 0.799974 -0.197527 0.566591
vn 0.627522 -0.451094 0.634611
vn 0.646910 -0.466545 0.603194
vn 0.411598 -0.676326 0.610877
vn 0.430973 -0.690270 0.581196
vn 0.155482 -0.835288 0.527370
vn 0.173203 -0.846923 0.502715
vn -0.115955 -0.912541 0.392204
vn -0.101614 -0.921346 0.375228
vn -0.375994 -0.900451 0.218671
vn -0.366668 -0.906106 0.211012
vn -0.599244 -0.800215 0.023724
vn -0.596155 -0.802452 0.025885
vn -0.763849 -0.621618 -0.173568
vn -0.767510 -0.620186 -0.162164
vn -0.853639 -0.382266 -0.353798
vn -0.863664 -0.376959 -0.334642
vn -0.859901 -0.105429 -0.499454
vn -0.874928 -0.096279 -0.474586
vn -0.781971 0.181765 -0.596223
vn -0.799843 0.194207 -0.567921
vn -0.627514 0.451106 -0.634610
vn -0.645716 0.465608 -0.605195
vn -0.411631 0.676300 -0.610883
vn -0.427783 0.691034 -0.582644
vn -0.155409 0.835320 -0.527342
vn -0.167704 0.848109 -0.502579
vn 0.115926 0.912536 -0.392223
vn 0.108559 0.921388 -0.373173
vn 0.375992 0.900451 -0.218674
vn 0.373904 0.903994 -0.207343
vn 0.599267 0.800198 -0.023696
vn 0.602349 0.797942 -0.021540
vn -0.497150 0.395220 0.772427
vn -0.497116 0.395160 0.772480
vn -0.497118 0.395183 0.772466
vn -0.497164 0.395152 0.772452
vn -0.497155 0.395137 0.772466
vn -0.497089 0.395247 0.772453
vn -0.497127 0.395235 0.772434
vn -0.497139 0.395199 0.772444
vn -0.497157 0.395220 0.772422
vn -0.497131 0.395184 0.772458
vn -0.497075 0.395192 0.772489
vn -0.497095 0.395176 0.772485
vn -0.497066 0.395162 0.772510
vn -0.497066 0.395247 0.772467
vn -0.497083 0.395235 0.772462
vn -0.497148 0.395120 0.772479
vn -0.497084 0.395152 0.772505
vn -0.497082 0.395191 0.772485
vn -0.497164 0.395148 0.772454
vn -0.497151 0.395155 0.772459
vn -0.497120 0.395130 0.772492
vn -0.653307 0.471635 -0.592242
vn -0.653316 0.471410 -0.592411
vn -0.653189 0.471459 -0.592512
vn -0.653261 0.471372 -0.592502
vn -0.653233 0.471516 -0.592418
vn -0.653163 0.471625 -0.592409
vn -0.653399 0.471460 -0.592280
vn -0.652849 0.471628 -0.592753
vn -0.653044 0.471889 -0.592329
vn -0.653518 0.471533 -0.592090
vn -0.652789 0.471355 -0.593035
vn -0.652964 0.471888 -0.592418
vn -0.653213 0.472090 -0.591983
vn -0.653383 0.470942 -0.592709
vn -0.653151 0.471068 -0.592865
vn -0.652801 0.471853 -0.592626
vn -0.653195 0.471458 -0.592507
vn -0.653574 0.471118 -0.592359
vn -0.653626 0.471091 -0.592322
vn -0.653068 0.470997 -0.593013
vn -0.652921 0.471252 -0.592972
vn 0.940563 0.294376 0.169360
vn 0.819297 0.567768 0.079955
vn 0.970431 -0.003799 0.241348
vn 0.909379 -0.298332 0.289875
vn 0.765076 -0.563672 0.311339
vn 0.550609 -0.777409 0.304081
vn 0.283920 -0.920483 0.268515
vn -0.012445 -0.978242 0.207096
vn -0.311306 -0.942089 0.124728
vn -0.582714 -0.812164 0.028869
vn -0.797178 -0.599568 -0.070896
vn -0.931036 -0.325970 -0.164061
vn -0.970362 -0.020301 -0.240803
vn -0.912277 0.285882 -0.293295
vn -0.763782 0.562599 -0.316416
vn -0.539575 0.783561 -0.308045
vn -0.260796 0.927192 -0.268889
vn 0.045575 0.978171 -0.202743
vn 0.348328 0.930136 -0.116254
vn 0.615533 0.787892 -0.018567
vn 0.959540 0.280179 -0.027978
vn 0.825464 0.562613 -0.045559
vn 0.999568 -0.027123 -0.011348
vn 0.944256 -0.329203 0.002514
vn 0.800598 -0.599077 0.012204
vn 0.581886 -0.813095 0.016876
vn 0.307217 -0.951504 0.016057
vn 0.000845 -0.999950 0.009982
vn -0.308152 -0.951337 -0.000681
vn -0.588733 -0.808196 -0.014601
vn -0.811255 -0.583912 -0.030196
vn -0.952372 -0.301474 -0.045829
vn -0.998140 0.009887 -0.060153
vn -0.945014 0.318952 -0.072238
vn -0.798935 0.595887 -0.081369
vn -0.574267 0.814042 -0.086906
vn -0.292419 0.952224 -0.088095
vn 0.019459 0.996250 -0.084310
vn 0.330469 0.940800 -0.075399
vn 0.608734 0.790948 -0.061997
vn 0.904528 0.301573 -0.301468
vn 0.786611 0.574563 -0.226099
vn 0.935201 0.003472 -0.354100
vn 0.877498 -0.292017 -0.380426
vn 0.737590 -0.559114 -0.378619
vn 0.527798 -0.774418 -0.348864
vn 0.266264 -0.918288 -0.293003
vn -0.024296 -0.976314 -0.214992
vn -0.317033 -0.940699 -0.120726
vn -0.583713 -0.811754 -0.018300
vn -0.796362 -0.599222 0.082104
vn -0.931180 -0.322981 0.169076
vn -0.972575 -0.011572 0.232300
vn -0.915823 0.302432 0.264203
vn -0.766729 0.586407 0.261255
vn -0.541085 0.810630 0.223844
vn -0.262748 0.952041 0.156784
vn 0.039104 0.996931 0.067814
vn 0.333385 0.942223 -0.032709
vn 0.590581 0.795788 -0.133923
vn 0.844128 0.334548 -0.418958
vn 0.750644 0.600225 -0.276158
vn 0.852714 0.045093 -0.520428
vn 0.781759 -0.240883 -0.575176
vn 0.640348 -0.501879 -0.581439
vn 0.439250 -0.718770 -0.538915
vn 0.192151 -0.872772 -0.448716
vn -0.081419 -0.945504 -0.315266
vn -0.354157 -0.923223 -0.149106
vn -0.594640 -0.803323 0.032808
vn -0.773361 -0.598581 0.208837
vn -0.871392 -0.335010 0.358392
vn -0.883332 -0.044054 0.466674
vn -0.813992 0.246268 0.526089
vn -0.672082 0.513377 0.533620
vn -0.468568 0.736088 0.488486
vn -0.217426 0.893701 0.392459
vn 0.060364 0.965873 0.251885
vn 0.336016 0.938474 0.079753
vn 0.575758 0.811014 -0.103727
vn 0.723332 0.459789 -0.515156
vn 0.608448 0.708920 -0.356685
vn 0.764510 0.159004 -0.624694
vn 0.725976 -0.158403 -0.669229
vn 0.614553 -0.454644 -0.644689
vn 0.446025 -0.699625 -0.558200
vn 0.239297 -0.873653 -0.423636
vn 0.010943 -0.966946 -0.254747
vn -0.223436 -0.972608 -0.064114
vn -0.597477 -0.801731 -0.015775
vn -0.770155 -0.613338 0.175155
vn -0.763461 -0.427987 0.483688
vn -0.803972 -0.106483 0.585056
vn -0.754573 0.219841 0.618295
vn -0.628104 0.511713 0.586204
vn -0.447167 0.742057 0.499393
vn -0.232609 0.899684 0.369407
vn -0.003261 0.978302 0.207157
vn 0.225498 0.973964 0.023350
vn 0.435826 0.883747 -0.170430
vn 0.534482 0.513576 -0.671245
vn 0.375516 0.766146 -0.521545
vn 0.638308 0.174257 -0.749798
vn 0.656290 -0.194934 -0.728892
vn 0.588960 -0.521748 -0.617174
vn 0.464547 -0.761939 -0.451271
vn 0.312431 -0.912316 -0.264702
vn 0.149282 -0.985967 -0.074721
vn -0.018453 -0.993470 0.112594
vn -0.215785 -0.921331 0.323398
vn -0.189822 -0.936049 0.296276
vn -0.400282 -0.761474 0.509835
vn -0.359779 -0.806024 0.469984
vn -0.517288 -0.589813 0.620108
vn -0.636505 -0.282470 0.717685
vn -0.681571 0.080557 0.727304
vn -0.635733 0.435032 0.637645
vn -0.515935 0.713058 0.474721
vn -0.355307 0.892666 0.277317
vn -0.177534 0.981587 0.070493
vn 0.006644 0.990804 -0.135139
vn 0.193572 0.921861 -0.335712
vn -0.517384 0.493437 0.699166
vn -0.451122 0.490063 0.745874
vn -0.436518 0.537577 0.721431
vn -0.608589 0.453438 0.651164
vn -0.142126 0.482084 0.864520
vn -0.102723 0.622564 0.775798
vn -0.085422 0.443711 0.892090
vn -0.105589 0.633155 0.766789
vn -0.029212 0.380792 0.924199
vn -0.057701 0.644716 0.762241
vn 0.045322 0.389300 0.919995
vn 0.059839 0.622715 0.780158
vn 0.204749 0.520968 0.828656
vn 0.230674 0.602285 0.764227
vn 0.253349 0.740902 0.621996
vn 0.268499 0.649506 0.711372
vn 0.253793 0.806813 0.533519
vn 0.316234 0.708165 0.631267
vn 0.337014 0.787647 0.515785
vn 0.375014 0.767843 0.519406
vn 0.311069 0.809980 0.497161
vn 0.306361 0.813855 0.493744
vn -0.601128 0.614322 0.511129
vn -0.755786 0.455070 0.470849
vn -0.068213 0.791950 0.606764
vn -0.082093 0.803291 0.589902
vn -0.068329 0.838484 0.540625
vn 0.057109 0.841198 0.537703
vn 0.170305 0.753096 0.635486
vn 0.275221 0.644247 0.713582
vn 0.438506 0.605274 0.664347
vn 0.451978 0.699998 0.552918
vn 0.341400 0.771640 0.536672
vn -0.634998 0.680816 0.365058
vn -0.823132 0.500471 0.268295
vn -0.077606 0.880658 0.467353
vn -0.067701 0.868277 0.491438
vn -0.021832 0.875872 0.482050
vn 0.067616 0.889803 0.451307
vn 0.022781 0.892542 0.450390
vn 0.234930 0.854095 0.464036
vn 0.506629 0.725323 0.466083
vn 0.547408 0.687991 0.476458
vn 0.495367 0.733545 0.465321
vn -0.627988 0.719638 0.296230
vn -0.834217 0.511412 0.206253
vn -0.116535 0.895301 0.429948
vn -0.095521 0.880964 0.463443
vn 0.017487 0.887095 0.461256
vn 0.077618 0.889415 0.450462
vn 0.060045 0.909348 0.411680
vn 0.283845 0.913279 0.292155
vn 0.443987 0.847598 0.290608
vn 0.580768 0.748204 0.320781
vn 0.668452 0.683252 0.293836
vn -0.668784 0.726318 0.158714
vn -0.824813 0.560413 0.074975
vn -0.295528 0.868564 0.397818
vn -0.107980 0.833033 0.542584
vn 0.032573 0.828051 0.559705
vn 0.083453 0.836430 0.541683
vn 0.211816 0.874381 0.436569
vn 0.377803 0.881860 0.282113
vn 0.339514 0.895184 0.288748
vn 0.582782 0.757524 0.294148
vn 0.760748 0.605107 0.234751
vn -0.694791 0.710760 -0.109937
vn -0.695688 0.713666 -0.081841
vn -0.525717 0.849532 0.043789
vn -0.193661 0.939951 0.281048
vn 0.017473 0.928182 0.371717
vn 0.194193 0.934898 0.297077
vn 0.345926 0.922881 0.169190
vn 0.377806 0.907878 0.181713
vn 0.262098 0.926139 0.271240
vn 0.568302 0.782562 0.254225
vn 0.805054 0.563800 0.184437
vn -0.622075 0.782026 -0.038186
vn -0.426226 0.904590 -0.006963
vn -0.635859 0.761251 -0.127201
vn -0.223246 0.968551 -0.109870
vn 0.000000 0.991921 -0.126856
vn 0.214990 0.973002 -0.083949
vn 0.271519 0.961463 0.043197
vn 0.283848 0.940223 0.188178
vn 0.233731 0.941208 0.243921
vn 0.579589 0.788849 0.204436
vn 0.818077 0.556718 0.144276
vn -0.591373 0.800285 0.099111
vn -0.325645 0.931867 0.159938
vn -0.576389 0.814790 -0.062392
vn -0.166169 0.951826 -0.257710
vn -0.001773 0.951936 -0.306291
vn 0.091797 0.967583 -0.235281
vn 0.094314 0.992775 -0.074183
vn 0.173005 0.982003 0.075764
vn 0.328981 0.944148 0.018892
vn 0.569396 0.820511 -0.050503
vn 0.712502 0.693015 -0.109869
vn -0.440253 0.886601 -0.141829
vn -0.350406 0.936554 -0.009097
vn -0.337029 0.877389 -0.341467
vn -0.071258 0.881771 -0.466264
vn -0.003036 0.876348 -0.481669
vn 0.006555 0.873273 -0.487187
vn 0.000000 0.874187 -0.485589
vn 0.044813 0.888612 -0.456466
vn 0.295821 0.872009 -0.389988
vn 0.484006 0.824719 -0.292536
vn 0.421731 0.879206 -0.221674
vn -0.307155 0.910602 -0.276513
vn -0.315724 0.943409 -0.101477
vn -0.174646 0.827637 -0.533400
vn -0.040690 0.774187 -0.631647
vn -0.002399 0.758984 -0.651105
vn 0.005179 0.760008 -0.649894
vn 0.000000 0.761950 -0.647635
vn 0.000000 0.761950 -0.647635
vn 0.286173 0.798447 -0.529705
vn 0.424896 0.876675 -0.225621
vn 0.238656 0.970747 -0.026342
vn -0.853335 0.509153 -0.112176
vn -0.835814 0.547346 -0.042762
vn -0.808557 0.583689 -0.074454
vn -0.888420 0.424670 -0.174256
vn -0.687324 0.694035 0.214248
vn -0.598443 0.793856 0.107972
vn -0.663975 0.691628 0.284231
vn -0.594491 0.798454 0.095136
vn -0.644053 0.669806 0.369533
vn -0.556032 0.823329 0.113835
vn -0.586132 0.701516 0.405369
vn -0.481215 0.852477 0.204241
vn -0.406769 0.834755 0.371111
vn -0.344211 0.888612 0.303130
vn -0.231656 0.960470 0.154379
vn -0.280656 0.921923 0.267004
vn -0.171742 0.983026 0.064534
vn -0.191420 0.958021 0.213433
vn -0.098286 0.988927 0.111190
vn -0.072631 0.986670 0.145626
vn -0.104916 0.991806 0.072899
vn -0.106091 0.992163 0.066009
vn -0.788590 0.511088 -0.341929
vn -0.875780 0.305450 -0.373776
vn -0.459085 0.885872 -0.066873
vn -0.457989 0.884247 -0.091402
vn -0.414625 0.900240 -0.132871
vn -0.319935 0.945282 -0.063905
vn -0.302128 0.947042 0.108767
vn -0.277178 0.920623 0.275000
vn -0.123318 0.925495 0.358124
vn -0.038306 0.968433 0.246315
vn -0.109101 0.984792 0.135208
vn -0.715247 0.500053 -0.488231
vn -0.789139 0.243020 -0.564094
vn -0.372136 0.904939 -0.206397
vn -0.381035 0.907057 -0.179054
vn -0.340806 0.925980 -0.162517
vn -0.253983 0.957361 -0.137668
vn -0.286507 0.943678 -0.165486
vn -0.138881 0.990199 -0.014774
vn 0.060578 0.975872 0.209771
vn 0.083730 0.962194 0.259176
vn 0.052759 0.978673 0.198537
vn -0.663711 0.509290 -0.547824
vn -0.755549 0.224699 -0.615351
vn -0.375721 0.889503 -0.260036
vn -0.382748 0.897439 -0.219333
vn -0.297740 0.941340 -0.158838
vn -0.246020 0.960201 -0.132245
vn -0.232891 0.956221 -0.177213
vn 0.013037 0.991954 -0.125923
vn 0.132459 0.991188 -0.000614
vn 0.213240 0.965607 0.148771
vn 0.296197 0.930399 0.215928
vn -0.601241 0.447996 -0.661671
vn -0.660179 0.219517 -0.718315
vn -0.486377 0.791764 -0.369523
vn -0.445254 0.882470 -0.151640
vn -0.352891 0.933908 -0.057311
vn -0.303143 0.951940 -0.043753
vn -0.137469 0.988924 -0.055965
vn 0.089254 0.994085 -0.061875
vn 0.056484 0.994638 -0.086633
vn 0.232663 0.964061 0.128275
vn 0.404214 0.873194 0.272295
vn -0.439522 0.322553 -0.838320
vn -0.459112 0.335495 -0.822593
vn -0.418085 0.559236 -0.715863
vn -0.332440 0.843594 -0.421703
vn -0.237436 0.942111 -0.236752
vn -0.056540 0.980987 -0.185655
vn 0.141749 0.974692 -0.172869
vn 0.156881 0.977813 -0.138817
vn 0.011054 0.987323 -0.158342
vn 0.248852 0.965089 0.081714
vn 0.470853 0.834068 0.287449
vn -0.434103 0.436409 -0.788100
vn -0.310370 0.621603 -0.719222
vn -0.384337 0.379691 -0.841499
vn -0.091027 0.707753 -0.700571
vn 0.085438 0.799243 -0.594904
vn 0.215451 0.874671 -0.434202
vn 0.171598 0.933340 -0.315327
vn 0.083064 0.975105 -0.205597
vn 0.008482 0.979811 -0.199744
vn 0.290731 0.955308 0.053489
vn 0.507531 0.817161 0.273241
vn -0.503876 0.515418 -0.693147
vn -0.348425 0.744102 -0.570010
vn -0.384034 0.471096 -0.794095
vn 0.050734 0.656693 -0.752450
vn 0.204976 0.695617 -0.688550
vn 0.226314 0.768935 -0.597930
vn 0.119672 0.853141 -0.507768
vn 0.076851 0.928954 -0.362129
vn 0.230454 0.929297 -0.288613
vn 0.454899 0.881020 -0.129891
vn 0.600660 0.799282 -0.018859
vn -0.229898 0.549598 -0.803174
vn -0.252887 0.674611 -0.693504
vn -0.019145 0.501219 -0.865109
vn 0.261362 0.549980 -0.793229
vn 0.322168 0.563282 -0.760869
vn 0.332972 0.561889 -0.757239
vn 0.327055 0.560991 -0.760476
vn 0.340563 0.600157 -0.723760
vn 0.481330 0.699198 -0.528625
vn 0.554793 0.761930 -0.334168
vn 0.461025 0.813923 -0.353532
vn -0.040806 0.564969 -0.824102
vn -0.165042 0.657154 -0.735466
vn 0.230161 0.441822 -0.867075
vn 0.395349 0.405261 -0.824295
vn 0.436759 0.398184 -0.806654
vn 0.441542 0.402171 -0.802060
vn 0.436194 0.402892 -0.804619
vn 0.436192 0.402894 -0.804620
vn 0.568299 0.579353 -0.584283
vn 0.466030 0.811353 -0.352877
vn 0.194141 0.903112 -0.383012
vn -0.644130 0.760168 -0.085091
vn -0.638978 0.769211 -0.004615
vn -0.596166 0.802716 -0.015274
vn -0.678367 0.712623 -0.178846
vn -0.540933 0.781293 0.311404
vn -0.404803 0.874469 0.267279
vn -0.539875 0.751616 0.378957
vn -0.396396 0.881098 0.257948
vn -0.550859 0.701019 0.452910
vn -0.360272 0.886175 0.291373
vn -0.499982 0.701240 0.508213
vn -0.309950 0.863039 0.398866
vn -0.292710 0.775546 0.559329
vn -0.202639 0.824310 0.528631
vn -0.038744 0.897033 0.440263
vn -0.125510 0.844988 0.519849
vn 0.047958 0.924613 0.377876
vn -0.018842 0.865178 0.501112
vn 0.104224 0.893497 0.436807
vn 0.117675 0.873487 0.472412
vn 0.109702 0.909236 0.401565
vn 0.110675 0.911914 0.395175
vn -0.517506 0.807968 -0.281736
vn -0.636757 0.658374 -0.401354
vn -0.203847 0.964570 0.167483
vn -0.196165 0.969835 0.144706
vn -0.140260 0.982701 0.120934
vn -0.061654 0.973916 0.218372
vn -0.094258 0.920100 0.380173
vn -0.124868 0.840415 0.527361
vn -0.004544 0.772674 0.634787
vn 0.116489 0.817182 0.564485
vn 0.086319 0.886213 0.455166
vn -0.409847 0.817244 -0.405139
vn -0.515913 0.629691 -0.580794
vn -0.078550 0.994874 0.063681
vn -0.094199 0.991683 0.087696
vn -0.057192 0.991442 0.117357
vn 0.023635 0.985490 0.168080
vn -0.001769 0.991317 0.131485
vn 0.102928 0.943709 0.314354
vn 0.220633 0.803512 0.552892
vn 0.224835 0.769626 0.597600
vn 0.217237 0.811732 0.542124
vn -0.342689 0.826674 -0.446290
vn -0.474181 0.617394 -0.627676
vn -0.070044 0.997508 0.008466
vn -0.086446 0.995142 0.047122
vn -0.014669 0.990798 0.134549
vn 0.030130 0.984000 0.175601
vn 0.054328 0.989268 0.135636
vn 0.276508 0.929824 0.242837
vn 0.351401 0.855588 0.380115
vn 0.377736 0.764042 0.523026
vn 0.427492 0.686834 0.587801
vn -0.266024 0.784508 -0.560160
vn -0.357128 0.612567 -0.705139
vn -0.163999 0.975302 -0.147951
vn -0.167443 0.981626 0.091505
vn -0.096802 0.972037 0.213948
vn -0.050278 0.968868 0.242418
vn 0.115788 0.954001 0.276543
vn 0.329486 0.889412 0.316838
vn 0.306247 0.907313 0.288090
vn 0.401332 0.762478 0.507504
vn 0.498590 0.585000 0.639674
vn -0.093792 0.671366 -0.735167
vn -0.113539 0.684674 -0.719952
vn -0.054550 0.843477 -0.534389
vn 0.006064 0.989076 -0.147282
vn 0.063962 0.995107 0.075309
vn 0.226445 0.958914 0.170902
vn 0.405697 0.887465 0.218669
vn 0.410706 0.875728 0.253813
vn 0.282912 0.935607 0.211187
vn 0.429992 0.771783 0.468463
vn 0.547208 0.524371 0.652379
vn -0.076973 0.758196 -0.647467
vn 0.060925 0.867165 -0.494281
vn -0.028417 0.706712 -0.706930
vn 0.279345 0.871077 -0.403968
vn 0.434136 0.868135 -0.240559
vn 0.526250 0.849312 -0.041605
vn 0.464844 0.881816 0.079504
vn 0.360630 0.915650 0.177570
vn 0.290685 0.941563 0.170180
vn 0.474783 0.757968 0.447287
vn 0.581492 0.501698 0.640442
vn -0.150943 0.824123 -0.545928
vn 0.010874 0.946858 -0.321468
vn -0.020712 0.775648 -0.630826
vn 0.414306 0.795481 -0.442223
vn 0.548336 0.763978 -0.340095
vn 0.559035 0.797484 -0.226936
vn 0.453360 0.881038 -0.135042
vn 0.389170 0.921011 0.016867
vn 0.510967 0.852029 0.113842
vn 0.662987 0.692290 0.284928
vn 0.747846 0.540660 0.385245
vn 0.143272 0.801049 -0.581201
vn 0.119177 0.889716 -0.440684
vn 0.345906 0.709181 -0.614339
vn 0.597314 0.644759 -0.476971
vn 0.647628 0.628420 -0.430889
vn 0.656308 0.622736 -0.425982
vn 0.651523 0.624714 -0.430408
vn 0.662559 0.645322 -0.380231
vn 0.760212 0.634564 -0.139304
vn 0.787135 0.612204 0.074999
vn 0.717473 0.694184 0.057804
vn 0.328653 0.761810 -0.558241
vn 0.208901 0.858530 -0.468282
vn 0.564620 0.577968 -0.589200
vn 0.697522 0.480839 -0.531278
vn 0.729339 0.456380 -0.509688
vn 0.733382 0.457164 -0.503142
vn 0.729309 0.460229 -0.506258
vn 0.729309 0.460229 -0.506258
vn 0.829489 0.514956 -0.216260
vn 0.721348 0.690102 0.058453
vn 0.498293 0.866936 0.011222
vn -0.022300 0.986572 0.161801
vn 0.015564 0.976073 0.216887
vn 0.034710 0.979670 0.197592
vn -0.097884 0.989541 0.105957
vn 0.218450 0.867340 0.447214
vn 0.310338 0.881016 0.357073
vn 0.251951 0.827527 0.501717
vn 0.303353 0.887269 0.347463
vn 0.250966 0.776387 0.578134
vn 0.338807 0.871424 0.354727
vn 0.301364 0.734620 0.607876
vn 0.397598 0.823608 0.404458
vn 0.422175 0.716741 0.555024
vn 0.507724 0.731784 0.454652
vn 0.556531 0.740577 0.376589
vn 0.530722 0.731667 0.427783
vn 0.557485 0.790204 0.254536
vn 0.567284 0.717895 0.403506
vn 0.617728 0.724400 0.306033
vn 0.636404 0.696760 0.330931
vn 0.608331 0.746331 0.270044
vn 0.606520 0.750130 0.263511
vn -0.035145 0.997255 -0.065177
vn -0.221530 0.970781 -0.092245
vn 0.374149 0.910512 0.176012
vn 0.381520 0.910315 0.160529
vn 0.394654 0.908360 0.138316
vn 0.471105 0.860472 0.194034
vn 0.510167 0.791587 0.336333
vn 0.512288 0.736810 0.441217
vn 0.620463 0.615861 0.485532
vn 0.657442 0.637476 0.401739
vn 0.614152 0.715688 0.332578
vn -0.018223 0.983463 -0.180192
vn -0.254021 0.915598 -0.311695
vn 0.400076 0.912597 0.084292
vn 0.407360 0.907778 0.099982
vn 0.425344 0.899862 0.096593
vn 0.499629 0.857809 0.120560
vn 0.461418 0.881556 0.099765
vn 0.581068 0.786632 0.208733
vn 0.707149 0.609553 0.358310
vn 0.709117 0.588826 0.387862
vn 0.712648 0.609104 0.348029
vn -0.008504 0.968622 -0.248393
vn -0.256866 0.899094 -0.354473
vn 0.393331 0.919296 0.013644
vn 0.382615 0.922244 0.055423
vn 0.466201 0.877567 0.111950
vn 0.494155 0.861393 0.117529
vn 0.484140 0.870490 0.088628
vn 0.638345 0.761853 0.109980
vn 0.721558 0.665692 0.190284
vn 0.764367 0.577872 0.286018
vn 0.817620 0.464937 0.339604
vn -0.019721 0.936593 -0.349865
vn -0.235897 0.860417 -0.451703
vn 0.258486 0.963774 -0.065767
vn 0.362683 0.924544 0.116957
vn 0.457304 0.868841 0.189705
vn 0.472400 0.858839 0.198074
vn 0.572344 0.802912 0.166596
vn 0.691721 0.709300 0.135704
vn 0.669913 0.731508 0.126934
vn 0.773614 0.573851 0.268731
vn 0.859051 0.351029 0.372571
vn -0.044537 0.841431 -0.538526
vn -0.102673 0.842441 -0.528915
vn 0.092383 0.907738 -0.409240
vn 0.346024 0.929872 -0.124920
vn 0.472378 0.880574 0.038056
vn 0.573656 0.817484 0.051371
vn 0.699964 0.712987 0.041227
vn 0.700085 0.712106 0.052776
vn 0.628347 0.774020 0.077935
vn 0.784105 0.575743 0.231732
vn 0.884658 0.282117 0.371201
vn 0.024273 0.873547 -0.486134
vn 0.159051 0.882880 -0.441843
vn -0.020317 0.850687 -0.525279
vn 0.339280 0.855898 -0.390291
vn 0.495387 0.800211 -0.338014
vn 0.647034 0.725796 -0.233597
vn 0.669499 0.735748 -0.102206
vn 0.642387 0.766017 0.023588
vn 0.614291 0.788236 0.036484
vn 0.801032 0.562724 0.204178
vn 0.898677 0.257856 0.354809
vn 0.032299 0.924653 -0.379438
vn 0.278159 0.932632 -0.229835
vn 0.055047 0.870290 -0.489455
vn 0.376816 0.778135 -0.502509
vn 0.484899 0.730213 -0.481312
vn 0.569716 0.734084 -0.369519
vn 0.544112 0.799684 -0.253865
vn 0.607371 0.785286 -0.120111
vn 0.671502 0.736274 -0.083582
vn 0.872532 0.488472 0.009127
vn 0.938866 0.341256 0.045555
vn 0.149335 0.858313 -0.490916
vn 0.241337 0.901673 -0.358806
vn 0.237891 0.751675 -0.615137
vn 0.413192 0.650171 -0.637613
vn 0.460849 0.623022 -0.632029
vn 0.467003 0.617719 -0.632717
vn 0.462223 0.620577 -0.633431
vn 0.511975 0.630174 -0.583749
vn 0.704058 0.543070 -0.457579
vn 0.845960 0.471039 -0.249946
vn 0.765619 0.607372 -0.211960
vn 0.251500 0.771718 -0.584122
vn 0.268901 0.861519 -0.430671
vn 0.313276 0.602410 -0.734139
vn 0.385139 0.493750 -0.779666
vn 0.409788 0.463394 -0.785710
vn 0.415356 0.463525 -0.782703
vn 0.412210 0.467333 -0.782102
vn 0.412201 0.467337 -0.782104
vn 0.708869 0.448706 -0.544213
vn 0.768424 0.603277 -0.213496
vn 0.648496 0.744002 -0.160980
vn 0.110814 0.990444 0.082103
vn 0.175798 0.979584 0.097521
vn 0.176863 0.981726 0.070234
vn 0.017473 0.995601 0.092056
vn 0.479120 0.867266 0.135250
vn 0.485797 0.874050 0.006162
vn 0.539986 0.827330 0.154727
vn 0.474269 0.880373 0.003495
vn 0.590158 0.778346 0.214222
vn 0.504966 0.863021 -0.014318
vn 0.646620 0.734980 0.204175
vn 0.581048 0.813730 -0.015031
vn 0.699263 0.709845 0.084566
vn 0.694373 0.718025 -0.047813
vn 0.677473 0.722361 -0.138654
vn 0.693054 0.716078 -0.083112
vn 0.596331 0.768616 -0.231558
vn 0.703214 0.699913 -0.124949
vn 0.674343 0.701356 -0.230999
vn 0.704454 0.673506 -0.223907
vn 0.643453 0.722732 -0.252242
vn 0.637740 0.726451 -0.256039
vn -0.052278 0.995698 -0.076497
vn -0.208074 0.977619 0.031071
vn 0.410493 0.895576 -0.171580
vn 0.405405 0.894611 -0.187933
vn 0.399974 0.891423 -0.213038
vn 0.493079 0.841369 -0.221294
vn 0.617026 0.774471 -0.139548
vn 0.688707 0.722466 -0.061046
vn 0.796091 0.597627 -0.095296
vn 0.766852 0.615182 -0.183002
vn 0.689552 0.693535 -0.208632
vn -0.118057 0.978044 -0.171736
vn -0.381707 0.918266 -0.105295
vn 0.367416 0.893953 -0.256620
vn 0.383308 0.889208 -0.249769
vn 0.394093 0.880335 -0.264008
vn 0.464187 0.835368 -0.294434
vn 0.422429 0.860386 -0.285114
vn 0.582549 0.762684 -0.280979
vn 0.773451 0.583727 -0.247056
vn 0.794565 0.563719 -0.225585
vn 0.770530 0.582717 -0.258312
vn -0.157409 0.960939 -0.227636
vn -0.413106 0.900779 -0.133939
vn 0.314686 0.899094 -0.304307
vn 0.335189 0.903670 -0.266513
vn 0.434141 0.856495 -0.279172
vn 0.458182 0.839134 -0.293127
vn 0.431391 0.847941 -0.308056
vn 0.557264 0.732533 -0.390964
vn 0.671138 0.634609 -0.383203
vn 0.765940 0.547376 -0.337216
vn 0.839407 0.433427 -0.327930
vn -0.235009 0.926806 -0.292918
vn -0.464280 0.858561 -0.217524
vn 0.162530 0.947960 -0.273780
vn 0.362296 0.908569 -0.207953
vn 0.480152 0.850283 -0.215576
vn 0.496734 0.839791 -0.219104
vn 0.547867 0.778242 -0.306888
vn 0.612996 0.678142 -0.405413
vn 0.591411 0.701148 -0.398277
vn 0.760955 0.542444 -0.355953
vn 0.890176 0.318560 -0.325738
vn -0.382836 0.827978 -0.409744
vn -0.419025 0.832071 -0.363423
vn -0.193390 0.890956 -0.410851
vn 0.186184 0.908268 -0.374679
vn 0.388639 0.857235 -0.337798
vn 0.470969 0.789673 -0.393198
vn 0.555082 0.678906 -0.480595
vn 0.562977 0.678332 -0.472147
vn 0.528406 0.744315 -0.408391
vn 0.743623 0.542839 -0.390322
vn 0.906843 0.248477 -0.340433
vn -0.296168 0.858094 -0.419475
vn -0.166909 0.862028 -0.478590
vn -0.355889 0.836395 -0.416876
vn 0.000020 0.827685 -0.561193
vn 0.149183 0.765876 -0.625442
vn 0.330100 0.686971 -0.647383
vn 0.435869 0.699301 -0.566565
vn 0.501744 0.734198 -0.457390
vn 0.490231 0.758094 -0.430078
vn 0.737154 0.528287 -0.421328
vn 0.905603 0.223137 -0.360685
vn -0.217024 0.911571 -0.349196
vn 0.065272 0.911542 -0.405993
vn -0.275859 0.853255 -0.442559
vn -0.049847 0.745231 -0.664940
vn 0.043096 0.692687 -0.719950
vn 0.181283 0.695394 -0.695387
vn 0.242032 0.765216 -0.596544
vn 0.378935 0.751320 -0.540303
vn 0.449962 0.700231 -0.554266
vn 0.656149 0.445485 -0.609107
vn 0.726983 0.296234 -0.619469
vn -0.207763 0.836664 -0.506782
vn -0.049787 0.878990 -0.474234
vn -0.228776 0.722578 -0.652336
vn -0.116973 0.612104 -0.782078
vn -0.078646 0.582825 -0.808783
vn -0.074680 0.577215 -0.813171
vn -0.078639 0.580276 -0.810614
vn -0.008218 0.588759 -0.808267
vn 0.216940 0.495787 -0.840912
vn 0.460700 0.422487 -0.780551
vn 0.429818 0.563536 -0.705467
vn -0.197401 0.742749 -0.639810
vn -0.078981 0.835640 -0.543569
vn -0.256696 0.566711 -0.782909
vn -0.236667 0.453513 -0.859253
vn -0.223189 0.421841 -0.878770
vn -0.217051 0.421780 -0.880336
vn -0.218898 0.425754 -0.877962
vn -0.218892 0.425760 -0.877961
vn 0.160084 0.399041 -0.902851
vn 0.430781 0.559268 -0.708270
vn 0.380725 0.707017 -0.595965
s 1
g TreeBase1
f 3/15/1 4/16/2 24/30/3 23/29/4
f 4/16/2 5/17/5 25/31/6 24/30/3
f 5/17/5 6/18/7 26/32/8 25/31/6
f 6/18/7 7/19/9 27/33/10 26/32/8
f 7/19/9 8/20/11 28/34/12 27/33/10
f 8/20/11 9/21/13 29/35/14 28/34/12
f 9/21/13 10/22/15 30/36/16 29/35/14
f 10/22/15 11/23/17 31/37/18 30/36/16
f 11/23/17 12/24/19 32/38/20 31/37/18
f 12/24/19 13/25/21 33/39/22 32/38/20
f 13/25/21 14/26/23 34/40/24 33/39/22
f 14/26/23 15/27/25 35/41/26 34/40/24
f 15/27/25 16/28/27 36/42/28 35/41/26
s 2
f 217/244/29 218/245/30 219/63/31
f 218/245/30 220/246/32 219/63/31
f 220/246/32 221/247/33 219/63/31
f 221/247/33 222/248/34 219/63/31
f 222/248/34 223/249/35 219/63/31
f 223/249/35 224/250/36 219/63/31
f 224/250/36 225/251/37 219/63/31
f 225/251/37 226/252/38 219/63/31
f 226/252/38 227/253/39 219/63/31
f 227/253/39 228/254/40 219/63/31
f 228/254/40 229/255/41 219/63/31
f 229/255/41 230/256/42 219/63/31
f 230/256/42 231/257/43 219/63/31
f 231/257/43 232/258/44 219/63/31
f 232/258/44 233/259/45 219/63/31
f 233/259/45 234/260/46 219/63/31
f 234/260/46 235/261/47 219/63/31
f 235/261/47 236/262/48 219/63/31
f 236/262/48 237/263/49 219/63/31
f 237/263/49 217/244/29 219/63/31
s 1
f 17/61/50 18/60/51 38/65/52 37/64/53
f 18/60/51 19/59/54 39/66/55 38/65/52
f 19/59/54 20/58/56 40/67/57 39/66/55
f 20/58/56 21/57/58 41/68/59 40/67/57
f 21/57/58 22/56/60 42/69/61 41/68/59
f 22/56/60 23/55/4 43/70/62 42/69/61
f 23/55/4 24/54/3 44/71/63 43/70/62
f 24/54/3 25/53/6 45/72/64 44/71/63
f 25/53/6 26/52/8 46/73/65 45/72/64
f 26/52/8 27/51/10 47/74/66 46/73/65
f 27/51/10 28/50/12 48/75/67 47/74/66
f 28/50/12 29/49/14 49/76/68 48/75/67
f 29/49/14 30/48/16 50/77/69 49/76/68
f 30/48/16 31/47/18 51/78/70 50/77/69
f 31/47/18 32/46/20 52/79/71 51/78/70
f 32/46/20 33/45/22 53/80/72 52/79/71
f 33/45/22 34/44/24 54/81/73 53/80/72
f 34/44/24 35/43/26 55/82/74 54/81/73
f 35/43/26 36/62/28 56/83/75 55/82/74
f 36/62/28 17/61/50 37/64/53 56/83/75
f 37/64/53 38/65/52 58/85/76 57/84/77
f 38/65/52 39/66/55 59/86/78 58/85/76
f 39/66/55 40/67/57 60/87/79 59/86/78
f 40/67/57 41/68/59 61/88/80 60/87/79
f 41/68/59 42/69/61 62/89/81 61/88/80
f 42/69/61 43/70/62 63/90/82 62/89/81
f 43/70/62 44/71/63 64/91/83 63/90/82
f 44/71/63 45/72/64 65/92/84 64/91/83
f 45/72/64 46/73/65 66/93/85 65/92/84
f 46/73/65 47/74/66 67/94/86 66/93/85
f 47/74/66 48/75/67 68/95/87 67/94/86
f 48/75/67 49/76/68 69/96/88 68/95/87
f 49/76/68 50/77/69 70/97/89 69/96/88
f 50/77/69 51/78/70 71/98/90 70/97/89
f 51/78/70 52/79/71 72/99/91 71/98/90
f 52/79/71 53/80/72 73/100/92 72/99/91
f 53/80/72 54/81/73 74/101/93 73/100/92
f 54/81/73 55/82/74 75/102/94 74/101/93
f 55/82/74 56/83/75 76/103/95 75/102/94
f 56/83/75 37/64/53 57/84/77 76/103/95
f 57/84/77 58/85/76 78/105/96 77/104/97
f 58/85/76 59/86/78 79/106/98 78/105/96
f 59/86/78 60/87/79 80/107/99 79/106/98
f 60/87/79 61/88/80 81/108/100 80/107/99
f 61/88/80 62/89/81 82/109/101 81/108/100
f 62/89/81 63/90/82 83/110/102 82/109/101
f 63/90/82 64/91/83 84/111/103 83/110/102
f 64/91/83 65/92/84 85/112/104 84/111/103
f 65/92/84 66/93/85 86/113/105 85/112/104
f 66/93/85 67/94/86 87/114/106 86/113/105
f 67/94/86 68/95/87 88/115/107 87/114/106
f 68/95/87 69/96/88 89/116/108 88/115/107
f 69/96/88 70/97/89 90/117/109 89/116/108
f 70/97/89 71/98/90 91/118/110 90/117/109
f 71/98/90 72/99/91 92/119/111 91/118/110
f 72/99/91 73/100/92 93/120/112 92/119/111
f 73/100/92 74/101/93 94/121/113 93/120/112
f 74/101/93 75/102/94 95/122/114 94/121/113
f 75/102/94 76/103/95 96/123/115 95/122/114
f 76/103/95 57/84/77 77/104/97 96/123/115
f 77/104/97 78/105/96 98/125/116 97/124/117
f 78/105/96 79/106/98 99/126/118 98/125/116
f 79/106/98 80/107/99 100/127/119 99/126/118
f 80/107/99 81/108/100 101/128/120 100/127/119
f 81/108/100 82/109/101 102/129/121 101/128/120
f 82/109/101 83/110/102 103/130/122 102/129/121
f 83/110/102 84/111/123 104/131/124 103/130/122
f 84/111/123 85/112/125 105/132/126 104/131/124
f 85/112/125 86/113/127 106/133/128 105/132/126
f 86/113/127 87/114/129 107/134/130 106/133/128
f 87/114/129 88/115/131 108/135/132 107/134/130
f 88/115/131 89/116/133 109/136/134 108/135/132
f 89/116/133 90/117/109 110/137/135 109/136/134
f 90/117/109 91/118/110 111/138/136 110/137/135
f 91/118/110 92/119/111 112/139/137 111/138/136
f 92/119/111 93/120/112 113/140/138 112/139/137
f 93/120/112 94/121/113 114/141/139 113/140/138
f 94/121/113 95/122/114 115/142/140 114/141/139
f 95/122/114 96/123/115 116/143/141 115/142/140
f 96/123/115 77/104/97 97/124/117 116/143/141
f 97/124/142 98/125/143 118/145/144 117/144/145
f 98/125/143 99/126/118 119/146/146 118/145/144
f 99/126/118 100/127/119 120/147/147 119/146/146
f 100/127/119 101/128/120 121/148/148 120/147/147
f 101/128/120 102/129/121 122/149/149 121/148/148
f 102/129/121 103/130/122 123/150/150 122/149/149
f 103/130/122 104/131/151 124/151/152 123/150/150
f 104/131/151 105/132/153 125/152/154 124/151/152
f 105/132/153 106/133/155 126/153/156 125/152/154
f 106/133/155 107/134/157 127/154/158 126/153/156
f 107/134/157 108/135/159 128/155/160 127/154/158
f 108/135/159 109/136/161 129/156/162 128/155/160
f 109/136/161 110/137/163 130/157/164 129/156/162
f 110/137/163 111/138/136 131/158/165 130/157/164
f 111/138/136 112/139/137 132/159/166 131/158/165
f 112/139/137 113/140/138 133/160/167 132/159/166
f 113/140/138 114/141/139 134/161/168 133/160/167
f 114/141/139 115/142/140 135/162/169 134/161/168
f 115/142/140 116/143/141 136/163/170 135/162/169
f 116/143/141 97/124/142 117/144/145 136/163/170
f 117/144/145 118/145/144 138/165/171 137/164/172
f 118/145/144 119/146/146 139/166/173 138/165/171
f 119/146/146 120/147/147 140/167/174 139/166/173
f 120/147/147 121/148/148 141/168/175 140/167/174
f 121/148/148 122/149/149 142/169/176 141/168/175
f 122/149/149 123/150/150 143/170/177 142/169/176
f 123/150/150 124/151/178 144/171/179 143/170/177
f 124/151/178 125/152/180 145/172/181 144/171/179
f 125/152/180 126/153/182 146/173/183 145/172/181
f 126/153/182 127/154/184 147/174/185 146/173/183
f 127/154/184 128/155/186 148/175/187 147/174/185
f 128/155/186 129/156/162 149/176/188 148/175/187
f 129/156/162 130/157/164 150/177/189 149/176/188
f 130/157/164 131/158/165 151/178/190 150/177/189
f 131/158/165 132/159/166 152/179/191 151/178/190
f 132/159/166 133/160/167 153/180/192 152/179/191
f 133/160/167 134/161/168 154/181/193 153/180/192
f 134/161/168 135/162/169 155/182/194 154/181/193
f 135/162/169 136/163/195 156/183/196 155/182/194
f 136/163/195 117/144/145 137/164/172 156/183/196
f 137/164/172 138/165/171 158/185/197 157/184/198
f 138/165/171 139/166/173 159/186/199 158/185/197
f 139/166/173 140/167/174 160/187/200 159/186/199
f 140/167/174 141/168/175 161/188/201 160/187/200
f 141/168/175 142/169/176 162/189/202 161/188/201
f 142/169/176 143/170/177 163/190/203 162/189/202
f 143/170/177 144/171/204 164/191/205 163/190/203
f 144/171/204 145/172/206 165/192/207 164/191/205
f 145/172/206 146/173/208 166/193/209 165/192/207
f 146/173/208 147/174/210 167/194/211 166/193/209
f 147/174/210 148/175/212 168/195/213 167/194/211
f 148/175/212 149/176/188 169/196/214 168/195/213
f 149/176/188 150/177/189 170/197/215 169/196/214
f 150/177/189 151/178/190 171/198/216 170/197/215
f 151/178/190 152/179/191 172/199/217 171/198/216
f 152/179/191 153/180/192 173/200/218 172/199/217
f 153/180/192 154/181/193 174/201/219 173/200/218
f 154/181/193 155/182/194 175/202/220 174/201/219
f 155/182/194 156/183/196 176/203/221 175/202/220
f 156/183/196 137/164/172 157/184/198 176/203/221
f 157/184/198 158/185/197 178/205/222 177/204/223
f 158/185/197 159/186/199 179/206/224 178/205/222
f 159/186/199 160/187/200 180/207/225 179/206/224
f 160/187/200 161/188/201 181/208/226 180/207/225
f 161/188/201 162/189/202 182/209/227 181/208/226
f 162/189/202 163/190/203 183/210/228 182/209/227
f 163/190/203 164/191/205 184/211/229 183/210/228
f 164/191/205 165/192/207 185/212/230 184/211/229
f 165/192/207 166/193/209 186/213/231 185/212/230
f 166/193/209 167/194/211 187/214/232 186/213/231
f 167/194/211 168/195/213 188/215/233 187/214/232
f 168/195/213 169/196/214 189/216/234 188/215/233
f 169/196/214 170/197/215 190/217/235 189/216/234
f 170/197/215 171/198/216 191/218/236 190/217/235
f 171/198/216 172/199/217 192/219/237 191/218/236
f 172/199/217 173/200/218 193/220/238 192/219/237
f 173/200/218 174/201/219 194/221/239 193/220/238
f 174/201/219 175/202/220 195/222/240 194/221/239
f 175/202/220 176/203/221 196/223/241 195/222/240
f 176/203/221 157/184/198 177/204/223 196/223/241
f 177/204/223 178/205/222 198/225/242 197/224/243
f 178/205/222 179/206/224 199/226/244 198/225/242
f 179/206/224 180/207/225 200/227/245 199/226/244
f 180/207/225 181/208/226 201/228/246 200/227/245
f 181/208/226 182/209/227 202/229/247 201/228/246
f 182/209/227 183/210/228 203/230/248 202/229/247
f 183/210/228 184/211/229 204/231/249 203/230/248
f 184/211/229 185/212/230 205/232/250 204/231/249
f 185/212/230 186/213/231 206/233/251 205/232/250
f 186/213/231 187/214/232 207/234/252 206/233/251
f 187/214/232 188/215/233 208/235/253 207/234/252
f 188/215/233 189/216/234 209/236/254 208/235/253
f 189/216/234 190/217/235 210/237/255 209/236/254
f 190/217/235 191/218/236 211/238/256 210/237/255
f 191/218/236 192/219/237 212/239/257 211/238/256
f 192/219/237 193/220/238 213/240/258 212/239/257
f 193/220/238 194/221/239 214/241/259 213/240/258
f 194/221/239 195/222/240 215/242/260 214/241/259
f 195/222/240 196/223/241 216/243/261 215/242/260
f 196/223/241 177/204/223 197/224/243 216/243/261
f 197/224/243 198/225/242 218/245/262 217/244/263
f 198/225/242 199/226/264 220/246/265 218/245/262
f 199/226/264 200/227/266 221/247/267 220/246/265
f 200/227/266 201/228/268 222/248/269 221/247/267
f 201/228/268 202/229/247 223/249/270 222/248/269
f 202/229/247 203/230/248 224/250/271 223/249/270
f 203/230/248 204/231/249 225/251/272 224/250/271
f 204/231/249 205/232/250 226/252/273 225/251/272
f 205/232/250 206/233/251 227/253/274 226/252/273
f 206/233/251 207/234/252 228/254/275 227/253/274
f 207/234/252 208/235/253 229/255/276 228/254/275
f 208/235/253 209/236/254 230/256/277 229/255/276
f 209/236/254 210/237/255 231/257/278 230/256/277
f 210/237/255 211/238/256 232/258/279 231/257/278
f 211/238/256 212/239/257 233/259/280 232/258/279
f 212/239/257 213/240/258 234/260/281 233/259/280
f 213/240/258 214/241/259 235/261/282 234/260/281
f 214/241/259 215/242/260 236/262/283 235/261/282
f 215/242/260 216/243/261 237/263/284 236/262/283
f 216/243/261 197/224/243 217/244/263 237/263/284
f 2/2/285 1/1/286 2070/2376/287 2071/2377/288
s 6
f 2094/2403/289 2095/2404/290 240/266/291 241/267/292
f 2093/2402/293 2094/2403/289 241/267/292 242/268/294
s 1
f 6/4/7 5/3/5 2058/2364/295 2059/2365/296
f 7/5/9 6/4/7 2059/2365/296 2060/2366/297
f 8/6/11 7/5/9 2060/2366/297 2061/2367/298
f 9/7/13 8/6/11 2061/2367/298 2062/2368/299
f 10/8/15 9/7/13 2062/2368/299 2063/2369/300
f 11/9/17 10/8/15 2063/2369/300 2064/2370/301
f 12/10/19 11/9/17 2064/2370/301 2065/2371/302
f 13/11/21 12/10/19 2065/2371/302 2066/2372/303
f 14/12/23 13/11/21 2066/2372/303 2067/2373/304
f 15/13/25 14/12/23 2067/2373/304 2068/2374/305
f 16/14/27 15/13/25 2068/2374/305 2069/2375/306
f 1/1/286 16/14/27 2069/2375/306 2070/2376/287
f 239/264/307 238/265/308 254/281/309 255/280/310
s 6
f 241/267/292 240/266/291 256/282/311 257/283/312
f 242/268/294 241/267/292 257/283/312 258/284/313
s 1
f 246/272/314 245/271/315 2026/2412/316 2103/2413/317
f 247/273/318 246/272/314 2103/2413/317 259/285/319 260/286/320
f 248/274/321 247/273/318 260/286/320 261/287/322
f 249/275/323 248/274/321 261/287/322 262/288/324
f 250/276/325 249/275/323 262/288/324 263/289/326
f 251/277/327 250/276/325 263/289/326 264/290/328
f 252/278/329 251/277/327 264/290/328 265/291/330
f 238/265/308 253/279/331 266/292/332 254/281/309
s 7
f 2106/2417/333 2107/2418/334 288/295/335 287/296/336
f 2107/2418/334 2108/2419/337 289/298/338 288/295/335
f 2108/2419/337 2109/2420/339 290/300/340 289/298/338
f 2109/2420/339 2110/2421/341 291/302/342 290/300/340
f 2110/2421/341 2111/2422/343 292/304/344 291/302/342
f 2111/2422/343 2112/2423/345 293/306/346 292/304/344
f 2112/2423/345 2113/2424/347 274/307/348 294/308/349 293/306/346
f 274/307/348 275/309/350 295/310/351 294/308/349
f 275/309/350 276/311/352 296/312/353 295/310/351
f 276/311/352 277/313/354 297/314/355 296/312/353
f 277/313/354 278/315/356 298/316/357 297/314/355
f 278/315/356 279/317/358 299/318/359 298/316/357
f 279/317/358 280/319/360 300/320/361 299/318/359
f 280/319/360 281/321/362 301/322/363 300/320/361
f 281/321/362 282/323/364 302/324/365 301/322/363
f 282/323/364 283/325/366 303/326/367 302/324/365
f 283/325/366 284/327/368 304/328/369 303/326/367
f 284/327/368 285/329/370 2104/2414/371 305/330/372 304/328/369
f 2104/2414/371 2105/2415/373 306/332/374 305/330/372
f 2105/2415/373 2106/2416/333 287/334/336 306/332/374
s 8
f 487/340/375 488/341/376 489/342/377
f 488/341/376 490/343/378 489/342/377
f 490/343/378 491/344/379 489/342/377
f 491/344/379 492/345/380 489/342/377
f 492/345/380 493/346/381 489/342/377
f 493/346/381 494/347/382 489/342/377
f 494/347/382 495/348/383 489/342/377
f 495/348/383 496/349/384 489/342/377
f 496/349/384 497/350/385 489/342/377
f 497/350/385 498/351/386 489/342/377
f 498/351/386 499/352/387 489/342/377
f 499/352/387 500/353/388 489/342/377
f 500/353/388 501/354/389 489/342/377
f 501/354/389 502/355/390 489/342/377
f 502/355/390 503/356/391 489/342/377
f 503/356/391 504/357/392 489/342/377
f 504/357/392 505/358/393 489/342/377
f 505/358/393 506/359/394 489/342/377
f 506/359/394 507/360/395 489/342/377
f 507/360/395 487/340/375 489/342/377
s 7
f 287/361/336 288/362/335 308/363/396 307/364/397
f 288/362/335 289/365/338 309/366/398 308/363/396
f 289/365/338 290/367/340 310/368/399 309/366/398
f 290/367/340 291/369/342 311/370/400 310/368/399
f 291/369/342 292/371/344 312/372/401 311/370/400
f 292/371/344 293/373/346 313/374/402 312/372/401
f 293/373/346 294/375/349 314/376/403 313/374/402
f 294/375/349 295/377/351 315/378/404 314/376/403
f 295/377/351 296/379/353 316/380/405 315/378/404
f 296/379/353 297/381/355 317/382/406 316/380/405
f 297/381/355 298/383/357 318/384/407 317/382/406
f 298/383/357 299/385/359 319/386/408 318/384/407
f 299/385/359 300/387/361 320/388/409 319/386/408
f 300/387/361 301/389/363 321/390/410 320/388/409
f 301/389/363 302/391/365 322/392/411 321/390/410
f 302/391/365 303/393/367 323/394/412 322/392/411
f 303/393/367 304/395/369 324/396/413 323/394/412
f 304/395/369 305/397/372 325/398/414 324/396/413
f 305/397/372 306/399/374 326/400/415 325/398/414
f 306/399/374 287/361/336 307/364/397 326/400/415
f 307/364/397 308/363/396 328/401/416 327/402/417
f 308/363/396 309/366/398 329/403/418 328/401/416
f 309/366/398 310/368/399 330/404/419 329/403/418
f 310/368/399 311/370/400 331/405/420 330/404/419
f 311/370/400 312/372/401 332/406/421 331/405/420
f 312/372/401 313/374/402 333/407/422 332/406/421
f 313/374/402 314/376/403 334/408/423 333/407/422
f 314/376/403 315/378/404 335/409/424 334/408/423
f 315/378/404 316/380/405 336/410/425 335/409/424
f 316/380/405 317/382/406 337/411/426 336/410/425
f 317/382/406 318/384/407 338/412/427 337/411/426
f 318/384/407 319/386/408 339/413/428 338/412/427
f 319/386/408 320/388/409 340/414/429 339/413/428
f 320/388/409 321/390/410 341/415/430 340/414/429
f 321/390/410 322/392/411 342/416/431 341/415/430
f 322/392/411 323/394/412 343/417/432 342/416/431
f 323/394/412 324/396/413 344/418/433 343/417/432
f 324/396/413 325/398/414 345/419/434 344/418/433
f 325/398/414 326/400/415 346/420/435 345/419/434
f 326/400/415 307/364/397 327/402/417 346/420/435
f 327/402/417 328/401/416 348/421/436 347/422/437
f 328/401/416 329/403/418 349/423/438 348/421/436
f 329/403/418 330/404/419 350/424/439 349/423/438
f 330/404/419 331/405/420 351/425/440 350/424/439
f 331/405/420 332/406/421 352/426/441 351/425/440
f 332/406/421 333/407/422 353/427/442 352/426/441
f 333/407/422 334/408/423 354/428/443 353/427/442
f 334/408/423 335/409/424 355/429/444 354/428/443
f 335/409/424 336/410/425 356/430/445 355/429/444
f 336/410/425 337/411/426 357/431/446 356/430/445
f 337/411/426 338/412/427 358/432/447 357/431/446
f 338/412/427 339/413/428 359/433/448 358/432/447
f 339/413/428 340/414/429 360/434/449 359/433/448
f 340/414/429 341/415/430 361/435/450 360/434/449
f 341/415/430 342/416/431 362/436/451 361/435/450
f 342/416/431 343/417/432 363/437/452 362/436/451
f 343/417/432 344/418/433 364/438/453 363/437/452
f 344/418/433 345/419/434 365/439/454 364/438/453
f 345/419/434 346/420/435 366/440/455 365/439/454
f 346/420/435 327/402/417 347/422/437 366/440/455
f 347/422/437 348/421/436 368/441/456 367/442/457
f 348/421/436 349/423/438 369/443/458 368/441/456
f 349/423/438 350/424/439 370/444/459 369/443/458
f 350/424/439 351/425/440 371/445/460 370/444/459
f 351/425/440 352/426/441 372/446/461 371/445/460
f 352/426/441 353/427/442 373/447/462 372/446/461
f 353/427/442 354/428/463 374/448/464 373/447/462
f 354/428/463 355/429/465 375/449/466 374/448/464
f 355/429/465 356/430/467 376/450/468 375/449/466
f 356/430/467 357/431/469 377/451/470 376/450/468
f 357/431/469 358/432/471 378/452/472 377/451/470
f 358/432/471 359/433/473 379/453/474 378/452/472
f 359/433/473 360/434/449 380/454/475 379/453/474
f 360/434/449 361/435/450 381/455/476 380/454/475
f 361/435/450 362/436/451 382/456/477 381/455/476
f 362/436/451 363/437/452 383/457/478 382/456/477
f 363/437/452 364/438/453 384/458/479 383/457/478
f 364/438/453 365/439/454 385/459/480 384/458/479
f 365/439/454 366/440/455 386/460/481 385/459/480
f 366/440/455 347/422/437 367/442/457 386/460/481
f 367/442/482 368/441/483 388/461/484 387/462/485
f 368/441/483 369/443/458 389/463/486 388/461/484
f 369/443/458 370/444/459 390/464/487 389/463/486
f 370/444/459 371/445/460 391/465/488 390/464/487
f 371/445/460 372/446/461 392/466/489 391/465/488
f 372/446/461 373/447/462 393/467/490 392/466/489
f 373/447/462 374/448/491 394/468/492 393/467/490
f 374/448/491 375/449/493 395/469/494 394/468/492
f 375/449/493 376/450/495 396/470/496 395/469/494
f 376/450/495 377/451/497 397/471/498 396/470/496
f 377/451/497 378/452/499 398/472/500 397/471/498
f 378/452/499 379/453/501 399/473/502 398/472/500
f 379/453/501 380/454/503 400/474/504 399/473/502
f 380/454/503 381/455/476 401/475/505 400/474/504
f 381/455/476 382/456/477 402/476/506 401/475/505
f 382/456/477 383/457/478 403/477/507 402/476/506
f 383/457/478 384/458/479 404/478/508 403/477/507
f 384/458/479 385/459/480 405/479/509 404/478/508
f 385/459/480 386/460/481 406/480/510 405/479/509
f 386/460/481 367/442/482 387/462/485 406/480/510
f 387/462/485 388/461/484 408/481/511 407/482/512
f 388/461/484 389/463/486 409/483/513 408/481/511
f 389/463/486 390/464/487 410/484/514 409/483/513
f 390/464/487 391/465/488 411/485/515 410/484/514
f 391/465/488 392/466/489 412/486/516 411/485/515
f 392/466/489 393/467/490 413/487/517 412/486/516
f 393/467/490 394/468/518 414/488/519 413/487/517
f 394/468/518 395/469/520 415/489/521 414/488/519
f 395/469/520 396/470/522 416/490/523 415/489/521
f 396/470/522 397/471/524 417/491/525 416/490/523
f 397/471/524 398/472/526 418/492/527 417/491/525
f 398/472/526 399/473/502 419/493/528 418/492/527
f 399/473/502 400/474/504 420/494/529 419/493/528
f 400/474/504 401/475/505 421/495/530 420/494/529
f 401/475/505 402/476/506 422/496/531 421/495/530
f 402/476/506 403/477/507 423/497/532 422/496/531
f 403/477/507 404/478/508 424/498/533 423/497/532
f 404/478/508 405/479/509 425/499/534 424/498/533
f 405/479/509 406/480/535 426/500/536 425/499/534
f 406/480/535 387/462/485 407/482/512 426/500/536
f 407/482/512 408/481/511 428/501/537 427/502/538
f 408/481/511 409/483/513 429/503/539 428/501/537
f 409/483/513 410/484/514 430/504/540 429/503/539
f 410/484/514 411/485/515 431/505/541 430/504/540
f 411/485/515 412/486/516 432/506/542 431/505/541
f 412/486/516 413/487/517 433/507/543 432/506/542
f 413/487/517 414/488/544 434/508/545 433/507/543
f 414/488/544 415/489/546 435/509/547 434/508/545
f 415/489/546 416/490/548 436/510/549 435/509/547
f 416/490/548 417/491/550 437/511/551 436/510/549
f 417/491/550 418/492/552 438/512/553 437/511/551
f 418/492/552 419/493/528 439/513/554 438/512/553
f 419/493/528 420/494/529 440/514/555 439/513/554
f 420/494/529 421/495/530 441/515/556 440/514/555
f 421/495/530 422/496/531 442/516/557 441/515/556
f 422/496/531 423/497/532 443/517/558 442/516/557
f 423/497/532 424/498/533 444/518/559 443/517/558
f 424/498/533 425/499/534 445/519/560 444/518/559
f 425/499/534 426/500/536 446/520/561 445/519/560
f 426/500/536 407/482/512 427/502/538 446/520/561
f 427/502/538 428/501/537 448/521/562 447/522/563
f 428/501/537 429/503/539 449/523/564 448/521/562
f 429/503/539 430/504/540 450/524/565 449/523/564
f 430/504/540 431/505/541 451/525/566 450/524/565
f 431/505/541 432/506/542 452/526/567 451/525/566
f 432/506/542 433/507/543 453/527/568 452/526/567
f 433/507/543 434/508/545 454/528/569 453/527/568
f 434/508/545 435/509/547 455/529/570 454/528/569
f 435/509/547 436/510/549 456/530/571 455/529/570
f 436/510/549 437/511/551 457/531/572 456/530/571
f 437/511/551 438/512/553 458/532/573 457/531/572
f 438/512/553 439/513/554 459/533/574 458/532/573
f 439/513/554 440/514/555 460/534/575 459/533/574
f 440/514/555 441/515/556 461/535/576 460/534/575
f 441/515/556 442/516/557 462/536/577 461/535/576
f 442/516/557 443/517/558 463/537/578 462/536/577
f 443/517/558 444/518/559 464/538/579 463/537/578
f 444/518/559 445/519/560 465/539/580 464/538/579
f 445/519/560 446/520/561 466/540/581 465/539/580
f 446/520/561 427/502/538 447/522/563 466/540/581
f 447/522/563 448/521/562 468/541/582 467/542/583
f 448/521/562 449/523/564 469/543/584 468/541/582
f 449/523/564 450/524/565 470/544/585 469/543/584
f 450/524/565 451/525/566 471/545/586 470/544/585
f 451/525/566 452/526/567 472/546/587 471/545/586
f 452/526/567 453/527/568 473/547/588 472/546/587
f 453/527/568 454/528/569 474/548/589 473/547/588
f 454/528/569 455/529/570 475/549/590 474/548/589
f 455/529/570 456/530/571 476/550/591 475/549/590
f 456/530/571 457/531/572 477/551/592 476/550/591
f 457/531/572 458/532/573 478/552/593 477/551/592
f 458/532/573 459/533/574 479/553/594 478/552/593
f 459/533/574 460/534/575 480/554/595 479/553/594
f 460/534/575 461/535/576 481/555/596 480/554/595
f 461/535/576 462/536/577 482/556/597 481/555/596
f 462/536/577 463/537/578 483/557/598 482/556/597
f 463/537/578 464/538/579 484/558/599 483/557/598
f 464/538/579 465/539/580 485/559/600 484/558/599
f 465/539/580 466/540/581 486/560/601 485/559/600
f 466/540/581 447/522/563 467/542/583 486/560/601
f 467/542/583 468/541/582 488/341/602 487/340/603
f 468/541/582 469/543/604 490/343/605 488/341/602
f 469/543/604 470/544/606 491/344/607 490/343/605
f 470/544/606 471/545/608 492/345/609 491/344/607
f 471/545/608 472/546/587 493/346/610 492/345/609
f 472/546/587 473/547/588 494/347/611 493/346/610
f 473/547/588 474/548/589 495/348/612 494/347/611
f 474/548/589 475/549/590 496/349/613 495/348/612
f 475/549/590 476/550/591 497/350/614 496/349/613
f 476/550/591 477/551/592 498/351/615 497/350/614
f 477/551/592 478/552/593 499/352/616 498/351/615
f 478/552/593 479/553/594 500/353/617 499/352/616
f 479/553/594 480/554/595 501/354/618 500/353/617
f 480/554/595 481/555/596 502/355/619 501/354/618
f 481/555/596 482/556/597 503/356/620 502/355/619
f 482/556/597 483/557/598 504/357/621 503/356/620
f 483/557/598 484/558/599 505/358/622 504/357/621
f 484/558/599 485/559/600 506/359/623 505/358/622
f 485/559/600 486/560/601 507/360/624 506/359/623
f 486/560/601 467/542/583 487/340/603 507/360/624
f 277/565/354 276/563/352 508/564/625 509/566/626
f 278/567/356 277/565/354 509/566/626 510/568/627
f 279/569/358 278/567/356 510/568/627 511/570/628
f 280/571/360 279/569/358 511/570/628 512/572/629
f 281/573/362 280/571/360 512/572/629 513/574/630
f 282/575/364 281/573/362 513/574/630 514/576/631
f 283/577/366 282/575/364 514/576/631 515/578/632
f 284/579/368 283/577/366 515/578/632 516/580/633
f 285/581/370 284/579/368 516/580/633 517/582/634
f 509/566/626 508/564/625 2096/2405/635
f 510/568/627 509/566/626 2096/2405/635 2097/2406/636
f 511/570/628 510/568/627 2097/2406/636 2098/2407/637
f 512/572/629 511/570/628 2098/2407/637 2099/2408/638
f 513/574/630 512/572/629 2099/2408/638 518/335/639 519/336/640
f 514/576/631 513/574/630 519/336/640 520/337/641
f 516/580/633 515/578/632 521/338/642 522/339/643
s 10
f 523/590/644 524/592/645 2032/2338/646 2033/2339/647
f 524/592/645 525/594/648 2031/2337/649 2032/2338/646
f 525/594/648 526/596/650 2030/2336/651 2031/2337/649
f 526/596/650 527/598/652 2029/2335/653 2030/2336/651
f 527/598/652 528/600/654 2028/2334/655 2029/2335/653
f 528/600/654 529/602/656 2027/2333/657 2028/2334/655
s 11
f 690/611/658 691/612/659 692/613/660
f 691/612/659 693/614/661 692/613/660
f 693/614/661 694/615/662 692/613/660
f 694/615/662 695/616/663 692/613/660
f 695/616/663 696/617/664 692/613/660
f 696/617/664 697/618/665 692/613/660
f 697/618/665 698/619/666 692/613/660
f 698/619/666 699/620/667 692/613/660
f 699/620/667 700/621/668 692/613/660
f 700/621/668 701/622/669 692/613/660
f 701/622/669 702/623/670 692/613/660
f 702/623/670 703/624/671 692/613/660
f 703/624/671 704/625/672 692/613/660
f 704/625/672 705/626/673 692/613/660
f 705/626/673 706/627/674 692/613/660
f 706/627/674 707/628/675 692/613/660
f 707/628/675 708/629/676 692/613/660
f 708/629/676 709/630/677 692/613/660
f 709/630/677 710/631/678 692/613/660
f 710/631/678 690/611/658 692/613/660
s 10
f 530/632/679 531/633/680 551/634/681 550/635/682
f 531/633/680 532/636/683 552/637/684 551/634/681
f 532/636/683 533/638/685 553/639/686 552/637/684
f 533/638/685 534/640/687 554/641/688 553/639/686
f 534/640/687 535/642/689 555/643/690 554/641/688
f 535/642/689 536/644/691 556/645/692 555/643/690
f 536/644/691 537/646/693 557/647/694 556/645/692
f 537/646/693 538/648/695 558/649/696 557/647/694
f 538/648/695 539/650/697 559/651/698 558/649/696
f 539/650/697 540/652/699 560/653/700 559/651/698
f 540/652/699 541/654/701 561/655/702 560/653/700
f 541/654/701 542/656/703 562/657/704 561/655/702
f 542/656/703 543/658/705 563/659/706 562/657/704
f 543/658/705 544/660/707 564/661/708 563/659/706
f 544/660/707 545/662/709 565/663/710 564/661/708
f 545/662/709 546/664/711 566/665/712 565/663/710
f 546/664/711 547/666/713 567/667/714 566/665/712
f 547/666/713 548/668/715 568/669/716 567/667/714
f 548/668/715 549/670/717 569/671/718 568/669/716
f 549/670/717 530/632/679 550/635/682 569/671/718
f 550/635/682 551/634/681 571/672/719 570/673/720
f 551/634/681 552/637/684 572/674/721 571/672/719
f 552/637/684 553/639/686 573/675/722 572/674/721
f 553/639/686 554/641/688 574/676/723 573/675/722
f 554/641/688 555/643/690 575/677/724 574/676/723
f 555/643/690 556/645/692 576/678/725 575/677/724
f 556/645/692 557/647/694 577/679/726 576/678/725
f 557/647/694 558/649/696 578/680/727 577/679/726
f 558/649/696 559/651/698 579/681/728 578/680/727
f 559/651/698 560/653/700 580/682/729 579/681/728
f 560/653/700 561/655/702 581/683/730 580/682/729
f 561/655/702 562/657/704 582/684/731 581/683/730
f 562/657/704 563/659/706 583/685/732 582/684/731
f 563/659/706 564/661/708 584/686/733 583/685/732
f 564/661/708 565/663/710 585/687/734 584/686/733
f 565/663/710 566/665/712 586/688/735 585/687/734
f 566/665/712 567/667/714 587/689/736 586/688/735
f 567/667/714 568/669/716 588/690/737 587/689/736
f 568/669/716 569/671/718 589/691/738 588/690/737
f 569/671/718 550/635/682 570/673/720 589/691/738
s 13
f 570/673/739 571/672/740 591/692/741 590/693/742
f 571/672/743 572/674/744 592/694/745 591/692/741
s off
f 572/674/746 573/675/747 593/695/748 592/694/749
f 573/675/750 574/676/751 594/696/752 593/695/753
f 574/676/754 575/677/755 595/697/756 594/696/757
s 13
f 575/677/758 576/678/759 596/698/760 595/697/761
f 576/678/762 577/679/763 597/699/764 596/698/760
f 577/679/765 578/680/766 598/700/767 597/699/764
f 578/680/768 579/681/769 599/701/770 598/700/767
s off
f 579/681/771 580/682/772 600/702/773 599/701/774
f 580/682/775 581/683/776 601/703/777 600/702/778
f 581/683/779 582/684/780 602/704/781 601/703/782
f 582/684/783 583/685/784 603/705/785 602/704/786
f 583/685/787 584/686/788 604/706/789 603/705/790
f 584/686/791 585/687/792 605/707/793 604/706/794
f 585/687/795 586/688/796 606/708/797 605/707/798
f 586/688/799 587/689/800 607/709/801 606/708/802
f 587/689/803 588/690/804 608/710/805 607/709/806
s 13
f 588/690/807 589/691/808 609/711/809 608/710/810
f 589/691/811 570/673/812 590/693/742 609/711/809
f 590/693/742 591/692/741 611/712/813 610/713/814
f 591/692/741 592/694/745 612/714/815 611/712/813
f 592/694/745 593/695/816 613/715/817 612/714/815
f 593/695/816 594/696/818 614/716/819 613/715/817
f 594/696/818 595/697/761 615/717/820 614/716/819
f 595/697/761 596/698/760 616/718/821 615/717/820
f 596/698/760 597/699/764 617/719/822 616/718/821
f 597/699/764 598/700/767 618/720/823 617/719/822
f 598/700/767 599/701/770 619/721/824 618/720/823
f 599/701/770 600/702/825 620/722/826 619/721/824
f 600/702/825 601/703/827 621/723/828 620/722/826
f 601/703/827 602/704/829 622/724/830 621/723/828
f 602/704/829 603/705/831 623/725/832 622/724/830
f 603/705/831 604/706/833 624/726/834 623/725/832
f 604/706/833 605/707/835 625/727/836 624/726/834
f 605/707/835 606/708/837 626/728/838 625/727/836
f 606/708/837 607/709/839 627/729/840 626/728/838
f 607/709/839 608/710/810 628/730/841 627/729/840
f 608/710/810 609/711/809 629/731/842 628/730/841
f 609/711/809 590/693/742 610/713/814 629/731/842
s 21
f 610/713/843 611/712/844 631/732/845 630/733/846
f 611/712/847 612/714/848 632/734/849 631/732/845
f 612/714/850 613/715/851 633/735/852 632/734/849
f 613/715/853 614/716/854 634/736/855 633/735/852
f 614/716/856 615/717/857 635/737/858 634/736/855
f 615/717/859 616/718/860 636/738/861 635/737/858
f 616/718/862 617/719/863 637/739/864 636/738/861
f 617/719/865 618/720/866 638/740/867 637/739/864
f 618/720/868 619/721/869 639/741/870 638/740/867
f 619/721/871 620/722/872 640/742/873 639/741/870
f 620/722/874 621/723/875 641/743/876 640/742/873
f 621/723/877 622/724/878 642/744/879 641/743/876
f 622/724/880 623/725/881 643/745/882 642/744/879
f 623/725/883 624/726/884 644/746/885 643/745/882
f 624/726/886 625/727/887 645/747/888 644/746/885
f 625/727/889 626/728/890 646/748/891 645/747/888
f 626/728/892 627/729/893 647/749/894 646/748/891
f 627/729/895 628/730/896 648/750/897 647/749/894
f 628/730/898 629/731/899 649/751/900 648/750/897
f 629/731/901 610/713/902 630/733/846 649/751/900
f 630/733/846 631/732/845 651/752/903 650/753/904
f 631/732/845 632/734/849 652/754/905 651/752/903
f 632/734/849 633/735/852 653/755/906 652/754/905
f 633/735/852 634/736/855 654/756/907 653/755/906
f 634/736/855 635/737/858 655/757/908 654/756/907
f 635/737/858 636/738/861 656/758/909 655/757/908
f 636/738/861 637/739/864 657/759/910 656/758/909
f 637/739/864 638/740/867 658/760/911 657/759/910
f 638/740/867 639/741/870 659/761/912 658/760/911
f 639/741/870 640/742/873 660/762/913 659/761/912
f 640/742/873 641/743/876 661/763/914 660/762/913
f 641/743/876 642/744/879 662/764/915 661/763/914
f 642/744/879 643/745/882 663/765/916 662/764/915
f 643/745/882 644/746/885 664/766/917 663/765/916
f 644/746/885 645/747/888 665/767/918 664/766/917
f 645/747/888 646/748/891 666/768/919 665/767/918
f 646/748/891 647/749/894 667/769/920 666/768/919
f 647/749/894 648/750/897 668/770/921 667/769/920
f 648/750/897 649/751/900 669/771/922 668/770/921
f 649/751/900 630/733/846 650/753/904 669/771/922
f 650/753/904 651/752/903 671/772/923 670/773/924
f 651/752/903 652/754/905 672/774/925 671/772/923
f 652/754/905 653/755/906 673/775/926 672/774/925
f 653/755/906 654/756/907 674/776/927 673/775/926
f 654/756/907 655/757/908 675/777/928 674/776/927
f 655/757/908 656/758/909 676/778/929 675/777/928
f 656/758/909 657/759/910 677/779/930 676/778/929
f 657/759/910 658/760/911 678/780/931 677/779/930
f 658/760/911 659/761/912 679/781/932 678/780/931
f 659/761/912 660/762/913 680/782/933 679/781/932
f 660/762/913 661/763/914 681/783/934 680/782/933
f 661/763/914 662/764/915 682/784/935 681/783/934
f 662/764/915 663/765/916 683/785/936 682/784/935
f 663/765/916 664/766/917 684/786/937 683/785/936
f 664/766/917 665/767/918 685/787/938 684/786/937
f 665/767/918 666/768/919 686/788/939 685/787/938
f 666/768/919 667/769/920 687/789/940 686/788/939
f 667/769/920 668/770/921 688/790/941 687/789/940
f 668/770/921 669/771/922 689/791/942 688/790/941
f 669/771/922 650/753/904 670/773/924 689/791/942
f 670/773/924 671/772/923 691/612/943 690/611/944
f 671/772/923 672/774/945 693/614/946 691/612/943
f 672/774/945 673/775/947 694/615/948 693/614/946
f 673/775/947 674/776/949 695/616/950 694/615/948
f 674/776/949 675/777/951 696/617/952 695/616/950
f 675/777/951 676/778/953 697/618/954 696/617/952
f 676/778/953 677/779/955 698/619/956 697/618/954
f 677/779/955 678/780/931 699/620/957 698/619/956
f 678/780/931 679/781/932 700/621/958 699/620/957
f 679/781/932 680/782/933 701/622/959 700/621/958
f 680/782/933 681/783/934 702/623/960 701/622/959
f 681/783/934 682/784/961 703/624/962 702/623/960
f 682/784/961 683/785/963 704/625/964 703/624/962
f 683/785/963 684/786/965 705/626/966 704/625/964
f 684/786/965 685/787/967 706/627/968 705/626/966
f 685/787/967 686/788/969 707/628/970 706/627/968
f 686/788/969 687/789/940 708/629/971 707/628/970
f 687/789/940 688/790/941 709/630/972 708/629/971
f 688/790/941 689/791/942 710/631/973 709/630/972
f 689/791/942 670/773/924 690/611/944 710/631/973
s 41
f 711/792/974 712/793/975 2057/2363/976 2040/2346/977
f 712/793/975 713/795/978 2056/2362/979 2057/2363/976
f 713/795/978 714/797/980 2055/2361/981 2056/2362/979
f 714/797/980 715/799/982 2054/2360/983 2055/2361/981
f 715/799/982 716/801/984 2053/2359/985 2054/2360/983
f 716/801/984 717/803/986 2052/2358/987 2053/2359/985
f 718/805/988 719/807/989 2050/2356/990 2051/2357/991
f 719/807/989 720/809/992 2049/2355/993 2050/2356/990
f 720/809/992 721/811/994 2048/2354/995 2049/2355/993
f 721/811/994 722/813/996 2047/2353/997 2048/2354/995
f 722/813/996 723/815/998 2046/2352/999 2047/2353/997
f 724/820/1000 725/822/1001 2041/2347/1002 2042/2348/1003
f 725/822/1001 711/824/974 2040/2346/977 2041/2347/1002
s 43
f 886/826/1004 887/827/1005 888/828/1006
f 887/827/1005 889/829/1007 888/828/1006
f 889/829/1007 890/830/1008 888/828/1006
f 890/830/1008 891/831/1009 888/828/1006
f 891/831/1009 892/832/1010 888/828/1006
f 892/832/1010 893/833/1011 888/828/1006
f 893/833/1011 894/834/1012 888/828/1006
f 894/834/1012 895/835/1013 888/828/1006
f 895/835/1013 896/836/1014 888/828/1006
f 896/836/1014 897/837/1015 888/828/1006
f 897/837/1015 898/838/1016 888/828/1006
f 898/838/1016 899/839/1017 888/828/1006
f 899/839/1017 900/840/1018 888/828/1006
f 900/840/1018 901/841/1019 888/828/1006
f 901/841/1019 902/842/1020 888/828/1006
f 902/842/1020 903/843/1021 888/828/1006
f 903/843/1021 904/844/1022 888/828/1006
f 904/844/1022 905/845/1023 888/828/1006
f 905/845/1023 906/846/1024 888/828/1006
f 906/846/1024 886/826/1004 888/828/1006
s 41
f 726/825/1025 727/794/1026 747/847/1027 746/848/1028
f 727/794/1026 728/849/1029 748/850/1030 747/847/1027
f 728/849/1029 729/851/1031 749/852/1032 748/850/1030
f 729/851/1031 730/853/1033 750/854/1034 749/852/1032
f 730/853/1033 731/855/1035 751/856/1036 750/854/1034
f 731/855/1035 732/857/1037 752/858/1038 751/856/1036
f 732/857/1037 733/859/1039 753/860/1040 752/858/1038
f 733/859/1039 734/861/1041 754/862/1042 753/860/1040
f 734/861/1041 735/863/1043 755/864/1044 754/862/1042
f 735/863/1043 736/865/1045 756/866/1046 755/864/1044
f 736/865/1045 737/867/1047 757/868/1048 756/866/1046
f 737/867/1047 738/869/1049 758/870/1050 757/868/1048
f 738/869/1049 739/871/1051 759/872/1052 758/870/1050
f 739/871/1051 740/873/1053 760/874/1054 759/872/1052
f 740/873/1053 741/875/1055 761/876/1056 760/874/1054
f 741/875/1055 742/877/1057 762/878/1058 761/876/1056
f 742/877/1057 743/879/1059 763/880/1060 762/878/1058
f 743/879/1059 744/881/1061 764/882/1062 763/880/1060
f 744/881/1061 745/883/1063 765/884/1064 764/882/1062
f 745/883/1063 726/825/1025 746/848/1028 765/884/1064
f 746/848/1028 747/847/1027 767/885/1065 766/886/1066
f 747/847/1027 748/850/1030 768/887/1067 767/885/1065
f 748/850/1030 749/852/1032 769/888/1068 768/887/1067
f 749/852/1032 750/854/1034 770/889/1069 769/888/1068
f 750/854/1034 751/856/1036 771/890/1070 770/889/1069
f 751/856/1036 752/858/1038 772/891/1071 771/890/1070
f 752/858/1038 753/860/1040 773/892/1072 772/891/1071
f 753/860/1040 754/862/1042 774/893/1073 773/892/1072
f 754/862/1042 755/864/1044 775/894/1074 774/893/1073
f 755/864/1044 756/866/1046 776/895/1075 775/894/1074
f 756/866/1046 757/868/1048 777/896/1076 776/895/1075
f 757/868/1048 758/870/1050 778/897/1077 777/896/1076
f 758/870/1050 759/872/1052 779/898/1078 778/897/1077
f 759/872/1052 760/874/1054 780/899/1079 779/898/1078
f 760/874/1054 761/876/1056 781/900/1080 780/899/1079
f 761/876/1056 762/878/1058 782/901/1081 781/900/1080
f 762/878/1058 763/880/1060 783/902/1082 782/901/1081
f 763/880/1060 764/882/1062 784/903/1083 783/902/1082
f 764/882/1062 765/884/1064 785/904/1084 784/903/1083
f 765/884/1064 746/848/1028 766/886/1066 785/904/1084
f 766/886/1085 767/885/1086 787/905/1087 786/906/1088
f 767/885/1086 768/887/1089 788/907/1090 787/905/1087
f 768/887/1089 769/888/1091 789/908/1092 788/907/1090
f 769/888/1091 770/889/1069 790/909/1093 789/908/1092
f 770/889/1069 771/890/1070 791/910/1094 790/909/1093
f 771/890/1070 772/891/1071 792/911/1095 791/910/1094
f 772/891/1071 773/892/1072 793/912/1096 792/911/1095
f 773/892/1072 774/893/1073 794/913/1097 793/912/1096
f 774/893/1073 775/894/1074 795/914/1098 794/913/1097
f 775/894/1074 776/895/1075 796/915/1099 795/914/1098
f 776/895/1075 777/896/1076 797/916/1100 796/915/1099
f 777/896/1076 778/897/1077 798/917/1101 797/916/1100
f 778/897/1077 779/898/1078 799/918/1102 798/917/1101
f 779/898/1078 780/899/1079 800/919/1103 799/918/1102
f 780/899/1079 781/900/1080 801/920/1104 800/919/1103
f 781/900/1080 782/901/1081 802/921/1105 801/920/1104
f 782/901/1081 783/902/1082 803/922/1106 802/921/1105
f 783/902/1082 784/903/1107 804/923/1108 803/922/1106
f 784/903/1107 785/904/1109 805/924/1110 804/923/1108
f 785/904/1109 766/886/1085 786/906/1088 805/924/1110
f 786/906/1088 787/905/1087 807/925/1111 806/926/1112
f 787/905/1087 788/907/1113 808/927/1114 807/925/1111
f 788/907/1113 789/908/1092 809/928/1115 808/927/1114
f 789/908/1092 790/909/1093 810/929/1116 809/928/1115
f 790/909/1093 791/910/1094 811/930/1117 810/929/1116
f 791/910/1094 792/911/1095 812/931/1118 811/930/1117
f 792/911/1095 793/912/1096 813/932/1119 812/931/1118
f 793/912/1096 794/913/1097 814/933/1120 813/932/1119
f 794/913/1097 795/914/1098 815/934/1121 814/933/1120
f 795/914/1098 796/915/1099 816/935/1122 815/934/1121
f 796/915/1099 797/916/1100 817/936/1123 816/935/1122
f 797/916/1100 798/917/1101 818/937/1124 817/936/1123
f 798/917/1101 799/918/1102 819/938/1125 818/937/1124
f 799/918/1102 800/919/1103 820/939/1126 819/938/1125
f 800/919/1103 801/920/1104 821/940/1127 820/939/1126
f 801/920/1104 802/921/1105 822/941/1128 821/940/1127
f 802/921/1105 803/922/1106 823/942/1129 822/941/1128
f 803/922/1106 804/923/1108 824/943/1130 823/942/1129
f 804/923/1108 805/924/1110 825/944/1131 824/943/1130
f 805/924/1110 786/906/1088 806/926/1112 825/944/1131
f 806/926/1112 807/925/1111 827/945/1132 826/946/1133
f 807/925/1111 808/927/1114 828/947/1134 827/945/1132
f 808/927/1114 809/928/1115 829/948/1135 828/947/1134
f 809/928/1115 810/929/1116 830/949/1136 829/948/1135
f 810/929/1116 811/930/1117 831/950/1137 830/949/1136
f 811/930/1117 812/931/1118 832/951/1138 831/950/1137
f 812/931/1118 813/932/1119 833/952/1139 832/951/1138
f 813/932/1119 814/933/1120 834/953/1140 833/952/1139
f 814/933/1120 815/934/1121 835/954/1141 834/953/1140
f 815/934/1121 816/935/1122 836/955/1142 835/954/1141
f 816/935/1122 817/936/1123 837/956/1143 836/955/1142
f 817/936/1123 818/937/1124 838/957/1144 837/956/1143
f 818/937/1124 819/938/1125 839/958/1145 838/957/1144
f 819/938/1125 820/939/1126 840/959/1146 839/958/1145
f 820/939/1126 821/940/1127 841/960/1147 840/959/1146
f 821/940/1127 822/941/1128 842/961/1148 841/960/1147
f 822/941/1128 823/942/1129 843/962/1149 842/961/1148
f 823/942/1129 824/943/1130 844/963/1150 843/962/1149
f 824/943/1130 825/944/1131 845/964/1151 844/963/1150
f 825/944/1131 806/926/1112 826/946/1133 845/964/1151
f 826/946/1133 827/945/1132 847/965/1152 846/966/1153
f 827/945/1132 828/947/1134 848/967/1154 847/965/1152
f 828/947/1134 829/948/1135 849/968/1155 848/967/1154
f 829/948/1135 830/949/1136 850/969/1156 849/968/1155
f 830/949/1136 831/950/1137 851/970/1157 850/969/1156
f 831/950/1137 832/951/1138 852/971/1158 851/970/1157
f 832/951/1138 833/952/1139 853/972/1159 852/971/1158
f 833/952/1139 834/953/1140 854/973/1160 853/972/1159
f 834/953/1140 835/954/1161 855/974/1162 854/973/1160
f 835/954/1161 836/955/1163 856/975/1164 855/974/1162
f 836/955/1163 837/956/1165 857/976/1166 856/975/1164
f 837/956/1165 838/957/1167 858/977/1168 857/976/1166
f 838/957/1167 839/958/1169 859/978/1170 858/977/1168
f 839/958/1169 840/959/1171 860/979/1172 859/978/1170
f 840/959/1171 841/960/1173 861/980/1174 860/979/1172
f 841/960/1173 842/961/1148 862/981/1175 861/980/1174
f 842/961/1148 843/962/1149 863/982/1176 862/981/1175
f 843/962/1149 844/963/1150 864/983/1177 863/982/1176
f 844/963/1150 845/964/1151 865/984/1178 864/983/1177
f 845/964/1151 826/946/1133 846/966/1153 865/984/1178
f 846/966/1153 847/965/1152 867/985/1179 866/986/1180
f 847/965/1152 848/967/1154 868/987/1181 867/985/1179
f 848/967/1154 849/968/1155 869/988/1182 868/987/1181
f 849/968/1155 850/969/1183 870/989/1184 869/988/1182
f 850/969/1183 851/970/1185 871/990/1186 870/989/1184
f 851/970/1185 852/971/1158 872/991/1187 871/990/1186
f 852/971/1158 853/972/1159 873/992/1188 872/991/1187
f 853/972/1159 854/973/1160 874/993/1189 873/992/1188
f 854/973/1160 855/974/1162 875/994/1190 874/993/1189
f 855/974/1162 856/975/1164 876/995/1191 875/994/1190
f 856/975/1164 857/976/1166 877/996/1192 876/995/1191
f 857/976/1166 858/977/1168 878/997/1193 877/996/1192
f 858/977/1168 859/978/1170 879/998/1194 878/997/1193
f 859/978/1170 860/979/1172 880/999/1195 879/998/1194
f 860/979/1172 861/980/1174 881/1000/1196 880/999/1195
f 861/980/1174 862/981/1175 882/1001/1197 881/1000/1196
f 862/981/1175 863/982/1176 883/1002/1198 882/1001/1197
f 863/982/1176 864/983/1177 884/1003/1199 883/1002/1198
f 864/983/1177 865/984/1178 885/1004/1200 884/1003/1199
f 865/984/1178 846/966/1153 866/986/1180 885/1004/1200
f 866/986/1180 867/985/1179 887/827/1201 886/826/1202
f 867/985/1179 868/987/1181 889/829/1203 887/827/1201
f 868/987/1181 869/988/1182 890/830/1204 889/829/1203
f 869/988/1182 870/989/1184 891/831/1205 890/830/1204
f 870/989/1184 871/990/1186 892/832/1206 891/831/1205
f 871/990/1186 872/991/1187 893/833/1207 892/832/1206
f 872/991/1187 873/992/1188 894/834/1208 893/833/1207
f 873/992/1188 874/993/1189 895/835/1209 894/834/1208
f 874/993/1189 875/994/1190 896/836/1210 895/835/1209
f 875/994/1190 876/995/1191 897/837/1211 896/836/1210
f 876/995/1191 877/996/1192 898/838/1212 897/837/1211
f 877/996/1192 878/997/1193 899/839/1213 898/838/1212
f 878/997/1193 879/998/1194 900/840/1214 899/839/1213
f 879/998/1194 880/999/1195 901/841/1215 900/840/1214
f 880/999/1195 881/1000/1196 902/842/1216 901/841/1215
f 881/1000/1196 882/1001/1197 903/843/1217 902/842/1216
f 882/1001/1197 883/1002/1198 904/844/1218 903/843/1217
f 883/1002/1198 884/1003/1199 905/845/1219 904/844/1218
f 884/1003/1199 885/1004/1200 906/846/1220 905/845/1219
f 885/1004/1200 866/986/1180 886/826/1202 906/846/1220
s 46
f 907/1005/1221 908/1006/1222 922/1007/1223 921/1008/1224
f 909/1009/1225 910/1011/1226 729/1012/1227 728/1010/1228
f 910/1011/1226 911/1013/1229 923/1014/1230 729/1012/1227
f 911/1013/1229 912/1015/1231 924/1016/1232 923/1014/1230
f 912/1015/1231 913/1017/1233 925/1018/1234 924/1016/1232
f 913/1017/1233 914/1019/1235 926/1020/1236 925/1018/1234
f 914/1019/1235 915/1021/1237 927/1022/1238 926/1020/1236
f 915/1021/1237 916/1023/1239 928/1024/1240 927/1022/1238
f 916/1023/1239 917/1025/1241 929/1026/1242 928/1024/1240
f 917/1025/1241 918/1027/1243 930/1028/1244 929/1026/1242
f 918/1027/1243 919/1029/1245 931/1030/1246 930/1028/1244
f 919/1029/1245 920/1031/1247 932/1032/1248 931/1030/1246
f 920/1031/1247 907/1033/1221 921/1034/1224 932/1032/1248
s 48
f 1101/1043/1249 1102/1044/1250 1103/1045/1251
f 1102/1044/1250 1104/1046/1252 1103/1045/1251
f 1104/1046/1252 1105/1047/1253 1103/1045/1251
f 1105/1047/1253 1106/1048/1254 1103/1045/1251
f 1106/1048/1254 1107/1049/1255 1103/1045/1251
f 1107/1049/1255 1108/1050/1256 1103/1045/1251
f 1108/1050/1256 1109/1051/1257 1103/1045/1251
f 1109/1051/1257 1110/1052/1258 1103/1045/1251
f 1110/1052/1258 1111/1053/1259 1103/1045/1251
f 1111/1053/1259 1112/1054/1260 1103/1045/1251
f 1112/1054/1260 1113/1055/1261 1103/1045/1251
f 1113/1055/1261 1114/1056/1262 1103/1045/1251
f 1114/1056/1262 1115/1057/1263 1103/1045/1251
f 1115/1057/1263 1116/1058/1264 1103/1045/1251
f 1116/1058/1264 1117/1059/1265 1103/1045/1251
f 1117/1059/1265 1118/1060/1266 1103/1045/1251
f 1118/1060/1266 1119/1061/1267 1103/1045/1251
f 1119/1061/1267 1120/1062/1268 1103/1045/1251
f 1120/1062/1268 1121/1063/1269 1103/1045/1251
f 1121/1063/1269 1101/1043/1249 1103/1045/1251
s 46
f 921/1064/1224 922/1065/1223 934/1066/1270 933/1067/1271
f 729/1068/1227 923/1070/1230 936/1071/1272 935/1069/1273
f 923/1070/1230 924/1072/1232 937/1073/1274 936/1071/1272
f 924/1072/1232 925/1074/1234 938/1075/1275 937/1073/1274
f 925/1074/1234 926/1076/1236 939/1077/1276 938/1075/1275
f 926/1076/1236 927/1078/1238 940/1079/1277 939/1077/1276
f 927/1078/1238 928/1080/1240 941/1081/1278 940/1079/1277
f 928/1080/1240 929/1082/1242 942/1083/1279 941/1081/1278
f 929/1082/1242 930/1084/1244 943/1085/1280 942/1083/1279
f 930/1084/1244 931/1086/1246 944/1087/1281 943/1085/1280
f 931/1086/1246 932/1088/1248 945/1089/1282 944/1087/1281
f 932/1088/1248 921/1064/1224 933/1067/1271 945/1089/1282
f 933/1067/1271 934/1066/1270 947/1090/1283 946/1091/1284
f 935/1069/1273 936/1071/1272 951/1095/1285 950/1094/1286
f 936/1071/1272 937/1073/1274 952/1096/1287 951/1095/1285
f 937/1073/1274 938/1075/1275 953/1097/1288 952/1096/1287
f 938/1075/1275 939/1077/1276 954/1098/1289 953/1097/1288
f 939/1077/1276 940/1079/1277 955/1099/1290 954/1098/1289
f 940/1079/1277 941/1081/1278 956/1100/1291 955/1099/1290
f 941/1081/1278 942/1083/1279 957/1101/1292 956/1100/1291
f 942/1083/1279 943/1085/1280 958/1102/1293 957/1101/1292
f 943/1085/1280 944/1087/1281 959/1103/1294 958/1102/1293
f 944/1087/1281 945/1089/1282 960/1104/1295 959/1103/1294
f 945/1089/1282 933/1067/1271 946/1091/1284 960/1104/1295
f 946/1091/1284 947/1090/1283 962/1105/1296 961/1106/1297
f 947/1090/1283 948/1092/1298 963/1107/1299 962/1105/1296
f 948/1092/1298 949/1093/1300 964/1108/1301 963/1107/1299
f 2086/2395/1302 2087/2396/1303 950/1094/1286 970/1114/1304 969/1113/1305
f 950/1094/1286 951/1095/1285 971/1115/1306 970/1114/1304
f 951/1095/1285 952/1096/1287 972/1116/1307 971/1115/1306
f 952/1096/1287 953/1097/1288 973/1117/1308 972/1116/1307
f 953/1097/1288 954/1098/1289 974/1118/1309 973/1117/1308
f 954/1098/1289 955/1099/1290 975/1119/1310 974/1118/1309
f 955/1099/1290 956/1100/1291 976/1120/1311 975/1119/1310
f 956/1100/1291 957/1101/1292 977/1121/1312 976/1120/1311
f 957/1101/1292 958/1102/1293 978/1122/1313 977/1121/1312
f 958/1102/1293 959/1103/1294 979/1123/1314 978/1122/1313
f 959/1103/1294 960/1104/1295 980/1124/1315 979/1123/1314
f 960/1104/1295 946/1091/1284 961/1106/1297 980/1124/1315
f 961/1106/1297 962/1105/1296 982/1125/1316 981/1126/1317
f 962/1105/1296 963/1107/1299 983/1127/1318 982/1125/1316
f 963/1107/1299 964/1108/1301 984/1128/1319 983/1127/1318
f 964/1108/1301 965/1109/1320 985/1129/1321 984/1128/1319
f 965/1109/1320 966/1110/1322 986/1130/1323 985/1129/1321
f 966/1110/1322 967/1111/1324 987/1131/1325 986/1130/1323
f 967/1111/1324 968/1112/1326 988/1132/1327 987/1131/1325
f 968/1112/1326 969/1113/1328 989/1133/1329 988/1132/1327
f 969/1113/1328 970/1114/1330 990/1134/1331 989/1133/1329
f 970/1114/1330 971/1115/1332 991/1135/1333 990/1134/1331
f 971/1115/1332 972/1116/1334 992/1136/1335 991/1135/1333
f 972/1116/1334 973/1117/1336 993/1137/1337 992/1136/1335
f 973/1117/1336 974/1118/1309 994/1138/1338 993/1137/1337
f 974/1118/1309 975/1119/1310 995/1139/1339 994/1138/1338
f 975/1119/1310 976/1120/1311 996/1140/1340 995/1139/1339
f 976/1120/1311 977/1121/1312 997/1141/1341 996/1140/1340
f 977/1121/1312 978/1122/1313 998/1142/1342 997/1141/1341
f 978/1122/1313 979/1123/1314 999/1143/1343 998/1142/1342
f 979/1123/1314 980/1124/1315 1000/1144/1344 999/1143/1343
f 980/1124/1315 961/1106/1297 981/1126/1317 1000/1144/1344
f 981/1126/1345 982/1125/1346 1002/1145/1347 1001/1146/1348
f 982/1125/1346 983/1127/1318 1003/1147/1349 1002/1145/1347
f 983/1127/1318 984/1128/1319 1004/1148/1350 1003/1147/1349
f 984/1128/1319 985/1129/1321 1005/1149/1351 1004/1148/1350
f 985/1129/1321 986/1130/1323 1006/1150/1352 1005/1149/1351
f 986/1130/1323 987/1131/1325 1007/1151/1353 1006/1150/1352
f 987/1131/1325 988/1132/1354 1008/1152/1355 1007/1151/1353
f 988/1132/1354 989/1133/1356 1009/1153/1357 1008/1152/1355
f 989/1133/1356 990/1134/1358 1010/1154/1359 1009/1153/1357
f 990/1134/1358 991/1135/1360 1011/1155/1361 1010/1154/1359
f 991/1135/1360 992/1136/1362 1012/1156/1363 1011/1155/1361
f 992/1136/1362 993/1137/1364 1013/1157/1365 1012/1156/1363
f 993/1137/1364 994/1138/1366 1014/1158/1367 1013/1157/1365
f 994/1138/1366 995/1139/1339 1015/1159/1368 1014/1158/1367
f 995/1139/1339 996/1140/1340 1016/1160/1369 1015/1159/1368
f 996/1140/1340 997/1141/1341 1017/1161/1370 1016/1160/1369
f 997/1141/1341 998/1142/1342 1018/1162/1371 1017/1161/1370
f 998/1142/1342 999/1143/1343 1019/1163/1372 1018/1162/1371
f 999/1143/1343 1000/1144/1344 1020/1164/1373 1019/1163/1372
f 1000/1144/1344 981/1126/1345 1001/1146/1348 1020/1164/1373
f 1001/1146/1348 1002/1145/1347 1022/1165/1374 1021/1166/1375
f 1002/1145/1347 1003/1147/1349 1023/1167/1376 1022/1165/1374
f 1003/1147/1349 1004/1148/1350 1024/1168/1377 1023/1167/1376
f 1004/1148/1350 1005/1149/1351 1025/1169/1378 1024/1168/1377
f 1005/1149/1351 1006/1150/1352 1026/1170/1379 1025/1169/1378
f 1006/1150/1352 1007/1151/1353 1027/1171/1380 1026/1170/1379
f 1007/1151/1353 1008/1152/1381 1028/1172/1382 1027/1171/1380
f 1008/1152/1381 1009/1153/1383 1029/1173/1384 1028/1172/1382
f 1009/1153/1383 1010/1154/1385 1030/1174/1386 1029/1173/1384
f 1010/1154/1385 1011/1155/1387 1031/1175/1388 1030/1174/1386
f 1011/1155/1387 1012/1156/1389 1032/1176/1390 1031/1175/1388
f 1012/1156/1389 1013/1157/1365 1033/1177/1391 1032/1176/1390
f 1013/1157/1365 1014/1158/1367 1034/1178/1392 1033/1177/1391
f 1014/1158/1367 1015/1159/1368 1035/1179/1393 1034/1178/1392
f 1015/1159/1368 1016/1160/1369 1036/1180/1394 1035/1179/1393
f 1016/1160/1369 1017/1161/1370 1037/1181/1395 1036/1180/1394
f 1017/1161/1370 1018/1162/1371 1038/1182/1396 1037/1181/1395
f 1018/1162/1371 1019/1163/1372 1039/1183/1397 1038/1182/1396
f 1019/1163/1372 1020/1164/1398 1040/1184/1399 1039/1183/1397
f 1020/1164/1398 1001/1146/1348 1021/1166/1375 1040/1184/1399
f 1021/1166/1375 1022/1165/1374 1042/1185/1400 1041/1186/1401
f 1022/1165/1374 1023/1167/1376 1043/1187/1402 1042/1185/1400
f 1023/1167/1376 1024/1168/1377 1044/1188/1403 1043/1187/1402
f 1024/1168/1377 1025/1169/1378 1045/1189/1404 1044/1188/1403
f 1025/1169/1378 1026/1170/1379 1046/1190/1405 1045/1189/1404
f 1026/1170/1379 1027/1171/1380 1047/1191/1406 1046/1190/1405
f 1027/1171/1380 1028/1172/1407 1048/1192/1408 1047/1191/1406
f 1028/1172/1407 1029/1173/1409 1049/1193/1410 1048/1192/1408
f 1029/1173/1409 1030/1174/1411 1050/1194/1412 1049/1193/1410
f 1030/1174/1411 1031/1175/1413 1051/1195/1414 1050/1194/1412
f 1031/1175/1413 1032/1176/1415 1052/1196/1416 1051/1195/1414
f 1032/1176/1415 1033/1177/1391 1053/1197/1417 1052/1196/1416
f 1033/1177/1391 1034/1178/1392 1054/1198/1418 1053/1197/1417
f 1034/1178/1392 1035/1179/1393 1055/1199/1419 1054/1198/1418
f 1035/1179/1393 1036/1180/1394 1056/1200/1420 1055/1199/1419
f 1036/1180/1394 1037/1181/1395 1057/1201/1421 1056/1200/1420
f 1037/1181/1395 1038/1182/1396 1058/1202/1422 1057/1201/1421
f 1038/1182/1396 1039/1183/1397 1059/1203/1423 1058/1202/1422
f 1039/1183/1397 1040/1184/1399 1060/1204/1424 1059/1203/1423
f 1040/1184/1399 1021/1166/1375 1041/1186/1401 1060/1204/1424
f 1041/1186/1401 1042/1185/1400 1062/1205/1425 1061/1206/1426
f 1042/1185/1400 1043/1187/1402 1063/1207/1427 1062/1205/1425
f 1043/1187/1402 1044/1188/1403 1064/1208/1428 1063/1207/1427
f 1044/1188/1403 1045/1189/1404 1065/1209/1429 1064/1208/1428
f 1045/1189/1404 1046/1190/1405 1066/1210/1430 1065/1209/1429
f 1046/1190/1405 1047/1191/1406 1067/1211/1431 1066/1210/1430
f 1047/1191/1406 1048/1192/1408 1068/1212/1432 1067/1211/1431
f 1048/1192/1408 1049/1193/1410 1069/1213/1433 1068/1212/1432
f 1049/1193/1410 1050/1194/1412 1070/1214/1434 1069/1213/1433
f 1050/1194/1412 1051/1195/1414 1071/1215/1435 1070/1214/1434
f 1051/1195/1414 1052/1196/1416 1072/1216/1436 1071/1215/1435
f 1052/1196/1416 1053/1197/1417 1073/1217/1437 1072/1216/1436
f 1053/1197/1417 1054/1198/1418 1074/1218/1438 1073/1217/1437
f 1054/1198/1418 1055/1199/1419 1075/1219/1439 1074/1218/1438
f 1055/1199/1419 1056/1200/1420 1076/1220/1440 1075/1219/1439
f 1056/1200/1420 1057/1201/1421 1077/1221/1441 1076/1220/1440
f 1057/1201/1421 1058/1202/1422 1078/1222/1442 1077/1221/1441
f 1058/1202/1422 1059/1203/1423 1079/1223/1443 1078/1222/1442
f 1059/1203/1423 1060/1204/1424 1080/1224/1444 1079/1223/1443
f 1060/1204/1424 1041/1186/1401 1061/1206/1426 1080/1224/1444
f 1061/1206/1426 1062/1205/1425 1082/1225/1445 1081/1226/1446
f 1062/1205/1425 1063/1207/1427 1083/1227/1447 1082/1225/1445
f 1063/1207/1427 1064/1208/1428 1084/1228/1448 1083/1227/1447
f 1064/1208/1428 1065/1209/1429 1085/1229/1449 1084/1228/1448
f 1065/1209/1429 1066/1210/1430 1086/1230/1450 1085/1229/1449
f 1066/1210/1430 1067/1211/1431 1087/1231/1451 1086/1230/1450
f 1067/1211/1431 1068/1212/1432 1088/1232/1452 1087/1231/1451
f 1068/1212/1432 1069/1213/1433 1089/1233/1453 1088/1232/1452
f 1069/1213/1433 1070/1214/1434 1090/1234/1454 1089/1233/1453
f 1070/1214/1434 1071/1215/1435 1091/1235/1455 1090/1234/1454
f 1071/1215/1435 1072/1216/1436 1092/1236/1456 1091/1235/1455
f 1072/1216/1436 1073/1217/1437 1093/1237/1457 1092/1236/1456
f 1073/1217/1437 1074/1218/1438 1094/1238/1458 1093/1237/1457
f 1074/1218/1438 1075/1219/1439 1095/1239/1459 1094/1238/1458
f 1075/1219/1439 1076/1220/1440 1096/1240/1460 1095/1239/1459
f 1076/1220/1440 1077/1221/1441 1097/1241/1461 1096/1240/1460
f 1077/1221/1441 1078/1222/1442 1098/1242/1462 1097/1241/1461
f 1078/1222/1442 1079/1223/1443 1099/1243/1463 1098/1242/1462
f 1079/1223/1443 1080/1224/1444 1100/1244/1464 1099/1243/1463
f 1080/1224/1444 1061/1206/1426 1081/1226/1446 1100/1244/1464
f 1081/1226/1446 1082/1225/1445 1102/1044/1465 1101/1043/1466
f 1082/1225/1445 1083/1227/1467 1104/1046/1468 1102/1044/1465
f 1083/1227/1467 1084/1228/1469 1105/1047/1470 1104/1046/1468
f 1084/1228/1469 1085/1229/1471 1106/1048/1472 1105/1047/1470
f 1085/1229/1471 1086/1230/1450 1107/1049/1473 1106/1048/1472
f 1086/1230/1450 1087/1231/1451 1108/1050/1474 1107/1049/1473
f 1087/1231/1451 1088/1232/1452 1109/1051/1475 1108/1050/1474
f 1088/1232/1452 1089/1233/1453 1110/1052/1476 1109/1051/1475
f 1089/1233/1453 1090/1234/1454 1111/1053/1477 1110/1052/1476
f 1090/1234/1454 1091/1235/1455 1112/1054/1478 1111/1053/1477
f 1091/1235/1455 1092/1236/1456 1113/1055/1479 1112/1054/1478
f 1092/1236/1456 1093/1237/1457 1114/1056/1480 1113/1055/1479
f 1093/1237/1457 1094/1238/1458 1115/1057/1481 1114/1056/1480
f 1094/1238/1458 1095/1239/1459 1116/1058/1482 1115/1057/1481
f 1095/1239/1459 1096/1240/1460 1117/1059/1483 1116/1058/1482
f 1096/1240/1460 1097/1241/1461 1118/1060/1484 1117/1059/1483
f 1097/1241/1461 1098/1242/1462 1119/1061/1485 1118/1060/1484
f 1098/1242/1462 1099/1243/1463 1120/1062/1486 1119/1061/1485
f 1099/1243/1463 1100/1244/1464 1121/1063/1487 1120/1062/1486
f 1100/1244/1464 1081/1226/1446 1101/1043/1466 1121/1063/1487
f 910/1248/1226 909/1246/1225 1123/1247/1488 1124/1249/1489
f 911/1250/1229 910/1248/1226 1124/1249/1489 1125/1251/1490
f 912/1252/1231 911/1250/1229 1125/1251/1490 1126/1253/1491
f 913/1254/1233 912/1252/1231 1126/1253/1491 1127/1255/1492
f 914/1256/1235 913/1254/1233 1127/1255/1492 1128/1257/1493
f 915/1258/1237 914/1256/1235 1128/1257/1493 1129/1259/1494
f 916/1260/1239 915/1258/1237 1129/1259/1494 1130/1261/1495
f 917/1262/1241 916/1260/1239 1130/1261/1495 1131/1263/1496
f 918/1264/1243 917/1262/1241 1131/1263/1496 1132/1265/1497
f 1123/1247/1488 1122/1245/1498 1133/1035/1499 1134/1036/1500
f 1124/1249/1489 1123/1247/1488 1134/1036/1500 1135/1037/1501
f 1126/1253/1491 1125/1251/1490 1136/1038/1502 1137/1039/1503
f 1128/1257/1493 1127/1255/1492 1138/1040/1504 1139/1041/1505
f 1129/1259/1494 1128/1257/1493 1139/1041/1505 1140/1042/1506
s 50
f 1141/1266/1507 1142/1267/1508 1156/1268/1509 1155/1269/1510
f 1142/1267/1508 1143/1270/1511 1157/1271/1512 1156/1268/1509
f 1143/1270/1511 1144/1272/1513 1158/1273/1514 1157/1271/1512
f 1144/1272/1513 1145/1274/1515 1159/1275/1516 1158/1273/1514
f 1145/1274/1515 1146/1276/1517 1160/1277/1518 1159/1275/1516
f 1146/1276/1517 1147/1278/1519 1161/1279/1520 1160/1277/1518
f 1147/1278/1519 1148/1280/1521 1162/1281/1522 1161/1279/1520
f 1148/1280/1521 1149/1282/1523 1163/1283/1524 1162/1281/1522
f 1149/1282/1523 1150/1284/1525 1164/1285/1526 1163/1283/1524
f 1150/1284/1525 1151/1286/1527 1165/1287/1528 1164/1285/1526
f 1151/1286/1527 1152/1288/1529 1166/1289/1530 1165/1287/1528
f 1152/1288/1529 1153/1290/1531 1167/1291/1532 1166/1289/1530
f 2074/2380/1533 2075/2381/1534 1169/1293/1535 1168/1292/1536
f 2075/2381/1534 2076/2383/1537 1169/1293/1535
f 2079/2387/1538 2080/2388/1539 1170/1294/1540
s 53
f 1142/1299/1541 1141/1300/1542 1173/1301/1543
f 1143/1302/1544 1142/1299/1541 1173/1301/1543
f 1144/1303/1545 1143/1302/1544 1173/1301/1543
f 1145/1304/1546 1144/1303/1545 1173/1301/1543
f 1146/1305/1547 1145/1304/1546 1173/1301/1543
f 1147/1306/1548 1146/1305/1547 1173/1301/1543
f 1148/1307/1549 1147/1306/1548 1173/1301/1543
f 1149/1308/1550 1148/1307/1549 1173/1301/1543
f 1150/1309/1551 1149/1308/1550 1173/1301/1543
f 1151/1310/1552 1150/1309/1551 1173/1301/1543
f 1152/1311/1553 1151/1310/1552 1173/1301/1543
f 1153/1312/1554 1152/1311/1553 1173/1301/1543
f 1154/1313/1555 2081/2390/1556 1153/1312/1554 1173/1301/1543
s 54
f 1274/1314/1557 1275/1315/1558 1276/1316/1559
f 1275/1315/1558 1277/1317/1560 1276/1316/1559
f 1277/1317/1560 1278/1318/1561 1276/1316/1559
f 1278/1318/1561 1279/1319/1562 1276/1316/1559
f 1279/1319/1562 1280/1320/1563 1276/1316/1559
f 1280/1320/1563 1281/1321/1564 1276/1316/1559
f 1281/1321/1564 1282/1322/1565 1276/1316/1559
f 1282/1322/1565 1283/1323/1566 1276/1316/1559
f 1283/1323/1566 1284/1324/1567 1276/1316/1559
f 1284/1324/1567 1285/1325/1568 1276/1316/1559
f 1285/1325/1568 1286/1326/1569 1276/1316/1559
f 1286/1326/1569 1287/1327/1570 1276/1316/1559
f 1287/1327/1570 1288/1328/1571 1276/1316/1559
f 1288/1328/1571 1289/1329/1572 1276/1316/1559
f 1289/1329/1572 1290/1330/1573 1276/1316/1559
f 1290/1330/1573 1291/1331/1574 1276/1316/1559
f 1291/1331/1574 1292/1332/1575 1276/1316/1559
f 1292/1332/1575 1293/1333/1576 1276/1316/1559
f 1293/1333/1576 1294/1334/1577 1276/1316/1559
f 1294/1334/1577 1274/1314/1557 1276/1316/1559
s 50
f 1155/1335/1510 1156/1336/1509 1175/1337/1578 1174/1338/1579
f 1156/1336/1509 1157/1339/1512 1176/1340/1580 1175/1337/1578
f 1157/1339/1512 1158/1341/1514 1177/1342/1581 1176/1340/1580
f 1158/1341/1514 1159/1343/1516 1178/1344/1582 1177/1342/1581
f 1159/1343/1516 1160/1345/1518 1179/1346/1583 1178/1344/1582
f 1160/1345/1518 1161/1347/1520 1180/1348/1584 1179/1346/1583
f 1161/1347/1520 1162/1349/1522 1181/1350/1585 1180/1348/1584
f 1162/1349/1522 1163/1351/1524 1182/1352/1586 1181/1350/1585
f 1163/1351/1524 1164/1353/1526 1183/1354/1587 1182/1352/1586
f 1164/1353/1526 1165/1355/1528 1184/1356/1588 1183/1354/1587
f 1165/1355/1528 1166/1357/1530 1185/1358/1589 1184/1356/1588
f 1166/1357/1530 1167/1359/1532 1186/1360/1590 1185/1358/1589
f 1167/1359/1532 1168/1361/1536 1187/1362/1591 1186/1360/1590
f 1168/1361/1536 1169/1363/1535 1188/1364/1592 1187/1362/1591
f 1169/1363/1535 2076/2382/1537 2077/2384/1593 1189/1365/1594 1188/1364/1592
f 2077/2384/1593 2078/2385/1595 1190/1366/1596 1189/1365/1594
f 2078/2385/1595 2079/2386/1538 1170/1367/1540 1191/1368/1597 1190/1366/1596
f 1170/1367/1540 1171/1369/1598 1192/1370/1599 1191/1368/1597
f 1171/1369/1598 1172/1371/1600 1193/1372/1601 1192/1370/1599
f 1172/1371/1600 1155/1335/1510 1174/1338/1579 1193/1372/1601
f 1174/1338/1579 1175/1337/1578 1195/1373/1602 1194/1374/1603
f 1175/1337/1578 1176/1340/1580 1196/1375/1604 1195/1373/1602
f 1176/1340/1580 1177/1342/1581 1197/1376/1605 1196/1375/1604
f 1177/1342/1581 1178/1344/1582 1198/1377/1606 1197/1376/1605
f 1178/1344/1582 1179/1346/1583 1199/1378/1607 1198/1377/1606
f 1179/1346/1583 1180/1348/1584 1200/1379/1608 1199/1378/1607
f 1180/1348/1584 1181/1350/1585 1201/1380/1609 1200/1379/1608
f 1181/1350/1585 1182/1352/1586 1202/1381/1610 1201/1380/1609
f 1182/1352/1586 1183/1354/1587 1203/1382/1611 1202/1381/1610
f 1183/1354/1587 1184/1356/1588 1204/1383/1612 1203/1382/1611
f 1184/1356/1588 1185/1358/1589 1205/1384/1613 1204/1383/1612
f 1185/1358/1589 1186/1360/1590 1206/1385/1614 1205/1384/1613
f 1186/1360/1590 1187/1362/1591 1207/1386/1615 1206/1385/1614
f 1187/1362/1591 1188/1364/1592 1208/1387/1616 1207/1386/1615
f 1188/1364/1592 1189/1365/1594 1209/1388/1617 1208/1387/1616
f 1189/1365/1594 1190/1366/1596 1210/1389/1618 1209/1388/1617
f 1190/1366/1596 1191/1368/1597 1211/1390/1619 1210/1389/1618
f 1191/1368/1597 1192/1370/1599 1212/1391/1620 1211/1390/1619
f 1192/1370/1599 1193/1372/1601 1213/1392/1621 1212/1391/1620
f 1193/1372/1601 1174/1338/1579 1194/1374/1603 1213/1392/1621
f 1194/1374/1603 1195/1373/1602 1215/1393/1622 1214/1394/1623
f 1195/1373/1602 1196/1375/1604 1216/1395/1624 1215/1393/1622
f 1196/1375/1604 1197/1376/1605 1217/1396/1625 1216/1395/1624
f 1197/1376/1605 1198/1377/1606 1218/1397/1626 1217/1396/1625
f 1198/1377/1606 1199/1378/1607 1219/1398/1627 1218/1397/1626
f 1199/1378/1607 1200/1379/1608 1220/1399/1628 1219/1398/1627
f 1200/1379/1608 1201/1380/1609 1221/1400/1629 1220/1399/1628
f 1201/1380/1609 1202/1381/1610 1222/1401/1630 1221/1400/1629
f 1202/1381/1610 1203/1382/1611 1223/1402/1631 1222/1401/1630
f 1203/1382/1611 1204/1383/1612 1224/1403/1632 1223/1402/1631
f 1204/1383/1612 1205/1384/1613 1225/1404/1633 1224/1403/1632
f 1205/1384/1613 1206/1385/1614 1226/1405/1634 1225/1404/1633
f 1206/1385/1614 1207/1386/1615 1227/1406/1635 1226/1405/1634
f 1207/1386/1615 1208/1387/1616 1228/1407/1636 1227/1406/1635
f 1208/1387/1616 1209/1388/1617 1229/1408/1637 1228/1407/1636
f 1209/1388/1617 1210/1389/1618 1230/1409/1638 1229/1408/1637
f 1210/1389/1618 1211/1390/1619 1231/1410/1639 1230/1409/1638
f 1211/1390/1619 1212/1391/1620 1232/1411/1640 1231/1410/1639
f 1212/1391/1620 1213/1392/1621 1233/1412/1641 1232/1411/1640
f 1213/1392/1621 1194/1374/1603 1214/1394/1623 1233/1412/1641
f 1214/1394/1623 1215/1393/1622 1235/1413/1642 1234/1414/1643
f 1215/1393/1622 1216/1395/1624 1236/1415/1644 1235/1413/1642
f 1216/1395/1624 1217/1396/1625 1237/1416/1645 1236/1415/1644
f 1217/1396/1625 1218/1397/1626 1238/1417/1646 1237/1416/1645
f 1218/1397/1626 1219/1398/1627 1239/1418/1647 1238/1417/1646
f 1219/1398/1627 1220/1399/1628 1240/1419/1648 1239/1418/1647
f 1220/1399/1628 1221/1400/1629 1241/1420/1649 1240/1419/1648
f 1221/1400/1629 1222/1401/1630 1242/1421/1650 1241/1420/1649
f 1222/1401/1630 1223/1402/1631 1243/1422/1651 1242/1421/1650
f 1223/1402/1631 1224/1403/1632 1244/1423/1652 1243/1422/1651
f 1224/1403/1632 1225/1404/1633 1245/1424/1653 1244/1423/1652
f 1225/1404/1633 1226/1405/1634 1246/1425/1654 1245/1424/1653
f 1226/1405/1634 1227/1406/1635 1247/1426/1655 1246/1425/1654
f 1227/1406/1635 1228/1407/1636 1248/1427/1656 1247/1426/1655
f 1228/1407/1636 1229/1408/1637 1249/1428/1657 1248/1427/1656
f 1229/1408/1637 1230/1409/1638 1250/1429/1658 1249/1428/1657
f 1230/1409/1638 1231/1410/1639 1251/1430/1659 1250/1429/1658
f 1231/1410/1639 1232/1411/1640 1252/1431/1660 1251/1430/1659
f 1232/1411/1640 1233/1412/1641 1253/1432/1661 1252/1431/1660
f 1233/1412/1641 1214/1394/1623 1234/1414/1643 1253/1432/1661
f 1234/1414/1643 1235/1413/1642 1255/1433/1662 1254/1434/1663
f 1235/1413/1642 1236/1415/1644 1256/1435/1664 1255/1433/1662
f 1236/1415/1644 1237/1416/1645 1257/1436/1665 1256/1435/1664
f 1237/1416/1645 1238/1417/1646 1258/1437/1666 1257/1436/1665
f 1238/1417/1646 1239/1418/1647 1259/1438/1667 1258/1437/1666
f 1239/1418/1647 1240/1419/1648 1260/1439/1668 1259/1438/1667
f 1240/1419/1648 1241/1420/1649 1261/1440/1669 1260/1439/1668
f 1241/1420/1649 1242/1421/1650 1262/1441/1670 1261/1440/1669
f 1242/1421/1650 1243/1422/1651 1263/1442/1671 1262/1441/1670
f 1243/1422/1651 1244/1423/1652 1264/1443/1672 1263/1442/1671
f 1244/1423/1652 1245/1424/1653 1265/1444/1673 1264/1443/1672
f 1245/1424/1653 1246/1425/1654 1266/1445/1674 1265/1444/1673
f 1246/1425/1654 1247/1426/1655 1267/1446/1675 1266/1445/1674
f 1247/1426/1655 1248/1427/1676 1268/1447/1677 1267/1446/1675
f 1248/1427/1676 1249/1428/1678 1269/1448/1679 1268/1447/1677
f 1249/1428/1678 1250/1429/1680 1270/1449/1681 1269/1448/1679
f 1250/1429/1680 1251/1430/1682 1271/1450/1683 1270/1449/1681
f 1251/1430/1682 1252/1431/1660 1272/1451/1684 1271/1450/1683
f 1252/1431/1660 1253/1432/1661 1273/1452/1685 1272/1451/1684
f 1253/1432/1661 1234/1414/1643 1254/1434/1663 1273/1452/1685
f 1254/1434/1663 1255/1433/1662 1275/1315/1686 1274/1314/1687
f 1255/1433/1662 1256/1435/1688 1277/1317/1689 1275/1315/1686
f 1256/1435/1688 1257/1436/1690 1278/1318/1691 1277/1317/1689
f 1257/1436/1690 1258/1437/1692 1279/1319/1693 1278/1318/1691
f 1258/1437/1692 1259/1438/1694 1280/1320/1695 1279/1319/1693
f 1259/1438/1694 1260/1439/1696 1281/1321/1697 1280/1320/1695
f 1260/1439/1696 1261/1440/1669 1282/1322/1698 1281/1321/1697
f 1261/1440/1669 1262/1441/1670 1283/1323/1699 1282/1322/1698
f 1262/1441/1670 1263/1442/1671 1284/1324/1700 1283/1323/1699
f 1263/1442/1671 1264/1443/1672 1285/1325/1701 1284/1324/1700
f 1264/1443/1672 1265/1444/1702 1286/1326/1703 1285/1325/1701
f 1265/1444/1702 1266/1445/1704 1287/1327/1705 1286/1326/1703
f 1266/1445/1704 1267/1446/1706 1288/1328/1707 1287/1327/1705
f 1267/1446/1706 1268/1447/1708 1289/1329/1709 1288/1328/1707
f 1268/1447/1708 1269/1448/1710 1290/1330/1711 1289/1329/1709
f 1269/1448/1710 1270/1449/1712 1291/1331/1713 1290/1330/1711
f 1270/1449/1712 1271/1450/1683 1292/1332/1714 1291/1331/1713
f 1271/1450/1683 1272/1451/1684 1293/1333/1715 1292/1332/1714
f 1272/1451/1684 1273/1452/1685 1294/1334/1716 1293/1333/1715
f 1273/1452/1685 1254/1434/1663 1274/1314/1687 1294/1334/1716
s 55
f 1295/1453/1717 1296/1454/1718 1316/1455/1719 1315/1456/1720
f 1296/1454/1718 1297/1457/1721 1317/1458/1722 1316/1455/1719
f 1297/1457/1721 1298/1459/1723 1318/1460/1724 1317/1458/1722
f 1298/1459/1723 1299/1461/1725 1319/1462/1726 1318/1460/1724
f 1299/1461/1725 1300/1463/1727 1320/1464/1728 1319/1462/1726
f 1300/1463/1727 1301/1465/1729 1321/1466/1730 1320/1464/1728
f 1301/1465/1729 1302/1467/1731 1322/1468/1732 1321/1466/1730
f 1302/1467/1731 1303/1469/1733 1323/1470/1734 1322/1468/1732
f 1303/1469/1733 1304/1471/1735 1324/1472/1736 1323/1470/1734
f 1304/1471/1735 1305/1473/1737 1325/1474/1738 1324/1472/1736
f 1305/1473/1737 1306/1475/1739 1326/1476/1740 1325/1474/1738
f 1306/1475/1739 1307/1477/1741 1327/1478/1742 1326/1476/1740
f 1307/1477/1741 1308/1479/1743 1328/1480/1744 1327/1478/1742
f 1308/1479/1743 1309/1481/1745 1329/1482/1746 1328/1480/1744
f 1309/1481/1745 1310/1483/1747 1330/1484/1748 1329/1482/1746
f 1310/1483/1747 1311/1485/1749 1331/1486/1750 1330/1484/1748
f 1311/1485/1749 1312/1487/1751 1332/1488/1752 1331/1486/1750
f 1312/1487/1751 1313/1489/1753 1333/1490/1754 1332/1488/1752
f 1313/1489/1753 1314/1491/1755 1334/1492/1756 1333/1490/1754
f 1314/1491/1755 1295/1493/1717 1315/1494/1720 1334/1492/1756
s 56
f 1455/1495/1757 1456/1496/1758 1457/1497/1759
f 1456/1496/1758 1458/1498/1760 1457/1497/1759
f 1458/1498/1760 1459/1499/1761 1457/1497/1759
f 1459/1499/1761 1460/1500/1762 1457/1497/1759
f 1460/1500/1762 1461/1501/1763 1457/1497/1759
f 1461/1501/1763 1462/1502/1764 1457/1497/1759
f 1462/1502/1764 1463/1503/1765 1457/1497/1759
f 1463/1503/1765 1464/1504/1766 1457/1497/1759
f 1464/1504/1766 1465/1505/1767 1457/1497/1759
f 1465/1505/1767 1466/1506/1768 1457/1497/1759
f 1466/1506/1768 1467/1507/1769 1457/1497/1759
f 1467/1507/1769 1468/1508/1770 1457/1497/1759
f 1468/1508/1770 1469/1509/1771 1457/1497/1759
f 1469/1509/1771 1470/1510/1772 1457/1497/1759
f 1470/1510/1772 1471/1511/1773 1457/1497/1759
f 1471/1511/1773 1472/1512/1774 1457/1497/1759
f 1472/1512/1774 1473/1513/1775 1457/1497/1759
f 1473/1513/1775 1474/1514/1776 1457/1497/1759
f 1474/1514/1776 1475/1515/1777 1457/1497/1759
f 1475/1515/1777 1455/1495/1757 1457/1497/1759
s 55
f 1315/1516/1720 1316/1517/1719 1336/1518/1778 1335/1519/1779
f 1316/1517/1719 1317/1520/1722 1337/1521/1780 1336/1518/1778
f 1317/1520/1722 1318/1522/1724 1338/1523/1781 1337/1521/1780
f 1318/1522/1724 1319/1524/1726 1339/1525/1782 1338/1523/1781
f 1319/1524/1726 1320/1526/1728 1340/1527/1783 1339/1525/1782
f 1320/1526/1728 1321/1528/1730 1341/1529/1784 1340/1527/1783
f 1321/1528/1730 1322/1530/1732 1342/1531/1785 1341/1529/1784
f 1322/1530/1732 1323/1470/1734 1343/1532/1786 1342/1531/1785
f 1325/1474/1738 1326/1535/1740 1346/1536/1787 1345/1534/1788
f 1326/1535/1740 1327/1537/1742 1347/1538/1789 1346/1536/1787
f 1327/1537/1742 1328/1539/1744 1348/1540/1790 1347/1538/1789
f 1328/1539/1744 1329/1541/1746 1349/1542/1791 1348/1540/1790
f 1329/1541/1746 1330/1543/1748 1350/1544/1792 1349/1542/1791
f 1330/1543/1748 1331/1545/1750 1351/1546/1793 1350/1544/1792
f 1331/1545/1750 1332/1547/1752 1352/1548/1794 1351/1546/1793
f 1332/1547/1752 1333/1549/1754 1353/1550/1795 1352/1548/1794
f 1333/1549/1754 1334/1551/1756 1354/1552/1796 1353/1550/1795
f 1334/1551/1756 1315/1516/1720 1335/1519/1779 1354/1552/1796
f 1335/1519/1779 1336/1518/1778 1356/1553/1797 1355/1554/1798
f 1336/1518/1778 1337/1521/1780 1357/1555/1799 1356/1553/1797
f 1337/1521/1780 1338/1523/1781 1358/1556/1800 1357/1555/1799
f 1338/1523/1781 1339/1525/1782 1359/1557/1801 1358/1556/1800
f 1339/1525/1782 1340/1527/1783 1360/1558/1802 1359/1557/1801
f 1340/1527/1783 1341/1529/1784 1361/1559/1803 1360/1558/1802
f 1341/1529/1784 1342/1531/1785 1362/1560/1804 1361/1559/1803
f 1342/1531/1785 1343/1532/1786 1363/1561/1805 1362/1560/1804
f 1343/1532/1786 1344/1533/1806 1364/1562/1807 1363/1561/1805
f 1344/1533/1806 1345/1534/1788 1365/1563/1808 1364/1562/1807
f 1345/1534/1788 1346/1536/1787 1366/1564/1809 1365/1563/1808
f 1346/1536/1787 1347/1538/1789 1367/1565/1810 1366/1564/1809
f 1347/1538/1789 1348/1540/1790 1368/1566/1811 1367/1565/1810
f 1348/1540/1790 1349/1542/1791 1369/1567/1812 1368/1566/1811
f 1349/1542/1791 1350/1544/1792 1370/1568/1813 1369/1567/1812
f 1350/1544/1792 1351/1546/1814 1371/1569/1815 1370/1568/1813
f 1351/1546/1814 1352/1548/1816 1372/1570/1817 1371/1569/1815
f 1352/1548/1816 1353/1550/1795 1373/1571/1818 1372/1570/1817
f 1353/1550/1795 1354/1552/1796 1374/1572/1819 1373/1571/1818
f 1354/1552/1796 1335/1519/1779 1355/1554/1798 1374/1572/1819
f 1355/1554/1798 1356/1553/1797 1376/1573/1820 1375/1574/1821
f 1356/1553/1797 1357/1555/1799 1377/1575/1822 1376/1573/1820
f 1357/1555/1799 1358/1556/1800 1378/1576/1823 1377/1575/1822
f 1358/1556/1800 1359/1557/1801 1379/1577/1824 1378/1576/1823
f 1360/1558/1802 1361/1559/1803 1381/1579/1825 1380/1578/1826
f 1361/1559/1803 1362/1560/1804 1382/1580/1827 1381/1579/1825
f 1362/1560/1804 1363/1561/1805 1383/1581/1828 1382/1580/1827
f 1363/1561/1805 1364/1562/1807 1384/1582/1829 1383/1581/1828
f 1364/1562/1807 1365/1563/1808 1385/1583/1830 1384/1582/1829
f 1365/1563/1808 1366/1564/1809 1386/1584/1831 1385/1583/1830
f 1366/1564/1809 1367/1565/1810 1387/1585/1832 1386/1584/1831
f 1367/1565/1810 1368/1566/1811 1388/1586/1833 1387/1585/1832
f 1368/1566/1811 1369/1567/1834 1389/1587/1835 1388/1586/1833
f 1369/1567/1834 1370/1568/1813 1390/1588/1836 1389/1587/1835
f 1370/1568/1813 1371/1569/1815 1391/1589/1837 1390/1588/1836
f 1371/1569/1815 1372/1570/1817 1392/1590/1838 1391/1589/1837
f 1372/1570/1817 1373/1571/1818 1393/1591/1839 1392/1590/1838
f 1373/1571/1818 1374/1572/1819 1394/1592/1840 1393/1591/1839
f 1374/1572/1819 1355/1554/1798 1375/1574/1821 1394/1592/1840
s 57
f 1375/1574/1841 1376/1573/1842 1396/1593/1843 1395/1594/1844
f 1376/1573/1845 1377/1575/1846 1397/1595/1847 1396/1593/1843
f 1377/1575/1848 1378/1576/1849 1398/1596/1850 1397/1595/1847
f 1378/1576/1851 1379/1577/1852 1399/1597/1853 1398/1596/1850
f 1379/1577/1854 1380/1578/1855 1400/1598/1856 1399/1597/1853
f 1380/1578/1857 1381/1579/1858 1401/1599/1859 1400/1598/1856
f 1381/1579/1860 1382/1580/1861 1402/1600/1862 1401/1599/1859
f 1382/1580/1863 1383/1581/1864 1403/1601/1865 1402/1600/1862
f 1383/1581/1866 1384/1582/1867 1404/1602/1868 1403/1601/1865
f 1384/1582/1869 1385/1583/1870 1405/1603/1871 1404/1602/1868
f 1385/1583/1872 1386/1584/1873 1406/1604/1874 1405/1603/1871
f 1386/1584/1875 1387/1585/1876 1407/1605/1877 1406/1604/1874
f 1387/1585/1878 1388/1586/1879 1408/1606/1880 1407/1605/1877
f 1388/1586/1881 1389/1587/1882 1409/1607/1883 1408/1606/1880
f 1389/1587/1884 1390/1588/1885 1410/1608/1886 1409/1607/1883
f 1390/1588/1887 1391/1589/1888 1411/1609/1889 1410/1608/1886
f 1391/1589/1890 1392/1590/1891 1412/1610/1892 1411/1609/1889
f 1392/1590/1893 1393/1591/1894 1413/1611/1895 1412/1610/1892
f 1393/1591/1896 1394/1592/1897 1414/1612/1898 1413/1611/1895
f 1394/1592/1899 1375/1574/1900 1395/1594/1844 1414/1612/1898
f 1395/1594/1844 1396/1593/1843 1416/1613/1901 1415/1614/1902
f 1396/1593/1843 1397/1595/1847 1417/1615/1903 1416/1613/1901
f 1397/1595/1847 1398/1596/1850 1418/1616/1904 1417/1615/1903
f 1398/1596/1850 1399/1597/1853 1419/1617/1905 1418/1616/1904
f 1399/1597/1853 1400/1598/1856 1420/1618/1906 1419/1617/1905
f 1400/1598/1856 1401/1599/1859 1421/1619/1907 1420/1618/1906
f 1401/1599/1859 1402/1600/1862 1422/1620/1908 1421/1619/1907
f 1402/1600/1862 1403/1601/1865 1423/1621/1909 1422/1620/1908
f 1403/1601/1865 1404/1602/1868 1424/1622/1910 1423/1621/1909
f 1404/1602/1868 1405/1603/1871 1425/1623/1911 1424/1622/1910
f 1405/1603/1871 1406/1604/1874 1426/1624/1912 1425/1623/1911
f 1406/1604/1874 1407/1605/1877 1427/1625/1913 1426/1624/1912
f 1407/1605/1877 1408/1606/1880 1428/1626/1914 1427/1625/1913
f 1408/1606/1880 1409/1607/1883 1429/1627/1915 1428/1626/1914
f 1409/1607/1883 1410/1608/1886 1430/1628/1916 1429/1627/1915
f 1410/1608/1886 1411/1609/1889 1431/1629/1917 1430/1628/1916
f 1411/1609/1889 1412/1610/1892 1432/1630/1918 1431/1629/1917
f 1412/1610/1892 1413/1611/1895 1433/1631/1919 1432/1630/1918
f 1413/1611/1895 1414/1612/1898 1434/1632/1920 1433/1631/1919
f 1414/1612/1898 1395/1594/1844 1415/1614/1902 1434/1632/1920
f 1415/1614/1902 1416/1613/1901 1436/1633/1921 1435/1634/1922
f 1416/1613/1901 1417/1615/1903 1437/1635/1923 1436/1633/1921
f 1417/1615/1903 1418/1616/1904 1438/1636/1924 1437/1635/1923
f 1418/1616/1904 1419/1617/1925 1439/1637/1926 1438/1636/1924
f 1419/1617/1925 1420/1618/1927 1440/1638/1928 1439/1637/1926
f 1420/1618/1927 1421/1619/1929 1441/1639/1930 1440/1638/1928
f 1421/1619/1929 1422/1620/1908 1442/1640/1931 1441/1639/1930
f 1422/1620/1908 1423/1621/1909 1443/1641/1932 1442/1640/1931
f 1423/1621/1909 1424/1622/1910 1444/1642/1933 1443/1641/1932
f 1424/1622/1910 1425/1623/1911 1445/1643/1934 1444/1642/1933
f 1425/1623/1911 1426/1624/1912 1446/1644/1935 1445/1643/1934
f 1426/1624/1912 1427/1625/1936 1447/1645/1937 1446/1644/1935
f 1427/1625/1936 1428/1626/1938 1448/1646/1939 1447/1645/1937
f 1428/1626/1938 1429/1627/1940 1449/1647/1941 1448/1646/1939
f 1429/1627/1940 1430/1628/1942 1450/1648/1943 1449/1647/1941
f 1430/1628/1942 1431/1629/1944 1451/1649/1945 1450/1648/1943
f 1431/1629/1944 1432/1630/1946 1452/1650/1947 1451/1649/1945
f 1432/1630/1946 1433/1631/1919 1453/1651/1948 1452/1650/1947
f 1433/1631/1919 1434/1632/1920 1454/1652/1949 1453/1651/1948
f 1434/1632/1920 1415/1614/1902 1435/1634/1922 1454/1652/1949
f 1435/1634/1922 1436/1633/1921 1456/1496/1950 1455/1495/1951
f 1436/1633/1921 1437/1635/1923 1458/1498/1952 1456/1496/1950
f 1437/1635/1923 1438/1636/1924 1459/1499/1953 1458/1498/1952
f 1438/1636/1924 1439/1637/1926 1460/1500/1954 1459/1499/1953
f 1439/1637/1926 1440/1638/1928 1461/1501/1955 1460/1500/1954
f 1440/1638/1928 1441/1639/1930 1462/1502/1956 1461/1501/1955
f 1441/1639/1930 1442/1640/1931 1463/1503/1957 1462/1502/1956
f 1442/1640/1931 1443/1641/1932 1464/1504/1958 1463/1503/1957
f 1443/1641/1932 1444/1642/1933 1465/1505/1959 1464/1504/1958
f 1444/1642/1933 1445/1643/1934 1466/1506/1960 1465/1505/1959
f 1445/1643/1934 1446/1644/1935 1467/1507/1961 1466/1506/1960
f 1446/1644/1935 1447/1645/1937 1468/1508/1962 1467/1507/1961
f 1447/1645/1937 1448/1646/1939 1469/1509/1963 1468/1508/1962
f 1448/1646/1939 1449/1647/1941 1470/1510/1964 1469/1509/1963
f 1449/1647/1941 1450/1648/1943 1471/1511/1965 1470/1510/1964
f 1450/1648/1943 1451/1649/1945 1472/1512/1966 1471/1511/1965
f 1451/1649/1945 1452/1650/1947 1473/1513/1967 1472/1512/1966
f 1452/1650/1947 1453/1651/1948 1474/1514/1968 1473/1513/1967
f 1453/1651/1948 1454/1652/1949 1475/1515/1969 1474/1514/1968
f 1454/1652/1949 1435/1634/1922 1455/1495/1951 1475/1515/1969
s 77
f 1476/1653/1970 1477/1654/1971 1497/1655/1972 1496/1656/1973
f 1477/1654/1971 1478/1657/1974 1498/1658/1975 1497/1655/1972
f 1478/1657/1974 1479/1659/1976 1499/1660/1977 1498/1658/1975
f 1479/1659/1976 1480/1661/1978 1500/1662/1979 1499/1660/1977
f 1480/1661/1978 1481/1663/1980 1501/1664/1981 1500/1662/1979
f 1481/1663/1980 1482/1665/1982 1502/1666/1983 1501/1664/1981
f 1482/1665/1982 1483/1667/1984 1503/1668/1985 1502/1666/1983
f 1483/1667/1984 1484/1669/1986 1504/1670/1987 1503/1668/1985
f 1484/1669/1986 1485/1671/1988 1505/1672/1989 1504/1670/1987
f 1485/1671/1988 1486/1673/1990 1506/1674/1991 1505/1672/1989
f 1486/1673/1990 1487/1675/1992 1507/1676/1993 1506/1674/1991
f 1487/1675/1992 1488/1677/1994 1508/1678/1995 1507/1676/1993
f 1488/1677/1994 1489/1679/1996 1509/1680/1997 1508/1678/1995
f 1489/1679/1996 1490/1681/1998 1510/1682/1999 1509/1680/1997
f 1490/1681/1998 1491/1683/2000 1511/1684/2001 1510/1682/1999
f 1491/1683/2000 1492/1685/2002 1512/1686/2003 1511/1684/2001
f 1492/1685/2002 1493/1687/2004 1513/1688/2005 1512/1686/2003
f 1493/1687/2004 1494/1689/2006 1514/1690/2007 1513/1688/2005
f 1494/1689/2006 1495/1691/2008 1515/1692/2009 1514/1690/2007
f 1495/1691/2008 1476/1693/1970 1496/1694/1973 1515/1692/2009
s 78
f 1477/1695/2010 1476/1696/2011 1516/1697/2012
f 1478/1698/2013 1477/1695/2010 1516/1697/2012
f 1479/1699/2014 1478/1698/2013 1516/1697/2012
f 1480/1700/2015 1479/1699/2014 1516/1697/2012
f 1481/1701/2016 1480/1700/2015 1516/1697/2012
f 1482/1702/2017 1481/1701/2016 1516/1697/2012
f 1483/1703/2018 1482/1702/2017 1516/1697/2012
f 1484/1704/2019 1483/1703/2018 1516/1697/2012
f 1485/1705/2020 1484/1704/2019 1516/1697/2012
f 1486/1706/2021 1485/1705/2020 1516/1697/2012
f 1487/1707/2022 1486/1706/2021 1516/1697/2012
f 1488/1708/2023 1487/1707/2022 1516/1697/2012
f 1489/1709/2024 1488/1708/2023 1516/1697/2012
f 1490/1710/2025 1489/1709/2024 1516/1697/2012
f 1491/1711/2026 1490/1710/2025 1516/1697/2012
f 1492/1712/2027 1491/1711/2026 1516/1697/2012
f 1493/1713/2028 1492/1712/2027 1516/1697/2012
f 1494/1714/2029 1493/1713/2028 1516/1697/2012
f 1495/1715/2030 1494/1714/2029 1516/1697/2012
f 1476/1696/2011 1495/1715/2030 1516/1697/2012
s 79
f 1637/1716/2031 1638/1717/2032 1639/1718/2033
f 1638/1717/2032 1640/1719/2034 1639/1718/2033
f 1640/1719/2034 1641/1720/2035 1639/1718/2033
f 1641/1720/2035 1642/1721/2036 1639/1718/2033
f 1642/1721/2036 1643/1722/2037 1639/1718/2033
f 1643/1722/2037 1644/1723/2038 1639/1718/2033
f 1644/1723/2038 1645/1724/2039 1639/1718/2033
f 1645/1724/2039 1646/1725/2040 1639/1718/2033
f 1646/1725/2040 1647/1726/2041 1639/1718/2033
f 1647/1726/2041 1648/1727/2042 1639/1718/2033
f 1648/1727/2042 1649/1728/2043 1639/1718/2033
f 1649/1728/2043 1650/1729/2044 1639/1718/2033
f 1650/1729/2044 1651/1730/2045 1639/1718/2033
f 1651/1730/2045 1652/1731/2046 1639/1718/2033
f 1652/1731/2046 1653/1732/2047 1639/1718/2033
f 1653/1732/2047 1654/1733/2048 1639/1718/2033
f 1654/1733/2048 1655/1734/2049 1639/1718/2033
f 1655/1734/2049 1656/1735/2050 1639/1718/2033
f 1656/1735/2050 1657/1736/2051 1639/1718/2033
f 1657/1736/2051 1637/1716/2031 1639/1718/2033
s 77
f 1496/1737/1973 1497/1738/1972 1518/1739/2052 1517/1740/2053
f 1497/1738/1972 1498/1741/1975 1519/1742/2054 1518/1739/2052
f 1498/1741/1975 1499/1743/1977 1520/1744/2055 1519/1742/2054
f 1499/1743/1977 1500/1745/1979 1521/1746/2056 1520/1744/2055
f 1500/1745/1979 1501/1747/1981 1522/1748/2057 1521/1746/2056
f 1501/1747/1981 1502/1749/1983 1523/1750/2058 1522/1748/2057
f 1502/1749/1983 1503/1751/1985 1524/1752/2059 1523/1750/2058
f 1503/1751/1985 1504/1753/1987 1525/1754/2060 1524/1752/2059
f 1504/1753/1987 1505/1755/1989 1526/1756/2061 1525/1754/2060
f 1505/1755/1989 1506/1757/1991 1527/1758/2062 1526/1756/2061
f 1506/1757/1991 1507/1759/1993 1528/1760/2063 1527/1758/2062
f 1507/1759/1993 1508/1761/1995 1529/1762/2064 1528/1760/2063
f 1508/1761/1995 1509/1763/1997 1530/1764/2065 1529/1762/2064
f 1509/1763/1997 1510/1765/1999 1531/1766/2066 1530/1764/2065
f 1510/1765/1999 1511/1767/2001 1532/1768/2067 1531/1766/2066
f 1511/1767/2001 1512/1769/2003 1533/1770/2068 1532/1768/2067
f 1512/1769/2003 1513/1771/2005 1534/1772/2069 1533/1770/2068
f 1513/1771/2005 1514/1773/2007 1535/1774/2070 1534/1772/2069
f 1514/1773/2007 1515/1775/2009 1536/1776/2071 1535/1774/2070
f 1515/1775/2009 1496/1737/1973 1517/1740/2053 1536/1776/2071
f 1517/1740/2053 1518/1739/2052 1538/1777/2072 1537/1778/2073
f 1518/1739/2052 1519/1742/2054 1539/1779/2074 1538/1777/2072
f 1519/1742/2054 1520/1744/2055 1540/1780/2075 1539/1779/2074
f 1520/1744/2055 1521/1746/2056 1541/1781/2076 1540/1780/2075
f 1521/1746/2056 1522/1748/2057 1542/1782/2077 1541/1781/2076
f 1522/1748/2057 1523/1750/2058 1543/1783/2078 1542/1782/2077
f 1523/1750/2058 1524/1752/2059 1544/1784/2079 1543/1783/2078
f 1524/1752/2059 1525/1754/2060 1545/1785/2080 1544/1784/2079
f 1525/1754/2060 1526/1756/2061 1546/1786/2081 1545/1785/2080
f 1526/1756/2061 1527/1758/2062 1547/1787/2082 1546/1786/2081
f 1527/1758/2062 1528/1760/2063 1548/1788/2083 1547/1787/2082
f 1528/1760/2063 1529/1762/2064 1549/1789/2084 1548/1788/2083
f 1529/1762/2064 1530/1764/2065 1550/1790/2085 1549/1789/2084
f 1530/1764/2065 1531/1766/2066 1551/1791/2086 1550/1790/2085
f 1531/1766/2066 1532/1768/2067 1552/1792/2087 1551/1791/2086
f 1532/1768/2067 1533/1770/2068 1553/1793/2088 1552/1792/2087
f 1533/1770/2068 1534/1772/2069 1554/1794/2089 1553/1793/2088
f 1534/1772/2069 1535/1774/2070 1555/1795/2090 1554/1794/2089
f 1535/1774/2070 1536/1776/2071 1556/1796/2091 1555/1795/2090
f 1536/1776/2071 1517/1740/2053 1537/1778/2073 1556/1796/2091
f 1537/1778/2073 1538/1777/2072 1558/1797/2092 1557/1798/2093
f 1538/1777/2072 1539/1779/2074 1559/1799/2094 1558/1797/2092
f 1539/1779/2074 1540/1780/2075 1560/1800/2095 1559/1799/2094
f 1540/1780/2075 1541/1781/2076 1561/1801/2096 1560/1800/2095
f 1541/1781/2076 1542/1782/2077 1562/1802/2097 1561/1801/2096
f 1542/1782/2077 1543/1783/2078 1563/1803/2098 1562/1802/2097
f 1543/1783/2078 1544/1784/2079 1564/1804/2099 1563/1803/2098
f 1544/1784/2079 1545/1785/2080 1565/1805/2100 1564/1804/2099
f 1545/1785/2080 1546/1786/2081 1566/1806/2101 1565/1805/2100
f 1546/1786/2081 1547/1787/2082 1567/1807/2102 1566/1806/2101
f 1547/1787/2082 1548/1788/2083 1568/1808/2103 1567/1807/2102
f 1548/1788/2083 1549/1789/2084 1569/1809/2104 1568/1808/2103
f 1549/1789/2084 1550/1790/2085 1570/1810/2105 1569/1809/2104
f 1550/1790/2085 1551/1791/2106 1571/1811/2107 1570/1810/2105
f 1551/1791/2106 1552/1792/2087 1572/1812/2108 1571/1811/2107
f 1552/1792/2087 1553/1793/2088 1573/1813/2109 1572/1812/2108
f 1553/1793/2088 1554/1794/2089 1574/1814/2110 1573/1813/2109
f 1554/1794/2089 1555/1795/2090 1575/1815/2111 1574/1814/2110
f 1555/1795/2090 1556/1796/2091 1576/1816/2112 1575/1815/2111
f 1556/1796/2091 1537/1778/2073 1557/1798/2093 1576/1816/2112
f 1557/1798/2093 1558/1797/2092 1578/1817/2113 1577/1818/2114
f 1558/1797/2092 1559/1799/2094 1579/1819/2115 1578/1817/2113
f 1559/1799/2094 1560/1800/2095 1580/1820/2116 1579/1819/2115
f 1560/1800/2095 1561/1801/2096 1581/1821/2117 1580/1820/2116
f 1561/1801/2096 1562/1802/2097 1582/1822/2118 1581/1821/2117
f 1562/1802/2097 1563/1803/2098 1583/1823/2119 1582/1822/2118
f 1563/1803/2098 1564/1804/2099 1584/1824/2120 1583/1823/2119
f 1564/1804/2099 1565/1805/2100 1585/1825/2121 1584/1824/2120
f 1565/1805/2100 1566/1806/2101 1586/1826/2122 1585/1825/2121
f 1566/1806/2101 1567/1807/2102 1587/1827/2123 1586/1826/2122
f 1567/1807/2102 1568/1808/2103 1588/1828/2124 1587/1827/2123
f 1568/1808/2103 1569/1809/2104 1589/1829/2125 1588/1828/2124
f 1569/1809/2104 1570/1810/2105 1590/1830/2126 1589/1829/2125
f 1570/1810/2105 1571/1811/2107 1591/1831/2127 1590/1830/2126
f 1571/1811/2107 1572/1812/2108 1592/1832/2128 1591/1831/2127
f 1572/1812/2108 1573/1813/2109 1593/1833/2129 1592/1832/2128
f 1573/1813/2109 1574/1814/2110 1594/1834/2130 1593/1833/2129
f 1574/1814/2110 1575/1815/2111 1595/1835/2131 1594/1834/2130
f 1575/1815/2111 1576/1816/2112 1596/1836/2132 1595/1835/2131
f 1576/1816/2112 1557/1798/2093 1577/1818/2114 1596/1836/2132
f 1577/1818/2114 1578/1817/2113 1598/1837/2133 1597/1838/2134
f 1578/1817/2113 1579/1819/2115 1599/1839/2135 1598/1837/2133
f 1579/1819/2115 1580/1820/2116 1600/1840/2136 1599/1839/2135
f 1580/1820/2116 1581/1821/2117 1601/1841/2137 1600/1840/2136
f 1581/1821/2117 1582/1822/2118 1602/1842/2138 1601/1841/2137
f 1582/1822/2118 1583/1823/2119 1603/1843/2139 1602/1842/2138
f 1583/1823/2119 1584/1824/2120 1604/1844/2140 1603/1843/2139
f 1584/1824/2120 1585/1825/2121 1605/1845/2141 1604/1844/2140
f 1585/1825/2121 1586/1826/2122 1606/1846/2142 1605/1845/2141
f 1586/1826/2122 1587/1827/2123 1607/1847/2143 1606/1846/2142
f 1587/1827/2123 1588/1828/2124 1608/1848/2144 1607/1847/2143
f 1588/1828/2124 1589/1829/2125 1609/1849/2145 1608/1848/2144
f 1589/1829/2125 1590/1830/2126 1610/1850/2146 1609/1849/2145
f 1590/1830/2126 1591/1831/2127 1611/1851/2147 1610/1850/2146
f 1591/1831/2127 1592/1832/2128 1612/1852/2148 1611/1851/2147
f 1592/1832/2128 1593/1833/2129 1613/1853/2149 1612/1852/2148
f 1593/1833/2129 1594/1834/2130 1614/1854/2150 1613/1853/2149
f 1594/1834/2130 1595/1835/2131 1615/1855/2151 1614/1854/2150
f 1595/1835/2131 1596/1836/2132 1616/1856/2152 1615/1855/2151
f 1596/1836/2132 1577/1818/2114 1597/1838/2134 1616/1856/2152
f 1597/1838/2134 1598/1837/2133 1618/1857/2153 1617/1858/2154
f 1598/1837/2133 1599/1839/2135 1619/1859/2155 1618/1857/2153
f 1599/1839/2135 1600/1840/2136 1620/1860/2156 1619/1859/2155
f 1600/1840/2136 1601/1841/2137 1621/1861/2157 1620/1860/2156
f 1601/1841/2137 1602/1842/2138 1622/1862/2158 1621/1861/2157
f 1602/1842/2138 1603/1843/2139 1623/1863/2159 1622/1862/2158
f 1603/1843/2139 1604/1844/2140 1624/1864/2160 1623/1863/2159
f 1604/1844/2140 1605/1845/2141 1625/1865/2161 1624/1864/2160
f 1605/1845/2141 1606/1846/2142 1626/1866/2162 1625/1865/2161
f 1606/1846/2142 1607/1847/2143 1627/1867/2163 1626/1866/2162
f 1607/1847/2143 1608/1848/2144 1628/1868/2164 1627/1867/2163
f 1608/1848/2144 1609/1849/2145 1629/1869/2165 1628/1868/2164
f 1609/1849/2145 1610/1850/2146 1630/1870/2166 1629/1869/2165
f 1610/1850/2146 1611/1851/2147 1631/1871/2167 1630/1870/2166
f 1611/1851/2147 1612/1852/2148 1632/1872/2168 1631/1871/2167
f 1612/1852/2148 1613/1853/2149 1633/1873/2169 1632/1872/2168
f 1613/1853/2149 1614/1854/2150 1634/1874/2170 1633/1873/2169
f 1614/1854/2150 1615/1855/2151 1635/1875/2171 1634/1874/2170
f 1615/1855/2151 1616/1856/2152 1636/1876/2172 1635/1875/2171
f 1616/1856/2152 1597/1838/2134 1617/1858/2154 1636/1876/2172
f 1617/1858/2154 1618/1857/2153 1638/1717/2173 1637/1716/2174
f 1618/1857/2153 1619/1859/2155 1640/1719/2175 1638/1717/2173
f 1619/1859/2155 1620/1860/2156 1641/1720/2176 1640/1719/2175
f 1620/1860/2156 1621/1861/2157 1642/1721/2177 1641/1720/2176
f 1621/1861/2157 1622/1862/2158 1643/1722/2178 1642/1721/2177
f 1622/1862/2158 1623/1863/2159 1644/1723/2179 1643/1722/2178
f 1623/1863/2159 1624/1864/2160 1645/1724/2180 1644/1723/2179
f 1624/1864/2160 1625/1865/2161 1646/1725/2181 1645/1724/2180
f 1625/1865/2161 1626/1866/2162 1647/1726/2182 1646/1725/2181
f 1626/1866/2162 1627/1867/2163 1648/1727/2183 1647/1726/2182
f 1627/1867/2163 1628/1868/2164 1649/1728/2184 1648/1727/2183
f 1628/1868/2164 1629/1869/2165 1650/1729/2185 1649/1728/2184
f 1629/1869/2165 1630/1870/2166 1651/1730/2186 1650/1729/2185
f 1630/1870/2166 1631/1871/2167 1652/1731/2187 1651/1730/2186
f 1631/1871/2167 1632/1872/2168 1653/1732/2188 1652/1731/2187
f 1632/1872/2168 1633/1873/2169 1654/1733/2189 1653/1732/2188
f 1633/1873/2169 1634/1874/2170 1655/1734/2190 1654/1733/2189
f 1634/1874/2170 1635/1875/2171 1656/1735/2191 1655/1734/2190
f 1635/1875/2171 1636/1876/2172 1657/1736/2192 1656/1735/2191
f 1636/1876/2172 1617/1858/2154 1637/1716/2174 1657/1736/2192
s 80
f 1658/1877/2193 1659/1878/2194 1679/1879/2195 1678/1880/2196
f 1659/1878/2194 1660/1881/2197 1680/1882/2198 1679/1879/2195
f 1660/1881/2197 1661/1883/2199 1681/1884/2200 1680/1882/2198
f 1661/1883/2199 1662/1885/2201 1682/1886/2202 1681/1884/2200
f 1662/1885/2201 1663/1887/2203 1683/1888/2204 1682/1886/2202
f 1663/1887/2203 1664/1889/2205 1684/1890/2206 1683/1888/2204
f 1664/1889/2205 1665/1891/2207 1685/1892/2208 1684/1890/2206
f 1665/1891/2207 1666/1893/2209 1686/1894/2210 1685/1892/2208
f 1666/1893/2209 1667/1895/2211 1687/1896/2212 1686/1894/2210
f 1667/1895/2211 1668/1897/2213 1688/1898/2214 1687/1896/2212
f 1668/1897/2213 1669/1899/2215 1689/1900/2216 1688/1898/2214
f 1669/1899/2215 1670/1901/2217 1690/1902/2218 1689/1900/2216
f 1670/1901/2217 1671/1903/2219 1691/1904/2220 1690/1902/2218
f 1671/1903/2219 1672/1905/2221 1692/1906/2222 1691/1904/2220
f 1672/1905/2221 1673/1907/2223 1693/1908/2224 1692/1906/2222
f 1673/1907/2223 1674/1909/2225 1694/1910/2226 1693/1908/2224
f 1674/1909/2225 1675/1911/2227 1695/1912/2228 1694/1910/2226
f 1675/1911/2227 1676/1913/2229 1696/1914/2230 1695/1912/2228
f 1676/1913/2229 1677/1915/2231 1697/1916/2232 1696/1914/2230
f 1677/1915/2231 1658/1917/2193 1678/1918/2196 1697/1916/2232
s 81
f 1659/1919/2233 1658/1920/2234 1698/1921/2235
f 1660/1922/2236 1659/1919/2233 1698/1921/2235
f 1661/1923/2237 1660/1922/2236 1698/1921/2235
f 1662/1924/2238 1661/1923/2237 1698/1921/2235
f 1663/1925/2239 1662/1924/2238 1698/1921/2235
f 1664/1926/2240 1663/1925/2239 1698/1921/2235
f 1665/1927/2241 1664/1926/2240 1698/1921/2235
f 1666/1928/2242 1665/1927/2241 1698/1921/2235
f 1667/1929/2243 1666/1928/2242 1698/1921/2235
f 1668/1930/2244 1667/1929/2243 1698/1921/2235
f 1669/1931/2245 1668/1930/2244 1698/1921/2235
f 1670/1932/2246 1669/1931/2245 1698/1921/2235
f 1671/1933/2247 1670/1932/2246 1698/1921/2235
f 1672/1934/2248 1671/1933/2247 1698/1921/2235
f 1673/1935/2249 1672/1934/2248 1698/1921/2235
f 1674/1936/2250 1673/1935/2249 1698/1921/2235
f 1675/1937/2251 1674/1936/2250 1698/1921/2235
f 1676/1938/2252 1675/1937/2251 1698/1921/2235
f 1677/1939/2253 1676/1938/2252 1698/1921/2235
f 1658/1920/2234 1677/1939/2253 1698/1921/2235
s 82
f 1819/1940/2254 1820/1941/2255 1821/1942/2256
f 1820/1941/2255 1822/1943/2257 1821/1942/2256
f 1822/1943/2257 1823/1944/2258 1821/1942/2256
f 1823/1944/2258 1824/1945/2259 1821/1942/2256
f 1824/1945/2259 1825/1946/2260 1821/1942/2256
f 1825/1946/2260 1826/1947/2261 1821/1942/2256
f 1826/1947/2261 1827/1948/2262 1821/1942/2256
f 1827/1948/2262 1828/1949/2263 1821/1942/2256
f 1828/1949/2263 1829/1950/2264 1821/1942/2256
f 1829/1950/2264 1830/1951/2265 1821/1942/2256
f 1830/1951/2265 1831/1952/2266 1821/1942/2256
f 1831/1952/2266 1832/1953/2267 1821/1942/2256
f 1832/1953/2267 1833/1954/2268 1821/1942/2256
f 1833/1954/2268 1834/1955/2269 1821/1942/2256
f 1834/1955/2269 1835/1956/2270 1821/1942/2256
f 1835/1956/2270 1836/1957/2271 1821/1942/2256
f 1836/1957/2271 1837/1958/2272 1821/1942/2256
f 1837/1958/2272 1838/1959/2273 1821/1942/2256
f 1838/1959/2273 1839/1960/2274 1821/1942/2256
f 1839/1960/2274 1819/1940/2254 1821/1942/2256
s 80
f 1678/1961/2196 1679/1962/2195 1700/1963/2275 1699/1964/2276
f 1679/1962/2195 1680/1965/2198 1701/1966/2277 1700/1963/2275
f 1680/1965/2198 1681/1967/2200 1702/1968/2278 1701/1966/2277
f 1681/1967/2200 1682/1969/2202 1703/1970/2279 1702/1968/2278
f 1682/1969/2202 1683/1971/2204 1704/1972/2280 1703/1970/2279
f 1683/1971/2204 1684/1973/2206 1705/1974/2281 1704/1972/2280
f 1684/1973/2206 1685/1975/2208 1706/1976/2282 1705/1974/2281
f 1685/1975/2208 1686/1977/2210 1707/1978/2283 1706/1976/2282
f 1686/1977/2210 1687/1979/2212 1708/1980/2284 1707/1978/2283
f 1687/1979/2212 1688/1981/2214 1709/1982/2285 1708/1980/2284
f 1688/1981/2214 1689/1983/2216 1710/1984/2286 1709/1982/2285
f 1689/1983/2216 1690/1985/2218 1711/1986/2287 1710/1984/2286
f 1690/1985/2218 1691/1987/2220 1712/1988/2288 1711/1986/2287
f 1691/1987/2220 1692/1989/2222 1713/1990/2289 1712/1988/2288
f 1692/1989/2222 1693/1991/2224 1714/1992/2290 1713/1990/2289
f 1693/1991/2224 1694/1993/2226 1715/1994/2291 1714/1992/2290
f 1694/1993/2226 1695/1995/2228 1716/1996/2292 1715/1994/2291
f 1695/1995/2228 1696/1997/2230 1717/1998/2293 1716/1996/2292
f 1696/1997/2230 1697/1999/2232 1718/2000/2294 1717/1998/2293
f 1697/1999/2232 1678/1961/2196 1699/1964/2276 1718/2000/2294
f 1699/1964/2276 1700/1963/2275 1720/2001/2295 1719/2002/2296
f 1700/1963/2275 1701/1966/2277 1721/2003/2297 1720/2001/2295
f 1701/1966/2277 1702/1968/2278 1722/2004/2298 1721/2003/2297
f 1702/1968/2278 1703/1970/2279 1723/2005/2299 1722/2004/2298
f 1703/1970/2279 1704/1972/2280 1724/2006/2300 1723/2005/2299
f 1704/1972/2280 1705/1974/2281 1725/2007/2301 1724/2006/2300
f 1705/1974/2281 1706/1976/2282 1726/2008/2302 1725/2007/2301
f 1706/1976/2282 1707/1978/2283 1727/2009/2303 1726/2008/2302
f 1707/1978/2283 1708/1980/2284 1728/2010/2304 1727/2009/2303
f 1708/1980/2284 1709/1982/2285 1729/2011/2305 1728/2010/2304
f 1709/1982/2285 1710/1984/2286 1730/2012/2306 1729/2011/2305
f 1710/1984/2286 1711/1986/2287 1731/2013/2307 1730/2012/2306
f 1711/1986/2287 1712/1988/2288 1732/2014/2308 1731/2013/2307
f 1712/1988/2288 1713/1990/2289 1733/2015/2309 1732/2014/2308
f 1713/1990/2289 1714/1992/2290 1734/2016/2310 1733/2015/2309
f 1714/1992/2290 1715/1994/2291 1735/2017/2311 1734/2016/2310
f 1715/1994/2291 1716/1996/2292 1736/2018/2312 1735/2017/2311
f 1716/1996/2292 1717/1998/2293 1737/2019/2313 1736/2018/2312
f 1717/1998/2293 1718/2000/2294 1738/2020/2314 1737/2019/2313
f 1718/2000/2294 1699/1964/2276 1719/2002/2296 1738/2020/2314
f 1719/2002/2296 1720/2001/2295 1740/2021/2315 1739/2022/2316
f 1720/2001/2295 1721/2003/2297 1741/2023/2317 1740/2021/2315
f 1721/2003/2297 1722/2004/2298 1742/2024/2318 1741/2023/2317
f 1722/2004/2298 1723/2005/2299 1743/2025/2319 1742/2024/2318
f 1723/2005/2299 1724/2006/2300 1744/2026/2320 1743/2025/2319
f 1724/2006/2300 1725/2007/2301 1745/2027/2321 1744/2026/2320
f 1725/2007/2301 1726/2008/2302 1746/2028/2322 1745/2027/2321
f 1726/2008/2302 1727/2009/2303 1747/2029/2323 1746/2028/2322
f 1727/2009/2303 1728/2010/2304 1748/2030/2324 1747/2029/2323
f 1728/2010/2304 1729/2011/2305 1749/2031/2325 1748/2030/2324
f 1729/2011/2305 1730/2012/2306 1750/2032/2326 1749/2031/2325
f 1730/2012/2306 1731/2013/2307 1751/2033/2327 1750/2032/2326
f 1731/2013/2307 1732/2014/2308 1752/2034/2328 1751/2033/2327
f 1732/2014/2308 1733/2015/2329 1753/2035/2330 1752/2034/2328
f 1733/2015/2329 1734/2016/2310 1754/2036/2331 1753/2035/2330
f 1734/2016/2310 1735/2017/2311 1755/2037/2332 1754/2036/2331
f 1735/2017/2311 1736/2018/2312 1756/2038/2333 1755/2037/2332
f 1736/2018/2312 1737/2019/2313 1757/2039/2334 1756/2038/2333
f 1737/2019/2313 1738/2020/2314 1758/2040/2335 1757/2039/2334
f 1738/2020/2314 1719/2002/2296 1739/2022/2316 1758/2040/2335
f 1739/2022/2316 1740/2021/2315 1760/2041/2336 1759/2042/2337
f 1740/2021/2315 1741/2023/2317 1761/2043/2338 1760/2041/2336
f 1741/2023/2317 1742/2024/2318 1762/2044/2339 1761/2043/2338
f 1742/2024/2318 1743/2025/2319 1763/2045/2340 1762/2044/2339
f 1743/2025/2319 1744/2026/2320 1764/2046/2341 1763/2045/2340
f 1744/2026/2320 1745/2027/2321 1765/2047/2342 1764/2046/2341
f 1745/2027/2321 1746/2028/2322 1766/2048/2343 1765/2047/2342
f 1746/2028/2322 1747/2029/2323 1767/2049/2344 1766/2048/2343
f 1747/2029/2323 1748/2030/2324 1768/2050/2345 1767/2049/2344
f 1748/2030/2324 1749/2031/2325 1769/2051/2346 1768/2050/2345
f 1749/2031/2325 1750/2032/2326 1770/2052/2347 1769/2051/2346
f 1750/2032/2326 1751/2033/2327 1771/2053/2348 1770/2052/2347
f 1751/2033/2327 1752/2034/2328 1772/2054/2349 1771/2053/2348
f 1752/2034/2328 1753/2035/2330 1773/2055/2350 1772/2054/2349
f 1753/2035/2330 1754/2036/2331 1774/2056/2351 1773/2055/2350
f 1754/2036/2331 1755/2037/2332 1775/2057/2352 1774/2056/2351
f 1755/2037/2332 1756/2038/2333 1776/2058/2353 1775/2057/2352
f 1756/2038/2333 1757/2039/2334 1777/2059/2354 1776/2058/2353
f 1757/2039/2334 1758/2040/2335 1778/2060/2355 1777/2059/2354
f 1758/2040/2335 1739/2022/2316 1759/2042/2337 1778/2060/2355
f 1759/2042/2337 1760/2041/2336 1780/2061/2356 1779/2062/2357
f 1760/2041/2336 1761/2043/2338 1781/2063/2358 1780/2061/2356
f 1761/2043/2338 1762/2044/2339 1782/2064/2359 1781/2063/2358
f 1762/2044/2339 1763/2045/2340 1783/2065/2360 1782/2064/2359
f 1763/2045/2340 1764/2046/2341 1784/2066/2361 1783/2065/2360
f 1764/2046/2341 1765/2047/2342 1785/2067/2362 1784/2066/2361
f 1765/2047/2342 1766/2048/2343 1786/2068/2363 1785/2067/2362
f 1766/2048/2343 1767/2049/2344 1787/2069/2364 1786/2068/2363
f 1767/2049/2344 1768/2050/2345 1788/2070/2365 1787/2069/2364
f 1768/2050/2345 1769/2051/2346 1789/2071/2366 1788/2070/2365
f 1769/2051/2346 1770/2052/2347 1790/2072/2367 1789/2071/2366
f 1770/2052/2347 1771/2053/2348 1791/2073/2368 1790/2072/2367
f 1771/2053/2348 1772/2054/2349 1792/2074/2369 1791/2073/2368
f 1772/2054/2349 1773/2055/2350 1793/2075/2370 1792/2074/2369
f 1773/2055/2350 1774/2056/2351 1794/2076/2371 1793/2075/2370
f 1774/2056/2351 1775/2057/2352 1795/2077/2372 1794/2076/2371
f 1775/2057/2352 1776/2058/2353 1796/2078/2373 1795/2077/2372
f 1776/2058/2353 1777/2059/2354 1797/2079/2374 1796/2078/2373
f 1777/2059/2354 1778/2060/2355 1798/2080/2375 1797/2079/2374
f 1778/2060/2355 1759/2042/2337 1779/2062/2357 1798/2080/2375
f 1779/2062/2357 1780/2061/2356 1800/2081/2376 1799/2082/2377
f 1780/2061/2356 1781/2063/2358 1801/2083/2378 1800/2081/2376
f 1781/2063/2358 1782/2064/2359 1802/2084/2379 1801/2083/2378
f 1782/2064/2359 1783/2065/2360 1803/2085/2380 1802/2084/2379
f 1783/2065/2360 1784/2066/2361 1804/2086/2381 1803/2085/2380
f 1784/2066/2361 1785/2067/2362 1805/2087/2382 1804/2086/2381
f 1785/2067/2362 1786/2068/2363 1806/2088/2383 1805/2087/2382
f 1786/2068/2363 1787/2069/2364 1807/2089/2384 1806/2088/2383
f 1787/2069/2364 1788/2070/2365 1808/2090/2385 1807/2089/2384
f 1788/2070/2365 1789/2071/2366 1809/2091/2386 1808/2090/2385
f 1789/2071/2366 1790/2072/2367 1810/2092/2387 1809/2091/2386
f 1790/2072/2367 1791/2073/2368 1811/2093/2388 1810/2092/2387
f 1791/2073/2368 1792/2074/2369 1812/2094/2389 1811/2093/2388
f 1792/2074/2369 1793/2075/2370 1813/2095/2390 1812/2094/2389
f 1793/2075/2370 1794/2076/2371 1814/2096/2391 1813/2095/2390
f 1794/2076/2371 1795/2077/2372 1815/2097/2392 1814/2096/2391
f 1795/2077/2372 1796/2078/2373 1816/2098/2393 1815/2097/2392
f 1796/2078/2373 1797/2079/2374 1817/2099/2394 1816/2098/2393
f 1797/2079/2374 1798/2080/2375 1818/2100/2395 1817/2099/2394
f 1798/2080/2375 1779/2062/2357 1799/2082/2377 1818/2100/2395
f 1799/2082/2377 1800/2081/2376 1820/1941/2396 1819/1940/2397
f 1800/2081/2376 1801/2083/2378 1822/1943/2398 1820/1941/2396
f 1801/2083/2378 1802/2084/2379 1823/1944/2399 1822/1943/2398
f 1802/2084/2379 1803/2085/2380 1824/1945/2400 1823/1944/2399
f 1803/2085/2380 1804/2086/2381 1825/1946/2401 1824/1945/2400
f 1804/2086/2381 1805/2087/2382 1826/1947/2402 1825/1946/2401
f 1805/2087/2382 1806/2088/2383 1827/1948/2403 1826/1947/2402
f 1806/2088/2383 1807/2089/2384 1828/1949/2404 1827/1948/2403
f 1807/2089/2384 1808/2090/2385 1829/1950/2405 1828/1949/2404
f 1808/2090/2385 1809/2091/2386 1830/1951/2406 1829/1950/2405
f 1809/2091/2386 1810/2092/2387 1831/1952/2407 1830/1951/2406
f 1810/2092/2387 1811/2093/2388 1832/1953/2408 1831/1952/2407
f 1811/2093/2388 1812/2094/2389 1833/1954/2409 1832/1953/2408
f 1812/2094/2389 1813/2095/2390 1834/1955/2410 1833/1954/2409
f 1813/2095/2390 1814/2096/2391 1835/1956/2411 1834/1955/2410
f 1814/2096/2391 1815/2097/2392 1836/1957/2412 1835/1956/2411
f 1815/2097/2392 1816/2098/2393 1837/1958/2413 1836/1957/2412
f 1816/2098/2393 1817/2099/2394 1838/1959/2414 1837/1958/2413
f 1817/2099/2394 1818/2100/2395 1839/1960/2415 1838/1959/2414
f 1818/2100/2395 1799/2082/2377 1819/1940/2397 1839/1960/2415
s 83
f 1840/2101/2416 1841/2102/2417 1861/2103/2418 1860/2104/2419
f 1841/2102/2417 1842/2105/2420 1862/2106/2421 1861/2103/2418
f 1842/2105/2420 1843/2107/2422 1863/2108/2423 1862/2106/2421
f 1843/2107/2422 1844/2109/2424 1864/2110/2425 1863/2108/2423
f 1844/2109/2424 1845/2111/2426 1865/2112/2427 1864/2110/2425
f 1845/2111/2426 1846/2113/2428 1866/2114/2429 1865/2112/2427
f 1846/2113/2428 1847/2115/2430 1867/2116/2431 1866/2114/2429
f 1847/2115/2430 1848/2117/2432 1868/2118/2433 1867/2116/2431
f 1848/2117/2432 1849/2119/2434 1869/2120/2435 1868/2118/2433
f 1849/2119/2434 1850/2121/2436 1870/2122/2437 1869/2120/2435
f 1850/2121/2436 1851/2123/2438 1871/2124/2439 1870/2122/2437
f 1851/2123/2438 1852/2125/2440 1872/2126/2441 1871/2124/2439
f 1852/2125/2440 1853/2127/2442 1873/2128/2443 1872/2126/2441
f 1853/2127/2442 1854/2129/2444 1874/2130/2445 1873/2128/2443
f 1854/2129/2444 1855/2131/2446 1875/2132/2447 1874/2130/2445
f 1855/2131/2446 1856/2133/2448 1876/2134/2449 1875/2132/2447
f 1856/2133/2448 1857/2135/2450 1877/2136/2451 1876/2134/2449
f 1857/2135/2450 1858/2137/2452 1878/2138/2453 1877/2136/2451
f 1858/2137/2452 1859/2139/2454 1879/2140/2455 1878/2138/2453
f 1859/2139/2454 1840/2141/2416 1860/2142/2419 1879/2140/2455
s 84
f 1841/2143/2456 1840/2144/2457 1880/2145/2458
f 1842/2146/2459 1841/2143/2456 1880/2145/2458
f 1843/2147/2460 1842/2146/2459 1880/2145/2458
f 1844/2148/2461 1843/2147/2460 1880/2145/2458
f 1845/2149/2462 1844/2148/2461 1880/2145/2458
f 1846/2150/2463 1845/2149/2462 1880/2145/2458
f 1847/2151/2464 1846/2150/2463 1880/2145/2458
f 1848/2152/2465 1847/2151/2464 1880/2145/2458
f 1849/2153/2466 1848/2152/2465 1880/2145/2458
f 1850/2154/2467 1849/2153/2466 1880/2145/2458
f 1851/2155/2468 1850/2154/2467 1880/2145/2458
f 1852/2156/2469 1851/2155/2468 1880/2145/2458
f 1853/2157/2470 1852/2156/2469 1880/2145/2458
f 1854/2158/2471 1853/2157/2470 1880/2145/2458
f 1855/2159/2472 1854/2158/2471 1880/2145/2458
f 1856/2160/2473 1855/2159/2472 1880/2145/2458
f 1857/2161/2474 1856/2160/2473 1880/2145/2458
f 1858/2162/2475 1857/2161/2474 1880/2145/2458
f 1859/2163/2476 1858/2162/2475 1880/2145/2458
f 1840/2144/2457 1859/2163/2476 1880/2145/2458
s 85
f 2001/2164/2477 2002/2165/2478 2003/2166/2479
f 2002/2165/2478 2004/2167/2480 2003/2166/2479
f 2004/2167/2480 2005/2168/2481 2003/2166/2479
f 2005/2168/2481 2006/2169/2482 2003/2166/2479
f 2006/2169/2482 2007/2170/2483 2003/2166/2479
f 2007/2170/2483 2008/2171/2484 2003/2166/2479
f 2008/2171/2484 2009/2172/2485 2003/2166/2479
f 2009/2172/2485 2010/2173/2486 2003/2166/2479
f 2010/2173/2486 2011/2174/2487 2003/2166/2479
f 2011/2174/2487 2012/2175/2488 2003/2166/2479
f 2012/2175/2488 2013/2176/2489 2003/2166/2479
f 2013/2176/2489 2014/2177/2490 2003/2166/2479
f 2014/2177/2490 2015/2178/2491 2003/2166/2479
f 2015/2178/2491 2016/2179/2492 2003/2166/2479
f 2016/2179/2492 2017/2180/2493 2003/2166/2479
f 2017/2180/2493 2018/2181/2494 2003/2166/2479
f 2018/2181/2494 2019/2182/2495 2003/2166/2479
f 2019/2182/2495 2020/2183/2496 2003/2166/2479
f 2020/2183/2496 2021/2184/2497 2003/2166/2479
f 2021/2184/2497 2001/2164/2477 2003/2166/2479
s 83
f 1860/2185/2419 1861/2186/2418 1882/2187/2498 1881/2188/2499
f 1861/2186/2418 1862/2189/2421 1883/2190/2500 1882/2187/2498
f 1862/2189/2421 1863/2191/2423 1884/2192/2501 1883/2190/2500
f 1863/2191/2423 1864/2193/2425 1885/2194/2502 1884/2192/2501
f 1864/2193/2425 1865/2195/2427 1886/2196/2503 1885/2194/2502
f 1865/2195/2427 1866/2197/2429 1887/2198/2504 1886/2196/2503
f 1866/2197/2429 1867/2199/2431 1888/2200/2505 1887/2198/2504
f 1867/2199/2431 1868/2201/2433 1889/2202/2506 1888/2200/2505
f 1868/2201/2433 1869/2203/2435 1890/2204/2507 1889/2202/2506
f 1869/2203/2435 1870/2205/2437 1891/2206/2508 1890/2204/2507
f 1870/2205/2437 1871/2207/2439 1892/2208/2509 1891/2206/2508
f 1871/2207/2439 1872/2209/2441 1893/2210/2510 1892/2208/2509
f 1872/2209/2441 1873/2211/2443 1894/2212/2511 1893/2210/2510
f 1873/2211/2443 1874/2213/2445 1895/2214/2512 1894/2212/2511
f 1874/2213/2445 1875/2215/2447 1896/2216/2513 1895/2214/2512
f 1875/2215/2447 1876/2217/2449 1897/2218/2514 1896/2216/2513
f 1876/2217/2449 1877/2219/2451 1898/2220/2515 1897/2218/2514
f 1877/2219/2451 1878/2221/2453 1899/2222/2516 1898/2220/2515
f 1878/2221/2453 1879/2223/2455 1900/2224/2517 1899/2222/2516
f 1879/2223/2455 1860/2185/2419 1881/2188/2499 1900/2224/2517
f 1881/2188/2499 1882/2187/2498 1902/2225/2518 1901/2226/2519
f 1882/2187/2498 1883/2190/2500 1903/2227/2520 1902/2225/2518
f 1883/2190/2500 1884/2192/2501 1904/2228/2521 1903/2227/2520
f 1884/2192/2501 1885/2194/2502 1905/2229/2522 1904/2228/2521
f 1885/2194/2502 1886/2196/2503 1906/2230/2523 1905/2229/2522
f 1886/2196/2503 1887/2198/2504 1907/2231/2524 1906/2230/2523
f 1887/2198/2504 1888/2200/2505 1908/2232/2525 1907/2231/2524
f 1888/2200/2505 1889/2202/2506 1909/2233/2526 1908/2232/2525
f 1889/2202/2506 1890/2204/2507 1910/2234/2527 1909/2233/2526
f 1890/2204/2507 1891/2206/2508 1911/2235/2528 1910/2234/2527
f 1891/2206/2508 1892/2208/2509 1912/2236/2529 1911/2235/2528
f 1892/2208/2509 1893/2210/2510 1913/2237/2530 1912/2236/2529
f 1893/2210/2510 1894/2212/2511 1914/2238/2531 1913/2237/2530
f 1894/2212/2511 1895/2214/2512 1915/2239/2532 1914/2238/2531
f 1895/2214/2512 1896/2216/2513 1916/2240/2533 1915/2239/2532
f 1896/2216/2513 1897/2218/2514 1917/2241/2534 1916/2240/2533
f 1897/2218/2514 1898/2220/2515 1918/2242/2535 1917/2241/2534
f 1898/2220/2515 1899/2222/2516 1919/2243/2536 1918/2242/2535
f 1899/2222/2516 1900/2224/2517 1920/2244/2537 1919/2243/2536
f 1900/2224/2517 1881/2188/2499 1901/2226/2519 1920/2244/2537
f 1901/2226/2519 1902/2225/2518 1922/2245/2538 1921/2246/2539
f 1902/2225/2518 1903/2227/2520 1923/2247/2540 1922/2245/2538
f 1903/2227/2520 1904/2228/2521 1924/2248/2541 1923/2247/2540
f 1904/2228/2521 1905/2229/2522 1925/2249/2542 1924/2248/2541
f 1905/2229/2522 1906/2230/2523 1926/2250/2543 1925/2249/2542
f 1906/2230/2523 1907/2231/2524 1927/2251/2544 1926/2250/2543
f 1907/2231/2524 1908/2232/2525 1928/2252/2545 1927/2251/2544
f 1908/2232/2525 1909/2233/2526 1929/2253/2546 1928/2252/2545
f 1909/2233/2526 1910/2234/2527 1930/2254/2547 1929/2253/2546
f 1910/2234/2527 1911/2235/2528 1931/2255/2548 1930/2254/2547
f 1911/2235/2528 1912/2236/2529 1932/2256/2549 1931/2255/2548
f 1912/2236/2529 1913/2237/2530 1933/2257/2550 1932/2256/2549
f 1913/2237/2530 1914/2238/2531 1934/2258/2551 1933/2257/2550
f 1914/2238/2531 1915/2239/2552 1935/2259/2553 1934/2258/2551
f 1915/2239/2552 1916/2240/2533 1936/2260/2554 1935/2259/2553
f 1916/2240/2533 1917/2241/2534 1937/2261/2555 1936/2260/2554
f 1917/2241/2534 1918/2242/2535 1938/2262/2556 1937/2261/2555
f 1918/2242/2535 1919/2243/2536 1939/2263/2557 1938/2262/2556
f 1919/2243/2536 1920/2244/2537 1940/2264/2558 1939/2263/2557
f 1920/2244/2537 1901/2226/2519 1921/2246/2539 1940/2264/2558
f 1921/2246/2539 1922/2245/2538 1942/2265/2559 1941/2266/2560
f 1922/2245/2538 1923/2247/2540 1943/2267/2561 1942/2265/2559
f 1923/2247/2540 1924/2248/2541 1944/2268/2562 1943/2267/2561
f 1924/2248/2541 1925/2249/2542 1945/2269/2563 1944/2268/2562
f 1925/2249/2542 1926/2250/2543 1946/2270/2564 1945/2269/2563
f 1926/2250/2543 1927/2251/2544 1947/2271/2565 1946/2270/2564
f 1927/2251/2544 1928/2252/2545 1948/2272/2566 1947/2271/2565
f 1928/2252/2545 1929/2253/2546 1949/2273/2567 1948/2272/2566
f 1929/2253/2546 1930/2254/2547 1950/2274/2568 1949/2273/2567
f 1930/2254/2547 1931/2255/2548 1951/2275/2569 1950/2274/2568
f 1931/2255/2548 1932/2256/2549 1952/2276/2570 1951/2275/2569
f 1932/2256/2549 1933/2257/2550 1953/2277/2571 1952/2276/2570
f 1933/2257/2550 1934/2258/2551 1954/2278/2572 1953/2277/2571
f 1934/2258/2551 1935/2259/2553 1955/2279/2573 1954/2278/2572
f 1935/2259/2553 1936/2260/2554 1956/2280/2574 1955/2279/2573
f 1936/2260/2554 1937/2261/2555 1957/2281/2575 1956/2280/2574
f 1937/2261/2555 1938/2262/2556 1958/2282/2576 1957/2281/2575
f 1938/2262/2556 1939/2263/2557 1959/2283/2577 1958/2282/2576
f 1939/2263/2557 1940/2264/2558 1960/2284/2578 1959/2283/2577
f 1940/2264/2558 1921/2246/2539 1941/2266/2560 1960/2284/2578
f 1941/2266/2560 1942/2265/2559 1962/2285/2579 1961/2286/2580
f 1942/2265/2559 1943/2267/2561 1963/2287/2581 1962/2285/2579
f 1943/2267/2561 1944/2268/2562 1964/2288/2582 1963/2287/2581
f 1944/2268/2562 1945/2269/2563 1965/2289/2583 1964/2288/2582
f 1945/2269/2563 1946/2270/2564 1966/2290/2584 1965/2289/2583
f 1946/2270/2564 1947/2271/2565 1967/2291/2585 1966/2290/2584
f 1947/2271/2565 1948/2272/2566 1968/2292/2586 1967/2291/2585
f 1948/2272/2566 1949/2273/2567 1969/2293/2587 1968/2292/2586
f 1949/2273/2567 1950/2274/2568 1970/2294/2588 1969/2293/2587
f 1950/2274/2568 1951/2275/2569 1971/2295/2589 1970/2294/2588
f 1951/2275/2569 1952/2276/2570 1972/2296/2590 1971/2295/2589
f 1952/2276/2570 1953/2277/2571 1973/2297/2591 1972/2296/2590
f 1953/2277/2571 1954/2278/2572 1974/2298/2592 1973/2297/2591
f 1954/2278/2572 1955/2279/2573 1975/2299/2593 1974/2298/2592
f 1955/2279/2573 1956/2280/2574 1976/2300/2594 1975/2299/2593
f 1956/2280/2574 1957/2281/2575 1977/2301/2595 1976/2300/2594
f 1957/2281/2575 1958/2282/2576 1978/2302/2596 1977/2301/2595
f 1958/2282/2576 1959/2283/2577 1979/2303/2597 1978/2302/2596
f 1959/2283/2577 1960/2284/2578 1980/2304/2598 1979/2303/2597
f 1960/2284/2578 1941/2266/2560 1961/2286/2580 1980/2304/2598
f 1961/2286/2580 1962/2285/2579 1982/2305/2599 1981/2306/2600
f 1962/2285/2579 1963/2287/2581 1983/2307/2601 1982/2305/2599
f 1963/2287/2581 1964/2288/2582 1984/2308/2602 1983/2307/2601
f 1964/2288/2582 1965/2289/2583 1985/2309/2603 1984/2308/2602
f 1965/2289/2583 1966/2290/2584 1986/2310/2604 1985/2309/2603
f 1966/2290/2584 1967/2291/2585 1987/2311/2605 1986/2310/2604
f 1967/2291/2585 1968/2292/2586 1988/2312/2606 1987/2311/2605
f 1968/2292/2586 1969/2293/2587 1989/2313/2607 1988/2312/2606
f 1969/2293/2587 1970/2294/2588 1990/2314/2608 1989/2313/2607
f 1970/2294/2588 1971/2295/2589 1991/2315/2609 1990/2314/2608
f 1971/2295/2589 1972/2296/2590 1992/2316/2610 1991/2315/2609
f 1972/2296/2590 1973/2297/2591 1993/2317/2611 1992/2316/2610
f 1973/2297/2591 1974/2298/2592 1994/2318/2612 1993/2317/2611
f 1974/2298/2592 1975/2299/2593 1995/2319/2613 1994/2318/2612
f 1975/2299/2593 1976/2300/2594 1996/2320/2614 1995/2319/2613
f 1976/2300/2594 1977/2301/2595 1997/2321/2615 1996/2320/2614
f 1977/2301/2595 1978/2302/2596 1998/2322/2616 1997/2321/2615
f 1978/2302/2596 1979/2303/2597 1999/2323/2617 1998/2322/2616
f 1979/2303/2597 1980/2304/2598 2000/2324/2618 1999/2323/2617
f 1980/2304/2598 1961/2286/2580 1981/2306/2600 2000/2324/2618
f 1981/2306/2600 1982/2305/2599 2002/2165/2619 2001/2164/2620
f 1982/2305/2599 1983/2307/2601 2004/2167/2621 2002/2165/2619
f 1983/2307/2601 1984/2308/2602 2005/2168/2622 2004/2167/2621
f 1984/2308/2602 1985/2309/2603 2006/2169/2623 2005/2168/2622
f 1985/2309/2603 1986/2310/2604 2007/2170/2624 2006/2169/2623
f 1986/2310/2604 1987/2311/2605 2008/2171/2625 2007/2170/2624
f 1987/2311/2605 1988/2312/2606 2009/2172/2626 2008/2171/2625
f 1988/2312/2606 1989/2313/2607 2010/2173/2627 2009/2172/2626
f 1989/2313/2607 1990/2314/2608 2011/2174/2628 2010/2173/2627
f 1990/2314/2608 1991/2315/2609 2012/2175/2629 2011/2174/2628
f 1991/2315/2609 1992/2316/2610 2013/2176/2630 2012/2175/2629
f 1992/2316/2610 1993/2317/2611 2014/2177/2631 2013/2176/2630
f 1993/2317/2611 1994/2318/2612 2015/2178/2632 2014/2177/2631
f 1994/2318/2612 1995/2319/2613 2016/2179/2633 2015/2178/2632
f 1995/2319/2613 1996/2320/2614 2017/2180/2634 2016/2179/2633
f 1996/2320/2614 1997/2321/2615 2018/2181/2635 2017/2180/2634
f 1997/2321/2615 1998/2322/2616 2019/2182/2636 2018/2181/2635
f 1998/2322/2616 1999/2323/2617 2020/2183/2637 2019/2182/2636
f 1999/2323/2617 2000/2324/2618 2021/2184/2638 2020/2183/2637
f 2000/2324/2618 1981/2306/2600 2001/2164/2620 2021/2184/2638
s 10
f 2023/2327/2639 2022/2325/2640 530/610/679 549/609/717
f 2024/2328/2641 2023/2327/2639 549/609/717 548/608/715
f 244/2329/2642 2024/2328/2641 548/608/715 547/607/713
f 2025/2330/2643 244/2329/2642 547/607/713 546/606/711
f 245/2331/2644 2025/2330/2643 546/606/711 545/605/709
f 2026/2332/2645 245/2331/2644 545/605/709 544/604/707
f 2027/2333/657 2026/2332/2645 544/604/707 543/603/705
f 2028/2334/655 2027/2333/657 543/603/705 542/601/703
f 2029/2335/653 2028/2334/655 542/601/703 541/599/701
f 2030/2336/651 2029/2335/653 541/599/701 540/597/699
f 2031/2337/649 2030/2336/651 540/597/699 539/595/697
f 2032/2338/646 2031/2337/649 539/595/697 538/593/695
f 2033/2339/647 2032/2338/646 538/593/695 537/591/693
f 2034/2340/2646 2033/2339/647 537/591/693 536/589/691
f 2035/2341/2647 2034/2340/2646 536/589/691 535/588/689
f 2036/2342/2648 2035/2341/2647 535/588/689 534/587/687
f 2037/2343/2649 2036/2342/2648 534/587/687 533/586/685
f 2038/2344/2650 2037/2343/2649 533/586/685 532/585/683
f 2039/2345/2651 2038/2344/2650 532/585/683 531/583/680
f 2022/2326/2640 2039/2345/2651 531/583/680 530/584/679
s 41
f 2041/2347/1002 2040/2346/977 726/825/1025 745/823/1063
f 2042/2348/1003 2041/2347/1002 745/823/1063 744/821/1061
f 2043/2349/2652 2042/2348/1003 744/821/1061 743/819/1059
f 2045/2351/2653 2044/2350/2654 740/818/1053 739/817/1051
f 2046/2352/999 2045/2351/2653 739/817/1051 738/816/1049
f 2047/2353/997 2046/2352/999 738/816/1049 737/814/1047
f 2048/2354/995 2047/2353/997 737/814/1047 736/812/1045
f 2049/2355/993 2048/2354/995 736/812/1045 735/810/1043
f 2050/2356/990 2049/2355/993 735/810/1043 734/808/1041
f 2051/2357/991 2050/2356/990 734/808/1041 733/806/1039
f 2052/2358/987 2051/2357/991 733/806/1039 732/804/1037
f 2053/2359/985 2052/2358/987 732/804/1037 731/802/1035
f 2054/2360/983 2053/2359/985 731/802/1035 730/800/1033
f 2055/2361/981 2054/2360/983 730/800/1033 729/798/1031
f 2056/2362/979 2055/2361/981 729/798/1031 728/796/1029
f 2057/2363/976 2056/2362/979 728/796/1029 727/794/1026
s 1
f 2060/2366/297 2059/2365/296 243/269/2655 244/270/2656
f 2061/2367/298 2060/2366/297 244/270/2656 245/271/315
f 2062/2368/299 2061/2367/298 245/271/315 246/272/314
f 2063/2369/300 2062/2368/299 246/272/314 247/273/318
f 2064/2370/301 2063/2369/300 247/273/318 248/274/321
f 2065/2371/302 2064/2370/301 248/274/321 249/275/323
f 2066/2372/303 2065/2371/302 249/275/323 250/276/325
f 2067/2373/304 2066/2372/303 250/276/325 251/277/327
f 2068/2374/305 2067/2373/304 251/277/327 252/278/329
f 2069/2375/306 2068/2374/305 252/278/329 253/279/331
f 2070/2376/287 2069/2375/306 253/279/331 238/265/308
f 2071/2377/288 2070/2376/287 238/265/308 239/264/307
s off
f 1124/1249/2657 1135/1037/2658 1136/1038/2659 1125/1251/2660
f 1324/1472/2661 1325/1474/2662 1345/1534/2663 1344/1533/2664
f 1323/1470/2665 1324/1472/2666 1344/1533/2667 1343/1532/2668
s 50
f 2072/2378/2669 1141/1297/1507 1155/1298/1510 1172/1296/1600
f 2073/2379/2670 2072/2378/2669 1172/1296/1600 1171/1295/1598
f 1170/1294/1540 2073/2379/2670 1171/1295/1598
f 1153/1290/1531 2081/2389/2671 2074/2380/1533 1168/1292/1536 1167/1291/1532
s off
f 727/794/2672 726/825/2673 2040/2346/2674 2057/2363/2675
s 46
f 934/1066/1270 2083/2392/2676 2082/2391/2677 948/1092/1298 947/1090/1283
f 922/1065/1223 2084/2393/2678 2083/2392/2676 934/1066/1270
f 2082/2391/2677 2085/2394/2679 949/1093/1300 948/1092/1298
f 2088/2397/2680 2086/2395/1302 969/1113/1305 968/1112/2681
f 2089/2398/2682 2088/2397/2680 968/1112/2681 967/1111/1324
f 2090/2399/2683 2089/2398/2682 967/1111/1324 966/1110/1322
f 2091/2400/2684 2090/2399/2683 966/1110/1322 965/1109/1320
f 949/1093/1300 2092/2401/2685 2091/2400/2684 965/1109/1320 964/1108/1301
s 7
f 276/563/352 275/562/350 2100/2409/2686 508/564/625
f 275/562/350 274/561/348 2101/2410/2687 2100/2409/2686
s 1
f 2103/2413/317 2026/2412/316 2102/2411/2688 259/285/319
s 7
f 285/329/370 286/331/2689 2105/2415/373 2104/2414/371
f 286/331/2689 267/333/2690 2106/2416/333 2105/2415/373
f 267/293/2690 268/294/2691 2107/2418/334 2106/2417/333
f 268/294/2691 269/297/2692 2108/2419/337 2107/2418/334
f 269/297/2692 270/299/2693 2109/2420/339 2108/2419/337
f 270/299/2693 271/301/2694 2110/2421/341 2109/2420/339
f 271/301/2694 272/303/2695 2111/2422/343 2110/2421/341
f 272/303/2695 273/305/2696 2112/2423/345 2111/2422/343
f 273/305/2696 2113/2424/347 2112/2423/345
s off
f 252/278/2697 265/291/2698 266/292/2699 253/279/2700
f 514/576/2701 520/337/2702 521/338/2703 515/578/2704
f 1126/1253/2705 1137/1039/2706 1138/1040/2707 1127/1255/2708
f 1379/1577/2709 1359/1557/2710 1360/1558/2711 1380/1578/2712
s 86
f 2114/2425/2713 2115/2426/2714 2135/2427/2715 2134/2428/2716
f 2115/2426/2714 2116/2429/2717 2136/2430/2718 2135/2427/2715
f 2116/2429/2717 2117/2431/2719 2137/2432/2720 2136/2430/2718
f 2117/2431/2719 2118/2433/2721 2138/2434/2722 2137/2432/2720
f 2118/2433/2721 2119/2435/2723 2139/2436/2724 2138/2434/2722
f 2119/2435/2723 2120/2437/2725 2140/2438/2726 2139/2436/2724
f 2120/2437/2725 2121/2439/2727 2141/2440/2728 2140/2438/2726
f 2121/2439/2727 2122/2441/2729 2142/2442/2730 2141/2440/2728
f 2122/2441/2729 2123/2443/2731 2143/2444/2732 2142/2442/2730
f 2123/2443/2731 2124/2445/2733 2144/2446/2734 2143/2444/2732
f 2124/2445/2733 2125/2447/2735 2145/2448/2736 2144/2446/2734
f 2125/2447/2735 2126/2449/2737 2146/2450/2738 2145/2448/2736
f 2126/2449/2737 2127/2451/2739 2147/2452/2740 2146/2450/2738
f 2127/2451/2739 2128/2453/2741 2148/2454/2742 2147/2452/2740
f 2128/2453/2741 2129/2455/2743 2149/2456/2744 2148/2454/2742
f 2129/2455/2743 2130/2457/2745 2150/2458/2746 2149/2456/2744
f 2130/2457/2745 2131/2459/2747 2151/2460/2748 2150/2458/2746
f 2131/2459/2747 2132/2461/2749 2152/2462/2750 2151/2460/2748
f 2132/2461/2749 2133/2463/2751 2153/2464/2752 2152/2462/2750
f 2133/2463/2751 2114/2465/2713 2134/2466/2716 2153/2464/2752
s 87
f 2115/2467/2753 2114/2468/2754 2154/2469/2755
f 2116/2470/2756 2115/2467/2753 2154/2469/2755
f 2117/2471/2757 2116/2470/2756 2154/2469/2755
f 2118/2472/2758 2117/2471/2757 2154/2469/2755
f 2119/2473/2759 2118/2472/2758 2154/2469/2755
f 2120/2474/2760 2119/2473/2759 2154/2469/2755
f 2121/2475/2761 2120/2474/2760 2154/2469/2755
f 2122/2476/2762 2121/2475/2761 2154/2469/2755
f 2123/2477/2763 2122/2476/2762 2154/2469/2755
f 2124/2478/2764 2123/2477/2763 2154/2469/2755
f 2125/2479/2765 2124/2478/2764 2154/2469/2755
f 2126/2480/2766 2125/2479/2765 2154/2469/2755
f 2127/2481/2767 2126/2480/2766 2154/2469/2755
f 2128/2482/2768 2127/2481/2767 2154/2469/2755
f 2129/2483/2769 2128/2482/2768 2154/2469/2755
f 2130/2484/2770 2129/2483/2769 2154/2469/2755
f 2131/2485/2771 2130/2484/2770 2154/2469/2755
f 2132/2486/2772 2131/2485/2771 2154/2469/2755
f 2133/2487/2773 2132/2486/2772 2154/2469/2755
f 2114/2468/2754 2133/2487/2773 2154/2469/2755
s 88
f 2295/2488/2774 2296/2489/2775 2297/2490/2776
f 2296/2489/2775 2298/2491/2777 2297/2490/2776
f 2298/2491/2777 2299/2492/2778 2297/2490/2776
f 2299/2492/2778 2300/2493/2779 2297/2490/2776
f 2300/2493/2779 2301/2494/2780 2297/2490/2776
f 2301/2494/2780 2302/2495/2781 2297/2490/2776
f 2302/2495/2781 2303/2496/2782 2297/2490/2776
f 2303/2496/2782 2304/2497/2783 2297/2490/2776
f 2304/2497/2783 2305/2498/2784 2297/2490/2776
f 2305/2498/2784 2306/2499/2785 2297/2490/2776
f 2306/2499/2785 2307/2500/2786 2297/2490/2776
f 2307/2500/2786 2308/2501/2787 2297/2490/2776
f 2308/2501/2787 2309/2502/2788 2297/2490/2776
f 2309/2502/2788 2310/2503/2789 2297/2490/2776
f 2310/2503/2789 2311/2504/2790 2297/2490/2776
f 2311/2504/2790 2312/2505/2791 2297/2490/2776
f 2312/2505/2791 2313/2506/2792 2297/2490/2776
f 2313/2506/2792 2314/2507/2793 2297/2490/2776
f 2314/2507/2793 2315/2508/2794 2297/2490/2776
f 2315/2508/2794 2295/2488/2774 2297/2490/2776
s 86
f 2134/2509/2716 2135/2510/2715 2156/2511/2795 2155/2512/2796
f 2135/2510/2715 2136/2513/2718 2157/2514/2797 2156/2511/2795
f 2136/2513/2718 2137/2515/2720 2158/2516/2798 2157/2514/2797
f 2137/2515/2720 2138/2517/2722 2159/2518/2799 2158/2516/2798
f 2138/2517/2722 2139/2519/2724 2160/2520/2800 2159/2518/2799
f 2139/2519/2724 2140/2521/2726 2161/2522/2801 2160/2520/2800
f 2140/2521/2726 2141/2523/2728 2162/2524/2802 2161/2522/2801
f 2141/2523/2728 2142/2525/2730 2163/2526/2803 2162/2524/2802
f 2142/2525/2730 2143/2527/2732 2164/2528/2804 2163/2526/2803
f 2143/2527/2732 2144/2529/2734 2165/2530/2805 2164/2528/2804
f 2144/2529/2734 2145/2531/2736 2166/2532/2806 2165/2530/2805
f 2145/2531/2736 2146/2533/2738 2167/2534/2807 2166/2532/2806
f 2146/2533/2738 2147/2535/2740 2168/2536/2808 2167/2534/2807
f 2147/2535/2740 2148/2537/2742 2169/2538/2809 2168/2536/2808
f 2148/2537/2742 2149/2539/2744 2170/2540/2810 2169/2538/2809
f 2149/2539/2744 2150/2541/2746 2171/2542/2811 2170/2540/2810
f 2150/2541/2746 2151/2543/2748 2172/2544/2812 2171/2542/2811
f 2151/2543/2748 2152/2545/2750 2173/2546/2813 2172/2544/2812
f 2152/2545/2750 2153/2547/2752 2174/2548/2814 2173/2546/2813
f 2153/2547/2752 2134/2509/2716 2155/2512/2796 2174/2548/2814
f 2155/2512/2796 2156/2511/2795 2176/2549/2815 2175/2550/2816
f 2156/2511/2795 2157/2514/2797 2177/2551/2817 2176/2549/2815
f 2157/2514/2797 2158/2516/2798 2178/2552/2818 2177/2551/2817
f 2158/2516/2798 2159/2518/2799 2179/2553/2819 2178/2552/2818
f 2159/2518/2799 2160/2520/2800 2180/2554/2820 2179/2553/2819
f 2160/2520/2800 2161/2522/2801 2181/2555/2821 2180/2554/2820
f 2161/2522/2801 2162/2524/2802 2182/2556/2822 2181/2555/2821
f 2162/2524/2802 2163/2526/2803 2183/2557/2823 2182/2556/2822
f 2163/2526/2803 2164/2528/2804 2184/2558/2824 2183/2557/2823
f 2164/2528/2804 2165/2530/2805 2185/2559/2825 2184/2558/2824
f 2165/2530/2805 2166/2532/2806 2186/2560/2826 2185/2559/2825
f 2166/2532/2806 2167/2534/2807 2187/2561/2827 2186/2560/2826
f 2167/2534/2807 2168/2536/2808 2188/2562/2828 2187/2561/2827
f 2168/2536/2808 2169/2538/2809 2189/2563/2829 2188/2562/2828
f 2169/2538/2809 2170/2540/2810 2190/2564/2830 2189/2563/2829
f 2170/2540/2810 2171/2542/2811 2191/2565/2831 2190/2564/2830
f 2171/2542/2811 2172/2544/2812 2192/2566/2832 2191/2565/2831
f 2172/2544/2812 2173/2546/2813 2193/2567/2833 2192/2566/2832
f 2173/2546/2813 2174/2548/2814 2194/2568/2834 2193/2567/2833
f 2174/2548/2814 2155/2512/2796 2175/2550/2816 2194/2568/2834
f 2175/2550/2816 2176/2549/2815 2196/2569/2835 2195/2570/2836
f 2176/2549/2815 2177/2551/2817 2197/2571/2837 2196/2569/2835
f 2177/2551/2817 2178/2552/2818 2198/2572/2838 2197/2571/2837
f 2178/2552/2818 2179/2553/2819 2199/2573/2839 2198/2572/2838
f 2179/2553/2819 2180/2554/2820 2200/2574/2840 2199/2573/2839
f 2180/2554/2820 2181/2555/2821 2201/2575/2841 2200/2574/2840
f 2181/2555/2821 2182/2556/2822 2202/2576/2842 2201/2575/2841
f 2182/2556/2822 2183/2557/2823 2203/2577/2843 2202/2576/2842
f 2183/2557/2823 2184/2558/2824 2204/2578/2844 2203/2577/2843
f 2184/2558/2824 2185/2559/2825 2205/2579/2845 2204/2578/2844
f 2185/2559/2825 2186/2560/2826 2206/2580/2846 2205/2579/2845
f 2186/2560/2826 2187/2561/2827 2207/2581/2847 2206/2580/2846
f 2187/2561/2827 2188/2562/2828 2208/2582/2848 2207/2581/2847
f 2188/2562/2828 2189/2563/2829 2209/2583/2849 2208/2582/2848
f 2189/2563/2829 2190/2564/2830 2210/2584/2850 2209/2583/2849
f 2190/2564/2830 2191/2565/2831 2211/2585/2851 2210/2584/2850
f 2191/2565/2831 2192/2566/2832 2212/2586/2852 2211/2585/2851
f 2192/2566/2832 2193/2567/2833 2213/2587/2853 2212/2586/2852
f 2193/2567/2833 2194/2568/2834 2214/2588/2854 2213/2587/2853
f 2194/2568/2834 2175/2550/2816 2195/2570/2836 2214/2588/2854
f 2195/2570/2836 2196/2569/2835 2216/2589/2855 2215/2590/2856
f 2196/2569/2835 2197/2571/2837 2217/2591/2857 2216/2589/2855
f 2197/2571/2837 2198/2572/2838 2218/2592/2858 2217/2591/2857
f 2198/2572/2838 2199/2573/2839 2219/2593/2859 2218/2592/2858
f 2199/2573/2839 2200/2574/2840 2220/2594/2860 2219/2593/2859
f 2200/2574/2840 2201/2575/2841 2221/2595/2861 2220/2594/2860
f 2201/2575/2841 2202/2576/2842 2222/2596/2862 2221/2595/2861
f 2202/2576/2842 2203/2577/2843 2223/2597/2863 2222/2596/2862
f 2203/2577/2843 2204/2578/2844 2224/2598/2864 2223/2597/2863
f 2204/2578/2844 2205/2579/2845 2225/2599/2865 2224/2598/2864
f 2205/2579/2845 2206/2580/2846 2226/2600/2866 2225/2599/2865
f 2206/2580/2846 2207/2581/2847 2227/2601/2867 2226/2600/2866
f 2207/2581/2847 2208/2582/2868 2228/2602/2869 2227/2601/2867
f 2208/2582/2868 2209/2583/2870 2229/2603/2871 2228/2602/2869
f 2209/2583/2870 2210/2584/2872 2230/2604/2873 2229/2603/2871
f 2210/2584/2872 2211/2585/2851 2231/2605/2874 2230/2604/2873
f 2211/2585/2851 2212/2586/2852 2232/2606/2875 2231/2605/2874
f 2212/2586/2852 2213/2587/2853 2233/2607/2876 2232/2606/2875
f 2213/2587/2853 2214/2588/2854 2234/2608/2877 2233/2607/2876
f 2214/2588/2854 2195/2570/2836 2215/2590/2856 2234/2608/2877
f 2215/2590/2856 2216/2589/2855 2236/2609/2878 2235/2610/2879
f 2216/2589/2855 2217/2591/2857 2237/2611/2880 2236/2609/2878
f 2217/2591/2857 2218/2592/2858 2238/2612/2881 2237/2611/2880
f 2218/2592/2858 2219/2593/2859 2239/2613/2882 2238/2612/2881
f 2219/2593/2859 2220/2594/2860 2240/2614/2883 2239/2613/2882
f 2220/2594/2860 2221/2595/2861 2241/2615/2884 2240/2614/2883
f 2221/2595/2861 2222/2596/2862 2242/2616/2885 2241/2615/2884
f 2222/2596/2862 2223/2597/2863 2243/2617/2886 2242/2616/2885
f 2223/2597/2863 2224/2598/2864 2244/2618/2887 2243/2617/2886
f 2224/2598/2864 2225/2599/2865 2245/2619/2888 2244/2618/2887
f 2225/2599/2865 2226/2600/2866 2246/2620/2889 2245/2619/2888
f 2226/2600/2866 2227/2601/2867 2247/2621/2890 2246/2620/2889
f 2227/2601/2867 2228/2602/2869 2248/2622/2891 2247/2621/2890
f 2228/2602/2869 2229/2603/2871 2249/2623/2892 2248/2622/2891
f 2229/2603/2871 2230/2604/2873 2250/2624/2893 2249/2623/2892
f 2230/2604/2873 2231/2605/2874 2251/2625/2894 2250/2624/2893
f 2231/2605/2874 2232/2606/2875 2252/2626/2895 2251/2625/2894
f 2232/2606/2875 2233/2607/2876 2253/2627/2896 2252/2626/2895
f 2233/2607/2876 2234/2608/2877 2254/2628/2897 2253/2627/2896
f 2234/2608/2877 2215/2590/2856 2235/2610/2879 2254/2628/2897
f 2235/2610/2879 2236/2609/2878 2256/2629/2898 2255/2630/2899
f 2236/2609/2878 2237/2611/2880 2257/2631/2900 2256/2629/2898
f 2237/2611/2880 2238/2612/2881 2258/2632/2901 2257/2631/2900
f 2238/2612/2881 2239/2613/2882 2259/2633/2902 2258/2632/2901
f 2239/2613/2882 2240/2614/2883 2260/2634/2903 2259/2633/2902
f 2240/2614/2883 2241/2615/2884 2261/2635/2904 2260/2634/2903
f 2241/2615/2884 2242/2616/2885 2262/2636/2905 2261/2635/2904
f 2242/2616/2885 2243/2617/2886 2263/2637/2906 2262/2636/2905
f 2243/2617/2886 2244/2618/2887 2264/2638/2907 2263/2637/2906
f 2244/2618/2887 2245/2619/2888 2265/2639/2908 2264/2638/2907
f 2245/2619/2888 2246/2620/2889 2266/2640/2909 2265/2639/2908
f 2246/2620/2889 2247/2621/2890 2267/2641/2910 2266/2640/2909
f 2247/2621/2890 2248/2622/2891 2268/2642/2911 2267/2641/2910
f 2248/2622/2891 2249/2623/2892 2269/2643/2912 2268/2642/2911
f 2249/2623/2892 2250/2624/2893 2270/2644/2913 2269/2643/2912
f 2250/2624/2893 2251/2625/2894 2271/2645/2914 2270/2644/2913
f 2251/2625/2894 2252/2626/2895 2272/2646/2915 2271/2645/2914
f 2252/2626/2895 2253/2627/2896 2273/2647/2916 2272/2646/2915
f 2253/2627/2896 2254/2628/2897 2274/2648/2917 2273/2647/2916
f 2254/2628/2897 2235/2610/2879 2255/2630/2899 2274/2648/2917
f 2255/2630/2899 2256/2629/2898 2276/2649/2918 2275/2650/2919
f 2256/2629/2898 2257/2631/2900 2277/2651/2920 2276/2649/2918
f 2257/2631/2900 2258/2632/2901 2278/2652/2921 2277/2651/2920
f 2258/2632/2901 2259/2633/2902 2279/2653/2922 2278/2652/2921
f 2259/2633/2902 2260/2634/2903 2280/2654/2923 2279/2653/2922
f 2260/2634/2903 2261/2635/2904 2281/2655/2924 2280/2654/2923
f 2261/2635/2904 2262/2636/2905 2282/2656/2925 2281/2655/2924
f 2262/2636/2905 2263/2637/2906 2283/2657/2926 2282/2656/2925
f 2263/2637/2906 2264/2638/2907 2284/2658/2927 2283/2657/2926
f 2264/2638/2907 2265/2639/2908 2285/2659/2928 2284/2658/2927
f 2265/2639/2908 2266/2640/2909 2286/2660/2929 2285/2659/2928
f 2266/2640/2909 2267/2641/2910 2287/2661/2930 2286/2660/2929
f 2267/2641/2910 2268/2642/2911 2288/2662/2931 2287/2661/2930
f 2268/2642/2911 2269/2643/2912 2289/2663/2932 2288/2662/2931
f 2269/2643/2912 2270/2644/2913 2290/2664/2933 2289/2663/2932
f 2270/2644/2913 2271/2645/2914 2291/2665/2934 2290/2664/2933
f 2271/2645/2914 2272/2646/2915 2292/2666/2935 2291/2665/2934
f 2272/2646/2915 2273/2647/2916 2293/2667/2936 2292/2666/2935
f 2273/2647/2916 2274/2648/2917 2294/2668/2937 2293/2667/2936
f 2274/2648/2917 2255/2630/2899 2275/2650/2919 2294/2668/2937
f 2275/2650/2919 2276/2649/2918 2296/2489/2938 2295/2488/2939
f 2276/2649/2918 2277/2651/2920 2298/2491/2940 2296/2489/2938
f 2277/2651/2920 2278/2652/2941 2299/2492/2942 2298/2491/2940
f 2278/2652/2941 2279/2653/2943 2300/2493/2944 2299/2492/2942
f 2279/2653/2943 2280/2654/2945 2301/2494/2946 2300/2493/2944
f 2280/2654/2945 2281/2655/2947 2302/2495/2948 2301/2494/2946
f 2281/2655/2947 2282/2656/2925 2303/2496/2949 2302/2495/2948
f 2282/2656/2925 2283/2657/2926 2304/2497/2950 2303/2496/2949
f 2283/2657/2926 2284/2658/2927 2305/2498/2951 2304/2497/2950
f 2284/2658/2927 2285/2659/2928 2306/2499/2952 2305/2498/2951
f 2285/2659/2928 2286/2660/2929 2307/2500/2953 2306/2499/2952
f 2286/2660/2929 2287/2661/2954 2308/2501/2955 2307/2500/2953
f 2287/2661/2954 2288/2662/2956 2309/2502/2957 2308/2501/2955
f 2288/2662/2956 2289/2663/2958 2310/2503/2959 2309/2502/2957
f 2289/2663/2958 2290/2664/2960 2311/2504/2961 2310/2503/2959
f 2290/2664/2960 2291/2665/2962 2312/2505/2963 2311/2504/2961
f 2291/2665/2962 2292/2666/2964 2313/2506/2965 2312/2505/2963
f 2292/2666/2964 2293/2667/2936 2314/2507/2966 2313/2506/2965
f 2293/2667/2936 2294/2668/2937 2315/2508/2967 2314/2507/2966
f 2294/2668/2937 2275/2650/2919 2295/2488/2939 2315/2508/2967
s 89
f 2316/2669/2968 2317/2670/2969 2337/2671/2970 2336/2672/2971
f 2317/2670/2969 2318/2673/2972 2338/2674/2973 2337/2671/2970
f 2318/2673/2972 2319/2675/2974 2339/2676/2975 2338/2674/2973
f 2319/2675/2974 2320/2677/2976 2340/2678/2977 2339/2676/2975
f 2320/2677/2976 2321/2679/2978 2341/2680/2979 2340/2678/2977
f 2321/2679/2978 2322/2681/2980 2342/2682/2981 2341/2680/2979
f 2322/2681/2980 2323/2683/2982 2343/2684/2983 2342/2682/2981
f 2323/2683/2982 2324/2685/2984 2344/2686/2985 2343/2684/2983
f 2324/2685/2984 2325/2687/2986 2345/2688/2987 2344/2686/2985
f 2325/2687/2986 2326/2689/2988 2346/2690/2989 2345/2688/2987
f 2326/2689/2988 2327/2691/2990 2347/2692/2991 2346/2690/2989
f 2327/2691/2990 2328/2693/2992 2348/2694/2993 2347/2692/2991
f 2328/2693/2992 2329/2695/2994 2349/2696/2995 2348/2694/2993
f 2329/2695/2994 2330/2697/2996 2350/2698/2997 2349/2696/2995
f 2330/2697/2996 2331/2699/2998 2351/2700/2999 2350/2698/2997
f 2331/2699/2998 2332/2701/3000 2352/2702/3001 2351/2700/2999
f 2332/2701/3000 2333/2703/3002 2353/2704/3003 2352/2702/3001
f 2333/2703/3002 2334/2705/3004 2354/2706/3005 2353/2704/3003
f 2334/2705/3004 2335/2707/3006 2355/2708/3007 2354/2706/3005
f 2335/2707/3006 2316/2709/2968 2336/2710/2971 2355/2708/3007
s 90
f 2317/2711/3008 2316/2712/3009 2356/2713/3010
f 2318/2714/3011 2317/2711/3008 2356/2713/3010
f 2319/2715/3012 2318/2714/3011 2356/2713/3010
f 2320/2716/3013 2319/2715/3012 2356/2713/3010
f 2321/2717/3014 2320/2716/3013 2356/2713/3010
f 2322/2718/3015 2321/2717/3014 2356/2713/3010
f 2323/2719/3016 2322/2718/3015 2356/2713/3010
f 2324/2720/3017 2323/2719/3016 2356/2713/3010
f 2325/2721/3018 2324/2720/3017 2356/2713/3010
f 2326/2722/3019 2325/2721/3018 2356/2713/3010
f 2327/2723/3020 2326/2722/3019 2356/2713/3010
f 2328/2724/3021 2327/2723/3020 2356/2713/3010
f 2329/2725/3022 2328/2724/3021 2356/2713/3010
f 2330/2726/3023 2329/2725/3022 2356/2713/3010
f 2331/2727/3024 2330/2726/3023 2356/2713/3010
f 2332/2728/3025 2331/2727/3024 2356/2713/3010
f 2333/2729/3026 2332/2728/3025 2356/2713/3010
f 2334/2730/3027 2333/2729/3026 2356/2713/3010
f 2335/2731/3028 2334/2730/3027 2356/2713/3010
f 2316/2712/3009 2335/2731/3028 2356/2713/3010
s 91
f 2457/2732/3029 2458/2733/3030 2459/2734/3031
f 2458/2733/3030 2460/2735/3032 2459/2734/3031
f 2460/2735/3032 2461/2736/3033 2459/2734/3031
f 2461/2736/3033 2462/2737/3034 2459/2734/3031
f 2462/2737/3034 2463/2738/3035 2459/2734/3031
f 2463/2738/3035 2464/2739/3036 2459/2734/3031
f 2464/2739/3036 2465/2740/3037 2459/2734/3031
f 2465/2740/3037 2466/2741/3038 2459/2734/3031
f 2466/2741/3038 2467/2742/3039 2459/2734/3031
f 2467/2742/3039 2468/2743/3040 2459/2734/3031
f 2468/2743/3040 2469/2744/3041 2459/2734/3031
f 2469/2744/3041 2470/2745/3042 2459/2734/3031
f 2470/2745/3042 2471/2746/3043 2459/2734/3031
f 2471/2746/3043 2472/2747/3044 2459/2734/3031
f 2472/2747/3044 2473/2748/3045 2459/2734/3031
f 2473/2748/3045 2474/2749/3046 2459/2734/3031
f 2474/2749/3046 2475/2750/3047 2459/2734/3031
f 2475/2750/3047 2476/2751/3048 2459/2734/3031
f 2476/2751/3048 2477/2752/3049 2459/2734/3031
f 2477/2752/3049 2457/2732/3029 2459/2734/3031
s 89
f 2336/2753/2971 2337/2754/2970 2358/2755/3050 2357/2756/3051
f 2337/2754/2970 2338/2757/2973 2359/2758/3052 2358/2755/3050
f 2338/2757/2973 2339/2759/2975 2360/2760/3053 2359/2758/3052
f 2339/2759/2975 2340/2761/2977 2361/2762/3054 2360/2760/3053
f 2340/2761/2977 2341/2763/2979 2362/2764/3055 2361/2762/3054
f 2341/2763/2979 2342/2765/2981 2363/2766/3056 2362/2764/3055
f 2342/2765/2981 2343/2767/2983 2364/2768/3057 2363/2766/3056
f 2343/2767/2983 2344/2769/2985 2365/2770/3058 2364/2768/3057
f 2344/2769/2985 2345/2771/2987 2366/2772/3059 2365/2770/3058
f 2345/2771/2987 2346/2773/2989 2367/2774/3060 2366/2772/3059
f 2346/2773/2989 2347/2775/2991 2368/2776/3061 2367/2774/3060
f 2347/2775/2991 2348/2777/2993 2369/2778/3062 2368/2776/3061
f 2348/2777/2993 2349/2779/2995 2370/2780/3063 2369/2778/3062
f 2349/2779/2995 2350/2781/2997 2371/2782/3064 2370/2780/3063
f 2350/2781/2997 2351/2783/2999 2372/2784/3065 2371/2782/3064
f 2351/2783/2999 2352/2785/3001 2373/2786/3066 2372/2784/3065
f 2352/2785/3001 2353/2787/3003 2374/2788/3067 2373/2786/3066
f 2353/2787/3003 2354/2789/3005 2375/2790/3068 2374/2788/3067
f 2354/2789/3005 2355/2791/3007 2376/2792/3069 2375/2790/3068
f 2355/2791/3007 2336/2753/2971 2357/2756/3051 2376/2792/3069
f 2357/2756/3051 2358/2755/3050 2378/2793/3070 2377/2794/3071
f 2358/2755/3050 2359/2758/3052 2379/2795/3072 2378/2793/3070
f 2359/2758/3052 2360/2760/3053 2380/2796/3073 2379/2795/3072
f 2360/2760/3053 2361/2762/3054 2381/2797/3074 2380/2796/3073
f 2361/2762/3054 2362/2764/3055 2382/2798/3075 2381/2797/3074
f 2362/2764/3055 2363/2766/3056 2383/2799/3076 2382/2798/3075
f 2363/2766/3056 2364/2768/3057 2384/2800/3077 2383/2799/3076
f 2364/2768/3057 2365/2770/3058 2385/2801/3078 2384/2800/3077
f 2365/2770/3058 2366/2772/3059 2386/2802/3079 2385/2801/3078
f 2366/2772/3059 2367/2774/3060 2387/2803/3080 2386/2802/3079
f 2367/2774/3060 2368/2776/3061 2388/2804/3081 2387/2803/3080
f 2368/2776/3061 2369/2778/3062 2389/2805/3082 2388/2804/3081
f 2369/2778/3062 2370/2780/3063 2390/2806/3083 2389/2805/3082
f 2370/2780/3063 2371/2782/3064 2391/2807/3084 2390/2806/3083
f 2371/2782/3064 2372/2784/3065 2392/2808/3085 2391/2807/3084
f 2372/2784/3065 2373/2786/3066 2393/2809/3086 2392/2808/3085
f 2373/2786/3066 2374/2788/3067 2394/2810/3087 2393/2809/3086
f 2374/2788/3067 2375/2790/3068 2395/2811/3088 2394/2810/3087
f 2375/2790/3068 2376/2792/3069 2396/2812/3089 2395/2811/3088
f 2376/2792/3069 2357/2756/3051 2377/2794/3071 2396/2812/3089
f 2377/2794/3071 2378/2793/3070 2398/2813/3090 2397/2814/3091
f 2378/2793/3070 2379/2795/3072 2399/2815/3092 2398/2813/3090
f 2379/2795/3072 2380/2796/3073 2400/2816/3093 2399/2815/3092
f 2380/2796/3073 2381/2797/3074 2401/2817/3094 2400/2816/3093
f 2381/2797/3074 2382/2798/3075 2402/2818/3095 2401/2817/3094
f 2382/2798/3075 2383/2799/3076 2403/2819/3096 2402/2818/3095
f 2383/2799/3076 2384/2800/3077 2404/2820/3097 2403/2819/3096
f 2384/2800/3077 2385/2801/3078 2405/2821/3098 2404/2820/3097
f 2385/2801/3078 2386/2802/3079 2406/2822/3099 2405/2821/3098
f 2386/2802/3079 2387/2803/3080 2407/2823/3100 2406/2822/3099
f 2387/2803/3080 2388/2804/3081 2408/2824/3101 2407/2823/3100
f 2388/2804/3081 2389/2805/3082 2409/2825/3102 2408/2824/3101
f 2389/2805/3082 2390/2806/3083 2410/2826/3103 2409/2825/3102
f 2390/2806/3083 2391/2807/3084 2411/2827/3104 2410/2826/3103
f 2391/2807/3084 2392/2808/3085 2412/2828/3105 2411/2827/3104
f 2392/2808/3085 2393/2809/3086 2413/2829/3106 2412/2828/3105
f 2393/2809/3086 2394/2810/3087 2414/2830/3107 2413/2829/3106
f 2394/2810/3087 2395/2811/3088 2415/2831/3108 2414/2830/3107
f 2395/2811/3088 2396/2812/3089 2416/2832/3109 2415/2831/3108
f 2396/2812/3089 2377/2794/3071 2397/2814/3091 2416/2832/3109
f 2397/2814/3091 2398/2813/3090 2418/2833/3110 2417/2834/3111
f 2398/2813/3090 2399/2815/3092 2419/2835/3112 2418/2833/3110
f 2399/2815/3092 2400/2816/3093 2420/2836/3113 2419/2835/3112
f 2400/2816/3093 2401/2817/3094 2421/2837/3114 2420/2836/3113
f 2401/2817/3094 2402/2818/3095 2422/2838/3115 2421/2837/3114
f 2402/2818/3095 2403/2819/3096 2423/2839/3116 2422/2838/3115
f 2403/2819/3096 2404/2820/3097 2424/2840/3117 2423/2839/3116
f 2404/2820/3097 2405/2821/3098 2425/2841/3118 2424/2840/3117
f 2405/2821/3098 2406/2822/3099 2426/2842/3119 2425/2841/3118
f 2406/2822/3099 2407/2823/3100 2427/2843/3120 2426/2842/3119
f 2407/2823/3100 2408/2824/3101 2428/2844/3121 2427/2843/3120
f 2408/2824/3101 2409/2825/3102 2429/2845/3122 2428/2844/3121
f 2409/2825/3102 2410/2826/3103 2430/2846/3123 2429/2845/3122
f 2410/2826/3103 2411/2827/3104 2431/2847/3124 2430/2846/3123
f 2411/2827/3104 2412/2828/3105 2432/2848/3125 2431/2847/3124
f 2412/2828/3105 2413/2829/3106 2433/2849/3126 2432/2848/3125
f 2413/2829/3106 2414/2830/3107 2434/2850/3127 2433/2849/3126
f 2414/2830/3107 2415/2831/3108 2435/2851/3128 2434/2850/3127
f 2415/2831/3108 2416/2832/3109 2436/2852/3129 2435/2851/3128
f 2416/2832/3109 2397/2814/3091 2417/2834/3111 2436/2852/3129
f 2417/2834/3111 2418/2833/3110 2438/2853/3130 2437/2854/3131
f 2418/2833/3110 2419/2835/3112 2439/2855/3132 2438/2853/3130
f 2419/2835/3112 2420/2836/3113 2440/2856/3133 2439/2855/3132
f 2420/2836/3113 2421/2837/3114 2441/2857/3134 2440/2856/3133
f 2421/2837/3114 2422/2838/3115 2442/2858/3135 2441/2857/3134
f 2422/2838/3115 2423/2839/3116 2443/2859/3136 2442/2858/3135
f 2423/2839/3116 2424/2840/3117 2444/2860/3137 2443/2859/3136
f 2424/2840/3117 2425/2841/3118 2445/2861/3138 2444/2860/3137
f 2425/2841/3118 2426/2842/3119 2446/2862/3139 2445/2861/3138
f 2426/2842/3119 2427/2843/3120 2447/2863/3140 2446/2862/3139
f 2427/2843/3120 2428/2844/3121 2448/2864/3141 2447/2863/3140
f 2428/2844/3121 2429/2845/3122 2449/2865/3142 2448/2864/3141
f 2429/2845/3122 2430/2846/3123 2450/2866/3143 2449/2865/3142
f 2430/2846/3123 2431/2847/3124 2451/2867/3144 2450/2866/3143
f 2431/2847/3124 2432/2848/3125 2452/2868/3145 2451/2867/3144
f 2432/2848/3125 2433/2849/3126 2453/2869/3146 2452/2868/3145
f 2433/2849/3126 2434/2850/3127 2454/2870/3147 2453/2869/3146
f 2434/2850/3127 2435/2851/3128 2455/2871/3148 2454/2870/3147
f 2435/2851/3128 2436/2852/3129 2456/2872/3149 2455/2871/3148
f 2436/2852/3129 2417/2834/3111 2437/2854/3131 2456/2872/3149
f 2437/2854/3131 2438/2853/3130 2458/2733/3150 2457/2732/3151
f 2438/2853/3130 2439/2855/3132 2460/2735/3152 2458/2733/3150
f 2439/2855/3132 2440/2856/3133 2461/2736/3153 2460/2735/3152
f 2440/2856/3133 2441/2857/3134 2462/2737/3154 2461/2736/3153
f 2441/2857/3134 2442/2858/3135 2463/2738/3155 2462/2737/3154
f 2442/2858/3135 2443/2859/3136 2464/2739/3156 2463/2738/3155
f 2443/2859/3136 2444/2860/3137 2465/2740/3157 2464/2739/3156
f 2444/2860/3137 2445/2861/3138 2466/2741/3158 2465/2740/3157
f 2445/2861/3138 2446/2862/3159 2467/2742/3160 2466/2741/3158
f 2446/2862/3159 2447/2863/3161 2468/2743/3162 2467/2742/3160
f 2447/2863/3161 2448/2864/3141 2469/2744/3163 2468/2743/3162
f 2448/2864/3141 2449/2865/3142 2470/2745/3164 2469/2744/3163
f 2449/2865/3142 2450/2866/3143 2471/2746/3165 2470/2745/3164
f 2450/2866/3143 2451/2867/3144 2472/2747/3166 2471/2746/3165
f 2451/2867/3144 2452/2868/3145 2473/2748/3167 2472/2747/3166
f 2452/2868/3145 2453/2869/3146 2474/2749/3168 2473/2748/3167
f 2453/2869/3146 2454/2870/3147 2475/2750/3169 2474/2749/3168
f 2454/2870/3147 2455/2871/3148 2476/2751/3170 2475/2750/3169
f 2455/2871/3148 2456/2872/3149 2477/2752/3171 2476/2751/3170
f 2456/2872/3149 2437/2854/3131 2457/2732/3151 2477/2752/3171
s 92
f 2478/2873/3172 2479/2874/3173 2499/2875/3174 2498/2876/3175
f 2479/2874/3173 2480/2877/3176 2500/2878/3177 2499/2875/3174
f 2480/2877/3176 2481/2879/3178 2501/2880/3179 2500/2878/3177
f 2481/2879/3178 2482/2881/3180 2502/2882/3181 2501/2880/3179
f 2482/2881/3180 2483/2883/3182 2503/2884/3183 2502/2882/3181
f 2483/2883/3182 2484/2885/3184 2504/2886/3185 2503/2884/3183
f 2484/2885/3184 2485/2887/3186 2505/2888/3187 2504/2886/3185
f 2485/2887/3186 2486/2889/3188 2506/2890/3189 2505/2888/3187
f 2486/2889/3188 2487/2891/3190 2507/2892/3191 2506/2890/3189
f 2487/2891/3190 2488/2893/3192 2508/2894/3193 2507/2892/3191
f 2488/2893/3192 2489/2895/3194 2509/2896/3195 2508/2894/3193
f 2489/2895/3194 2490/2897/3196 2510/2898/3197 2509/2896/3195
f 2490/2897/3196 2491/2899/3198 2511/2900/3199 2510/2898/3197
f 2491/2899/3198 2492/2901/3200 2512/2902/3201 2511/2900/3199
f 2492/2901/3200 2493/2903/3202 2513/2904/3203 2512/2902/3201
f 2493/2903/3202 2494/2905/3204 2514/2906/3205 2513/2904/3203
f 2494/2905/3204 2495/2907/3206 2515/2908/3207 2514/2906/3205
f 2495/2907/3206 2496/2909/3208 2516/2910/3209 2515/2908/3207
f 2496/2909/3208 2497/2911/3210 2517/2912/3211 2516/2910/3209
f 2497/2911/3210 2478/2913/3172 2498/2914/3175 2517/2912/3211
s 93
f 2479/2915/3212 2478/2916/3213 2518/2917/3214
f 2480/2918/3215 2479/2915/3212 2518/2917/3214
f 2481/2919/3216 2480/2918/3215 2518/2917/3214
f 2482/2920/3217 2481/2919/3216 2518/2917/3214
f 2483/2921/3218 2482/2920/3217 2518/2917/3214
f 2484/2922/3219 2483/2921/3218 2518/2917/3214
f 2485/2923/3220 2484/2922/3219 2518/2917/3214
f 2486/2924/3221 2485/2923/3220 2518/2917/3214
f 2487/2925/3222 2486/2924/3221 2518/2917/3214
f 2488/2926/3223 2487/2925/3222 2518/2917/3214
f 2489/2927/3224 2488/2926/3223 2518/2917/3214
f 2490/2928/3225 2489/2927/3224 2518/2917/3214
f 2491/2929/3226 2490/2928/3225 2518/2917/3214
f 2492/2930/3227 2491/2929/3226 2518/2917/3214
f 2493/2931/3228 2492/2930/3227 2518/2917/3214
f 2494/2932/3229 2493/2931/3228 2518/2917/3214
f 2495/2933/3230 2494/2932/3229 2518/2917/3214
f 2496/2934/3231 2495/2933/3230 2518/2917/3214
f 2497/2935/3232 2496/2934/3231 2518/2917/3214
f 2478/2916/3213 2497/2935/3232 2518/2917/3214
s 94
f 2619/2936/3233 2620/2937/3234 2621/2938/3235
f 2620/2937/3234 2622/2939/3236 2621/2938/3235
f 2622/2939/3236 2623/2940/3237 2621/2938/3235
f 2623/2940/3237 2624/2941/3238 2621/2938/3235
f 2624/2941/3238 2625/2942/3239 2621/2938/3235
f 2625/2942/3239 2626/2943/3240 2621/2938/3235
f 2626/2943/3240 2627/2944/3241 2621/2938/3235
f 2627/2944/3241 2628/2945/3242 2621/2938/3235
f 2628/2945/3242 2629/2946/3243 2621/2938/3235
f 2629/2946/3243 2630/2947/3244 2621/2938/3235
f 2630/2947/3244 2631/2948/3245 2621/2938/3235
f 2631/2948/3245 2632/2949/3246 2621/2938/3235
f 2632/2949/3246 2633/2950/3247 2621/2938/3235
f 2633/2950/3247 2634/2951/3248 2621/2938/3235
f 2634/2951/3248 2635/2952/3249 2621/2938/3235
f 2635/2952/3249 2636/2953/3250 2621/2938/3235
f 2636/2953/3250 2637/2954/3251 2621/2938/3235
f 2637/2954/3251 2638/2955/3252 2621/2938/3235
f 2638/2955/3252 2639/2956/3253 2621/2938/3235
f 2639/2956/3253 2619/2936/3233 2621/2938/3235
s 92
f 2498/2957/3175 2499/2958/3174 2520/2959/3254 2519/2960/3255
f 2499/2958/3174 2500/2961/3177 2521/2962/3256 2520/2959/3254
f 2500/2961/3177 2501/2963/3179 2522/2964/3257 2521/2962/3256
f 2501/2963/3179 2502/2965/3181 2523/2966/3258 2522/2964/3257
f 2502/2965/3181 2503/2967/3183 2524/2968/3259 2523/2966/3258
f 2503/2967/3183 2504/2969/3185 2525/2970/3260 2524/2968/3259
f 2504/2969/3185 2505/2971/3187 2526/2972/3261 2525/2970/3260
f 2505/2971/3187 2506/2973/3189 2527/2974/3262 2526/2972/3261
f 2506/2973/3189 2507/2975/3191 2528/2976/3263 2527/2974/3262
f 2507/2975/3191 2508/2977/3193 2529/2978/3264 2528/2976/3263
f 2508/2977/3193 2509/2979/3195 2530/2980/3265 2529/2978/3264
f 2509/2979/3195 2510/2981/3197 2531/2982/3266 2530/2980/3265
f 2510/2981/3197 2511/2983/3199 2532/2984/3267 2531/2982/3266
f 2511/2983/3199 2512/2985/3201 2533/2986/3268 2532/2984/3267
f 2512/2985/3201 2513/2987/3203 2534/2988/3269 2533/2986/3268
f 2513/2987/3203 2514/2989/3205 2535/2990/3270 2534/2988/3269
f 2514/2989/3205 2515/2991/3207 2536/2992/3271 2535/2990/3270
f 2515/2991/3207 2516/2993/3209 2537/2994/3272 2536/2992/3271
f 2516/2993/3209 2517/2995/3211 2538/2996/3273 2537/2994/3272
f 2517/2995/3211 2498/2957/3175 2519/2960/3255 2538/2996/3273
f 2519/2960/3255 2520/2959/3254 2540/2997/3274 2539/2998/3275
f 2520/2959/3254 2521/2962/3256 2541/2999/3276 2540/2997/3274
f 2521/2962/3256 2522/2964/3257 2542/3000/3277 2541/2999/3276
f 2522/2964/3257 2523/2966/3258 2543/3001/3278 2542/3000/3277
f 2523/2966/3258 2524/2968/3259 2544/3002/3279 2543/3001/3278
f 2524/2968/3259 2525/2970/3260 2545/3003/3280 2544/3002/3279
f 2525/2970/3260 2526/2972/3261 2546/3004/3281 2545/3003/3280
f 2526/2972/3261 2527/2974/3262 2547/3005/3282 2546/3004/3281
f 2527/2974/3262 2528/2976/3263 2548/3006/3283 2547/3005/3282
f 2528/2976/3263 2529/2978/3264 2549/3007/3284 2548/3006/3283
f 2529/2978/3264 2530/2980/3265 2550/3008/3285 2549/3007/3284
f 2530/2980/3265 2531/2982/3266 2551/3009/3286 2550/3008/3285
f 2531/2982/3266 2532/2984/3267 2552/3010/3287 2551/3009/3286
f 2532/2984/3267 2533/2986/3268 2553/3011/3288 2552/3010/3287
f 2533/2986/3268 2534/2988/3269 2554/3012/3289 2553/3011/3288
f 2534/2988/3269 2535/2990/3270 2555/3013/3290 2554/3012/3289
f 2535/2990/3270 2536/2992/3271 2556/3014/3291 2555/3013/3290
f 2536/2992/3271 2537/2994/3272 2557/3015/3292 2556/3014/3291
f 2537/2994/3272 2538/2996/3273 2558/3016/3293 2557/3015/3292
f 2538/2996/3273 2519/2960/3255 2539/2998/3275 2558/3016/3293
f 2539/2998/3275 2540/2997/3274 2560/3017/3294 2559/3018/3295
f 2540/2997/3274 2541/2999/3276 2561/3019/3296 2560/3017/3294
f 2541/2999/3276 2542/3000/3277 2562/3020/3297 2561/3019/3296
f 2542/3000/3277 2543/3001/3278 2563/3021/3298 2562/3020/3297
f 2543/3001/3278 2544/3002/3279 2564/3022/3299 2563/3021/3298
f 2544/3002/3279 2545/3003/3280 2565/3023/3300 2564/3022/3299
f 2545/3003/3280 2546/3004/3281 2566/3024/3301 2565/3023/3300
f 2546/3004/3281 2547/3005/3282 2567/3025/3302 2566/3024/3301
f 2547/3005/3282 2548/3006/3283 2568/3026/3303 2567/3025/3302
f 2548/3006/3283 2549/3007/3284 2569/3027/3304 2568/3026/3303
f 2549/3007/3284 2550/3008/3285 2570/3028/3305 2569/3027/3304
f 2550/3008/3285 2551/3009/3286 2571/3029/3306 2570/3028/3305
f 2551/3009/3286 2552/3010/3287 2572/3030/3307 2571/3029/3306
f 2552/3010/3287 2553/3011/3288 2573/3031/3308 2572/3030/3307
f 2553/3011/3288 2554/3012/3289 2574/3032/3309 2573/3031/3308
f 2554/3012/3289 2555/3013/3290 2575/3033/3310 2574/3032/3309
f 2555/3013/3290 2556/3014/3291 2576/3034/3311 2575/3033/3310
f 2556/3014/3291 2557/3015/3292 2577/3035/3312 2576/3034/3311
f 2557/3015/3292 2558/3016/3293 2578/3036/3313 2577/3035/3312
f 2558/3016/3293 2539/2998/3275 2559/3018/3295 2578/3036/3313
f 2559/3018/3295 2560/3017/3294 2580/3037/3314 2579/3038/3315
f 2560/3017/3294 2561/3019/3296 2581/3039/3316 2580/3037/3314
f 2561/3019/3296 2562/3020/3297 2582/3040/3317 2581/3039/3316
f 2562/3020/3297 2563/3021/3298 2583/3041/3318 2582/3040/3317
f 2563/3021/3298 2564/3022/3299 2584/3042/3319 2583/3041/3318
f 2564/3022/3299 2565/3023/3300 2585/3043/3320 2584/3042/3319
f 2565/3023/3300 2566/3024/3301 2586/3044/3321 2585/3043/3320
f 2566/3024/3301 2567/3025/3302 2587/3045/3322 2586/3044/3321
f 2567/3025/3302 2568/3026/3303 2588/3046/3323 2587/3045/3322
f 2568/3026/3303 2569/3027/3304 2589/3047/3324 2588/3046/3323
f 2569/3027/3304 2570/3028/3305 2590/3048/3325 2589/3047/3324
f 2570/3028/3305 2571/3029/3306 2591/3049/3326 2590/3048/3325
f 2571/3029/3306 2572/3030/3307 2592/3050/3327 2591/3049/3326
f 2572/3030/3307 2573/3031/3308 2593/3051/3328 2592/3050/3327
f 2573/3031/3308 2574/3032/3309 2594/3052/3329 2593/3051/3328
f 2574/3032/3309 2575/3033/3310 2595/3053/3330 2594/3052/3329
f 2575/3033/3310 2576/3034/3311 2596/3054/3331 2595/3053/3330
f 2576/3034/3311 2577/3035/3312 2597/3055/3332 2596/3054/3331
f 2577/3035/3312 2578/3036/3313 2598/3056/3333 2597/3055/3332
f 2578/3036/3313 2559/3018/3295 2579/3038/3315 2598/3056/3333
f 2579/3038/3315 2580/3037/3314 2600/3057/3334 2599/3058/3335
f 2580/3037/3314 2581/3039/3316 2601/3059/3336 2600/3057/3334
f 2581/3039/3316 2582/3040/3317 2602/3060/3337 2601/3059/3336
f 2582/3040/3317 2583/3041/3318 2603/3061/3338 2602/3060/3337
f 2583/3041/3318 2584/3042/3319 2604/3062/3339 2603/3061/3338
f 2584/3042/3319 2585/3043/3320 2605/3063/3340 2604/3062/3339
f 2585/3043/3320 2586/3044/3321 2606/3064/3341 2605/3063/3340
f 2586/3044/3321 2587/3045/3322 2607/3065/3342 2606/3064/3341
f 2587/3045/3322 2588/3046/3323 2608/3066/3343 2607/3065/3342
f 2588/3046/3323 2589/3047/3324 2609/3067/3344 2608/3066/3343
f 2589/3047/3324 2590/3048/3325 2610/3068/3345 2609/3067/3344
f 2590/3048/3325 2591/3049/3326 2611/3069/3346 2610/3068/3345
f 2591/3049/3326 2592/3050/3327 2612/3070/3347 2611/3069/3346
f 2592/3050/3327 2593/3051/3328 2613/3071/3348 2612/3070/3347
f 2593/3051/3328 2594/3052/3329 2614/3072/3349 2613/3071/3348
f 2594/3052/3329 2595/3053/3330 2615/3073/3350 2614/3072/3349
f 2595/3053/3330 2596/3054/3331 2616/3074/3351 2615/3073/3350
f 2596/3054/3331 2597/3055/3332 2617/3075/3352 2616/3074/3351
f 2597/3055/3332 2598/3056/3333 2618/3076/3353 2617/3075/3352
f 2598/3056/3333 2579/3038/3315 2599/3058/3335 2618/3076/3353
f 2599/3058/3335 2600/3057/3334 2620/2937/3354 2619/2936/3355
f 2600/3057/3334 2601/3059/3336 2622/2939/3356 2620/2937/3354
f 2601/3059/3336 2602/3060/3337 2623/2940/3357 2622/2939/3356
f 2602/3060/3337 2603/3061/3338 2624/2941/3358 2623/2940/3357
f 2603/3061/3338 2604/3062/3339 2625/2942/3359 2624/2941/3358
f 2604/3062/3339 2605/3063/3340 2626/2943/3360 2625/2942/3359
f 2605/3063/3340 2606/3064/3341 2627/2944/3361 2626/2943/3360
f 2606/3064/3341 2607/3065/3342 2628/2945/3362 2627/2944/3361
f 2607/3065/3342 2608/3066/3363 2629/2946/3364 2628/2945/3362
f 2608/3066/3363 2609/3067/3365 2630/2947/3366 2629/2946/3364
f 2609/3067/3365 2610/3068/3345 2631/2948/3367 2630/2947/3366
f 2610/3068/3345 2611/3069/3346 2632/2949/3368 2631/2948/3367
f 2611/3069/3346 2612/3070/3347 2633/2950/3369 2632/2949/3368
f 2612/3070/3347 2613/3071/3348 2634/2951/3370 2633/2950/3369
f 2613/3071/3348 2614/3072/3349 2635/2952/3371 2634/2951/3370
f 2614/3072/3349 2615/3073/3350 2636/2953/3372 2635/2952/3371
f 2615/3073/3350 2616/3074/3351 2637/2954/3373 2636/2953/3372
f 2616/3074/3351 2617/3075/3352 2638/2955/3374 2637/2954/3373
f 2617/3075/3352 2618/3076/3353 2639/2956/3375 2638/2955/3374
f 2618/3076/3353 2599/3058/3335 2619/2936/3355 2639/2956/3375
s 95
f 2640/3077/3376 2641/3078/3377 2661/3079/3378 2660/3080/3379
f 2641/3078/3377 2642/3081/3380 2662/3082/3381 2661/3079/3378
f 2642/3081/3380 2643/3083/3382 2663/3084/3383 2662/3082/3381
f 2643/3083/3382 2644/3085/3384 2664/3086/3385 2663/3084/3383
f 2644/3085/3384 2645/3087/3386 2665/3088/3387 2664/3086/3385
f 2645/3087/3386 2646/3089/3388 2666/3090/3389 2665/3088/3387
f 2646/3089/3388 2647/3091/3390 2667/3092/3391 2666/3090/3389
f 2647/3091/3390 2648/3093/3392 2668/3094/3393 2667/3092/3391
f 2648/3093/3392 2649/3095/3394 2669/3096/3395 2668/3094/3393
f 2649/3095/3394 2650/3097/3396 2670/3098/3397 2669/3096/3395
f 2650/3097/3396 2651/3099/3398 2671/3100/3399 2670/3098/3397
f 2651/3099/3398 2652/3101/3400 2672/3102/3401 2671/3100/3399
f 2652/3101/3400 2653/3103/3402 2673/3104/3403 2672/3102/3401
f 2653/3103/3402 2654/3105/3404 2674/3106/3405 2673/3104/3403
f 2654/3105/3404 2655/3107/3406 2675/3108/3407 2674/3106/3405
f 2655/3107/3406 2656/3109/3408 2676/3110/3409 2675/3108/3407
f 2656/3109/3408 2657/3111/3410 2677/3112/3411 2676/3110/3409
f 2657/3111/3410 2658/3113/3412 2678/3114/3413 2677/3112/3411
f 2658/3113/3412 2659/3115/3414 2679/3116/3415 2678/3114/3413
f 2659/3115/3414 2640/3117/3376 2660/3118/3379 2679/3116/3415
s 96
f 2641/3119/3416 2640/3120/3417 2680/3121/3418
f 2642/3122/3419 2641/3119/3416 2680/3121/3418
f 2643/3123/3420 2642/3122/3419 2680/3121/3418
f 2644/3124/3421 2643/3123/3420 2680/3121/3418
f 2645/3125/3422 2644/3124/3421 2680/3121/3418
f 2646/3126/3423 2645/3125/3422 2680/3121/3418
f 2647/3127/3424 2646/3126/3423 2680/3121/3418
f 2648/3128/3425 2647/3127/3424 2680/3121/3418
f 2649/3129/3426 2648/3128/3425 2680/3121/3418
f 2650/3130/3427 2649/3129/3426 2680/3121/3418
f 2651/3131/3428 2650/3130/3427 2680/3121/3418
f 2652/3132/3429 2651/3131/3428 2680/3121/3418
f 2653/3133/3430 2652/3132/3429 2680/3121/3418
f 2654/3134/3431 2653/3133/3430 2680/3121/3418
f 2655/3135/3432 2654/3134/3431 2680/3121/3418
f 2656/3136/3433 2655/3135/3432 2680/3121/3418
f 2657/3137/3434 2656/3136/3433 2680/3121/3418
f 2658/3138/3435 2657/3137/3434 2680/3121/3418
f 2659/3139/3436 2658/3138/3435 2680/3121/3418
f 2640/3120/3417 2659/3139/3436 2680/3121/3418
s 97
f 2781/3140/3437 2782/3141/3438 2783/3142/3439
f 2782/3141/3438 2784/3143/3440 2783/3142/3439
f 2784/3143/3440 2785/3144/3441 2783/3142/3439
f 2785/3144/3441 2786/3145/3442 2783/3142/3439
f 2786/3145/3442 2787/3146/3443 2783/3142/3439
f 2787/3146/3443 2788/3147/3444 2783/3142/3439
f 2788/3147/3444 2789/3148/3445 2783/3142/3439
f 2789/3148/3445 2790/3149/3446 2783/3142/3439
f 2790/3149/3446 2791/3150/3447 2783/3142/3439
f 2791/3150/3447 2792/3151/3448 2783/3142/3439
f 2792/3151/3448 2793/3152/3449 2783/3142/3439
f 2793/3152/3449 2794/3153/3450 2783/3142/3439
f 2794/3153/3450 2795/3154/3451 2783/3142/3439
f 2795/3154/3451 2796/3155/3452 2783/3142/3439
f 2796/3155/3452 2797/3156/3453 2783/3142/3439
f 2797/3156/3453 2798/3157/3454 2783/3142/3439
f 2798/3157/3454 2799/3158/3455 2783/3142/3439
f 2799/3158/3455 2800/3159/3456 2783/3142/3439
f 2800/3159/3456 2801/3160/3457 2783/3142/3439
f 2801/3160/3457 2781/3140/3437 2783/3142/3439
s 95
f 2660/3161/3379 2661/3162/3378 2682/3163/3458 2681/3164/3459
f 2661/3162/3378 2662/3165/3381 2683/3166/3460 2682/3163/3458
f 2662/3165/3381 2663/3167/3383 2684/3168/3461 2683/3166/3460
f 2663/3167/3383 2664/3169/3385 2685/3170/3462 2684/3168/3461
f 2664/3169/3385 2665/3171/3387 2686/3172/3463 2685/3170/3462
f 2665/3171/3387 2666/3173/3389 2687/3174/3464 2686/3172/3463
f 2666/3173/3389 2667/3175/3391 2688/3176/3465 2687/3174/3464
f 2667/3175/3391 2668/3177/3393 2689/3178/3466 2688/3176/3465
f 2668/3177/3393 2669/3179/3395 2690/3180/3467 2689/3178/3466
f 2669/3179/3395 2670/3181/3397 2691/3182/3468 2690/3180/3467
f 2670/3181/3397 2671/3183/3399 2692/3184/3469 2691/3182/3468
f 2671/3183/3399 2672/3185/3401 2693/3186/3470 2692/3184/3469
f 2672/3185/3401 2673/3187/3403 2694/3188/3471 2693/3186/3470
f 2673/3187/3403 2674/3189/3405 2695/3190/3472 2694/3188/3471
f 2674/3189/3405 2675/3191/3407 2696/3192/3473 2695/3190/3472
f 2675/3191/3407 2676/3193/3409 2697/3194/3474 2696/3192/3473
f 2676/3193/3409 2677/3195/3411 2698/3196/3475 2697/3194/3474
f 2677/3195/3411 2678/3197/3413 2699/3198/3476 2698/3196/3475
f 2678/3197/3413 2679/3199/3415 2700/3200/3477 2699/3198/3476
f 2679/3199/3415 2660/3161/3379 2681/3164/3459 2700/3200/3477
f 2681/3164/3459 2682/3163/3458 2702/3201/3478 2701/3202/3479
f 2682/3163/3458 2683/3166/3460 2703/3203/3480 2702/3201/3478
f 2683/3166/3460 2684/3168/3461 2704/3204/3481 2703/3203/3480
f 2684/3168/3461 2685/3170/3462 2705/3205/3482 2704/3204/3481
f 2685/3170/3462 2686/3172/3463 2706/3206/3483 2705/3205/3482
f 2686/3172/3463 2687/3174/3464 2707/3207/3484 2706/3206/3483
f 2687/3174/3464 2688/3176/3465 2708/3208/3485 2707/3207/3484
f 2688/3176/3465 2689/3178/3466 2709/3209/3486 2708/3208/3485
f 2689/3178/3466 2690/3180/3467 2710/3210/3487 2709/3209/3486
f 2690/3180/3467 2691/3182/3468 2711/3211/3488 2710/3210/3487
f 2691/3182/3468 2692/3184/3469 2712/3212/3489 2711/3211/3488
f 2692/3184/3469 2693/3186/3470 2713/3213/3490 2712/3212/3489
f 2693/3186/3470 2694/3188/3471 2714/3214/3491 2713/3213/3490
f 2694/3188/3471 2695/3190/3472 2715/3215/3492 2714/3214/3491
f 2695/3190/3472 2696/3192/3473 2716/3216/3493 2715/3215/3492
f 2696/3192/3473 2697/3194/3474 2717/3217/3494 2716/3216/3493
f 2697/3194/3474 2698/3196/3475 2718/3218/3495 2717/3217/3494
f 2698/3196/3475 2699/3198/3476 2719/3219/3496 2718/3218/3495
f 2699/3198/3476 2700/3200/3477 2720/3220/3497 2719/3219/3496
f 2700/3200/3477 2681/3164/3459 2701/3202/3479 2720/3220/3497
f 2701/3202/3479 2702/3201/3478 2722/3221/3498 2721/3222/3499
f 2702/3201/3478 2703/3203/3480 2723/3223/3500 2722/3221/3498
f 2703/3203/3480 2704/3204/3481 2724/3224/3501 2723/3223/3500
f 2704/3204/3481 2705/3205/3482 2725/3225/3502 2724/3224/3501
f 2705/3205/3482 2706/3206/3483 2726/3226/3503 2725/3225/3502
f 2706/3206/3483 2707/3207/3484 2727/3227/3504 2726/3226/3503
f 2707/3207/3484 2708/3208/3485 2728/3228/3505 2727/3227/3504
f 2708/3208/3485 2709/3209/3486 2729/3229/3506 2728/3228/3505
f 2709/3209/3486 2710/3210/3487 2730/3230/3507 2729/3229/3506
f 2710/3210/3487 2711/3211/3488 2731/3231/3508 2730/3230/3507
f 2711/3211/3488 2712/3212/3489 2732/3232/3509 2731/3231/3508
f 2712/3212/3489 2713/3213/3490 2733/3233/3510 2732/3232/3509
f 2713/3213/3490 2714/3214/3491 2734/3234/3511 2733/3233/3510
f 2714/3214/3491 2715/3215/3492 2735/3235/3512 2734/3234/3511
f 2715/3215/3492 2716/3216/3493 2736/3236/3513 2735/3235/3512
f 2716/3216/3493 2717/3217/3494 2737/3237/3514 2736/3236/3513
f 2717/3217/3494 2718/3218/3495 2738/3238/3515 2737/3237/3514
f 2718/3218/3495 2719/3219/3496 2739/3239/3516 2738/3238/3515
f 2719/3219/3496 2720/3220/3497 2740/3240/3517 2739/3239/3516
f 2720/3220/3497 2701/3202/3479 2721/3222/3499 2740/3240/3517
f 2721/3222/3499 2722/3221/3498 2742/3241/3518 2741/3242/3519
f 2722/3221/3498 2723/3223/3500 2743/3243/3520 2742/3241/3518
f 2723/3223/3500 2724/3224/3501 2744/3244/3521 2743/3243/3520
f 2724/3224/3501 2725/3225/3502 2745/3245/3522 2744/3244/3521
f 2725/3225/3502 2726/3226/3503 2746/3246/3523 2745/3245/3522
f 2726/3226/3503 2727/3227/3504 2747/3247/3524 2746/3246/3523
f 2727/3227/3504 2728/3228/3505 2748/3248/3525 2747/3247/3524
f 2728/3228/3505 2729/3229/3506 2749/3249/3526 2748/3248/3525
f 2729/3229/3506 2730/3230/3507 2750/3250/3527 2749/3249/3526
f 2730/3230/3507 2731/3231/3508 2751/3251/3528 2750/3250/3527
f 2731/3231/3508 2732/3232/3509 2752/3252/3529 2751/3251/3528
f 2732/3232/3509 2733/3233/3510 2753/3253/3530 2752/3252/3529
f 2733/3233/3510 2734/3234/3511 2754/3254/3531 2753/3253/3530
f 2734/3234/3511 2735/3235/3512 2755/3255/3532 2754/3254/3531
f 2735/3235/3512 2736/3236/3513 2756/3256/3533 2755/3255/3532
f 2736/3236/3513 2737/3237/3514 2757/3257/3534 2756/3256/3533
f 2737/3237/3514 2738/3238/3515 2758/3258/3535 2757/3257/3534
f 2738/3238/3515 2739/3239/3516 2759/3259/3536 2758/3258/3535
f 2739/3239/3516 2740/3240/3517 2760/3260/3537 2759/3259/3536
f 2740/3240/3517 2721/3222/3499 2741/3242/3519 2760/3260/3537
f 2741/3242/3519 2742/3241/3518 2762/3261/3538 2761/3262/3539
f 2742/3241/3518 2743/3243/3520 2763/3263/3540 2762/3261/3538
f 2743/3243/3520 2744/3244/3521 2764/3264/3541 2763/3263/3540
f 2744/3244/3521 2745/3245/3522 2765/3265/3542 2764/3264/3541
f 2745/3245/3522 2746/3246/3523 2766/3266/3543 2765/3265/3542
f 2746/3246/3523 2747/3247/3524 2767/3267/3544 2766/3266/3543
f 2747/3247/3524 2748/3248/3525 2768/3268/3545 2767/3267/3544
f 2748/3248/3525 2749/3249/3526 2769/3269/3546 2768/3268/3545
f 2749/3249/3526 2750/3250/3527 2770/3270/3547 2769/3269/3546
f 2750/3250/3527 2751/3251/3528 2771/3271/3548 2770/3270/3547
f 2751/3251/3528 2752/3252/3529 2772/3272/3549 2771/3271/3548
f 2752/3252/3529 2753/3253/3530 2773/3273/3550 2772/3272/3549
f 2753/3253/3530 2754/3254/3531 2774/3274/3551 2773/3273/3550
f 2754/3254/3531 2755/3255/3532 2775/3275/3552 2774/3274/3551
f 2755/3255/3532 2756/3256/3533 2776/3276/3553 2775/3275/3552
f 2756/3256/3533 2757/3257/3534 2777/3277/3554 2776/3276/3553
f 2757/3257/3534 2758/3258/3535 2778/3278/3555 2777/3277/3554
f 2758/3258/3535 2759/3259/3536 2779/3279/3556 2778/3278/3555
f 2759/3259/3536 2760/3260/3537 2780/3280/3557 2779/3279/3556
f 2760/3260/3537 2741/3242/3519 2761/3262/3539 2780/3280/3557
f 2761/3262/3539 2762/3261/3538 2782/3141/3558 2781/3140/3559
f 2762/3261/3538 2763/3263/3540 2784/3143/3560 2782/3141/3558
f 2763/3263/3540 2764/3264/3541 2785/3144/3561 2784/3143/3560
f 2764/3264/3541 2765/3265/3542 2786/3145/3562 2785/3144/3561
f 2765/3265/3542 2766/3266/3543 2787/3146/3563 2786/3145/3562
f 2766/3266/3543 2767/3267/3544 2788/3147/3564 2787/3146/3563
f 2767/3267/3544 2768/3268/3545 2789/3148/3565 2788/3147/3564
f 2768/3268/3545 2769/3269/3546 2790/3149/3566 2789/3148/3565
f 2769/3269/3546 2770/3270/3567 2791/3150/3568 2790/3149/3566
f 2770/3270/3567 2771/3271/3569 2792/3151/3570 2791/3150/3568
f 2771/3271/3569 2772/3272/3549 2793/3152/3571 2792/3151/3570
f 2772/3272/3549 2773/3273/3550 2794/3153/3572 2793/3152/3571
f 2773/3273/3550 2774/3274/3551 2795/3154/3573 2794/3153/3572
f 2774/3274/3551 2775/3275/3552 2796/3155/3574 2795/3154/3573
f 2775/3275/3552 2776/3276/3553 2797/3156/3575 2796/3155/3574
f 2776/3276/3553 2777/3277/3554 2798/3157/3576 2797/3156/3575
f 2777/3277/3554 2778/3278/3555 2799/3158/3577 2798/3157/3576
f 2778/3278/3555 2779/3279/3556 2800/3159/3578 2799/3158/3577
f 2779/3279/3556 2780/3280/3557 2801/3160/3579 2800/3159/3578
f 2780/3280/3557 2761/3262/3539 2781/3140/3559 2801/3160/3579
s 98
f 2802/3281/3580 2803/3282/3581 2814/3283/3582 2813/3284/3583
f 2803/3282/3581 2804/3285/3584 2815/3286/3585 2814/3283/3582
f 2804/3285/3584 2805/3287/3586 2816/3288/3587 2815/3286/3585
f 2805/3287/3586 2806/3289/3588 2817/3290/3589 2816/3288/3587
f 2806/3289/3588 2807/3291/3590 2818/3292/3591 2817/3290/3589
f 2807/3291/3590 2808/3293/3592 2819/3294/3593 2818/3292/3591
f 2808/3293/3592 2809/3295/3594 2820/3296/3595 2819/3294/3593
f 2809/3295/3594 2810/3297/3596 2821/3298/3597 2820/3296/3595
f 2810/3297/3596 2811/3299/3598 2822/3300/3599 2821/3298/3597
f 2811/3299/3598 2812/3301/3600 2823/3302/3601 2822/3300/3599
f 2813/3284/3583 2814/3283/3582 2825/3303/3602 2824/3304/3603
f 2814/3283/3582 2815/3286/3585 2826/3305/3604 2825/3303/3602
f 2815/3286/3585 2816/3288/3587 2827/3306/3605 2826/3305/3604
f 2816/3288/3587 2817/3290/3589 2828/3307/3606 2827/3306/3605
f 2817/3290/3589 2818/3292/3591 2829/3308/3607 2828/3307/3606
f 2818/3292/3591 2819/3294/3593 2830/3309/3608 2829/3308/3607
f 2819/3294/3593 2820/3296/3595 2831/3310/3609 2830/3309/3608
f 2820/3296/3595 2821/3298/3597 2832/3311/3610 2831/3310/3609
f 2821/3298/3597 2822/3300/3599 2833/3312/3611 2832/3311/3610
f 2822/3300/3599 2823/3302/3601 2834/3313/3612 2833/3312/3611
f 2824/3304/3603 2825/3303/3602 2836/3314/3613 2835/3315/3614
f 2825/3303/3602 2826/3305/3604 2837/3316/3615 2836/3314/3613
f 2826/3305/3604 2827/3306/3605 2838/3317/3616 2837/3316/3615
f 2827/3306/3605 2828/3307/3606 2839/3318/3617 2838/3317/3616
f 2828/3307/3606 2829/3308/3607 2840/3319/3618 2839/3318/3617
f 2829/3308/3607 2830/3309/3608 2841/3320/3619 2840/3319/3618
f 2830/3309/3608 2831/3310/3609 2842/3321/3620 2841/3320/3619
f 2831/3310/3609 2832/3311/3610 2843/3322/3621 2842/3321/3620
f 2832/3311/3610 2833/3312/3611 2844/3323/3622 2843/3322/3621
f 2833/3312/3611 2834/3313/3612 2845/3324/3623 2844/3323/3622
f 2835/3315/3614 2836/3314/3613 2847/3325/3624 2846/3326/3625
f 2836/3314/3613 2837/3316/3615 2848/3327/3626 2847/3325/3624
f 2837/3316/3615 2838/3317/3616 2849/3328/3627 2848/3327/3626
f 2838/3317/3616 2839/3318/3617 2850/3329/3628 2849/3328/3627
f 2839/3318/3617 2840/3319/3618 2851/3330/3629 2850/3329/3628
f 2840/3319/3618 2841/3320/3619 2852/3331/3630 2851/3330/3629
f 2841/3320/3619 2842/3321/3620 2853/3332/3631 2852/3331/3630
f 2842/3321/3620 2843/3322/3621 2854/3333/3632 2853/3332/3631
f 2843/3322/3621 2844/3323/3622 2855/3334/3633 2854/3333/3632
f 2844/3323/3622 2845/3324/3623 2856/3335/3634 2855/3334/3633
f 2846/3326/3625 2847/3325/3624 2858/3336/3635 2857/3337/3636
f 2847/3325/3624 2848/3327/3626 2859/3338/3637 2858/3336/3635
f 2848/3327/3626 2849/3328/3627 2860/3339/3638 2859/3338/3637
f 2849/3328/3627 2850/3329/3628 2861/3340/3639 2860/3339/3638
f 2850/3329/3628 2851/3330/3629 2862/3341/3640 2861/3340/3639
f 2851/3330/3629 2852/3331/3630 2863/3342/3641 2862/3341/3640
f 2852/3331/3630 2853/3332/3631 2864/3343/3642 2863/3342/3641
f 2853/3332/3631 2854/3333/3632 2865/3344/3643 2864/3343/3642
f 2854/3333/3632 2855/3334/3633 2866/3345/3644 2865/3344/3643
f 2855/3334/3633 2856/3335/3634 2867/3346/3645 2866/3345/3644
f 2857/3337/3636 2858/3336/3635 2869/3347/3646 2868/3348/3647
f 2858/3336/3635 2859/3338/3637 2870/3349/3648 2869/3347/3646
f 2859/3338/3637 2860/3339/3638 2871/3350/3649 2870/3349/3648
f 2860/3339/3638 2861/3340/3639 2872/3351/3650 2871/3350/3649
f 2861/3340/3639 2862/3341/3640 2873/3352/3651 2872/3351/3650
f 2862/3341/3640 2863/3342/3641 2874/3353/3652 2873/3352/3651
f 2863/3342/3641 2864/3343/3642 2875/3354/3653 2874/3353/3652
f 2864/3343/3642 2865/3344/3643 2876/3355/3654 2875/3354/3653
f 2865/3344/3643 2866/3345/3644 2877/3356/3655 2876/3355/3654
f 2866/3345/3644 2867/3346/3645 2878/3357/3656 2877/3356/3655
f 2868/3348/3647 2869/3347/3646 2880/3358/3657 2879/3359/3658
f 2869/3347/3646 2870/3349/3648 2881/3360/3659 2880/3358/3657
f 2870/3349/3648 2871/3350/3649 2882/3361/3660 2881/3360/3659
f 2871/3350/3649 2872/3351/3650 2883/3362/3661 2882/3361/3660
f 2872/3351/3650 2873/3352/3651 2884/3363/3662 2883/3362/3661
f 2873/3352/3651 2874/3353/3652 2885/3364/3663 2884/3363/3662
f 2874/3353/3652 2875/3354/3653 2886/3365/3664 2885/3364/3663
f 2875/3354/3653 2876/3355/3654 2887/3366/3665 2886/3365/3664
f 2876/3355/3654 2877/3356/3655 2888/3367/3666 2887/3366/3665
f 2877/3356/3655 2878/3357/3656 2889/3368/3667 2888/3367/3666
f 2879/3359/3658 2880/3358/3657 2891/3369/3668 2890/3370/3669
f 2880/3358/3657 2881/3360/3659 2892/3371/3670 2891/3369/3668
f 2881/3360/3659 2882/3361/3660 2893/3372/3671 2892/3371/3670
f 2882/3361/3660 2883/3362/3661 2894/3373/3672 2893/3372/3671
f 2883/3362/3661 2884/3363/3662 2895/3374/3673 2894/3373/3672
f 2884/3363/3662 2885/3364/3663 2896/3375/3674 2895/3374/3673
f 2885/3364/3663 2886/3365/3664 2897/3376/3675 2896/3375/3674
f 2886/3365/3664 2887/3366/3665 2898/3377/3676 2897/3376/3675
f 2887/3366/3665 2888/3367/3666 2899/3378/3677 2898/3377/3676
f 2888/3367/3666 2889/3368/3667 2900/3379/3678 2899/3378/3677
f 2890/3370/3669 2891/3369/3668 2902/3380/3679 2901/3381/3680
f 2891/3369/3668 2892/3371/3670 2903/3382/3681 2902/3380/3679
f 2892/3371/3670 2893/3372/3671 2904/3383/3682 2903/3382/3681
f 2893/3372/3671 2894/3373/3672 2905/3384/3683 2904/3383/3682
f 2894/3373/3672 2895/3374/3673 2906/3385/3684 2905/3384/3683
f 2895/3374/3673 2896/3375/3674 2907/3386/3685 2906/3385/3684
f 2896/3375/3674 2897/3376/3675 2908/3387/3686 2907/3386/3685
f 2897/3376/3675 2898/3377/3676 2909/3388/3687 2908/3387/3686
f 2898/3377/3676 2899/3378/3677 2910/3389/3688 2909/3388/3687
f 2899/3378/3677 2900/3379/3678 2911/3390/3689 2910/3389/3688
f 2901/3381/3680 2902/3380/3679 2913/3391/3690 2912/3392/3691
f 2902/3380/3679 2903/3382/3681 2914/3393/3692 2913/3391/3690
f 2903/3382/3681 2904/3383/3682 2915/3394/3693 2914/3393/3692
f 2904/3383/3682 2905/3384/3683 2916/3395/3694 2915/3394/3693
f 2905/3384/3683 2906/3385/3684 2917/3396/3695 2916/3395/3694
f 2906/3385/3684 2907/3386/3685 2918/3397/3696 2917/3396/3695
f 2907/3386/3685 2908/3387/3686 2919/3398/3697 2918/3397/3696
f 2908/3387/3686 2909/3388/3687 2920/3399/3698 2919/3398/3697
f 2909/3388/3687 2910/3389/3688 2921/3400/3699 2920/3399/3698
f 2910/3389/3688 2911/3390/3689 2922/3401/3700 2921/3400/3699
s 99
f 2923/3402/3701 2924/3403/3702 2935/3404/3703 2934/3405/3704
f 2924/3403/3702 2925/3406/3705 2936/3407/3706 2935/3404/3703
f 2925/3406/3705 2926/3408/3707 2937/3409/3708 2936/3407/3706
f 2926/3408/3707 2927/3410/3709 2938/3411/3710 2937/3409/3708
f 2927/3410/3709 2928/3412/3711 2939/3413/3712 2938/3411/3710
f 2928/3412/3711 2929/3414/3713 2940/3415/3714 2939/3413/3712
f 2929/3414/3713 2930/3416/3715 2941/3417/3716 2940/3415/3714
f 2930/3416/3715 2931/3418/3717 2942/3419/3718 2941/3417/3716
f 2931/3418/3717 2932/3420/3719 2943/3421/3720 2942/3419/3718
f 2932/3420/3719 2933/3422/3721 2944/3423/3722 2943/3421/3720
f 2934/3405/3704 2935/3404/3703 2946/3424/3723 2945/3425/3724
f 2935/3404/3703 2936/3407/3706 2947/3426/3725 2946/3424/3723
f 2936/3407/3706 2937/3409/3708 2948/3427/3726 2947/3426/3725
f 2937/3409/3708 2938/3411/3710 2949/3428/3727 2948/3427/3726
f 2938/3411/3710 2939/3413/3712 2950/3429/3728 2949/3428/3727
f 2939/3413/3712 2940/3415/3714 2951/3430/3729 2950/3429/3728
f 2940/3415/3714 2941/3417/3716 2952/3431/3730 2951/3430/3729
f 2941/3417/3716 2942/3419/3718 2953/3432/3731 2952/3431/3730
f 2942/3419/3718 2943/3421/3720 2954/3433/3732 2953/3432/3731
f 2943/3421/3720 2944/3423/3722 2955/3434/3733 2954/3433/3732
f 2945/3425/3724 2946/3424/3723 2957/3435/3734 2956/3436/3735
f 2946/3424/3723 2947/3426/3725 2958/3437/3736 2957/3435/3734
f 2947/3426/3725 2948/3427/3726 2959/3438/3737 2958/3437/3736
f 2948/3427/3726 2949/3428/3727 2960/3439/3738 2959/3438/3737
f 2949/3428/3727 2950/3429/3728 2961/3440/3739 2960/3439/3738
f 2950/3429/3728 2951/3430/3729 2962/3441/3740 2961/3440/3739
f 2951/3430/3729 2952/3431/3730 2963/3442/3741 2962/3441/3740
f 2952/3431/3730 2953/3432/3731 2964/3443/3742 2963/3442/3741
f 2953/3432/3731 2954/3433/3732 2965/3444/3743 2964/3443/3742
f 2954/3433/3732 2955/3434/3733 2966/3445/3744 2965/3444/3743
f 2956/3436/3735 2957/3435/3734 2968/3446/3745 2967/3447/3746
f 2957/3435/3734 2958/3437/3736 2969/3448/3747 2968/3446/3745
f 2958/3437/3736 2959/3438/3737 2970/3449/3748 2969/3448/3747
f 2959/3438/3737 2960/3439/3738 2971/3450/3749 2970/3449/3748
f 2960/3439/3738 2961/3440/3739 2972/3451/3750 2971/3450/3749
f 2961/3440/3739 2962/3441/3740 2973/3452/3751 2972/3451/3750
f 2962/3441/3740 2963/3442/3741 2974/3453/3752 2973/3452/3751
f 2963/3442/3741 2964/3443/3742 2975/3454/3753 2974/3453/3752
f 2964/3443/3742 2965/3444/3743 2976/3455/3754 2975/3454/3753
f 2965/3444/3743 2966/3445/3744 2977/3456/3755 2976/3455/3754
f 2967/3447/3746 2968/3446/3745 2979/3457/3756 2978/3458/3757
f 2968/3446/3745 2969/3448/3747 2980/3459/3758 2979/3457/3756
f 2969/3448/3747 2970/3449/3748 2981/3460/3759 2980/3459/3758
f 2970/3449/3748 2971/3450/3749 2982/3461/3760 2981/3460/3759
f 2971/3450/3749 2972/3451/3750 2983/3462/3761 2982/3461/3760
f 2972/3451/3750 2973/3452/3751 2984/3463/3762 2983/3462/3761
f 2973/3452/3751 2974/3453/3752 2985/3464/3763 2984/3463/3762
f 2974/3453/3752 2975/3454/3753 2986/3465/3764 2985/3464/3763
f 2975/3454/3753 2976/3455/3754 2987/3466/3765 2986/3465/3764
f 2976/3455/3754 2977/3456/3755 2988/3467/3766 2987/3466/3765
f 2978/3458/3757 2979/3457/3756 2990/3468/3767 2989/3469/3768
f 2979/3457/3756 2980/3459/3758 2991/3470/3769 2990/3468/3767
f 2980/3459/3758 2981/3460/3759 2992/3471/3770 2991/3470/3769
f 2981/3460/3759 2982/3461/3760 2993/3472/3771 2992/3471/3770
f 2982/3461/3760 2983/3462/3761 2994/3473/3772 2993/3472/3771
f 2983/3462/3761 2984/3463/3762 2995/3474/3773 2994/3473/3772
f 2984/3463/3762 2985/3464/3763 2996/3475/3774 2995/3474/3773
f 2985/3464/3763 2986/3465/3764 2997/3476/3775 2996/3475/3774
f 2986/3465/3764 2987/3466/3765 2998/3477/3776 2997/3476/3775
f 2987/3466/3765 2988/3467/3766 2999/3478/3777 2998/3477/3776
f 2989/3469/3768 2990/3468/3767 3001/3479/3778 3000/3480/3779
f 2990/3468/3767 2991/3470/3769 3002/3481/3780 3001/3479/3778
f 2991/3470/3769 2992/3471/3770 3003/3482/3781 3002/3481/3780
f 2992/3471/3770 2993/3472/3771 3004/3483/3782 3003/3482/3781
f 2993/3472/3771 2994/3473/3772 3005/3484/3783 3004/3483/3782
f 2994/3473/3772 2995/3474/3773 3006/3485/3784 3005/3484/3783
f 2995/3474/3773 2996/3475/3774 3007/3486/3785 3006/3485/3784
f 2996/3475/3774 2997/3476/3775 3008/3487/3786 3007/3486/3785
f 2997/3476/3775 2998/3477/3776 3009/3488/3787 3008/3487/3786
f 2998/3477/3776 2999/3478/3777 3010/3489/3788 3009/3488/3787
f 3000/3480/3779 3001/3479/3778 3012/3490/3789 3011/3491/3790
f 3001/3479/3778 3002/3481/3780 3013/3492/3791 3012/3490/3789
f 3002/3481/3780 3003/3482/3781 3014/3493/3792 3013/3492/3791
f 3003/3482/3781 3004/3483/3782 3015/3494/3793 3014/3493/3792
f 3004/3483/3782 3005/3484/3783 3016/3495/3794 3015/3494/3793
f 3005/3484/3783 3006/3485/3784 3017/3496/3795 3016/3495/3794
f 3006/3485/3784 3007/3486/3785 3018/3497/3796 3017/3496/3795
f 3007/3486/3785 3008/3487/3786 3019/3498/3797 3018/3497/3796
f 3008/3487/3786 3009/3488/3787 3020/3499/3798 3019/3498/3797
f 3009/3488/3787 3010/3489/3788 3021/3500/3799 3020/3499/3798
f 3011/3491/3790 3012/3490/3789 3023/3501/3800 3022/3502/3801
f 3012/3490/3789 3013/3492/3791 3024/3503/3802 3023/3501/3800
f 3013/3492/3791 3014/3493/3792 3025/3504/3803 3024/3503/3802
f 3014/3493/3792 3015/3494/3793 3026/3505/3804 3025/3504/3803
f 3015/3494/3793 3016/3495/3794 3027/3506/3805 3026/3505/3804
f 3016/3495/3794 3017/3496/3795 3028/3507/3806 3027/3506/3805
f 3017/3496/3795 3018/3497/3796 3029/3508/3807 3028/3507/3806
f 3018/3497/3796 3019/3498/3797 3030/3509/3808 3029/3508/3807
f 3019/3498/3797 3020/3499/3798 3031/3510/3809 3030/3509/3808
f 3020/3499/3798 3021/3500/3799 3032/3511/3810 3031/3510/3809
f 3022/3502/3801 3023/3501/3800 3034/3512/3811 3033/3513/3812
f 3023/3501/3800 3024/3503/3802 3035/3514/3813 3034/3512/3811
f 3024/3503/3802 3025/3504/3803 3036/3515/3814 3035/3514/3813
f 3025/3504/3803 3026/3505/3804 3037/3516/3815 3036/3515/3814
f 3026/3505/3804 3027/3506/3805 3038/3517/3816 3037/3516/3815
f 3027/3506/3805 3028/3507/3806 3039/3518/3817 3038/3517/3816
f 3028/3507/3806 3029/3508/3807 3040/3519/3818 3039/3518/3817
f 3029/3508/3807 3030/3509/3808 3041/3520/3819 3040/3519/3818
f 3030/3509/3808 3031/3510/3809 3042/3521/3820 3041/3520/3819
f 3031/3510/3809 3032/3511/3810 3043/3522/3821 3042/3521/3820
s 100
f 3044/3523/3822 3045/3524/3823 3056/3525/3824 3055/3526/3825
f 3045/3524/3823 3046/3527/3826 3057/3528/3827 3056/3525/3824
f 3046/3527/3826 3047/3529/3828 3058/3530/3829 3057/3528/3827
f 3047/3529/3828 3048/3531/3830 3059/3532/3831 3058/3530/3829
f 3048/3531/3830 3049/3533/3832 3060/3534/3833 3059/3532/3831
f 3049/3533/3832 3050/3535/3834 3061/3536/3835 3060/3534/3833
f 3050/3535/3834 3051/3537/3836 3062/3538/3837 3061/3536/3835
f 3051/3537/3836 3052/3539/3838 3063/3540/3839 3062/3538/3837
f 3052/3539/3838 3053/3541/3840 3064/3542/3841 3063/3540/3839
f 3053/3541/3840 3054/3543/3842 3065/3544/3843 3064/3542/3841
f 3055/3526/3825 3056/3525/3824 3067/3545/3844 3066/3546/3845
f 3056/3525/3824 3057/3528/3827 3068/3547/3846 3067/3545/3844
f 3057/3528/3827 3058/3530/3829 3069/3548/3847 3068/3547/3846
f 3058/3530/3829 3059/3532/3831 3070/3549/3848 3069/3548/3847
f 3059/3532/3831 3060/3534/3833 3071/3550/3849 3070/3549/3848
f 3060/3534/3833 3061/3536/3835 3072/3551/3850 3071/3550/3849
f 3061/3536/3835 3062/3538/3837 3073/3552/3851 3072/3551/3850
f 3062/3538/3837 3063/3540/3839 3074/3553/3852 3073/3552/3851
f 3063/3540/3839 3064/3542/3841 3075/3554/3853 3074/3553/3852
f 3064/3542/3841 3065/3544/3843 3076/3555/3854 3075/3554/3853
f 3066/3546/3845 3067/3545/3844 3078/3556/3855 3077/3557/3856
f 3067/3545/3844 3068/3547/3846 3079/3558/3857 3078/3556/3855
f 3068/3547/3846 3069/3548/3847 3080/3559/3858 3079/3558/3857
f 3069/3548/3847 3070/3549/3848 3081/3560/3859 3080/3559/3858
f 3070/3549/3848 3071/3550/3849 3082/3561/3860 3081/3560/3859
f 3071/3550/3849 3072/3551/3850 3083/3562/3861 3082/3561/3860
f 3072/3551/3850 3073/3552/3851 3084/3563/3862 3083/3562/3861
f 3073/3552/3851 3074/3553/3852 3085/3564/3863 3084/3563/3862
f 3074/3553/3852 3075/3554/3853 3086/3565/3864 3085/3564/3863
f 3075/3554/3853 3076/3555/3854 3087/3566/3865 3086/3565/3864
f 3077/3557/3856 3078/3556/3855 3089/3567/3866 3088/3568/3867
f 3078/3556/3855 3079/3558/3857 3090/3569/3868 3089/3567/3866
f 3079/3558/3857 3080/3559/3858 3091/3570/3869 3090/3569/3868
f 3080/3559/3858 3081/3560/3859 3092/3571/3870 3091/3570/3869
f 3081/3560/3859 3082/3561/3860 3093/3572/3871 3092/3571/3870
f 3082/3561/3860 3083/3562/3861 3094/3573/3872 3093/3572/3871
f 3083/3562/3861 3084/3563/3862 3095/3574/3873 3094/3573/3872
f 3084/3563/3862 3085/3564/3863 3096/3575/3874 3095/3574/3873
f 3085/3564/3863 3086/3565/3864 3097/3576/3875 3096/3575/3874
f 3086/3565/3864 3087/3566/3865 3098/3577/3876 3097/3576/3875
f 3088/3568/3867 3089/3567/3866 3100/3578/3877 3099/3579/3878
f 3089/3567/3866 3090/3569/3868 3101/3580/3879 3100/3578/3877
f 3090/3569/3868 3091/3570/3869 3102/3581/3880 3101/3580/3879
f 3091/3570/3869 3092/3571/3870 3103/3582/3881 3102/3581/3880
f 3092/3571/3870 3093/3572/3871 3104/3583/3882 3103/3582/3881
f 3093/3572/3871 3094/3573/3872 3105/3584/3883 3104/3583/3882
f 3094/3573/3872 3095/3574/3873 3106/3585/3884 3105/3584/3883
f 3095/3574/3873 3096/3575/3874 3107/3586/3885 3106/3585/3884
f 3096/3575/3874 3097/3576/3875 3108/3587/3886 3107/3586/3885
f 3097/3576/3875 3098/3577/3876 3109/3588/3887 3108/3587/3886
f 3099/3579/3878 3100/3578/3877 3111/3589/3888 3110/3590/3889
f 3100/3578/3877 3101/3580/3879 3112/3591/3890 3111/3589/3888
f 3101/3580/3879 3102/3581/3880 3113/3592/3891 3112/3591/3890
f 3102/3581/3880 3103/3582/3881 3114/3593/3892 3113/3592/3891
f 3103/3582/3881 3104/3583/3882 3115/3594/3893 3114/3593/3892
f 3104/3583/3882 3105/3584/3883 3116/3595/3894 3115/3594/3893
f 3105/3584/3883 3106/3585/3884 3117/3596/3895 3116/3595/3894
f 3106/3585/3884 3107/3586/3885 3118/3597/3896 3117/3596/3895
f 3107/3586/3885 3108/3587/3886 3119/3598/3897 3118/3597/3896
f 3108/3587/3886 3109/3588/3887 3120/3599/3898 3119/3598/3897
f 3110/3590/3889 3111/3589/3888 3122/3600/3899 3121/3601/3900
f 3111/3589/3888 3112/3591/3890 3123/3602/3901 3122/3600/3899
f 3112/3591/3890 3113/3592/3891 3124/3603/3902 3123/3602/3901
f 3113/3592/3891 3114/3593/3892 3125/3604/3903 3124/3603/3902
f 3114/3593/3892 3115/3594/3893 3126/3605/3904 3125/3604/3903
f 3115/3594/3893 3116/3595/3894 3127/3606/3905 3126/3605/3904
f 3116/3595/3894 3117/3596/3895 3128/3607/3906 3127/3606/3905
f 3117/3596/3895 3118/3597/3896 3129/3608/3907 3128/3607/3906
f 3118/3597/3896 3119/3598/3897 3130/3609/3908 3129/3608/3907
f 3119/3598/3897 3120/3599/3898 3131/3610/3909 3130/3609/3908
f 3121/3601/3900 3122/3600/3899 3133/3611/3910 3132/3612/3911
f 3122/3600/3899 3123/3602/3901 3134/3613/3912 3133/3611/3910
f 3123/3602/3901 3124/3603/3902 3135/3614/3913 3134/3613/3912
f 3124/3603/3902 3125/3604/3903 3136/3615/3914 3135/3614/3913
f 3125/3604/3903 3126/3605/3904 3137/3616/3915 3136/3615/3914
f 3126/3605/3904 3127/3606/3905 3138/3617/3916 3137/3616/3915
f 3127/3606/3905 3128/3607/3906 3139/3618/3917 3138/3617/3916
f 3128/3607/3906 3129/3608/3907 3140/3619/3918 3139/3618/3917
f 3129/3608/3907 3130/3609/3908 3141/3620/3919 3140/3619/3918
f 3130/3609/3908 3131/3610/3909 3142/3621/3920 3141/3620/3919
f 3132/3612/3911 3133/3611/3910 3144/3622/3921 3143/3623/3922
f 3133/3611/3910 3134/3613/3912 3145/3624/3923 3144/3622/3921
f 3134/3613/3912 3135/3614/3913 3146/3625/3924 3145/3624/3923
f 3135/3614/3913 3136/3615/3914 3147/3626/3925 3146/3625/3924
f 3136/3615/3914 3137/3616/3915 3148/3627/3926 3147/3626/3925
f 3137/3616/3915 3138/3617/3916 3149/3628/3927 3148/3627/3926
f 3138/3617/3916 3139/3618/3917 3150/3629/3928 3149/3628/3927
f 3139/3618/3917 3140/3619/3918 3151/3630/3929 3150/3629/3928
f 3140/3619/3918 3141/3620/3919 3152/3631/3930 3151/3630/3929
f 3141/3620/3919 3142/3621/3920 3153/3632/3931 3152/3631/3930
f 3143/3623/3922 3144/3622/3921 3155/3633/3932 3154/3634/3933
f 3144/3622/3921 3145/3624/3923 3156/3635/3934 3155/3633/3932
f 3145/3624/3923 3146/3625/3924 3157/3636/3935 3156/3635/3934
f 3146/3625/3924 3147/3626/3925 3158/3637/3936 3157/3636/3935
f 3147/3626/3925 3148/3627/3926 3159/3638/3937 3158/3637/3936
f 3148/3627/3926 3149/3628/3927 3160/3639/3938 3159/3638/3937
f 3149/3628/3927 3150/3629/3928 3161/3640/3939 3160/3639/3938
f 3150/3629/3928 3151/3630/3929 3162/3641/3940 3161/3640/3939
f 3151/3630/3929 3152/3631/3930 3163/3642/3941 3162/3641/3940
f 3152/3631/3930 3153/3632/3931 3164/3643/3942 3163/3642/3941
s 101
f 3165/3644/3943 3166/3645/3944 3177/3646/3945 3176/3647/3946
f 3166/3645/3944 3167/3648/3947 3178/3649/3948 3177/3646/3945
f 3167/3648/3947 3168/3650/3949 3179/3651/3950 3178/3649/3948
f 3168/3650/3949 3169/3652/3951 3180/3653/3952 3179/3651/3950
f 3169/3652/3951 3170/3654/3953 3181/3655/3954 3180/3653/3952
f 3170/3654/3953 3171/3656/3955 3182/3657/3956 3181/3655/3954
f 3171/3656/3955 3172/3658/3957 3183/3659/3958 3182/3657/3956
f 3172/3658/3957 3173/3660/3959 3184/3661/3960 3183/3659/3958
f 3173/3660/3959 3174/3662/3961 3185/3663/3962 3184/3661/3960
f 3174/3662/3961 3175/3664/3963 3186/3665/3964 3185/3663/3962
f 3176/3647/3946 3177/3646/3945 3188/3666/3965 3187/3667/3966
f 3177/3646/3945 3178/3649/3948 3189/3668/3967 3188/3666/3965
f 3178/3649/3948 3179/3651/3950 3190/3669/3968 3189/3668/3967
f 3179/3651/3950 3180/3653/3952 3191/3670/3969 3190/3669/3968
f 3180/3653/3952 3181/3655/3954 3192/3671/3970 3191/3670/3969
f 3181/3655/3954 3182/3657/3956 3193/3672/3971 3192/3671/3970
f 3182/3657/3956 3183/3659/3958 3194/3673/3972 3193/3672/3971
f 3183/3659/3958 3184/3661/3960 3195/3674/3973 3194/3673/3972
f 3184/3661/3960 3185/3663/3962 3196/3675/3974 3195/3674/3973
f 3185/3663/3962 3186/3665/3964 3197/3676/3975 3196/3675/3974
f 3187/3667/3966 3188/3666/3965 3199/3677/3976 3198/3678/3977
f 3188/3666/3965 3189/3668/3967 3200/3679/3978 3199/3677/3976
f 3189/3668/3967 3190/3669/3968 3201/3680/3979 3200/3679/3978
f 3190/3669/3968 3191/3670/3969 3202/3681/3980 3201/3680/3979
f 3191/3670/3969 3192/3671/3970 3203/3682/3981 3202/3681/3980
f 3192/3671/3970 3193/3672/3971 3204/3683/3982 3203/3682/3981
f 3193/3672/3971 3194/3673/3972 3205/3684/3983 3204/3683/3982
f 3194/3673/3972 3195/3674/3973 3206/3685/3984 3205/3684/3983
f 3195/3674/3973 3196/3675/3974 3207/3686/3985 3206/3685/3984
f 3196/3675/3974 3197/3676/3975 3208/3687/3986 3207/3686/3985
f 3198/3678/3977 3199/3677/3976 3210/3688/3987 3209/3689/3988
f 3199/3677/3976 3200/3679/3978 3211/3690/3989 3210/3688/3987
f 3200/3679/3978 3201/3680/3979 3212/3691/3990 3211/3690/3989
f 3201/3680/3979 3202/3681/3980 3213/3692/3991 3212/3691/3990
f 3202/3681/3980 3203/3682/3981 3214/3693/3992 3213/3692/3991
f 3203/3682/3981 3204/3683/3982 3215/3694/3993 3214/3693/3992
f 3204/3683/3982 3205/3684/3983 3216/3695/3994 3215/3694/3993
f 3205/3684/3983 3206/3685/3984 3217/3696/3995 3216/3695/3994
f 3206/3685/3984 3207/3686/3985 3218/3697/3996 3217/3696/3995
f 3207/3686/3985 3208/3687/3986 3219/3698/3997 3218/3697/3996
f 3209/3689/3988 3210/3688/3987 3221/3699/3998 3220/3700/3999
f 3210/3688/3987 3211/3690/3989 3222/3701/4000 3221/3699/3998
f 3211/3690/3989 3212/3691/3990 3223/3702/4001 3222/3701/4000
f 3212/3691/3990 3213/3692/3991 3224/3703/4002 3223/3702/4001
f 3213/3692/3991 3214/3693/3992 3225/3704/4003 3224/3703/4002
f 3214/3693/3992 3215/3694/3993 3226/3705/4004 3225/3704/4003
f 3215/3694/3993 3216/3695/3994 3227/3706/4005 3226/3705/4004
f 3216/3695/3994 3217/3696/3995 3228/3707/4006 3227/3706/4005
f 3217/3696/3995 3218/3697/3996 3229/3708/4007 3228/3707/4006
f 3218/3697/3996 3219/3698/3997 3230/3709/4008 3229/3708/4007
f 3220/3700/3999 3221/3699/3998 3232/3710/4009 3231/3711/4010
f 3221/3699/3998 3222/3701/4000 3233/3712/4011 3232/3710/4009
f 3222/3701/4000 3223/3702/4001 3234/3713/4012 3233/3712/4011
f 3223/3702/4001 3224/3703/4002 3235/3714/4013 3234/3713/4012
f 3224/3703/4002 3225/3704/4003 3236/3715/4014 3235/3714/4013
f 3225/3704/4003 3226/3705/4004 3237/3716/4015 3236/3715/4014
f 3226/3705/4004 3227/3706/4005 3238/3717/4016 3237/3716/4015
f 3227/3706/4005 3228/3707/4006 3239/3718/4017 3238/3717/4016
f 3228/3707/4006 3229/3708/4007 3240/3719/4018 3239/3718/4017
f 3229/3708/4007 3230/3709/4008 3241/3720/4019 3240/3719/4018
f 3231/3711/4010 3232/3710/4009 3243/3721/4020 3242/3722/4021
f 3232/3710/4009 3233/3712/4011 3244/3723/4022 3243/3721/4020
f 3233/3712/4011 3234/3713/4012 3245/3724/4023 3244/3723/4022
f 3234/3713/4012 3235/3714/4013 3246/3725/4024 3245/3724/4023
f 3235/3714/4013 3236/3715/4014 3247/3726/4025 3246/3725/4024
f 3236/3715/4014 3237/3716/4015 3248/3727/4026 3247/3726/4025
f 3237/3716/4015 3238/3717/4016 3249/3728/4027 3248/3727/4026
f 3238/3717/4016 3239/3718/4017 3250/3729/4028 3249/3728/4027
f 3239/3718/4017 3240/3719/4018 3251/3730/4029 3250/3729/4028
f 3240/3719/4018 3241/3720/4019 3252/3731/4030 3251/3730/4029
f 3242/3722/4021 3243/3721/4020 3254/3732/4031 3253/3733/4032
f 3243/3721/4020 3244/3723/4022 3255/3734/4033 3254/3732/4031
f 3244/3723/4022 3245/3724/4023 3256/3735/4034 3255/3734/4033
f 3245/3724/4023 3246/3725/4024 3257/3736/4035 3256/3735/4034
f 3246/3725/4024 3247/3726/4025 3258/3737/4036 3257/3736/4035
f 3247/3726/4025 3248/3727/4026 3259/3738/4037 3258/3737/4036
f 3248/3727/4026 3249/3728/4027 3260/3739/4038 3259/3738/4037
f 3249/3728/4027 3250/3729/4028 3261/3740/4039 3260/3739/4038
f 3250/3729/4028 3251/3730/4029 3262/3741/4040 3261/3740/4039
f 3251/3730/4029 3252/3731/4030 3263/3742/4041 3262/3741/4040
f 3253/3733/4032 3254/3732/4031 3265/3743/4042 3264/3744/4043
f 3254/3732/4031 3255/3734/4033 3266/3745/4044 3265/3743/4042
f 3255/3734/4033 3256/3735/4034 3267/3746/4045 3266/3745/4044
f 3256/3735/4034 3257/3736/4035 3268/3747/4046 3267/3746/4045
f 3257/3736/4035 3258/3737/4036 3269/3748/4047 3268/3747/4046
f 3258/3737/4036 3259/3738/4037 3270/3749/4048 3269/3748/4047
f 3259/3738/4037 3260/3739/4038 3271/3750/4049 3270/3749/4048
f 3260/3739/4038 3261/3740/4039 3272/3751/4050 3271/3750/4049
f 3261/3740/4039 3262/3741/4040 3273/3752/4051 3272/3751/4050
f 3262/3741/4040 3263/3742/4041 3274/3753/4052 3273/3752/4051
f 3264/3744/4043 3265/3743/4042 3276/3754/4053 3275/3755/4054
f 3265/3743/4042 3266/3745/4044 3277/3756/4055 3276/3754/4053
f 3266/3745/4044 3267/3746/4045 3278/3757/4056 3277/3756/4055
f 3267/3746/4045 3268/3747/4046 3279/3758/4057 3278/3757/4056
f 3268/3747/4046 3269/3748/4047 3280/3759/4058 3279/3758/4057
f 3269/3748/4047 3270/3749/4048 3281/3760/4059 3280/3759/4058
f 3270/3749/4048 3271/3750/4049 3282/3761/4060 3281/3760/4059
f 3271/3750/4049 3272/3751/4050 3283/3762/4061 3282/3761/4060
f 3272/3751/4050 3273/3752/4051 3284/3763/4062 3283/3762/4061
f 3273/3752/4051 3274/3753/4052 3285/3764/4063 3284/3763/4062
s 102
f 3286/3765/4064 3287/3766/4065 3298/3767/4066 3297/3768/4067
f 3287/3766/4065 3288/3769/4068 3299/3770/4069 3298/3767/4066
f 3288/3769/4068 3289/3771/4070 3300/3772/4071 3299/3770/4069
f 3289/3771/4070 3290/3773/4072 3301/3774/4073 3300/3772/4071
f 3290/3773/4072 3291/3775/4074 3302/3776/4075 3301/3774/4073
f 3291/3775/4074 3292/3777/4076 3303/3778/4077 3302/3776/4075
f 3292/3777/4076 3293/3779/4078 3304/3780/4079 3303/3778/4077
f 3293/3779/4078 3294/3781/4080 3305/3782/4081 3304/3780/4079
f 3294/3781/4080 3295/3783/4082 3306/3784/4083 3305/3782/4081
f 3295/3783/4082 3296/3785/4084 3307/3786/4085 3306/3784/4083
f 3297/3768/4067 3298/3767/4066 3309/3787/4086 3308/3788/4087
f 3298/3767/4066 3299/3770/4069 3310/3789/4088 3309/3787/4086
f 3299/3770/4069 3300/3772/4071 3311/3790/4089 3310/3789/4088
f 3300/3772/4071 3301/3774/4073 3312/3791/4090 3311/3790/4089
f 3301/3774/4073 3302/3776/4075 3313/3792/4091 3312/3791/4090
f 3302/3776/4075 3303/3778/4077 3314/3793/4092 3313/3792/4091
f 3303/3778/4077 3304/3780/4079 3315/3794/4093 3314/3793/4092
f 3304/3780/4079 3305/3782/4081 3316/3795/4094 3315/3794/4093
f 3305/3782/4081 3306/3784/4083 3317/3796/4095 3316/3795/4094
f 3306/3784/4083 3307/3786/4085 3318/3797/4096 3317/3796/4095
f 3308/3788/4087 3309/3787/4086 3320/3798/4097 3319/3799/4098
f 3309/3787/4086 3310/3789/4088 3321/3800/4099 3320/3798/4097
f 3310/3789/4088 3311/3790/4089 3322/3801/4100 3321/3800/4099
f 3311/3790/4089 3312/3791/4090 3323/3802/4101 3322/3801/4100
f 3312/3791/4090 3313/3792/4091 3324/3803/4102 3323/3802/4101
f 3313/3792/4091 3314/3793/4092 3325/3804/4103 3324/3803/4102
f 3314/3793/4092 3315/3794/4093 3326/3805/4104 3325/3804/4103
f 3315/3794/4093 3316/3795/4094 3327/3806/4105 3326/3805/4104
f 3316/3795/4094 3317/3796/4095 3328/3807/4106 3327/3806/4105
f 3317/3796/4095 3318/3797/4096 3329/3808/4107 3328/3807/4106
f 3319/3799/4098 3320/3798/4097 3331/3809/4108 3330/3810/4109
f 3320/3798/4097 3321/3800/4099 3332/3811/4110 3331/3809/4108
f 3321/3800/4099 3322/3801/4100 3333/3812/4111 3332/3811/4110
f 3322/3801/4100 3323/3802/4101 3334/3813/4112 3333/3812/4111
f 3323/3802/4101 3324/3803/4102 3335/3814/4113 3334/3813/4112
f 3324/3803/4102 3325/3804/4103 3336/3815/4114 3335/3814/4113
f 3325/3804/4103 3326/3805/4104 3337/3816/4115 3336/3815/4114
f 3326/3805/4104 3327/3806/4105 3338/3817/4116 3337/3816/4115
f 3327/3806/4105 3328/3807/4106 3339/3818/4117 3338/3817/4116
f 3328/3807/4106 3329/3808/4107 3340/3819/4118 3339/3818/4117
f 3330/3810/4109 3331/3809/4108 3342/3820/4119 3341/3821/4120
f 3331/3809/4108 3332/3811/4110 3343/3822/4121 3342/3820/4119
f 3332/3811/4110 3333/3812/4111 3344/3823/4122 3343/3822/4121
f 3333/3812/4111 3334/3813/4112 3345/3824/4123 3344/3823/4122
f 3334/3813/4112 3335/3814/4113 3346/3825/4124 3345/3824/4123
f 3335/3814/4113 3336/3815/4114 3347/3826/4125 3346/3825/4124
f 3336/3815/4114 3337/3816/4115 3348/3827/4126 3347/3826/4125
f 3337/3816/4115 3338/3817/4116 3349/3828/4127 3348/3827/4126
f 3338/3817/4116 3339/3818/4117 3350/3829/4128 3349/3828/4127
f 3339/3818/4117 3340/3819/4118 3351/3830/4129 3350/3829/4128
f 3341/3821/4120 3342/3820/4119 3353/3831/4130 3352/3832/4131
f 3342/3820/4119 3343/3822/4121 3354/3833/4132 3353/3831/4130
f 3343/3822/4121 3344/3823/4122 3355/3834/4133 3354/3833/4132
f 3344/3823/4122 3345/3824/4123 3356/3835/4134 3355/3834/4133
f 3345/3824/4123 3346/3825/4124 3357/3836/4135 3356/3835/4134
f 3346/3825/4124 3347/3826/4125 3358/3837/4136 3357/3836/4135
f 3347/3826/4125 3348/3827/4126 3359/3838/4137 3358/3837/4136
f 3348/3827/4126 3349/3828/4127 3360/3839/4138 3359/3838/4137
f 3349/3828/4127 3350/3829/4128 3361/3840/4139 3360/3839/4138
f 3350/3829/4128 3351/3830/4129 3362/3841/4140 3361/3840/4139
f 3352/3832/4131 3353/3831/4130 3364/3842/4141 3363/3843/4142
f 3353/3831/4130 3354/3833/4132 3365/3844/4143 3364/3842/4141
f 3354/3833/4132 3355/3834/4133 3366/3845/4144 3365/3844/4143
f 3355/3834/4133 3356/3835/4134 3367/3846/4145 3366/3845/4144
f 3356/3835/4134 3357/3836/4135 3368/3847/4146 3367/3846/4145
f 3357/3836/4135 3358/3837/4136 3369/3848/4147 3368/3847/4146
f 3358/3837/4136 3359/3838/4137 3370/3849/4148 3369/3848/4147
f 3359/3838/4137 3360/3839/4138 3371/3850/4149 3370/3849/4148
f 3360/3839/4138 3361/3840/4139 3372/3851/4150 3371/3850/4149
f 3361/3840/4139 3362/3841/4140 3373/3852/4151 3372/3851/4150
f 3363/3843/4142 3364/3842/4141 3375/3853/4152 3374/3854/4153
f 3364/3842/4141 3365/3844/4143 3376/3855/4154 3375/3853/4152
f 3365/3844/4143 3366/3845/4144 3377/3856/4155 3376/3855/4154
f 3366/3845/4144 3367/3846/4145 3378/3857/4156 3377/3856/4155
f 3367/3846/4145 3368/3847/4146 3379/3858/4157 3378/3857/4156
f 3368/3847/4146 3369/3848/4147 3380/3859/4158 3379/3858/4157
f 3369/3848/4147 3370/3849/4148 3381/3860/4159 3380/3859/4158
f 3370/3849/4148 3371/3850/4149 3382/3861/4160 3381/3860/4159
f 3371/3850/4149 3372/3851/4150 3383/3862/4161 3382/3861/4160
f 3372/3851/4150 3373/3852/4151 3384/3863/4162 3383/3862/4161
f 3374/3854/4153 3375/3853/4152 3386/3864/4163 3385/3865/4164
f 3375/3853/4152 3376/3855/4154 3387/3866/4165 3386/3864/4163
f 3376/3855/4154 3377/3856/4155 3388/3867/4166 3387/3866/4165
f 3377/3856/4155 3378/3857/4156 3389/3868/4167 3388/3867/4166
f 3378/3857/4156 3379/3858/4157 3390/3869/4168 3389/3868/4167
f 3379/3858/4157 3380/3859/4158 3391/3870/4169 3390/3869/4168
f 3380/3859/4158 3381/3860/4159 3392/3871/4170 3391/3870/4169
f 3381/3860/4159 3382/3861/4160 3393/3872/4171 3392/3871/4170
f 3382/3861/4160 3383/3862/4161 3394/3873/4172 3393/3872/4171
f 3383/3862/4161 3384/3863/4162 3395/3874/4173 3394/3873/4172
f 3385/3865/4164 3386/3864/4163 3397/3875/4174 3396/3876/4175
f 3386/3864/4163 3387/3866/4165 3398/3877/4176 3397/3875/4174
f 3387/3866/4165 3388/3867/4166 3399/3878/4177 3398/3877/4176
f 3388/3867/4166 3389/3868/4167 3400/3879/4178 3399/3878/4177
f 3389/3868/4167 3390/3869/4168 3401/3880/4179 3400/3879/4178
f 3390/3869/4168 3391/3870/4169 3402/3881/4180 3401/3880/4179
f 3391/3870/4169 3392/3871/4170 3403/3882/4181 3402/3881/4180
f 3392/3871/4170 3393/3872/4171 3404/3883/4182 3403/3882/4181
f 3393/3872/4171 3394/3873/4172 3405/3884/4183 3404/3883/4182
f 3394/3873/4172 3395/3874/4173 3406/3885/4184 3405/3884/4183
