{"cameraMode":{"drawMode":0,"name":"Shaded","section":"Shading Mode"},"sceneLighting":true,"audioPlay":false,"sceneViewState":{"m_AlwaysRefresh":false,"showFog":true,"showSkybox":true,"showFlares":true,"showImageEffects":true,"showParticleSystems":true,"showVisualEffectGraphs":true,"m_FxEnabled":true},"in2DMode":false,"pivot":{"x":-283.4557189941406,"y":310.4743347167969,"z":-109.27110290527344},"rotation":{"x":0.0061086686328053478,"y":-0.4300338625907898,"z":0.0019105847459286452,"w":-0.9041326642036438},"size":658.5676879882813,"orthographic":false}